   1.970000E-09    1.000000E+00    1.744000E+00    8.200000E+01    1.380000E+00   -6.576000E-01    1.176000E+00    3.262000E+00    3.292000E+00    3.770000E+00    1.447000E+00    3.583000E+00    7.200000E+00    1.045000E+01    2.660000E+00    5.000000E+00    5.300000E+01    3.375000E+00    2.859000E+00    3.850000E+00    1.170000E+00    7.200000E-02    9.199000E-04   -9.846000E+00    2.000000E+00    2.000000E+00    1.300000E+03    8.000000E+01   -1.000000E+01   -1.000000E+00   -9.866000E+00   -9.821383E+00
   2.090000E-09    1.000000E+00    1.447000E+00    1.080000E+02    1.398000E+00   -1.000000E+01   -1.000000E+01   -1.000000E+01   -1.000000E+01   -1.000000E+01   -1.000000E+01   -1.000000E+01    9.500000E+00    3.894000E+00    7.900000E-01    6.000000E+00    5.500000E+01    2.333000E+00    2.090000E+00    4.360000E+00    1.586000E+00    4.778000E-02    8.974000E-04   -1.452000E+01    2.000000E+00    2.000000E+00    1.370000E+03    1.000000E+02   -1.000000E+01    1.000000E+00   -9.987000E+00   -1.003186E+01
   2.000000E-09    7.000000E+00    1.580000E+00    7.900000E+01    1.398000E+00   -1.000000E+00   -1.000000E+01    3.362000E+00   -1.000000E+01    3.550000E+00   -1.000000E+01   -1.000000E+01    8.000000E+00    7.280000E+00    1.900000E+00    5.000000E+00    4.300000E+01    2.817000E+00    2.415000E+00    3.850000E+00    1.318000E+00    6.690000E-02    8.974000E-04   -1.002000E+01    2.000000E+00    3.000000E+00    8.000000E+02    8.200000E+01   -1.000000E+01   -1.000000E+00   -9.367000E+00   -9.256767E+00
   2.090000E-09    1.000000E+00   -2.218000E-01    1.730000E+01    1.398000E+00   -1.959000E+00   -6.990000E-01    9.823000E-01    7.497000E-01    2.967000E-01    1.348000E+00    9.581000E-01    8.920000E+00    3.894000E+00    7.900000E-01    6.000000E+00    5.500000E+01    2.333000E+00    2.090000E+00    4.360000E+00    2.460000E+00    4.778000E-02    8.974000E-04   -1.050000E+01    2.700000E+01    1.000000E+00    2.430000E+03    0.000000E+00   -1.000000E+01    1.000000E+00   -1.066000E+01   -1.069034E+01
   6.100000E-10    3.000000E+00    1.279000E+00    9.300000E+01    1.394000E+00   -2.222000E+00   -1.000000E+01   -1.000000E+01   -1.000000E+01    2.027000E+00   -1.000000E+01   -1.000000E+01    1.069000E+01    5.644000E+00    1.170000E+00    6.000000E+00    6.200000E+01    2.809000E+00    7.348000E-01    4.360000E+00    1.690000E+00    5.823000E-01    9.019000E-04   -1.063000E+01    2.000000E+00    2.000000E+00    8.000000E+02    4.750000E+01   -1.000000E+01   -1.000000E+00   -9.845000E+00   -9.803811E+00
   1.560000E-09    1.000000E+00    1.453000E+00    1.080000E+02    1.176000E+00   -1.000000E+01   -1.000000E+01   -1.000000E+01   -1.000000E+01   -1.000000E+01   -1.000000E+01   -1.000000E+01    5.183000E+00    1.297000E+01    3.160000E+00    3.000000E+00    1.700000E+01    2.822000E+00    1.952000E+00    2.890000E+00    1.580000E+00    1.600000E-01    1.162000E-03   -1.452000E+01    2.000000E+00    2.000000E+00    1.100000E+03    9.800000E+01   -1.000000E+01   -1.000000E+00   -9.857000E+00   -9.810121E+00
   1.200000E-09    5.000000E+00    1.602000E+00    1.400000E+02    1.301000E+00   -2.297000E+00   -1.000000E+01   -1.000000E+01    2.603000E+00   -1.000000E+01   -1.000000E+01   -1.000000E+01    6.000000E+00    6.266000E+00    1.360000E+00    7.000000E+00    9.300000E+01    3.387000E+00    1.772000E+00    4.990000E+00    1.544000E+00    2.814000E-01    1.018000E-03   -1.067000E+01    7.000000E+00    2.000000E+00    1.190000E+03    0.000000E+00   -1.000000E+01    1.000000E+00   -9.442000E+00   -9.463478E+00
   2.140000E-09    0.000000E+00    1.447000E+00    1.300000E+01    1.398000E+00   -6.990000E-01    2.228000E+00    3.538000E+00    2.462000E+00    3.754000E+00    1.279000E+00    2.983000E+00    7.900000E+00    1.360000E+01    2.200000E+00    1.000000E+00    1.000000E+00    8.499000E-01    7.796000E-01    8.500000E-01    6.668000E-01    3.752000E-02    8.974000E-04   -9.866000E+00    4.000000E+00    4.000000E+00    2.600000E+03    0.000000E+00   -1.000000E+01    0.000000E+00   -1.117000E+01   -1.120781E+01
   1.350000E-09    1.000000E+00    1.453000E+00    1.080000E+02    1.398000E+00   -3.979000E-01   -1.000000E+01    3.964000E+00   -1.000000E+01    4.152000E+00   -1.000000E+01   -1.000000E+01    6.935000E+00    5.139000E+00    9.300000E-01    3.000000E+00    1.100000E+01    1.777000E+00    1.028000E+00    2.890000E+00    1.580000E+00    2.376000E-01    8.974000E-04   -9.715000E+00    2.000000E+00    2.000000E+00    1.000000E+03    9.800000E+01   -1.000000E+01    1.000000E+00   -9.839000E+00   -9.807610E+00
   2.090000E-09    1.000000E+00    1.580000E+00    7.900000E+01    1.398000E+00   -6.990000E-01    1.893000E+00    3.508000E+00    2.904000E+00    3.754000E+00    1.785000E+00    2.584000E+00    7.700000E+00    3.894000E+00    7.900000E-01    6.000000E+00    5.500000E+01    2.333000E+00    2.090000E+00    4.360000E+00    1.318000E+00    4.778000E-02    8.974000E-04   -9.866000E+00    2.000000E+00    5.000000E+00    1.800000E+03    8.000000E+01   -1.000000E+01    1.000000E+00   -9.656000E+00   -9.553712E+00
   1.350000E-09    1.000000E+00    1.453000E+00    1.080000E+02    1.398000E+00   -3.979000E-01   -1.000000E+01    3.964000E+00   -1.000000E+01    4.152000E+00   -1.000000E+01   -1.000000E+01    6.935000E+00    5.139000E+00    9.300000E-01    3.000000E+00    1.100000E+01    1.777000E+00    1.028000E+00    2.890000E+00    1.580000E+00    2.376000E-01    8.974000E-04   -9.715000E+00    2.000000E+00    2.000000E+00    1.000000E+03    9.800000E+01   -1.000000E+01    1.000000E+00   -9.839000E+00   -9.807610E+00
   1.010000E-09    1.000000E+00    1.453000E+00    1.080000E+02    1.176000E+00   -1.000000E+00   -1.000000E+01    3.362000E+00   -1.000000E+01    3.550000E+00   -1.000000E+01   -1.000000E+01    6.352000E+00    5.139000E+00    9.300000E-01    3.000000E+00    1.100000E+01    1.777000E+00    7.958000E-01    2.890000E+00    1.580000E+00    3.488000E-01    1.162000E-03   -1.002000E+01    2.000000E+00    2.000000E+00    1.000000E+03    9.800000E+01   -1.000000E+01    1.000000E+00   -9.963000E+00   -9.957707E+00
   1.460000E-09    7.000000E+00    1.547000E+00    7.000000E+01    1.301000E+00   -3.010000E-01   -1.000000E+01    4.061000E+00   -1.000000E+01    4.249000E+00   -1.000000E+01   -1.000000E+01    7.000000E+00    7.834000E+00    1.900000E+00    6.000000E+00    7.500000E+01    3.309000E+00    2.106000E+00    4.360000E+00    1.299000E+00    1.962000E-01    1.018000E-03   -9.670000E+00    2.000000E+00    1.000000E+00    1.500000E+03    3.680000E+01   -1.000000E+01   -1.000000E+00   -1.017000E+01   -1.025799E+01
   2.000000E-09    1.000000E+00    1.477000E+00    2.100000E+01    1.380000E+00   -6.576000E-01    2.000000E+00    2.230000E+00    2.544000E+00    3.090000E+00    2.000000E+00    2.230000E+00    7.200000E+00    1.297000E+01    3.160000E+00    3.000000E+00    1.700000E+01    2.822000E+00    2.427000E+00    2.890000E+00    8.451000E-01    6.544000E-02    9.199000E-04   -9.846000E+00    4.000000E+00    1.000000E+00    2.440000E+03    0.000000E+00   -1.000000E+01   -1.000000E+00   -1.119000E+01   -1.106738E+01
   2.220000E-09    0.000000E+00    1.833000E+00    7.100000E+01    1.398000E+00    0.000000E+00   -1.000000E+01    4.362000E+00   -1.000000E+01   -1.000000E+01   -1.000000E+01   -1.000000E+01    5.000000E+00    1.360000E+01    2.200000E+00    1.000000E+00    1.000000E+00    8.499000E-01    8.088000E-01    8.500000E-01    1.019000E+00    2.158000E-02    8.974000E-04   -9.516000E+00    7.000000E+00    1.000000E+00    1.900000E+03    0.000000E+00   -1.000000E+01    0.000000E+00   -9.886000E+00   -9.627655E+00
   1.550000E-09    4.000000E+00    1.999000E+00    1.080000E+02    1.398000E+00   -3.635000E-01   -1.000000E+01    3.939000E+00   -1.000000E+01   -1.000000E+01   -1.000000E+01   -1.000000E+01    7.000000E+00    9.752000E+00    2.550000E+00    4.000000E+00    3.400000E+01    2.921000E+00    1.941000E+00    3.450000E+00    1.034000E+00    1.776000E-01    8.974000E-04   -9.698000E+00    3.000000E+00    1.000000E+00    1.600000E+03    1.000000E+02   -1.000000E+01   -1.000000E+00   -1.020000E+01   -1.038273E+01
   1.550000E-09    1.000000E+00    1.453000E+00    1.080000E+02    1.477000E+00   -1.000000E+01   -1.000000E+01   -1.000000E+01   -1.000000E+01   -1.000000E+01   -1.000000E+01   -1.000000E+01    6.317000E+00    5.139000E+00    9.300000E-01    3.000000E+00    1.100000E+01    1.777000E+00    1.161000E+00    2.890000E+00    1.580000E+00    1.848000E-01    7.959000E-04   -1.451000E+01    2.000000E+00    2.000000E+00    1.800000E+03    9.800000E+01   -1.000000E+01    1.000000E+00   -1.053000E+01   -1.050882E+01
   8.130000E-10    4.000000E+00    1.279000E+00    9.300000E+01    1.360000E+00    7.918000E-02   -1.000000E+01    4.281000E+00   -1.000000E+01    2.401000E+00    4.248000E+00    4.062000E+00    1.130000E+01    9.752000E+00    2.550000E+00    4.000000E+00    3.400000E+01    2.921000E+00    1.025000E+00    3.450000E+00    1.690000E+00    4.548000E-01    9.456000E-04   -9.478000E+00    2.000000E+00    1.000000E+00    1.800000E+03    4.750000E+01   -1.000000E+01   -2.000000E+00   -1.109000E+01   -1.110213E+01
   2.140000E-09    0.000000E+00    1.000000E+00    1.400000E+01    1.362000E+00   -1.356000E+00    1.990000E+00    2.225000E+00    2.512000E+00    3.094000E+00    2.354000E+00    2.238000E+00    7.800000E+00    1.360000E+01    2.200000E+00    1.000000E+00    1.000000E+00    8.499000E-01    7.849000E-01    8.500000E-01    1.146000E+00    3.459000E-02    9.432000E-04   -1.020000E+01    4.000000E+00    1.000000E+00    2.670000E+03    7.000000E+01   -1.000000E+01    0.000000E+00   -1.070000E+01   -1.066340E+01
   2.000000E-09    1.000000E+00    1.613000E+00    1.700000E+01    1.398000E+00   -2.218000E-01   -1.000000E+01   -1.000000E+01   -1.000000E+01    4.328000E+00   -1.000000E+01   -1.000000E+01    6.000000E+00    1.297000E+01    3.160000E+00    3.000000E+00    1.700000E+01    2.822000E+00    2.419000E+00    2.890000E+00    6.177000E-01    6.690000E-02    8.974000E-04   -9.627000E+00    1.700000E+01    1.000000E+00    2.780000E+03    0.000000E+00   -1.000000E+01   -1.000000E+00   -1.305000E+01   -1.293116E+01
   2.140000E-09    0.000000E+00    1.477000E+00    2.100000E+01    1.398000E+00   -6.576000E-01    2.000000E+00    2.230000E+00    2.544000E+00    3.090000E+00    2.000000E+00    2.230000E+00    7.200000E+00    1.360000E+01    2.200000E+00    1.000000E+00    1.000000E+00    8.499000E-01    7.796000E-01    8.500000E-01    8.451000E-01    3.752000E-02    8.974000E-04   -9.845000E+00    4.000000E+00    1.000000E+00    2.440000E+03    0.000000E+00   -1.000000E+01    0.000000E+00   -1.040000E+01   -1.046763E+01
   6.100000E-10    3.000000E+00    1.279000E+00    9.300000E+01    1.391000E+00   -2.222000E+00   -1.000000E+01   -1.000000E+01   -1.000000E+01    2.027000E+00   -1.000000E+01   -1.000000E+01    1.071000E+01    5.644000E+00    1.170000E+00    6.000000E+00    6.200000E+01    2.809000E+00    7.353000E-01    4.360000E+00    1.690000E+00    5.820000E-01    9.063000E-04   -1.063000E+01    2.000000E+00    2.000000E+00    1.400000E+03    4.750000E+01   -1.000000E+01   -1.000000E+00   -1.027000E+01   -1.028069E+01
   2.220000E-09    0.000000E+00    1.833000E+00    7.100000E+01    1.477000E+00   -6.990000E-01   -1.000000E+01    2.061000E+00   -1.000000E+01    2.249000E+00   -1.000000E+01   -1.000000E+01    7.000000E+00    1.360000E+01    2.200000E+00    1.000000E+00    1.000000E+00    8.499000E-01    7.954000E-01    8.500000E-01    1.019000E+00    2.880000E-02    7.959000E-04   -9.862000E+00    6.000000E+00    1.000000E+00    1.500000E+03    0.000000E+00   -1.000000E+01    0.000000E+00   -9.821000E+00   -9.787169E+00
   1.300000E-09    1.000000E+00    1.447000E+00    1.300000E+01    1.398000E+00   -6.990000E-01    2.228000E+00    3.538000E+00    2.462000E+00    3.754000E+00    1.279000E+00    2.983000E+00    7.900000E+00    5.139000E+00    9.300000E-01    3.000000E+00    1.100000E+01    1.777000E+00    9.899000E-01    2.890000E+00    6.668000E-01    2.540000E-01    8.974000E-04   -9.866000E+00    4.000000E+00    2.000000E+00    2.400000E+03    0.000000E+00   -1.000000E+01    1.000000E+00   -1.070000E+01   -1.068270E+01
   2.000000E-09    1.000000E+00    1.447000E+00    1.080000E+02    1.398000E+00   -1.253000E+00   -1.000000E+01    3.118000E+00   -1.000000E+01   -1.000000E+01    3.304000E+00    2.715000E+00    1.030000E+01    1.297000E+01    3.160000E+00    3.000000E+00    1.700000E+01    2.822000E+00    2.419000E+00    2.890000E+00    1.586000E+00    6.690000E-02    8.974000E-04   -1.014000E+01    2.000000E+00    1.000000E+00    1.400000E+03    9.800000E+01    1.903000E+00   -1.000000E+00   -9.796000E+00   -9.728602E+00
   8.100000E-10    2.000000E+00    2.025000E+00    8.100000E+01    1.362000E+00   -1.000000E+00   -1.000000E+01    3.362000E+00   -1.000000E+01    3.550000E+00   -1.000000E+01   -1.000000E+01    1.100000E+01    9.752000E+00    2.550000E+00    4.000000E+00    3.400000E+01    2.921000E+00    1.021000E+00    3.450000E+00    8.832000E-01    4.565000E-01    9.432000E-04   -1.002000E+01    2.500000E+01    1.000000E+00    1.500000E+03    0.000000E+00   -1.000000E+01   -1.000000E+00   -1.125000E+01   -1.116146E+01
   1.560000E-09    1.000000E+00    1.453000E+00    1.080000E+02    1.176000E+00   -1.000000E+01   -1.000000E+01   -1.000000E+01   -1.000000E+01   -1.000000E+01   -1.000000E+01   -1.000000E+01    5.183000E+00    1.297000E+01    3.160000E+00    3.000000E+00    1.700000E+01    2.822000E+00    1.952000E+00    2.890000E+00    1.580000E+00    1.600000E-01    1.162000E-03   -1.452000E+01    2.000000E+00    2.000000E+00    1.100000E+03    9.800000E+01   -1.000000E+01   -1.000000E+00   -9.857000E+00   -9.810121E+00
   1.690000E-09    2.000000E+00    1.744000E+00    8.200000E+01    1.778000E+00    1.335000E-01    1.469000E+00    3.704000E+00    4.176000E+00    4.535000E+00    1.000000E+00    2.898000E+00    7.875000E+00    5.695000E+00    9.500000E-01    5.000000E+00    3.800000E+01    2.491000E+00    1.615000E+00    3.850000E+00    1.170000E+00    1.882000E-01    4.494000E-04   -9.425000E+00    2.000000E+00    2.000000E+00    1.650000E+03    8.000000E+01    1.699000E+00    2.000000E+00   -9.955000E+00   -9.952147E+00
   2.090000E-09    1.000000E+00    1.580000E+00    7.870000E+01    1.398000E+00   -1.857000E+00    5.922000E-01    2.448000E+00    1.256000E+00    2.603000E+00    2.086000E+00    9.825000E-01    7.162000E+00    3.894000E+00    7.900000E-01    6.000000E+00    5.500000E+01    2.333000E+00    2.090000E+00    4.360000E+00    1.316000E+00    4.778000E-02    8.974000E-04   -1.044000E+01    2.000000E+00    5.000000E+00    1.590000E+03    8.200000E+01   -1.000000E+01    1.000000E+00   -1.007000E+01   -9.915120E+00
   6.020000E-10    3.000000E+00    1.580000E+00    7.900000E+01    1.362000E+00   -1.285000E+00    7.966000E-01    2.777000E+00    2.283000E+00    3.193000E+00   -1.000000E+01   -1.000000E+01    7.700000E+00    5.670000E+00    1.200000E+00    6.000000E+00    6.300000E+01    2.815000E+00    7.313000E-01    4.360000E+00    1.318000E+00    5.854000E-01    9.432000E-04   -1.016000E+01    2.000000E+00    2.000000E+00    1.000000E+03    8.200000E+01   -1.000000E+01    3.000000E+00   -9.602000E+00   -9.550448E+00
   1.270000E-09    1.000000E+00    2.477000E+00    5.000000E+01    1.362000E+00   -5.867000E-01    1.799000E+00    3.248000E+00    3.327000E+00    3.805000E+00    1.108000E+00    3.062000E+00    7.800000E+00    5.139000E+00    9.300000E-01    3.000000E+00    1.100000E+01    1.777000E+00    9.736000E-01    2.890000E+00    2.218000E-01    2.612000E-01    9.432000E-04   -9.811000E+00    2.600000E+01    1.000000E+00    1.250000E+03    3.500000E+01    1.699000E+00    1.000000E+00   -9.886000E+00   -1.002352E+01
   5.000000E-10    4.000000E+00    1.744000E+00    8.200000E+01    1.398000E+00   -5.834000E-01    1.146000E+00    3.281000E+00    3.328000E+00    3.810000E+00    1.831000E+00    3.016000E+00    9.402000E+00    6.026000E+00    1.280000E+00    7.000000E+00    9.400000E+01    3.322000E+00    7.118000E-01    4.990000E+00    1.170000E+00    6.690000E-01    8.974000E-04   -9.808000E+00    2.000000E+00    2.000000E+00    2.130000E+03    8.000000E+01    1.875000E+00    0.000000E+00   -1.076000E+01   -1.057564E+01
   1.560000E-09    1.000000E+00    1.453000E+00    1.080000E+02    1.176000E+00   -1.000000E+01   -1.000000E+01   -1.000000E+01   -1.000000E+01   -1.000000E+01   -1.000000E+01   -1.000000E+01    5.356000E+00    1.297000E+01    3.160000E+00    3.000000E+00    1.700000E+01    2.822000E+00    1.952000E+00    2.890000E+00    1.580000E+00    1.600000E-01    1.162000E-03   -1.452000E+01    2.000000E+00    2.000000E+00    1.600000E+03    9.800000E+01   -1.000000E+01   -1.000000E+00   -1.028000E+01   -1.034680E+01
   2.000000E-09    7.000000E+00    2.477000E+00    5.000000E+01    1.380000E+00   -6.576000E-01    1.149000E+00    3.281000E+00    3.331000E+00    3.780000E+00    1.233000E+00    3.024000E+00    7.200000E+00    7.280000E+00    1.900000E+00    5.000000E+00    4.300000E+01    2.817000E+00    2.423000E+00    3.850000E+00    2.218000E-01    6.544000E-02    9.199000E-04   -9.846000E+00    2.600000E+01    2.000000E+00    2.000000E+03    8.750000E+00   -1.000000E+01   -1.000000E+00   -9.812000E+00   -9.908729E+00
   1.550000E-09    4.000000E+00    1.547000E+00    7.000000E+01    1.301000E+00   -3.010000E-01   -1.000000E+01    4.061000E+00   -1.000000E+01    4.249000E+00   -1.000000E+01   -1.000000E+01    7.000000E+00    9.752000E+00    2.550000E+00    4.000000E+00    3.400000E+01    2.921000E+00    1.974000E+00    3.450000E+00    1.299000E+00    1.703000E-01    1.018000E-03   -9.670000E+00    2.000000E+00    1.000000E+00    1.700000E+03    3.680000E+01   -1.000000E+01   -1.000000E+00   -1.036000E+01   -1.042029E+01
   2.100000E-09    1.000000E+00    1.453000E+00    1.080000E+02    1.565000E+00   -2.924000E-01   -1.000000E+01    4.069000E+00   -1.000000E+01    4.257000E+00   -1.000000E+01   -1.000000E+01    7.134000E+00    3.894000E+00    7.900000E-01    6.000000E+00    5.500000E+01    2.333000E+00    2.021000E+00    4.360000E+00    1.580000E+00    6.243000E-02    6.848000E-04   -9.654000E+00    2.000000E+00    2.000000E+00    1.400000E+03    9.999000E+01   -1.000000E+01    1.000000E+00   -9.983000E+00   -9.941467E+00
   2.032000E-10    1.000000E+00    1.748000E+00    1.110000E+02    1.778000E+00   -7.282000E-01    1.596000E+00    3.415000E+00    2.736000E+00    3.353000E+00    1.827000E+00    3.670000E+00    7.560000E+00    1.297000E+01    3.160000E+00    3.000000E+00    1.700000E+01    2.822000E+00    2.200000E-01    2.890000E+00    1.297000E+00    1.108000E+00    4.494000E-04   -9.856000E+00    2.000000E+00    1.000000E+00    1.400000E+03    9.200000E+01   -1.000000E+01   -1.000000E+00   -9.928000E+00   -9.925509E+00
   3.330000E-09    2.000000E+00    1.279000E+00    9.300000E+01    1.778000E+00   -1.807000E+00   -1.000000E+01    2.378000E+00   -1.000000E+01   -1.000000E+01   -1.000000E+01    2.699000E+00    7.250000E+00    9.752000E+00    2.550000E+00    4.000000E+00    3.400000E+01    2.921000E+00    3.732000E+00    3.450000E+00    1.690000E+00   -1.063000E-01    4.494000E-04   -1.040000E+01    2.000000E+00    2.000000E+00    1.600000E+03    5.000000E+01   -1.000000E+01   -1.000000E+00   -9.735000E+00   -9.650623E+00
   2.090000E-09    1.000000E+00    1.447000E+00    1.080000E+02    1.398000E+00   -1.000000E+01   -1.000000E+01   -1.000000E+01   -1.000000E+01   -1.000000E+01   -1.000000E+01   -1.000000E+01    9.500000E+00    3.894000E+00    7.900000E-01    6.000000E+00    5.500000E+01    2.333000E+00    2.090000E+00    4.360000E+00    1.586000E+00    4.778000E-02    8.974000E-04   -1.452000E+01    2.000000E+00    2.000000E+00    1.470000E+03    1.000000E+02   -1.000000E+01    1.000000E+00   -1.008000E+01   -1.012760E+01
   6.020000E-10    3.000000E+00    1.580000E+00    7.900000E+01    1.398000E+00   -1.000000E+00   -1.000000E+01    3.362000E+00   -1.000000E+01    3.550000E+00   -1.000000E+01   -1.000000E+01    5.000000E+00    5.670000E+00    1.200000E+00    6.000000E+00    6.300000E+01    2.815000E+00    7.264000E-01    4.360000E+00    1.318000E+00    5.883000E-01    8.974000E-04   -1.002000E+01    2.000000E+00    3.000000E+00    1.000000E+03    8.200000E+01   -1.000000E+01    3.000000E+00   -1.008000E+01   -1.002691E+01
   2.000000E-09    1.000000E+00    1.744000E+00    8.200000E+01    1.903000E+00   -5.918000E-01    1.146000E+00    3.279000E+00    3.328000E+00    3.785000E+00    1.831000E+00    3.016000E+00    7.500000E+00    1.045000E+01    2.660000E+00    5.000000E+00    5.300000E+01    3.375000E+00    2.443000E+00    3.850000E+00    1.170000E+00    1.404000E-01    3.547000E-04   -9.775000E+00    2.000000E+00    2.000000E+00    1.100000E+03    8.000000E+01   -1.000000E+01   -1.000000E+00   -9.674000E+00   -9.626245E+00
   2.000000E-09    1.000000E+00    1.580000E+00    7.900000E+01    1.398000E+00   -1.000000E+00   -1.000000E+01    3.362000E+00   -1.000000E+01   -1.000000E+01   -1.000000E+01   -1.000000E+01    8.200000E+00    1.045000E+01    2.660000E+00    5.000000E+00    5.300000E+01    3.375000E+00    2.893000E+00    3.850000E+00    1.318000E+00    6.690000E-02    8.974000E-04   -1.002000E+01    2.000000E+00    1.000000E+00    4.000000E+02    8.000000E+01   -1.000000E+01   -1.000000E+00   -9.173000E+00   -9.227697E+00
   1.560000E-09    1.000000E+00    1.453000E+00    1.080000E+02    1.176000E+00   -1.000000E+01   -1.000000E+01   -1.000000E+01   -1.000000E+01   -1.000000E+01   -1.000000E+01   -1.000000E+01    5.005000E+00    1.297000E+01    3.160000E+00    3.000000E+00    1.700000E+01    2.822000E+00    1.952000E+00    2.890000E+00    1.580000E+00    1.600000E-01    1.162000E-03   -1.452000E+01    2.000000E+00    2.000000E+00    1.400000E+03    9.800000E+01   -1.000000E+01   -1.000000E+00   -1.011000E+01   -1.015603E+01
   1.010000E-09    1.000000E+00    1.453000E+00    1.080000E+02    1.176000E+00   -3.979000E-01   -1.000000E+01    3.964000E+00   -1.000000E+01    4.152000E+00   -1.000000E+01   -1.000000E+01    6.696000E+00    5.139000E+00    9.300000E-01    3.000000E+00    1.100000E+01    1.777000E+00    7.958000E-01    2.890000E+00    1.580000E+00    3.488000E-01    1.162000E-03   -9.723000E+00    2.000000E+00    2.000000E+00    1.000000E+03    9.800000E+01   -1.000000E+01    1.000000E+00   -9.963000E+00   -9.972097E+00
   2.000000E-09    1.000000E+00    1.279000E+00    9.300000E+01    1.398000E+00   -1.398000E+00   -1.000000E+01   -1.000000E+01    2.904000E+00   -1.000000E+01   -1.000000E+01   -1.000000E+01    1.250000E+01    1.045000E+01    2.660000E+00    5.000000E+00    5.300000E+01    3.375000E+00    2.893000E+00    3.850000E+00    1.690000E+00    6.690000E-02    8.974000E-04   -1.022000E+01    2.000000E+00    1.000000E+00    1.600000E+03    4.750000E+01    1.903000E+00   -1.000000E+00   -9.796000E+00   -1.010563E+01
   2.090000E-09    1.000000E+00    1.453000E+00    1.080000E+02    1.398000E+00   -1.000000E+01   -1.000000E+01   -1.000000E+01   -1.000000E+01   -1.000000E+01   -1.000000E+01   -1.000000E+01    7.519000E+00    1.297000E+01    3.160000E+00    3.000000E+00    1.700000E+01    2.822000E+00    2.528000E+00    2.890000E+00    1.580000E+00    4.778000E-02    8.974000E-04   -1.452000E+01    2.000000E+00    2.000000E+00    1.000000E+03    9.800000E+01   -1.000000E+01   -1.000000E+00   -9.648000E+00   -9.670437E+00
   1.350000E-09    1.000000E+00    1.453000E+00    1.080000E+02    1.398000E+00   -1.000000E+01   -1.000000E+01   -1.000000E+01   -1.000000E+01   -1.000000E+01   -1.000000E+01   -1.000000E+01    6.673000E+00    5.139000E+00    9.300000E-01    3.000000E+00    1.100000E+01    1.777000E+00    1.028000E+00    2.890000E+00    1.580000E+00    2.376000E-01    8.974000E-04   -1.452000E+01    2.000000E+00    2.000000E+00    1.200000E+03    9.800000E+01   -1.000000E+01    1.000000E+00   -1.000000E+01   -9.934107E+00
   1.130000E-09    6.000000E+00    1.580000E+00    7.200000E+01    1.398000E+00   -3.010000E-01   -1.000000E+01    4.061000E+00   -1.000000E+01    4.249000E+00   -1.000000E+01   -1.000000E+01    6.800000E+00    6.767000E+00    1.660000E+00    4.000000E+00    2.400000E+01    2.434000E+00    1.179000E+00    3.450000E+00    1.278000E+00    3.149000E-01    8.974000E-04   -9.667000E+00    2.000000E+00    1.000000E+00    1.800000E+03    8.200000E+01   -1.000000E+01   -1.000000E+00   -1.115000E+01   -1.087419E+01
   1.200000E-09    5.000000E+00    1.833000E+00    7.100000E+01    1.301000E+00   -2.297000E+00   -1.000000E+01   -1.000000E+01    2.603000E+00   -1.000000E+01   -1.000000E+01   -1.000000E+01    6.000000E+00    6.266000E+00    1.360000E+00    7.000000E+00    9.300000E+01    3.387000E+00    1.772000E+00    4.990000E+00    1.019000E+00    2.814000E-01    1.018000E-03   -1.067000E+01    6.000000E+00    2.000000E+00    9.200000E+02    0.000000E+00   -1.000000E+01    1.000000E+00   -9.378000E+00   -9.310219E+00
   2.000000E-09    1.000000E+00    1.453000E+00    1.080000E+02    1.342000E+00   -2.000000E+00   -1.000000E+01    2.362000E+00   -1.000000E+01    2.550000E+00   -1.000000E+01   -1.000000E+01    6.986000E+00    1.045000E+01    2.660000E+00    5.000000E+00    5.300000E+01    3.375000E+00    2.923000E+00    3.850000E+00    1.580000E+00    6.251000E-02    9.673000E-04   -1.052000E+01    2.000000E+00    2.000000E+00    1.410000E+03    9.999000E+01   -1.000000E+01   -1.000000E+00   -1.002000E+01   -1.005394E+01
   2.090000E-09    1.000000E+00    1.744000E+00    8.200000E+01    1.380000E+00   -6.108000E-01    1.176000E+00    3.262000E+00    3.292000E+00    3.770000E+00    1.447000E+00    3.051000E+00    7.200000E+00    3.894000E+00    7.900000E-01    6.000000E+00    5.500000E+01    2.333000E+00    2.097000E+00    4.360000E+00    1.170000E+00    4.632000E-02    9.199000E-04   -9.822000E+00    2.000000E+00    1.000000E+00    1.330000E+03    8.000000E+01   -1.000000E+01    1.000000E+00   -1.049000E+01   -1.077014E+01
   4.530000E-09    1.000000E+00    1.279000E+00    9.300000E+01    1.602000E+00   -2.757000E-01    5.922000E-01    4.024000E+00    2.558000E+00    4.302000E+00   -1.000000E+01    4.065000E-01    8.300000E+00    3.894000E+00    7.900000E-01    6.000000E+00    5.500000E+01    2.333000E+00    4.313000E+00    4.360000E+00    1.690000E+00   -2.669000E-01    6.389000E-04   -9.643000E+00    2.000000E+00    1.000000E+00    1.600000E+03    4.800000E+01    1.477000E+00    1.000000E+00   -9.260000E+00   -9.291935E+00
   1.550000E-09    4.000000E+00    1.408000E+00    7.200000E+01    1.602000E+00   -1.301000E+00   -1.000000E+01    3.061000E+00   -1.000000E+01   -1.000000E+01   -1.000000E+01   -1.000000E+01    6.000000E+00    9.752000E+00    2.550000E+00    4.000000E+00    3.400000E+01    2.921000E+00    1.848000E+00    3.450000E+00    1.449000E+00    1.989000E-01    6.389000E-04   -1.016000E+01    2.000000E+00    1.000000E+00    1.600000E+03    7.500000E+01   -1.000000E+01   -1.000000E+00   -1.080000E+01   -1.067061E+01
   1.550000E-09    4.000000E+00    1.408000E+00    7.200000E+01    1.398000E+00   -3.635000E-01   -1.000000E+01    3.939000E+00   -1.000000E+01   -1.000000E+01   -1.000000E+01   -1.000000E+01    7.000000E+00    9.752000E+00    2.550000E+00    4.000000E+00    3.400000E+01    2.921000E+00    1.941000E+00    3.450000E+00    1.449000E+00    1.776000E-01    8.974000E-04   -9.698000E+00    2.000000E+00    1.000000E+00    1.600000E+03    7.500000E+01   -1.000000E+01   -1.000000E+00   -1.059000E+01   -1.046217E+01
   1.200000E-09    4.000000E+00    4.771000E-01    2.000000E+00    1.462000E+00    6.070000E-02   -1.000000E+01    4.403000E+00   -1.000000E+01   -1.000000E+01    4.785000E+00    3.682000E+00    8.870000E+00    6.266000E+00    1.360000E+00    7.000000E+00    9.300000E+01    3.387000E+00    1.719000E+00    4.990000E+00    8.239000E-01    2.945000E-01    8.149000E-04   -9.483000E+00    8.000000E+00    1.000000E+00    2.640000E+03    0.000000E+00   -1.000000E+01   -4.000000E+00   -1.255000E+01   -1.245592E+01
   2.000000E-09    1.000000E+00    1.279000E+00    9.300000E+01    1.362000E+00    6.990000E-01   -1.000000E+01    5.061000E+00   -1.000000E+01   -1.000000E+01   -1.000000E+01   -1.000000E+01    1.250000E+01    1.045000E+01    2.660000E+00    5.000000E+00    5.300000E+01    3.375000E+00    2.913000E+00    3.850000E+00    1.690000E+00    6.398000E-02    9.432000E-04   -9.168000E+00    2.000000E+00    1.000000E+00    1.800000E+03    4.800000E+01   -1.000000E+01   -1.000000E+00   -1.080000E+01   -1.067979E+01
   2.090000E-09    1.000000E+00    1.453000E+00    1.080000E+02    1.398000E+00   -1.000000E+01   -1.000000E+01   -1.000000E+01   -1.000000E+01   -1.000000E+01   -1.000000E+01   -1.000000E+01    7.121000E+00    1.297000E+01    3.160000E+00    3.000000E+00    1.700000E+01    2.822000E+00    2.528000E+00    2.890000E+00    1.580000E+00    4.778000E-02    8.974000E-04   -1.452000E+01    2.000000E+00    2.000000E+00    1.800000E+03    9.800000E+01   -1.000000E+01   -1.000000E+00   -1.034000E+01   -1.027055E+01
   2.000000E-09    1.000000E+00    1.279000E+00    9.300000E+01    1.380000E+00   -2.000000E+00   -1.000000E+01    2.362000E+00   -1.000000E+01    2.550000E+00   -1.000000E+01   -1.000000E+01    1.250000E+01    1.297000E+01    3.160000E+00    3.000000E+00    1.700000E+01    2.822000E+00    2.427000E+00    2.890000E+00    1.690000E+00    6.544000E-02    9.199000E-04   -1.052000E+01    2.000000E+00    1.000000E+00    1.600000E+03    4.800000E+01    1.477000E+00   -1.000000E+00   -1.107000E+01   -1.109996E+01
   2.220000E-09    0.000000E+00    6.232000E-01    6.700000E+01    1.398000E+00   -2.578000E+00   -1.550000E-01    1.756000E+00    8.701000E-01    1.225000E+00   -1.000000E+01    1.403000E+00    8.060000E+00    1.360000E+01    2.200000E+00    1.000000E+00    1.000000E+00    8.499000E-01    8.088000E-01    8.500000E-01    2.203000E+00    2.158000E-02    8.974000E-04   -1.081000E+01    1.300000E+01    1.000000E+00    1.450000E+03    0.000000E+00   -1.000000E+01    0.000000E+00   -9.004000E+00   -9.098139E+00
   2.140000E-09    0.000000E+00   -1.549000E-01    1.000000E+01    1.362000E+00   -5.157000E-01    1.000000E+00    3.380000E+00    3.405000E+00    3.922000E+00    1.230000E+00    2.230000E+00    8.770000E+00    1.360000E+01    2.200000E+00    1.000000E+00    1.000000E+00    8.499000E-01    7.849000E-01    8.500000E-01    2.155000E+00    3.459000E-02    9.432000E-04   -9.776000E+00    1.400000E+01    1.000000E+00    2.610000E+03    0.000000E+00   -1.000000E+01    0.000000E+00   -1.074000E+01   -1.085005E+01
   1.180000E-09    1.000000E+00    1.453000E+00    1.080000E+02    6.990000E-01   -1.000000E+01   -1.000000E+01   -1.000000E+01   -1.000000E+01   -1.000000E+01   -1.000000E+01   -1.000000E+01    6.109000E+00    1.297000E+01    3.160000E+00    3.000000E+00    1.700000E+01    2.822000E+00    1.530000E+00    2.890000E+00    1.580000E+00    2.659000E-01    1.536000E-03   -1.453000E+01    2.000000E+00    2.000000E+00    7.000000E+02    9.800000E+01   -1.000000E+01   -1.000000E+00   -9.664000E+00   -9.633583E+00
   2.000000E-09    7.000000E+00    1.744000E+00    8.200000E+01    1.380000E+00   -5.918000E-01    1.146000E+00    3.279000E+00    3.330000E+00    3.785000E+00    1.831000E+00    3.016000E+00    7.500000E+00    7.280000E+00    1.900000E+00    5.000000E+00    4.300000E+01    2.817000E+00    2.423000E+00    3.850000E+00    1.170000E+00    6.544000E-02    9.199000E-04   -9.813000E+00    2.000000E+00    1.000000E+00    1.240000E+03    8.000000E+01   -1.000000E+01   -1.000000E+00   -9.790000E+00   -9.813766E+00
   1.550000E-09    4.000000E+00    6.232000E-01    6.700000E+01    1.491000E+00   -1.398000E+00    8.451000E-01    2.784000E+00    1.869000E+00    2.785000E+00   -1.000000E+01    2.785000E+00    7.500000E+00    9.752000E+00    2.550000E+00    4.000000E+00    3.400000E+01    2.921000E+00    1.903000E+00    3.450000E+00    2.203000E+00    1.863000E-01    7.777000E-04   -1.021000E+01    1.300000E+01    3.000000E+00    1.800000E+03    0.000000E+00   -1.000000E+01   -1.000000E+00   -9.866000E+00   -9.925888E+00
   2.000000E-09    1.000000E+00    1.580000E+00    7.900000E+01    1.398000E+00   -1.365000E+00    1.990000E+00    2.225000E+00    2.538000E+00    3.094000E+00   -1.000000E+01    2.238000E+00    7.800000E+00    4.341000E+00    8.200000E-01    4.000000E+00    1.900000E+01    1.949000E+00    1.671000E+00    3.450000E+00    1.318000E+00    6.690000E-02    8.974000E-04   -1.020000E+01    2.000000E+00    1.000000E+00    1.700000E+03    8.200000E+01   -1.000000E+01    1.000000E+00   -9.854000E+00   -9.763921E+00
   9.230000E-10    4.000000E+00    1.744000E+00    8.200000E+01    1.362000E+00   -5.768000E-01    1.437000E+00    3.430000E+00    3.204000E+00    3.844000E+00    1.086000E+00    3.126000E+00    7.700000E+00    1.126000E+01    2.550000E+00    2.000000E+00    6.000000E+00    1.811000E+00    7.212000E-01    1.990000E+00    1.170000E+00    3.998000E-01    9.432000E-04   -9.806000E+00    2.000000E+00    1.000000E+00    1.180000E+03    8.000000E+01   -1.000000E+01   -2.000000E+00   -1.152000E+01   -1.129388E+01
   9.000000E-10    2.000000E+00    1.279000E+00    9.300000E+01    1.398000E+00   -1.000000E+01   -1.000000E+01   -1.000000E+01   -1.000000E+01   -1.000000E+01   -1.000000E+01   -1.000000E+01    1.250000E+01    7.344000E+00    1.960000E+00    5.000000E+00    5.000000E+01    2.829000E+00    1.091000E+00    3.850000E+00    1.690000E+00    4.137000E-01    8.974000E-04   -1.452000E+01    2.000000E+00    2.000000E+00    1.800000E+03    4.750000E+01   -1.000000E+01    2.000000E+00   -1.050000E+01   -1.059593E+01
   1.460000E-09    7.000000E+00    1.408000E+00    3.750000E+01    1.398000E+00    2.166000E-03   -1.000000E+01    4.362000E+00   -1.000000E+01    4.550000E+00   -1.000000E+01   -1.000000E+01    7.000000E+00    7.834000E+00    1.900000E+00    6.000000E+00    7.500000E+01    3.309000E+00    2.071000E+00    4.360000E+00    1.166000E+00    2.036000E-01    8.974000E-04   -9.515000E+00    2.000000E+00    1.000000E+00    1.600000E+03    3.300000E+01   -1.000000E+01   -1.000000E+00   -1.012000E+01   -1.021015E+01
   2.000000E-09    1.000000E+00    1.453000E+00    1.080000E+02    1.602000E+00   -2.924000E-01   -1.000000E+01    4.069000E+00   -1.000000E+01    4.257000E+00   -1.000000E+01   -1.000000E+01    5.888000E+00    1.045000E+01    2.660000E+00    5.000000E+00    5.300000E+01    3.375000E+00    2.755000E+00    3.850000E+00    1.580000E+00    8.822000E-02    6.389000E-04   -9.652000E+00    2.000000E+00    2.000000E+00    1.380000E+03    9.999000E+01   -1.000000E+01   -1.000000E+00   -9.987000E+00   -9.975821E+00
   2.032000E-10    1.000000E+00    1.833000E+00    7.100000E+01    1.398000E+00   -3.010000E-01   -1.000000E+01    4.061000E+00   -1.000000E+01   -1.000000E+01   -1.000000E+01   -1.000000E+01    5.000000E+00    1.297000E+01    3.160000E+00    3.000000E+00    1.700000E+01    2.822000E+00    2.458000E-01    2.890000E+00    1.019000E+00    1.060000E+00    8.974000E-04   -9.667000E+00    6.000000E+00    1.000000E+00    1.900000E+03    0.000000E+00   -1.000000E+01   -1.000000E+00   -9.276000E+00   -9.436636E+00
   2.000000E-09    1.000000E+00    1.580000E+00    7.900000E+01    1.398000E+00   -3.768000E-01    1.041000E+00    3.454000E+00    3.583000E+00    4.045000E+00    1.041000E+00    2.714000E+00    8.500000E+00    1.045000E+01    2.660000E+00    5.000000E+00    5.300000E+01    3.375000E+00    2.893000E+00    3.850000E+00    1.318000E+00    6.690000E-02    8.974000E-04   -9.705000E+00    2.000000E+00    2.000000E+00    2.000000E+03    8.000000E+01   -1.000000E+01   -1.000000E+00   -1.050000E+01   -1.054483E+01
   2.000000E-09    1.000000E+00    1.453000E+00    1.080000E+02    1.342000E+00   -2.924000E-01   -1.000000E+01    4.069000E+00   -1.000000E+01    4.257000E+00   -1.000000E+01   -1.000000E+01    6.580000E+00    1.045000E+01    2.660000E+00    5.000000E+00    5.300000E+01    3.375000E+00    2.923000E+00    3.850000E+00    1.580000E+00    6.251000E-02    9.673000E-04   -9.665000E+00    2.000000E+00    2.000000E+00    1.060000E+03    9.999000E+01   -1.000000E+01   -1.000000E+00   -9.721000E+00   -9.802057E+00
   2.100000E-09    5.000000E+00    1.279000E+00    9.300000E+01    1.398000E+00   -1.000000E+01   -1.000000E+01   -1.000000E+01   -1.000000E+01   -1.000000E+01   -1.000000E+01   -1.000000E+01    1.250000E+01    6.759000E+00    1.600000E+00    5.000000E+00    4.100000E+01    2.714000E+00    2.443000E+00    3.850000E+00    1.690000E+00    4.571000E-02    8.974000E-04   -1.452000E+01    2.000000E+00    2.000000E+00    1.600000E+03    4.750000E+01   -1.000000E+01   -1.000000E+00   -1.005000E+01   -1.002159E+01
   2.100000E-09    0.000000E+00    1.580000E+00    7.900000E+01    1.398000E+00   -1.000000E+00   -1.000000E+01    3.362000E+00   -1.000000E+01    3.550000E+00   -1.000000E+01   -1.000000E+01    6.600000E+00    1.360000E+01    2.200000E+00    1.000000E+00    1.000000E+00    8.499000E-01    7.650000E-01    8.500000E-01    1.318000E+00    4.571000E-02    8.974000E-04   -1.002000E+01    2.000000E+00    1.000000E+00    1.800000E+03    8.200000E+01   -1.000000E+01    0.000000E+00   -1.012000E+01   -1.017314E+01
   2.000000E-09    1.000000E+00    1.453000E+00    1.080000E+02    1.778000E+00   -2.000000E+00   -1.000000E+01    2.362000E+00   -1.000000E+01    2.550000E+00   -1.000000E+01   -1.000000E+01    7.015000E+00    1.045000E+01    2.660000E+00    5.000000E+00    5.300000E+01    3.375000E+00    2.589000E+00    3.850000E+00    1.580000E+00    1.151000E-01    4.494000E-04   -1.049000E+01    2.000000E+00    2.000000E+00    9.000000E+02    9.999000E+01   -1.000000E+01   -1.000000E+00   -9.599000E+00   -9.601572E+00
   6.240000E-10    3.000000E+00    1.279000E+00    9.300000E+01    1.398000E+00   -1.000000E+01   -1.000000E+01   -1.000000E+01   -1.000000E+01   -1.000000E+01   -1.000000E+01   -1.000000E+01    1.250000E+01    5.974000E+00    1.300000E+00    7.000000E+00    9.500000E+01    3.307000E+00    8.845000E-01    4.990000E+00    1.690000E+00    5.727000E-01    8.974000E-04   -1.452000E+01    2.000000E+00    2.000000E+00    1.200000E+03    4.750000E+01   -1.000000E+01    3.000000E+00   -1.010000E+01   -1.003261E+01
   2.040000E-09    1.000000E+00    1.447000E+00    1.300000E+01    1.380000E+00   -6.990000E-01    2.228000E+00    3.538000E+00    2.462000E+00    3.754000E+00    1.279000E+00    2.983000E+00    7.900000E+00    3.894000E+00    7.900000E-01    6.000000E+00    5.500000E+01    2.333000E+00    2.047000E+00    4.360000E+00    6.668000E-01    5.684000E-02    9.199000E-04   -9.866000E+00    4.000000E+00    2.000000E+00    2.400000E+03    0.000000E+00   -1.000000E+01    1.000000E+00   -1.051000E+01   -1.053984E+01
   2.090000E-09    1.000000E+00    1.744000E+00    8.200000E+01    1.380000E+00   -6.108000E-01    1.176000E+00    3.262000E+00    3.292000E+00    3.770000E+00    1.447000E+00    3.051000E+00    7.200000E+00    3.894000E+00    7.900000E-01    6.000000E+00    5.500000E+01    2.333000E+00    2.097000E+00    4.360000E+00    1.170000E+00    4.632000E-02    9.199000E-04   -9.822000E+00    2.000000E+00    1.000000E+00    1.370000E+03    8.000000E+01   -1.000000E+01    1.000000E+00   -1.068000E+01   -1.100391E+01
   2.040000E-09    1.000000E+00    1.744000E+00    8.200000E+01    1.380000E+00   -6.576000E-01    1.176000E+00    3.262000E+00    3.292000E+00    3.770000E+00    1.447000E+00    3.583000E+00    7.200000E+00    3.894000E+00    7.900000E-01    6.000000E+00    5.500000E+01    2.333000E+00    2.047000E+00    4.360000E+00    1.170000E+00    5.684000E-02    9.199000E-04   -9.846000E+00    2.000000E+00    2.000000E+00    1.240000E+03    8.000000E+01   -1.000000E+01    1.000000E+00   -9.801000E+00   -9.739235E+00
   2.010000E-09    1.000000E+00    1.453000E+00    1.080000E+02    1.602000E+00   -3.010000E-01   -1.000000E+01    4.061000E+00   -1.000000E+01    4.249000E+00   -1.000000E+01   -1.000000E+01    7.267000E+00    5.139000E+00    9.300000E-01    3.000000E+00    1.100000E+01    1.777000E+00    1.457000E+00    2.890000E+00    1.580000E+00    8.605000E-02    6.389000E-04   -9.656000E+00    2.000000E+00    2.000000E+00    1.000000E+03    9.800000E+01   -1.000000E+01    1.000000E+00   -9.666000E+00   -9.725740E+00
   2.000000E-09    1.000000E+00    1.580000E+00    7.900000E+01    1.380000E+00   -6.615000E-01    1.893000E+00    3.508000E+00    2.904000E+00    3.805000E+00    1.785000E+00    2.584000E+00    7.700000E+00    1.045000E+01    2.660000E+00    5.000000E+00    5.300000E+01    3.375000E+00    2.903000E+00    3.850000E+00    1.318000E+00    6.544000E-02    9.199000E-04   -9.848000E+00    2.000000E+00    1.000000E+00    1.800000E+03    8.500000E+01    1.176000E+00   -1.000000E+00   -1.128000E+01   -1.112892E+01
   2.000000E-09    1.000000E+00    1.279000E+00    9.300000E+01    1.398000E+00   -3.010000E-01   -1.000000E+01    4.061000E+00   -1.000000E+01   -1.000000E+01   -1.000000E+01   -1.000000E+01    1.250000E+01    1.045000E+01    2.660000E+00    5.000000E+00    5.300000E+01    3.375000E+00    2.893000E+00    3.850000E+00    1.690000E+00    6.690000E-02    8.974000E-04   -9.667000E+00    2.000000E+00    1.000000E+00    1.600000E+03    4.750000E+01    1.477000E+00   -1.000000E+00   -1.039000E+01   -1.033777E+01
   1.460000E-09    7.000000E+00    1.494000E+00    8.300000E+01    1.301000E+00   -1.301000E+00   -1.000000E+01    3.061000E+00   -1.000000E+01    3.249000E+00   -1.000000E+01   -1.000000E+01    7.000000E+00    7.834000E+00    1.900000E+00    6.000000E+00    7.500000E+01    3.309000E+00    2.106000E+00    4.360000E+00    1.425000E+00    1.962000E-01    1.018000E-03   -1.017000E+01    2.000000E+00    1.000000E+00    1.400000E+03    8.000000E+01   -1.000000E+01   -1.000000E+00   -1.069000E+01   -1.068476E+01
   1.200000E-09    5.000000E+00    1.580000E+00    7.900000E+01    1.398000E+00   -1.456000E+00    1.041000E+00    2.824000E+00    8.202000E-01    2.121000E+00   -1.000000E+01    2.940000E+00    8.900000E+00    6.266000E+00    1.360000E+00    7.000000E+00    9.300000E+01    3.387000E+00    1.742000E+00    4.990000E+00    1.318000E+00    2.887000E-01    8.974000E-04   -1.024000E+01    2.000000E+00    2.000000E+00    2.000000E+03    8.000000E+01   -1.000000E+01    1.000000E+00   -1.073000E+01   -1.076621E+01
   2.100000E-09    1.000000E+00    1.453000E+00    1.080000E+02    1.778000E+00   -2.000000E+00   -1.000000E+01    2.362000E+00   -1.000000E+01    2.550000E+00   -1.000000E+01   -1.000000E+01    8.330000E+00    3.894000E+00    7.900000E-01    6.000000E+00    5.500000E+01    2.333000E+00    1.879000E+00    4.360000E+00    1.580000E+00    9.392000E-02    4.494000E-04   -1.049000E+01    2.000000E+00    2.000000E+00    9.000000E+02    9.999000E+01   -1.000000E+01    1.000000E+00   -9.577000E+00   -9.557108E+00
   2.100000E-09    1.000000E+00    1.453000E+00    1.080000E+02    1.602000E+00   -2.924000E-01   -1.000000E+01    4.069000E+00   -1.000000E+01    4.257000E+00   -1.000000E+01   -1.000000E+01    8.146000E+00    3.894000E+00    7.900000E-01    6.000000E+00    5.500000E+01    2.333000E+00    1.999000E+00    4.360000E+00    1.580000E+00    6.703000E-02    6.389000E-04   -9.652000E+00    2.000000E+00    2.000000E+00    1.040000E+03    9.999000E+01   -1.000000E+01    1.000000E+00   -9.684000E+00   -9.696007E+00
   7.420000E-10    1.000000E+00    1.453000E+00    1.080000E+02    6.990000E-01   -1.000000E+01   -1.000000E+01   -1.000000E+01   -1.000000E+01   -1.000000E+01   -1.000000E+01   -1.000000E+01    5.274000E+00    5.139000E+00    9.300000E-01    3.000000E+00    1.100000E+01    1.777000E+00    6.056000E-01    2.890000E+00    1.580000E+00    4.674000E-01    1.536000E-03   -1.453000E+01    2.000000E+00    2.000000E+00    1.400000E+03    9.800000E+01   -1.000000E+01    1.000000E+00   -1.043000E+01   -1.041660E+01
   8.100000E-10    4.000000E+00    6.232000E-01    6.700000E+01    1.301000E+00   -1.398000E+00    8.451000E-01    2.784000E+00    1.869000E+00    2.785000E+00   -1.000000E+01    2.785000E+00    9.800000E+00    9.752000E+00    2.550000E+00    4.000000E+00    3.400000E+01    2.921000E+00    1.032000E+00    3.450000E+00    2.203000E+00    4.521000E-01    1.018000E-03   -1.022000E+01    1.300000E+01    3.000000E+00    1.800000E+03    0.000000E+00   -1.000000E+01   -2.000000E+00   -9.793000E+00   -9.952653E+00
   1.910000E-09    1.000000E+00    2.025000E+00    8.100000E+01    1.352000E+00    6.990000E-01   -1.000000E+01    5.061000E+00   -1.000000E+01    5.249000E+00   -1.000000E+01   -1.000000E+01    1.250000E+01    1.297000E+01    3.160000E+00    3.000000E+00    1.700000E+01    2.822000E+00    2.330000E+00    2.890000E+00    8.832000E-01    8.324000E-02    9.552000E-04   -9.169000E+00    2.500000E+01    1.000000E+00    1.650000E+03    0.000000E+00   -1.000000E+01   -1.000000E+00   -1.126000E+01   -1.099270E+01
   1.300000E-09    1.000000E+00   -1.549000E-01    1.000000E+01    1.398000E+00   -3.037000E+00   -6.990000E-01    9.827000E-01    7.490000E-01    2.967000E-01    1.408000E+00    9.581000E-01    8.700000E+00    5.139000E+00    9.300000E-01    3.000000E+00    1.100000E+01    1.777000E+00    9.899000E-01    2.890000E+00    2.155000E+00    2.540000E-01    8.974000E-04   -1.103000E+01    1.400000E+01    1.000000E+00    2.730000E+03    0.000000E+00   -1.000000E+01    1.000000E+00   -1.133000E+01   -1.133705E+01
   5.000000E-10    3.000000E+00    1.547000E+00    7.000000E+01    1.301000E+00   -3.010000E-01   -1.000000E+01    4.061000E+00   -1.000000E+01    4.249000E+00   -1.000000E+01   -1.000000E+01    5.100000E+00    5.539000E+00    1.120000E+00    6.000000E+00    5.800000E+01    2.782000E+00    6.065000E-01    4.360000E+00    1.299000E+00    6.616000E-01    1.018000E-03   -9.670000E+00    2.000000E+00    1.000000E+00    1.700000E+03    3.680000E+01   -1.000000E+01   -1.000000E+00   -1.096000E+01   -1.092310E+01
   5.740000E-09    1.000000E+00    1.744000E+00    8.200000E+01    1.954000E+00    1.335000E-01    1.469000E+00    3.704000E+00    4.176000E+00    4.535000E+00    1.000000E+00    2.898000E+00    8.810000E+00    1.297000E+01    3.160000E+00    3.000000E+00    1.700000E+01    2.822000E+00    5.700000E+00    2.890000E+00    1.170000E+00   -3.053000E-01    3.270000E-04   -9.407000E+00    2.000000E+00    2.000000E+00    1.650000E+03    8.000000E+01    1.699000E+00   -1.000000E+00   -9.425000E+00   -9.487549E+00
   1.460000E-09    7.000000E+00    1.494000E+00    8.300000E+01    1.301000E+00   -1.301000E+00   -1.000000E+01    3.061000E+00   -1.000000E+01    3.249000E+00   -1.000000E+01   -1.000000E+01    7.000000E+00    7.834000E+00    1.900000E+00    6.000000E+00    7.500000E+01    3.309000E+00    2.106000E+00    4.360000E+00    1.425000E+00    1.962000E-01    1.018000E-03   -1.017000E+01    2.000000E+00    1.000000E+00    1.600000E+03    8.000000E+01   -1.000000E+01   -1.000000E+00   -1.105000E+01   -1.098937E+01
   7.420000E-10    1.000000E+00    1.453000E+00    1.080000E+02    6.990000E-01   -1.000000E+01   -1.000000E+01   -1.000000E+01   -1.000000E+01   -1.000000E+01   -1.000000E+01   -1.000000E+01    6.410000E+00    5.139000E+00    9.300000E-01    3.000000E+00    1.100000E+01    1.777000E+00    6.056000E-01    2.890000E+00    1.580000E+00    4.674000E-01    1.536000E-03   -1.453000E+01    2.000000E+00    2.000000E+00    7.000000E+02    9.800000E+01   -1.000000E+01    1.000000E+00   -9.863000E+00   -9.946281E+00
   6.020000E-10    3.000000E+00    1.580000E+00    7.900000E+01    1.398000E+00   -1.000000E+00   -1.000000E+01    3.362000E+00   -1.000000E+01    3.550000E+00   -1.000000E+01   -1.000000E+01    6.000000E+00    5.670000E+00    1.200000E+00    6.000000E+00    6.300000E+01    2.815000E+00    7.264000E-01    4.360000E+00    1.318000E+00    5.883000E-01    8.974000E-04   -1.002000E+01    2.000000E+00    3.000000E+00    1.000000E+03    8.200000E+01   -1.000000E+01    3.000000E+00   -1.021000E+01   -1.002669E+01
   1.460000E-09    7.000000E+00    1.780000E+00    7.600000E+01    1.301000E+00   -3.010000E-01   -1.000000E+01    4.061000E+00   -1.000000E+01    4.249000E+00   -1.000000E+01   -1.000000E+01    7.000000E+00    7.834000E+00    1.900000E+00    6.000000E+00    7.500000E+01    3.309000E+00    2.106000E+00    4.360000E+00    1.100000E+00    1.962000E-01    1.018000E-03   -9.670000E+00    2.000000E+00    1.000000E+00    1.300000E+03    4.600000E+01   -1.000000E+01   -1.000000E+00   -1.011000E+01   -1.010087E+01
   1.200000E-09    4.000000E+00    4.771000E-01    2.000000E+00    1.462000E+00    6.070000E-02   -1.000000E+01    4.403000E+00   -1.000000E+01   -1.000000E+01    4.785000E+00    3.682000E+00    8.970000E+00    6.266000E+00    1.360000E+00    7.000000E+00    9.300000E+01    3.387000E+00    1.719000E+00    4.990000E+00    8.239000E-01    2.945000E-01    8.149000E-04   -9.483000E+00    8.000000E+00    1.000000E+00    2.640000E+03    0.000000E+00   -1.000000E+01   -4.000000E+00   -1.227000E+01   -1.245592E+01
   2.950000E-09    1.000000E+00    1.453000E+00    1.080000E+02    1.602000E+00   -1.000000E+01   -1.000000E+01   -1.000000E+01   -1.000000E+01   -1.000000E+01   -1.000000E+01   -1.000000E+01    6.667000E+00    1.297000E+01    3.160000E+00    3.000000E+00    1.700000E+01    2.822000E+00    3.397000E+00    2.890000E+00    1.580000E+00   -8.057000E-02    6.389000E-04   -1.451000E+01    2.000000E+00    2.000000E+00    1.000000E+03    9.800000E+01   -1.000000E+01   -1.000000E+00   -9.499000E+00   -9.499630E+00
   1.550000E-09    4.000000E+00   -1.549000E-01    1.000000E+01    1.398000E+00   -1.000000E+00   -1.000000E+01    3.362000E+00   -1.000000E+01   -1.000000E+01   -1.000000E+01   -1.000000E+01    7.500000E+00    9.752000E+00    2.550000E+00    4.000000E+00    3.400000E+01    2.921000E+00    1.941000E+00    3.450000E+00    2.155000E+00    1.776000E-01    8.974000E-04   -1.002000E+01    1.400000E+01    1.000000E+00    2.618000E+03    0.000000E+00   -1.000000E+01   -1.000000E+00   -1.239000E+01   -1.248253E+01
   2.090000E-09    1.000000E+00    1.580000E+00    7.870000E+01    1.398000E+00   -1.857000E+00    5.922000E-01    2.448000E+00    1.256000E+00    2.603000E+00    2.086000E+00    9.825000E-01    8.565000E+00    3.894000E+00    7.900000E-01    6.000000E+00    5.500000E+01    2.333000E+00    2.090000E+00    4.360000E+00    1.316000E+00    4.778000E-02    8.974000E-04   -1.044000E+01    2.000000E+00    5.000000E+00    2.100000E+03    8.200000E+01   -1.000000E+01    1.000000E+00   -1.060000E+01   -1.051355E+01
   9.230000E-10    4.000000E+00    1.744000E+00    8.200000E+01    1.362000E+00   -5.768000E-01    1.437000E+00    3.430000E+00    3.204000E+00    3.844000E+00    1.086000E+00    3.126000E+00    7.700000E+00    1.126000E+01    2.550000E+00    2.000000E+00    6.000000E+00    1.811000E+00    7.212000E-01    1.990000E+00    1.170000E+00    3.998000E-01    9.432000E-04   -9.806000E+00    2.000000E+00    1.000000E+00    1.630000E+03    8.000000E+01   -1.000000E+01   -2.000000E+00   -1.219000E+01   -1.220696E+01
   1.550000E-09    1.000000E+00    1.453000E+00    1.080000E+02    1.477000E+00   -1.000000E+01   -1.000000E+01   -1.000000E+01   -1.000000E+01   -1.000000E+01   -1.000000E+01   -1.000000E+01    6.614000E+00    5.139000E+00    9.300000E-01    3.000000E+00    1.100000E+01    1.777000E+00    1.161000E+00    2.890000E+00    1.580000E+00    1.848000E-01    7.959000E-04   -1.451000E+01    2.000000E+00    2.000000E+00    1.600000E+03    9.800000E+01   -1.000000E+01    1.000000E+00   -1.029000E+01   -1.040978E+01
   2.090000E-09    1.000000E+00    1.447000E+00    1.080000E+02    1.398000E+00   -1.000000E+01   -1.000000E+01   -1.000000E+01   -1.000000E+01   -1.000000E+01   -1.000000E+01   -1.000000E+01    8.400000E+00    3.894000E+00    7.900000E-01    6.000000E+00    5.500000E+01    2.333000E+00    2.090000E+00    4.360000E+00    1.586000E+00    4.778000E-02    8.974000E-04   -1.452000E+01    2.000000E+00    2.000000E+00    8.100000E+02    1.000000E+02   -1.000000E+01    1.000000E+00   -9.517000E+00   -9.594603E+00
   1.010000E-09    1.000000E+00    1.453000E+00    1.080000E+02    1.176000E+00   -1.000000E+01   -1.000000E+01   -1.000000E+01   -1.000000E+01   -1.000000E+01   -1.000000E+01   -1.000000E+01    6.034000E+00    5.139000E+00    9.300000E-01    3.000000E+00    1.100000E+01    1.777000E+00    7.958000E-01    2.890000E+00    1.580000E+00    3.488000E-01    1.162000E-03   -1.452000E+01    2.000000E+00    2.000000E+00    1.200000E+03    9.800000E+01   -1.000000E+01    1.000000E+00   -1.013000E+01   -1.012916E+01
   2.140000E-09    0.000000E+00    1.279000E+00    9.300000E+01    1.362000E+00   -2.573000E-01   -1.000000E+01    4.072000E+00    2.903000E+00    4.260000E+00   -1.000000E+01   -1.000000E+01    1.250000E+01    1.360000E+01    2.200000E+00    1.000000E+00    1.000000E+00    8.499000E-01    7.849000E-01    8.500000E-01    1.690000E+00    3.459000E-02    9.432000E-04   -9.646000E+00    2.000000E+00    1.000000E+00    1.200000E+03    4.800000E+01   -1.000000E+01    0.000000E+00   -1.000000E+01   -9.907015E+00
   2.950000E-09    1.000000E+00    1.453000E+00    1.080000E+02    1.602000E+00   -1.000000E+01   -1.000000E+01   -1.000000E+01   -1.000000E+01   -1.000000E+01   -1.000000E+01   -1.000000E+01    6.900000E+00    1.297000E+01    3.160000E+00    3.000000E+00    1.700000E+01    2.822000E+00    3.397000E+00    2.890000E+00    1.580000E+00   -8.057000E-02    6.389000E-04   -1.451000E+01    2.000000E+00    2.000000E+00    7.000000E+02    9.800000E+01   -1.000000E+01   -1.000000E+00   -9.264000E+00   -9.316536E+00
   2.000000E-09    7.000000E+00    1.744000E+00    8.200000E+01    1.380000E+00   -5.918000E-01    1.146000E+00    3.279000E+00    3.330000E+00    3.785000E+00    1.831000E+00    3.016000E+00    7.500000E+00    7.280000E+00    1.900000E+00    5.000000E+00    4.300000E+01    2.817000E+00    2.423000E+00    3.850000E+00    1.170000E+00    6.544000E-02    9.199000E-04   -9.813000E+00    2.000000E+00    1.000000E+00    9.200000E+02    8.000000E+01   -1.000000E+01   -1.000000E+00   -9.538000E+00   -9.606545E+00
   7.420000E-10    1.000000E+00    1.453000E+00    1.080000E+02    6.990000E-01   -1.000000E+01   -1.000000E+01   -1.000000E+01   -1.000000E+01   -1.000000E+01   -1.000000E+01   -1.000000E+01    5.909000E+00    5.139000E+00    9.300000E-01    3.000000E+00    1.100000E+01    1.777000E+00    6.056000E-01    2.890000E+00    1.580000E+00    4.674000E-01    1.536000E-03   -1.453000E+01    2.000000E+00    2.000000E+00    1.000000E+03    9.800000E+01   -1.000000E+01    1.000000E+00   -1.011000E+01   -1.013485E+01
   2.090000E-09    1.000000E+00    1.580000E+00    7.900000E+01    1.398000E+00   -1.857000E+00    5.922000E-01    2.449000E+00    1.255000E+00    2.603000E+00    1.785000E+00    9.827000E-01    8.100000E+00    3.894000E+00    7.900000E-01    6.000000E+00    5.500000E+01    2.333000E+00    2.090000E+00    4.360000E+00    1.318000E+00    4.778000E-02    8.974000E-04   -1.044000E+01    2.000000E+00    5.000000E+00    1.800000E+03    8.000000E+01   -1.000000E+01    1.000000E+00   -9.167000E+00   -9.381982E+00
   1.460000E-09    7.000000E+00    1.408000E+00    7.200000E+01    1.544000E+00   -1.301000E+00   -1.000000E+01    3.061000E+00   -1.000000E+01    3.249000E+00   -1.000000E+01   -1.000000E+01    4.000000E+00    7.834000E+00    1.900000E+00    6.000000E+00    7.500000E+01    3.309000E+00    2.004000E+00    4.360000E+00    1.449000E+00    2.179000E-01    7.106000E-04   -1.016000E+01    2.000000E+00    1.000000E+00    1.600000E+03    7.500000E+01   -1.000000E+01   -1.000000E+00   -1.035000E+01   -1.048207E+01
   1.200000E-09    5.000000E+00    1.455000E+00    8.700000E+01    1.301000E+00   -3.300000E+00   -1.000000E+01   -1.000000E+01    1.602000E+00   -1.000000E+01   -1.000000E+01   -1.000000E+01    6.000000E+00    6.266000E+00    1.360000E+00    7.000000E+00    9.300000E+01    3.387000E+00    1.772000E+00    4.990000E+00    1.485000E+00    2.814000E-01    1.018000E-03   -1.117000E+01    3.000000E+00    2.000000E+00    7.800000E+02    1.000000E+02   -1.000000E+01    1.000000E+00   -9.682000E+00   -9.664566E+00
   2.140000E-09    0.000000E+00    6.021000E-01    6.700000E+01    1.398000E+00   -6.108000E-01    9.079000E-01    3.322000E+00    3.276000E+00    3.800000E+00    1.000000E+00    2.748000E+00    7.500000E+00    1.360000E+01    2.200000E+00    1.000000E+00    1.000000E+00    8.499000E-01    7.796000E-01    8.500000E-01    2.224000E+00    3.752000E-02    8.974000E-04   -9.822000E+00    1.300000E+01    1.000000E+00    1.450000E+03    0.000000E+00   -1.000000E+01    0.000000E+00   -9.000000E+00   -9.296756E+00
   5.000000E-10    3.000000E+00    1.408000E+00    7.200000E+01    1.398000E+00   -6.990000E-01   -1.000000E+01    3.663000E+00   -1.000000E+01    3.851000E+00   -1.000000E+01   -1.000000E+01    8.000000E+00    5.670000E+00    1.200000E+00    6.000000E+00    6.300000E+01    2.815000E+00    6.033000E-01    4.360000E+00    1.449000E+00    6.690000E-01    8.974000E-04   -9.866000E+00    2.000000E+00    1.000000E+00    1.700000E+03    7.500000E+01    1.477000E+00   -1.000000E+00   -1.115000E+01   -1.099445E+01
   1.330000E-09    1.000000E+00    1.531000E+00    1.300000E+01    1.362000E+00   -4.510000E-01    1.806000E+00    3.749000E+00    2.949000E+00    3.984000E+00    1.477000E+00    3.368000E+00    7.680000E+00    5.139000E+00    9.300000E-01    3.000000E+00    1.100000E+01    1.777000E+00    1.020000E+00    2.890000E+00    5.825000E-01    2.412000E-01    9.432000E-04   -9.743000E+00    4.000000E+00    1.000000E+00    2.700000E+03    0.000000E+00   -1.000000E+01    1.000000E+00   -1.158000E+01   -1.153116E+01
   1.910000E-09    1.000000E+00    2.025000E+00    8.100000E+01    1.352000E+00   -2.000000E+00   -1.000000E+01    2.362000E+00   -1.000000E+01    2.550000E+00   -1.000000E+01   -1.000000E+01    1.250000E+01    1.297000E+01    3.160000E+00    3.000000E+00    1.700000E+01    2.822000E+00    2.330000E+00    2.890000E+00    8.832000E-01    8.324000E-02    9.552000E-04   -1.052000E+01    2.500000E+01    1.000000E+00    1.650000E+03    0.000000E+00   -1.000000E+01   -1.000000E+00   -1.048000E+01   -1.064316E+01
   2.000000E-09    1.000000E+00    1.279000E+00    9.300000E+01    1.362000E+00   -2.000000E+00   -1.000000E+01    2.362000E+00   -1.000000E+01    2.550000E+00   -1.000000E+01   -1.000000E+01    1.250000E+01    1.045000E+01    2.660000E+00    5.000000E+00    5.300000E+01    3.375000E+00    2.913000E+00    3.850000E+00    1.690000E+00    6.398000E-02    9.432000E-04   -1.052000E+01    2.000000E+00    1.000000E+00    1.600000E+03    4.800000E+01    1.477000E+00   -1.000000E+00   -1.120000E+01   -1.111289E+01
   1.200000E-09    4.000000E+00    1.279000E+00    9.300000E+01    1.398000E+00   -2.301000E+00   -1.000000E+01    2.362000E+00   -1.000000E+01   -1.000000E+01   -1.000000E+01   -1.000000E+01    7.000000E+00    6.266000E+00    1.360000E+00    7.000000E+00    9.300000E+01    3.387000E+00    1.742000E+00    4.990000E+00    1.690000E+00    2.887000E-01    8.974000E-04   -1.067000E+01    2.000000E+00    2.000000E+00    1.400000E+03    4.750000E+01   -1.000000E+01    0.000000E+00   -9.979000E+00   -9.940476E+00
   2.090000E-09    1.000000E+00    1.447000E+00    1.080000E+02    1.398000E+00   -1.000000E+01   -1.000000E+01   -1.000000E+01   -1.000000E+01   -1.000000E+01   -1.000000E+01   -1.000000E+01    9.500000E+00    3.894000E+00    7.900000E-01    6.000000E+00    5.500000E+01    2.333000E+00    2.090000E+00    4.360000E+00    1.586000E+00    4.778000E-02    8.974000E-04   -1.452000E+01    2.000000E+00    2.000000E+00    8.900000E+02    1.000000E+02   -1.000000E+01    1.000000E+00   -9.582000E+00   -9.614556E+00
   8.480000E-10    2.000000E+00    4.771000E-01    2.000000E+00    1.398000E+00   -1.523000E+00   -1.000000E+01   -1.000000E+01    2.603000E+00    2.851000E+00   -1.000000E+01   -1.000000E+01    6.250000E+00    5.212000E+00    8.900000E-01    6.000000E+00    5.600000E+01    2.699000E+00    9.810000E-01    4.360000E+00    8.239000E-01    4.395000E-01    8.974000E-04   -1.028000E+01    8.000000E+00    1.000000E+00    2.640000E+03    0.000000E+00   -1.000000E+01    2.000000E+00   -1.267000E+01   -1.261603E+01
   2.950000E-09    1.000000E+00    1.453000E+00    1.080000E+02    1.602000E+00   -1.000000E+01   -1.000000E+01   -1.000000E+01   -1.000000E+01   -1.000000E+01   -1.000000E+01   -1.000000E+01    6.453000E+00    1.297000E+01    3.160000E+00    3.000000E+00    1.700000E+01    2.822000E+00    3.397000E+00    2.890000E+00    1.580000E+00   -8.057000E-02    6.389000E-04   -1.451000E+01    2.000000E+00    2.000000E+00    1.800000E+03    9.800000E+01   -1.000000E+01   -1.000000E+00   -1.020000E+01   -1.019937E+01
   6.240000E-10    3.000000E+00    1.279000E+00    9.300000E+01    1.398000E+00    8.198000E-01   -1.000000E+01    5.178000E+00    3.983000E+00    5.366000E+00    2.086000E+00   -1.000000E+01    1.250000E+01    5.974000E+00    1.300000E+00    7.000000E+00    9.500000E+01    3.307000E+00    8.845000E-01    4.990000E+00    1.690000E+00    5.727000E-01    8.974000E-04   -9.106000E+00    2.000000E+00    2.000000E+00    1.200000E+03    4.750000E+01   -1.000000E+01    3.000000E+00   -1.010000E+01   -1.006947E+01
   1.460000E-09    7.000000E+00    1.547000E+00    7.000000E+01    1.301000E+00   -3.010000E-01   -1.000000E+01    4.061000E+00   -1.000000E+01    4.249000E+00   -1.000000E+01   -1.000000E+01    7.000000E+00    7.834000E+00    1.900000E+00    6.000000E+00    7.500000E+01    3.309000E+00    2.106000E+00    4.360000E+00    1.299000E+00    1.962000E-01    1.018000E-03   -9.670000E+00    2.000000E+00    1.000000E+00    1.600000E+03    3.680000E+01   -1.000000E+01   -1.000000E+00   -1.022000E+01   -1.027394E+01
   1.550000E-09    1.000000E+00    1.453000E+00    1.080000E+02    1.477000E+00   -1.000000E+01   -1.000000E+01   -1.000000E+01   -1.000000E+01   -1.000000E+01   -1.000000E+01   -1.000000E+01    6.185000E+00    5.139000E+00    9.300000E-01    3.000000E+00    1.100000E+01    1.777000E+00    1.161000E+00    2.890000E+00    1.580000E+00    1.848000E-01    7.959000E-04   -1.451000E+01    2.000000E+00    2.000000E+00    1.800000E+03    9.800000E+01   -1.000000E+01    1.000000E+00   -1.053000E+01   -1.047123E+01
   2.000000E-09    1.000000E+00    2.477000E+00    5.000000E+01    1.380000E+00   -6.108000E-01    1.176000E+00    3.262000E+00    3.292000E+00    3.770000E+00    1.447000E+00    3.051000E+00    7.200000E+00    1.045000E+01    2.660000E+00    5.000000E+00    5.300000E+01    3.375000E+00    2.903000E+00    3.850000E+00    2.218000E-01    6.544000E-02    9.199000E-04   -9.822000E+00    2.600000E+01    1.000000E+00    1.360000E+03    3.500000E+01   -1.000000E+01   -1.000000E+00   -1.102000E+01   -1.089261E+01
   2.032000E-10    1.000000E+00    1.833000E+00    7.100000E+01    1.447000E+00   -2.301000E+00   -1.000000E+01    2.061000E+00   -1.000000E+01    2.249000E+00   -1.000000E+01   -1.000000E+01    7.000000E+00    1.297000E+01    3.160000E+00    3.000000E+00    1.700000E+01    2.822000E+00    2.433000E-01    2.890000E+00    1.019000E+00    1.064000E+00    8.344000E-04   -1.066000E+01    6.000000E+00    1.000000E+00    1.500000E+03    0.000000E+00   -1.000000E+01   -1.000000E+00   -1.057000E+01   -1.036297E+01
   6.100000E-10    3.000000E+00    1.279000E+00    9.300000E+01    1.389000E+00   -2.222000E+00   -1.000000E+01   -1.000000E+01   -1.000000E+01    2.027000E+00   -1.000000E+01   -1.000000E+01    7.770000E+00    5.644000E+00    1.170000E+00    6.000000E+00    6.200000E+01    2.809000E+00    7.356000E-01    4.360000E+00    1.690000E+00    5.819000E-01    9.086000E-04   -1.063000E+01    2.000000E+00    2.000000E+00    1.800000E+03    4.750000E+01   -1.000000E+01    1.000000E+00   -1.066000E+01   -1.063879E+01
   5.000000E-10    3.000000E+00    1.547000E+00    7.000000E+01    1.301000E+00   -3.010000E-01   -1.000000E+01    4.061000E+00   -1.000000E+01    4.249000E+00   -1.000000E+01   -1.000000E+01    5.100000E+00    5.539000E+00    1.120000E+00    6.000000E+00    5.800000E+01    2.782000E+00    6.065000E-01    4.360000E+00    1.299000E+00    6.616000E-01    1.018000E-03   -9.670000E+00    2.000000E+00    1.000000E+00    1.800000E+03    3.680000E+01   -1.000000E+01   -1.000000E+00   -1.106000E+01   -1.093135E+01
   4.300000E-10    4.000000E+00    1.279000E+00    9.300000E+01    1.398000E+00    0.000000E+00   -1.000000E+01   -1.000000E+01   -1.000000E+01   -1.000000E+01   -1.000000E+01   -1.000000E+01    9.000000E+00    6.194000E+00    1.380000E+00    7.000000E+00    9.200000E+01    3.368000E+00    6.207000E-01    4.990000E+00    1.690000E+00    7.345000E-01    8.974000E-04   -9.516000E+00    2.000000E+00    2.000000E+00    1.400000E+03    4.750000E+01   -1.000000E+01    0.000000E+00   -1.042000E+01   -1.046068E+01
   6.100000E-10    3.000000E+00    1.279000E+00    9.300000E+01    1.389000E+00   -2.222000E+00   -1.000000E+01   -1.000000E+01   -1.000000E+01    2.027000E+00   -1.000000E+01   -1.000000E+01    1.075000E+01    5.644000E+00    1.170000E+00    6.000000E+00    6.200000E+01    2.809000E+00    7.356000E-01    4.360000E+00    1.690000E+00    5.819000E-01    9.086000E-04   -1.063000E+01    2.000000E+00    2.000000E+00    1.800000E+03    4.750000E+01   -1.000000E+01   -1.000000E+00   -1.066000E+01   -1.065922E+01
   2.950000E-09    1.000000E+00    1.453000E+00    1.080000E+02    1.602000E+00   -1.000000E+01   -1.000000E+01   -1.000000E+01   -1.000000E+01   -1.000000E+01   -1.000000E+01   -1.000000E+01    6.453000E+00    1.297000E+01    3.160000E+00    3.000000E+00    1.700000E+01    2.822000E+00    3.397000E+00    2.890000E+00    1.580000E+00   -8.057000E-02    6.389000E-04   -1.451000E+01    2.000000E+00    2.000000E+00    1.800000E+03    9.800000E+01   -1.000000E+01   -1.000000E+00   -1.020000E+01   -1.019937E+01
   2.100000E-09    0.000000E+00    1.447000E+00    1.080000E+02    1.398000E+00   -1.000000E+00   -1.000000E+01    3.362000E+00   -1.000000E+01    3.550000E+00   -1.000000E+01   -1.000000E+01    6.300000E+00    1.360000E+01    2.200000E+00    1.000000E+00    1.000000E+00    8.499000E-01    7.650000E-01    8.500000E-01    1.586000E+00    4.571000E-02    8.974000E-04   -1.002000E+01    2.000000E+00    1.000000E+00    9.000000E+02    1.000000E+02   -1.000000E+01    0.000000E+00   -9.924000E+00   -9.913988E+00
   1.330000E-09    1.000000E+00    1.602000E+00    1.400000E+02    1.398000E+00   -3.010000E-01   -1.000000E+01    4.061000E+00   -1.000000E+01   -1.000000E+01   -1.000000E+01   -1.000000E+01    5.000000E+00    5.139000E+00    9.300000E-01    3.000000E+00    1.100000E+01    1.777000E+00    1.013000E+00    2.890000E+00    1.544000E+00    2.441000E-01    8.974000E-04   -9.667000E+00    7.000000E+00    1.000000E+00    1.900000E+03    0.000000E+00   -1.000000E+01    1.000000E+00   -9.824000E+00   -9.696001E+00
   1.560000E-09    1.000000E+00    1.453000E+00    1.080000E+02    1.176000E+00   -1.000000E+01   -1.000000E+01   -1.000000E+01   -1.000000E+01   -1.000000E+01   -1.000000E+01   -1.000000E+01    5.012000E+00    1.297000E+01    3.160000E+00    3.000000E+00    1.700000E+01    2.822000E+00    1.952000E+00    2.890000E+00    1.580000E+00    1.600000E-01    1.162000E-03   -1.452000E+01    2.000000E+00    2.000000E+00    1.400000E+03    9.800000E+01   -1.000000E+01   -1.000000E+00   -1.011000E+01   -1.015603E+01
   2.000000E-09    1.000000E+00    6.232000E-01    6.700000E+01    1.568000E+00   -1.065000E+00    3.096000E+00    3.070000E+00    2.312000E+00    3.156000E+00    2.190000E+00    3.054000E+00    7.580000E+00    1.045000E+01    2.660000E+00    5.000000E+00    5.300000E+01    3.375000E+00    2.781000E+00    3.850000E+00    2.203000E+00    8.404000E-02    6.804000E-04   -1.004000E+01    1.300000E+01    1.000000E+00    2.640000E+03    0.000000E+00   -1.000000E+01   -1.000000E+00   -1.242000E+01   -1.237699E+01
   1.300000E-09    1.000000E+00   -2.218000E-01    1.730000E+01    1.398000E+00   -1.292000E+00   -6.990000E-01    9.823000E-01    7.497000E-01    2.967000E-01    1.348000E+00    9.581000E-01    8.920000E+00    5.139000E+00    9.300000E-01    3.000000E+00    1.100000E+01    1.777000E+00    9.899000E-01    2.890000E+00    2.460000E+00    2.540000E-01    8.974000E-04   -1.016000E+01    2.700000E+01    1.000000E+00    2.430000E+03    0.000000E+00   -1.000000E+01    1.000000E+00   -1.072000E+01   -1.075284E+01
   2.220000E-09    0.000000E+00    1.602000E+00    1.400000E+01    1.362000E+00   -2.000000E+00    9.345000E-01    2.362000E+00    5.328000E-01    2.338000E+00    2.387000E+00    1.904000E+00    8.300000E+00    1.360000E+01    2.200000E+00    1.000000E+00    1.000000E+00    8.499000E-01    8.142000E-01    8.500000E-01    5.441000E-01    1.865000E-02    9.432000E-04   -1.052000E+01    5.000000E+00    1.000000E+00    2.450000E+03    0.000000E+00   -1.000000E+01    0.000000E+00   -1.060000E+01   -1.065385E+01
   7.900000E-10    2.000000E+00    1.580000E+00    7.900000E+01    1.398000E+00   -1.000000E+00   -1.000000E+01    3.362000E+00   -1.000000E+01    3.550000E+00   -1.000000E+01   -1.000000E+01    6.600000E+00    5.695000E+00    9.500000E-01    5.000000E+00    3.800000E+01    2.491000E+00    8.436000E-01    3.850000E+00    1.318000E+00    4.703000E-01    8.974000E-04   -1.002000E+01    2.000000E+00    3.000000E+00    1.000000E+03    8.200000E+01   -1.000000E+01    2.000000E+00   -8.854000E+00   -8.902290E+00
   1.550000E-09    4.000000E+00    6.232000E-01    6.700000E+01    1.491000E+00   -1.301000E+00   -1.000000E+01    3.061000E+00   -1.000000E+01   -1.000000E+01   -1.000000E+01   -1.000000E+01    7.580000E+00    9.752000E+00    2.550000E+00    4.000000E+00    3.400000E+01    2.921000E+00    1.903000E+00    3.450000E+00    2.203000E+00    1.863000E-01    7.777000E-04   -1.016000E+01    1.300000E+01    1.000000E+00    2.560000E+03    0.000000E+00   -1.000000E+01   -1.000000E+00   -1.304000E+01   -1.296034E+01
   8.050000E-10    2.000000E+00    1.494000E+00    8.300000E+01    1.301000E+00   -5.951000E+00    1.906000E+00   -2.081000E+00   -1.887000E+00   -2.301000E+00   -1.000000E+01   -2.066000E+00    7.562000E+00    5.695000E+00    9.500000E-01    5.000000E+00    3.800000E+01    2.491000E+00    8.743000E-01    3.850000E+00    1.425000E+00    4.548000E-01    1.018000E-03   -1.250000E+01    2.000000E+00    1.000000E+00    1.700000E+03    8.000000E+01   -1.000000E+01    2.000000E+00   -1.095000E+01   -1.081045E+01
   1.550000E-09    1.000000E+00    1.453000E+00    1.080000E+02    1.477000E+00   -1.000000E+01   -1.000000E+01   -1.000000E+01   -1.000000E+01   -1.000000E+01   -1.000000E+01   -1.000000E+01    6.196000E+00    5.139000E+00    9.300000E-01    3.000000E+00    1.100000E+01    1.777000E+00    1.161000E+00    2.890000E+00    1.580000E+00    1.848000E-01    7.959000E-04   -1.451000E+01    2.000000E+00    2.000000E+00    1.800000E+03    9.800000E+01   -1.000000E+01    1.000000E+00   -1.053000E+01   -1.047123E+01
   7.900000E-10    2.000000E+00    1.279000E+00    9.300000E+01    1.398000E+00    8.198000E-01   -1.000000E+01    5.178000E+00    3.983000E+00    5.366000E+00    2.086000E+00   -1.000000E+01    1.250000E+01    5.695000E+00    9.500000E-01    5.000000E+00    3.800000E+01    2.491000E+00    8.436000E-01    3.850000E+00    1.690000E+00    4.703000E-01    8.974000E-04   -9.106000E+00    2.000000E+00    2.000000E+00    1.200000E+03    4.750000E+01   -1.000000E+01    2.000000E+00   -1.000000E+01   -9.928218E+00
   2.000000E-09    7.000000E+00    2.477000E+00    5.000000E+01    1.362000E+00   -5.867000E-01    1.146000E+00    3.279000E+00    3.322000E+00    3.785000E+00    1.833000E+00    3.000000E+00    7.500000E+00    7.280000E+00    1.900000E+00    5.000000E+00    4.300000E+01    2.817000E+00    2.431000E+00    3.850000E+00    2.218000E-01    6.398000E-02    9.432000E-04   -9.811000E+00    2.600000E+01    1.000000E+00    1.280000E+03    3.500000E+01   -3.010000E-01   -1.000000E+00   -1.036000E+01   -1.064988E+01
   2.090000E-09    1.000000E+00    1.580000E+00    7.900000E+01    1.398000E+00   -1.456000E+00    1.041000E+00    2.824000E+00    8.202000E-01    2.121000E+00   -1.000000E+01    2.940000E+00    8.900000E+00    3.894000E+00    7.900000E-01    6.000000E+00    5.500000E+01    2.333000E+00    2.090000E+00    4.360000E+00    1.318000E+00    4.778000E-02    8.974000E-04   -1.024000E+01    2.000000E+00    2.000000E+00    2.000000E+03    8.000000E+01   -1.000000E+01    1.000000E+00   -1.049000E+01   -1.039525E+01
   2.050000E-09    1.000000E+00    1.643000E+00    2.100000E+01    1.380000E+00   -2.072000E+00    8.567000E-01    2.555000E+00    3.010000E-01    1.415000E+00    9.440000E-01    3.424000E-01    8.500000E+00    3.894000E+00    7.900000E-01    6.000000E+00    5.500000E+01    2.333000E+00    2.057000E+00    4.360000E+00    6.788000E-01    5.472000E-02    9.199000E-04   -1.055000E+01    4.000000E+00    6.000000E+00    1.700000E+03    0.000000E+00   -1.000000E+01    1.000000E+00   -8.870000E+00   -9.199853E+00
   2.000000E-09    1.000000E+00    1.279000E+00    9.300000E+01    1.398000E+00   -3.010000E-01   -1.000000E+01    4.061000E+00   -1.000000E+01   -1.000000E+01   -1.000000E+01   -1.000000E+01    1.250000E+01    1.045000E+01    2.660000E+00    5.000000E+00    5.300000E+01    3.375000E+00    2.893000E+00    3.850000E+00    1.690000E+00    6.690000E-02    8.974000E-04   -9.667000E+00    2.000000E+00    1.000000E+00    1.600000E+03    4.750000E+01   -1.000000E+01   -1.000000E+00   -1.070000E+01   -1.054939E+01
   8.100000E-10    4.000000E+00    2.025000E+00    8.100000E+01    1.342000E+00   -1.000000E+00   -1.000000E+01    3.362000E+00   -1.000000E+01    3.550000E+00   -1.000000E+01   -1.000000E+01    1.100000E+01    9.752000E+00    2.550000E+00    4.000000E+00    3.400000E+01    2.921000E+00    1.025000E+00    3.450000E+00    8.832000E-01    4.551000E-01    9.673000E-04   -1.002000E+01    2.500000E+01    1.000000E+00    1.530000E+03    0.000000E+00   -1.000000E+01   -2.000000E+00   -1.113000E+01   -1.129207E+01
   2.090000E-09    1.000000E+00    1.453000E+00    1.080000E+02    1.398000E+00   -1.000000E+01   -1.000000E+01   -1.000000E+01   -1.000000E+01   -1.000000E+01   -1.000000E+01   -1.000000E+01    7.443000E+00    1.297000E+01    3.160000E+00    3.000000E+00    1.700000E+01    2.822000E+00    2.528000E+00    2.890000E+00    1.580000E+00    4.778000E-02    8.974000E-04   -1.452000E+01    2.000000E+00    2.000000E+00    9.000000E+02    9.800000E+01   -1.000000E+01   -1.000000E+00   -9.569000E+00   -9.579492E+00
   2.090000E-09    1.000000E+00    1.453000E+00    1.080000E+02    1.398000E+00   -1.000000E+00   -1.000000E+01    3.362000E+00   -1.000000E+01    3.550000E+00   -1.000000E+01   -1.000000E+01    7.287000E+00    1.297000E+01    3.160000E+00    3.000000E+00    1.700000E+01    2.822000E+00    2.528000E+00    2.890000E+00    1.580000E+00    4.778000E-02    8.974000E-04   -1.002000E+01    2.000000E+00    2.000000E+00    1.000000E+03    9.800000E+01   -1.000000E+01   -1.000000E+00   -9.648000E+00   -9.659287E+00
   7.300000E-10    2.000000E+00    1.580000E+00    7.870000E+01    1.398000E+00   -1.000000E+00   -1.000000E+01    3.362000E+00   -1.000000E+01   -1.000000E+01   -1.000000E+01   -1.000000E+01    6.405000E+00    7.881000E+00    1.880000E+00    4.000000E+00    2.700000E+01    2.626000E+00    8.217000E-01    3.450000E+00    1.316000E+00    5.046000E-01    8.974000E-04   -1.002000E+01    2.000000E+00    1.000000E+00    4.000000E+02    8.200000E+01   -1.000000E+01    2.000000E+00   -9.611000E+00   -9.667828E+00
   2.090000E-09    1.000000E+00   -2.218000E-01    1.730000E+01    1.398000E+00   -1.959000E+00   -6.990000E-01    9.823000E-01    7.497000E-01    2.967000E-01    1.348000E+00    9.581000E-01    8.920000E+00    3.894000E+00    7.900000E-01    6.000000E+00    5.500000E+01    2.333000E+00    2.090000E+00    4.360000E+00    2.460000E+00    4.778000E-02    8.974000E-04   -1.050000E+01    2.700000E+01    1.000000E+00    2.430000E+03    0.000000E+00   -1.000000E+01    1.000000E+00   -1.085000E+01   -1.069034E+01
   2.570000E-09    1.000000E+00    1.453000E+00    1.080000E+02    1.699000E+00   -1.000000E+01   -1.000000E+01   -1.000000E+01   -1.000000E+01   -1.000000E+01   -1.000000E+01   -1.000000E+01    7.877000E+00    5.139000E+00    9.300000E-01    3.000000E+00    1.100000E+01    1.777000E+00    1.806000E+00    2.890000E+00    1.580000E+00   -7.034000E-03    5.279000E-04   -1.450000E+01    2.000000E+00    2.000000E+00    8.000000E+02    9.800000E+01   -1.000000E+01    1.000000E+00   -9.401000E+00   -9.455177E+00
   1.350000E-09    1.000000E+00    1.453000E+00    1.080000E+02    1.398000E+00   -1.000000E+01   -1.000000E+01   -1.000000E+01   -1.000000E+01   -1.000000E+01   -1.000000E+01   -1.000000E+01    7.175000E+00    5.139000E+00    9.300000E-01    3.000000E+00    1.100000E+01    1.777000E+00    1.028000E+00    2.890000E+00    1.580000E+00    2.376000E-01    8.974000E-04   -1.452000E+01    2.000000E+00    2.000000E+00    9.000000E+02    9.800000E+01   -1.000000E+01    1.000000E+00   -9.759000E+00   -9.729434E+00
   4.300000E-10    4.000000E+00    1.447000E+00    1.080000E+02    1.398000E+00    0.000000E+00   -1.000000E+01   -1.000000E+01   -1.000000E+01   -1.000000E+01   -1.000000E+01   -1.000000E+01    9.000000E+00    6.194000E+00    1.380000E+00    7.000000E+00    9.200000E+01    3.368000E+00    6.207000E-01    4.990000E+00    1.586000E+00    7.345000E-01    8.974000E-04   -9.516000E+00    2.000000E+00    2.000000E+00    1.000000E+03    9.990000E+01   -1.000000E+01    0.000000E+00   -1.034000E+01   -1.031702E+01
   1.300000E-09    1.000000E+00    1.477000E+00    2.100000E+01    1.398000E+00   -6.576000E-01    2.000000E+00    2.230000E+00    2.544000E+00    3.090000E+00    2.000000E+00    2.230000E+00    7.200000E+00    5.139000E+00    9.300000E-01    3.000000E+00    1.100000E+01    1.777000E+00    9.899000E-01    2.890000E+00    8.451000E-01    2.540000E-01    8.974000E-04   -9.845000E+00    4.000000E+00    1.000000E+00    2.440000E+03    0.000000E+00   -1.000000E+01    1.000000E+00   -1.022000E+01   -1.045782E+01
   9.230000E-10    4.000000E+00    1.279000E+00    9.300000E+01    1.398000E+00    6.990000E-01   -1.000000E+01    5.061000E+00   -1.000000E+01   -1.000000E+01   -1.000000E+01   -1.000000E+01    1.250000E+01    1.126000E+01    2.550000E+00    2.000000E+00    6.000000E+00    1.811000E+00    7.164000E-01    1.990000E+00    1.690000E+00    4.027000E-01    8.974000E-04   -9.167000E+00    2.000000E+00    1.000000E+00    1.600000E+03    4.750000E+01   -1.000000E+01   -2.000000E+00   -1.096000E+01   -1.108071E+01
   2.000000E-09    1.000000E+00    1.447000E+00    1.080000E+02    1.398000E+00   -3.010000E-01   -1.000000E+01    4.061000E+00   -1.000000E+01    4.248000E+00   -1.000000E+01   -1.000000E+01    6.300000E+00    1.045000E+01    2.660000E+00    5.000000E+00    5.300000E+01    3.375000E+00    2.893000E+00    3.850000E+00    1.586000E+00    6.690000E-02    8.974000E-04   -9.667000E+00    2.000000E+00    1.000000E+00    9.000000E+02    1.000000E+02   -1.000000E+01   -1.000000E+00   -1.030000E+01   -1.052372E+01
   2.100000E-09    0.000000E+00    6.021000E-01    6.700000E+01    1.398000E+00   -1.000000E+01   -1.000000E+01   -1.000000E+01   -1.000000E+01   -1.000000E+01   -1.000000E+01   -1.000000E+01    5.500000E+00    1.360000E+01    2.200000E+00    1.000000E+00    1.000000E+00    8.499000E-01    7.650000E-01    8.500000E-01    2.224000E+00    4.571000E-02    8.974000E-04   -1.452000E+01    1.300000E+01    1.000000E+00    2.640000E+03    0.000000E+00   -1.000000E+01    0.000000E+00   -1.211000E+01   -1.204498E+01
   9.000000E-10    4.000000E+00    1.279000E+00    9.300000E+01    1.398000E+00   -1.000000E+01   -1.000000E+01   -1.000000E+01   -1.000000E+01   -1.000000E+01   -1.000000E+01   -1.000000E+01    1.300000E+01    7.344000E+00    1.960000E+00    5.000000E+00    5.000000E+01    2.829000E+00    1.091000E+00    3.850000E+00    1.690000E+00    4.137000E-01    8.974000E-04   -1.452000E+01    2.000000E+00    2.000000E+00    4.000000E+02    4.750000E+01   -1.000000E+01    4.000000E+00   -9.453000E+00   -9.468788E+00
   2.000000E-09    1.000000E+00    1.447000E+00    1.080000E+02    1.398000E+00   -8.097000E-01   -1.000000E+01    3.566000E+00   -1.000000E+01   -1.000000E+01    3.740000E+00    3.159000E+00    1.040000E+01    1.297000E+01    3.160000E+00    3.000000E+00    1.700000E+01    2.822000E+00    2.419000E+00    2.890000E+00    1.586000E+00    6.690000E-02    8.974000E-04   -9.921000E+00    2.000000E+00    1.000000E+00    1.600000E+03    9.800000E+01    1.653000E+00   -1.000000E+00   -1.021000E+01   -1.022848E+01
   3.690000E-09    1.000000E+00    1.453000E+00    1.080000E+02    1.699000E+00   -1.000000E+01   -1.000000E+01   -1.000000E+01   -1.000000E+01   -1.000000E+01   -1.000000E+01   -1.000000E+01    5.936000E+00    1.297000E+01    3.160000E+00    3.000000E+00    1.700000E+01    2.822000E+00    4.118000E+00    2.890000E+00    1.580000E+00   -1.641000E-01    5.279000E-04   -1.450000E+01    2.000000E+00    2.000000E+00    1.400000E+03    9.800000E+01   -1.000000E+01   -1.000000E+00   -9.733000E+00   -9.714559E+00
   1.350000E-09    1.000000E+00    1.453000E+00    1.080000E+02    1.398000E+00   -1.000000E+01   -1.000000E+01   -1.000000E+01   -1.000000E+01   -1.000000E+01   -1.000000E+01   -1.000000E+01    6.303000E+00    5.139000E+00    9.300000E-01    3.000000E+00    1.100000E+01    1.777000E+00    1.028000E+00    2.890000E+00    1.580000E+00    2.376000E-01    8.974000E-04   -1.452000E+01    2.000000E+00    2.000000E+00    1.800000E+03    9.800000E+01    1.785000E+00    1.000000E+00   -1.020000E+01   -1.028969E+01
   2.140000E-09    0.000000E+00    1.580000E+00    7.900000E+01    1.398000E+00   -1.365000E+00    1.990000E+00    2.225000E+00    2.538000E+00    3.094000E+00   -1.000000E+01    2.238000E+00    7.800000E+00    1.360000E+01    2.200000E+00    1.000000E+00    1.000000E+00    8.499000E-01    7.796000E-01    8.500000E-01    1.318000E+00    3.752000E-02    8.974000E-04   -1.020000E+01    2.000000E+00    1.000000E+00    1.700000E+03    8.200000E+01   -1.000000E+01    0.000000E+00   -1.014000E+01   -1.019826E+01
   5.490000E-09    1.000000E+00    1.477000E+00    6.010000E+01    1.845000E+00   -3.699000E+00   -1.000000E+01    6.628000E-01   -1.000000E+01   -1.000000E+01    1.086000E+00   -1.000000E+01    6.403000E+00    3.894000E+00    7.900000E-01    6.000000E+00    5.500000E+01    2.333000E+00    4.770000E+00    4.360000E+00    1.302000E+00   -3.106000E-01    3.939000E-04   -1.134000E+01    2.000000E+00    2.000000E+00    7.600000E+02    5.000000E+01   -1.000000E+01    1.000000E+00   -8.618000E+00   -8.672688E+00
   2.000000E-09    1.000000E+00   -1.549000E-01    1.000000E+01    1.362000E+00   -2.921000E+00   -8.239000E-01    1.200000E+00    7.168000E-01    7.536000E-01    1.409000E+00    7.388000E-01    9.500000E+00    1.045000E+01    2.660000E+00    5.000000E+00    5.300000E+01    3.375000E+00    2.913000E+00    3.850000E+00    2.155000E+00    6.398000E-02    9.432000E-04   -1.098000E+01    1.400000E+01    1.000000E+00    2.670000E+03    0.000000E+00   -1.000000E+01   -1.000000E+00   -1.185000E+01   -1.174744E+01
   1.350000E-09    1.000000E+00    1.453000E+00    1.080000E+02    1.398000E+00   -1.000000E+01   -1.000000E+01   -1.000000E+01   -1.000000E+01   -1.000000E+01   -1.000000E+01   -1.000000E+01    6.323000E+00    5.139000E+00    9.300000E-01    3.000000E+00    1.100000E+01    1.777000E+00    1.028000E+00    2.890000E+00    1.580000E+00    2.376000E-01    8.974000E-04   -1.452000E+01    2.000000E+00    2.000000E+00    1.800000E+03    9.800000E+01    1.591000E+00    1.000000E+00   -1.037000E+01   -1.039538E+01
   9.230000E-10    4.000000E+00    1.744000E+00    8.200000E+01    1.362000E+00   -5.768000E-01    1.437000E+00    3.430000E+00    3.204000E+00    3.844000E+00    1.086000E+00    3.126000E+00    7.700000E+00    1.126000E+01    2.550000E+00    2.000000E+00    6.000000E+00    1.811000E+00    7.212000E-01    1.990000E+00    1.170000E+00    3.998000E-01    9.432000E-04   -9.806000E+00    2.000000E+00    1.000000E+00    9.200000E+02    8.000000E+01   -1.000000E+01   -2.000000E+00   -1.100000E+01   -1.111237E+01
   1.550000E-09    4.000000E+00    6.232000E-01    6.700000E+01    1.740000E+00   -1.146000E+00    1.301000E+00    3.024000E+00    2.243000E+00    3.027000E+00    2.556000E+00    2.970000E+00    7.580000E+00    9.752000E+00    2.550000E+00    4.000000E+00    3.400000E+01    2.921000E+00    1.763000E+00    3.450000E+00    2.203000E+00    2.192000E-01    4.852000E-04   -1.007000E+01    1.300000E+01    1.000000E+00    2.570000E+03    0.000000E+00   -1.000000E+01   -1.000000E+00   -1.252000E+01   -1.267497E+01
   1.300000E-09    1.000000E+00    1.613000E+00    1.700000E+01    1.398000E+00    2.625000E-01   -1.000000E+01    4.624000E+00   -1.000000E+01    4.812000E+00   -1.000000E+01   -1.000000E+01    5.500000E+00    5.139000E+00    9.300000E-01    3.000000E+00    1.100000E+01    1.777000E+00    9.899000E-01    2.890000E+00    6.177000E-01    2.540000E-01    8.974000E-04   -9.385000E+00    1.700000E+01    1.000000E+00    2.780000E+03    0.000000E+00   -1.000000E+01    1.000000E+00   -1.292000E+01   -1.295121E+01
   2.100000E-09    0.000000E+00    2.025000E+00    8.100000E+01    1.398000E+00    0.000000E+00   -1.000000E+01    4.362000E+00   -1.000000E+01    4.550000E+00   -1.000000E+01   -1.000000E+01    1.250000E+01    1.360000E+01    2.200000E+00    1.000000E+00    1.000000E+00    8.499000E-01    7.650000E-01    8.500000E-01    8.832000E-01    4.571000E-02    8.974000E-04   -9.516000E+00    2.500000E+01    1.000000E+00    1.650000E+03    0.000000E+00   -1.000000E+01    0.000000E+00   -1.004000E+01   -1.014412E+01
   7.900000E-10    2.000000E+00    1.580000E+00    7.900000E+01    1.362000E+00   -6.615000E-01    1.893000E+00    3.508000E+00    2.904000E+00    3.805000E+00    1.785000E+00    2.584000E+00    7.700000E+00    5.695000E+00    9.500000E-01    5.000000E+00    3.800000E+01    2.491000E+00    8.493000E-01    3.850000E+00    1.318000E+00    4.674000E-01    9.432000E-04   -9.848000E+00    2.000000E+00    1.000000E+00    1.800000E+03    8.500000E+01    1.176000E+00    2.000000E+00   -9.660000E+00   -9.797285E+00
   1.010000E-09    1.000000E+00    1.453000E+00    1.080000E+02    1.176000E+00   -1.000000E+01   -1.000000E+01   -1.000000E+01   -1.000000E+01   -1.000000E+01   -1.000000E+01   -1.000000E+01    6.688000E+00    5.139000E+00    9.300000E-01    3.000000E+00    1.100000E+01    1.777000E+00    7.958000E-01    2.890000E+00    1.580000E+00    3.488000E-01    1.162000E-03   -1.452000E+01    2.000000E+00    2.000000E+00    1.000000E+03    9.800000E+01   -1.000000E+01    1.000000E+00   -9.979000E+00   -9.969049E+00
   2.000000E-09    1.000000E+00   -2.218000E-01    1.730000E+01    1.398000E+00   -1.215000E+00   -6.990000E-01    9.823000E-01    7.497000E-01    2.967000E-01    1.348000E+00    9.581000E-01    8.920000E+00    1.297000E+01    3.160000E+00    3.000000E+00    1.700000E+01    2.822000E+00    2.419000E+00    2.890000E+00    2.460000E+00    6.690000E-02    8.974000E-04   -1.012000E+01    2.700000E+01    1.000000E+00    2.430000E+03    0.000000E+00   -1.000000E+01   -1.000000E+00   -1.085000E+01   -1.078913E+01
   1.460000E-09    7.000000E+00    1.408000E+00    3.750000E+01    1.398000E+00   -1.260000E+00   -1.000000E+01    3.061000E+00   -1.000000E+01    3.249000E+00   -1.000000E+01   -1.000000E+01    7.000000E+00    7.834000E+00    1.900000E+00    6.000000E+00    7.500000E+01    3.309000E+00    2.071000E+00    4.360000E+00    1.166000E+00    2.036000E-01    8.974000E-04   -1.015000E+01    2.000000E+00    1.000000E+00    1.600000E+03    3.300000E+01   -1.000000E+01   -1.000000E+00   -1.042000E+01   -1.030322E+01
   2.000000E-09    1.000000E+00    1.279000E+00    9.300000E+01    1.352000E+00   -2.000000E+00   -1.000000E+01    1.362000E+00   -1.000000E+01   -1.000000E+01   -1.000000E+01   -1.000000E+01    1.250000E+01    1.297000E+01    3.160000E+00    3.000000E+00    1.700000E+01    2.822000E+00    2.440000E+00    2.890000E+00    1.690000E+00    6.324000E-02    9.552000E-04   -1.052000E+01    2.000000E+00    1.000000E+00    1.600000E+03    4.750000E+01    1.699000E+00   -1.000000E+00   -1.085000E+01   -1.092454E+01
   2.220000E-09    0.000000E+00    1.602000E+00    1.400000E+01    1.362000E+00   -9.586000E-01    9.345000E-01    3.403000E+00    5.328000E-01    3.575000E+00    2.387000E+00    1.904000E+00    8.200000E+00    1.360000E+01    2.200000E+00    1.000000E+00    1.000000E+00    8.499000E-01    8.142000E-01    8.500000E-01    5.441000E-01    1.865000E-02    9.432000E-04   -9.997000E+00    5.000000E+00    1.000000E+00    2.450000E+03    0.000000E+00   -1.000000E+01    0.000000E+00   -1.061000E+01   -1.061718E+01
   2.000000E-09    4.000000E+00    1.279000E+00    9.300000E+01    1.398000E+00   -2.815000E-01   -1.000000E+01    4.080000E+00   -1.000000E+01    4.259000E+00   -1.000000E+01   -1.000000E+01    7.000000E+00    7.280000E+00    1.900000E+00    5.000000E+00    4.300000E+01    2.817000E+00    2.415000E+00    3.850000E+00    1.690000E+00    6.690000E-02    8.974000E-04   -9.657000E+00    2.000000E+00    2.000000E+00    1.800000E+03    4.750000E+01   -1.000000E+01    0.000000E+00   -1.015000E+01   -1.031421E+01
   5.490000E-09    1.000000E+00    1.477000E+00    6.010000E+01    1.845000E+00   -3.000000E+00   -1.000000E+01    1.362000E+00   -1.000000E+01   -1.000000E+01    1.785000E+00   -1.000000E+01    6.150000E+00    3.894000E+00    7.900000E-01    6.000000E+00    5.500000E+01    2.333000E+00    4.770000E+00    4.360000E+00    1.302000E+00   -3.106000E-01    3.939000E-04   -1.099000E+01    2.000000E+00    2.000000E+00    1.600000E+03    5.000000E+01   -1.000000E+01    1.000000E+00   -8.848000E+00   -8.975689E+00
   8.100000E-10    2.000000E+00    2.025000E+00    8.100000E+01    1.362000E+00   -1.000000E+00   -1.000000E+01    3.362000E+00   -1.000000E+01    3.550000E+00   -1.000000E+01   -1.000000E+01    7.900000E+00    9.752000E+00    2.550000E+00    4.000000E+00    3.400000E+01    2.921000E+00    1.021000E+00    3.450000E+00    8.832000E-01    4.565000E-01    9.432000E-04   -1.002000E+01    2.500000E+01    1.000000E+00    1.500000E+03    0.000000E+00   -1.000000E+01   -1.000000E+00   -1.119000E+01   -1.116666E+01
   1.970000E-09    0.000000E+00    2.025000E+00    8.100000E+01    1.352000E+00   -2.000000E+00   -1.000000E+01    2.362000E+00   -1.000000E+01    2.550000E+00   -1.000000E+01   -1.000000E+01    1.250000E+01    1.360000E+01    2.200000E+00    1.000000E+00    1.000000E+00    8.499000E-01    7.237000E-01    8.500000E-01    8.832000E-01    6.981000E-02    9.552000E-04   -1.052000E+01    2.500000E+01    1.000000E+00    1.650000E+03    0.000000E+00   -1.000000E+01    0.000000E+00   -1.008000E+01   -1.009519E+01
   2.000000E-09    4.000000E+00    1.744000E+00    8.200000E+01    1.398000E+00   -5.918000E-01    1.146000E+00    3.279000E+00    3.330000E+00    3.785000E+00    1.831000E+00    3.016000E+00    7.500000E+00    7.280000E+00    1.900000E+00    5.000000E+00    4.300000E+01    2.817000E+00    2.415000E+00    3.850000E+00    1.170000E+00    6.690000E-02    8.974000E-04   -9.812000E+00    2.000000E+00    2.000000E+00    1.280000E+03    8.000000E+01   -1.000000E+01    0.000000E+00   -9.818000E+00   -9.850952E+00
   2.090000E-09    1.000000E+00    1.453000E+00    1.080000E+02    1.398000E+00   -1.000000E+01   -1.000000E+01   -1.000000E+01   -1.000000E+01   -1.000000E+01   -1.000000E+01   -1.000000E+01    7.811000E+00    1.297000E+01    3.160000E+00    3.000000E+00    1.700000E+01    2.822000E+00    2.528000E+00    2.890000E+00    1.580000E+00    4.778000E-02    8.974000E-04   -1.452000E+01    2.000000E+00    2.000000E+00    7.000000E+02    9.800000E+01   -1.000000E+01   -1.000000E+00   -9.415000E+00   -9.391239E+00
   7.900000E-10    2.000000E+00    1.580000E+00    7.900000E+01    1.398000E+00   -1.000000E+00   -1.000000E+01    3.362000E+00   -1.000000E+01    3.550000E+00   -1.000000E+01   -1.000000E+01    7.000000E+00    5.695000E+00    9.500000E-01    5.000000E+00    3.800000E+01    2.491000E+00    8.436000E-01    3.850000E+00    1.318000E+00    4.703000E-01    8.974000E-04   -1.002000E+01    2.000000E+00    3.000000E+00    8.500000E+02    8.200000E+01   -1.000000E+01    2.000000E+00   -9.155000E+00   -9.000427E+00
   9.230000E-10    4.000000E+00    1.279000E+00    9.300000E+01    1.398000E+00   -1.045000E+00   -1.000000E+01    3.326000E+00   -1.000000E+01   -1.000000E+01    3.510000E+00    2.927000E+00    1.040000E+01    1.126000E+01    2.550000E+00    2.000000E+00    6.000000E+00    1.811000E+00    7.164000E-01    1.990000E+00    1.690000E+00    4.027000E-01    8.974000E-04   -1.004000E+01    2.000000E+00    1.000000E+00    1.800000E+03    4.750000E+01    1.903000E+00   -2.000000E+00   -1.033000E+01   -1.035951E+01
   6.080000E-10    3.000000E+00    1.279000E+00    9.300000E+01    1.371000E+00    7.918000E-02   -1.000000E+01    4.281000E+00   -1.000000E+01    2.401000E+00    4.248000E+00    4.062000E+00    5.400000E+00    5.644000E+00    1.170000E+00    6.000000E+00    6.200000E+01    2.809000E+00    7.356000E-01    4.360000E+00    1.690000E+00    5.818000E-01    9.315000E-04   -9.478000E+00    2.000000E+00    1.000000E+00    1.800000E+03    4.750000E+01   -1.000000E+01    3.000000E+00   -1.014000E+01   -1.029944E+01
   1.550000E-09    1.000000E+00    1.453000E+00    1.080000E+02    1.477000E+00   -1.000000E+01   -1.000000E+01   -1.000000E+01   -1.000000E+01   -1.000000E+01   -1.000000E+01   -1.000000E+01    7.073000E+00    5.139000E+00    9.300000E-01    3.000000E+00    1.100000E+01    1.777000E+00    1.161000E+00    2.890000E+00    1.580000E+00    1.848000E-01    7.959000E-04   -1.451000E+01    2.000000E+00    2.000000E+00    1.000000E+03    9.800000E+01   -1.000000E+01    1.000000E+00   -9.793000E+00   -9.796056E+00
   2.000000E-09    1.000000E+00    1.447000E+00    1.080000E+02    1.398000E+00   -1.076000E+00   -1.000000E+01    3.291000E+00   -1.000000E+01   -1.000000E+01    3.484000E+00    2.897000E+00    1.040000E+01    1.297000E+01    3.160000E+00    3.000000E+00    1.700000E+01    2.822000E+00    2.419000E+00    2.890000E+00    1.586000E+00    6.690000E-02    8.974000E-04   -1.005000E+01    2.000000E+00    1.000000E+00    1.600000E+03    9.800000E+01    1.875000E+00   -1.000000E+00   -1.007000E+01   -1.004443E+01
   1.560000E-09    1.000000E+00    1.453000E+00    1.080000E+02    1.176000E+00   -1.000000E+01   -1.000000E+01   -1.000000E+01   -1.000000E+01   -1.000000E+01   -1.000000E+01   -1.000000E+01    5.101000E+00    1.297000E+01    3.160000E+00    3.000000E+00    1.700000E+01    2.822000E+00    1.952000E+00    2.890000E+00    1.580000E+00    1.600000E-01    1.162000E-03   -1.452000E+01    2.000000E+00    2.000000E+00    1.600000E+03    9.800000E+01   -1.000000E+01   -1.000000E+00   -1.028000E+01   -1.034680E+01
   2.220000E-09    0.000000E+00    1.748000E+00    1.110000E+02    1.602000E+00   -6.778000E-01    1.637000E+00    3.472000E+00    2.790000E+00    3.517000E+00    1.749000E+00    3.638000E+00    7.550000E+00    1.360000E+01    2.200000E+00    1.000000E+00    1.000000E+00    8.499000E-01    7.700000E-01    8.500000E-01    1.297000E+00    4.289000E-02    6.389000E-04   -9.844000E+00    2.000000E+00    1.000000E+00    1.650000E+03    9.200000E+01   -1.000000E+01    0.000000E+00   -1.019000E+01   -1.007531E+01
   2.000000E-09    1.000000E+00    6.021000E-01    6.700000E+01    1.398000E+00   -1.208000E+00    7.796000E-01    2.716000E+00    2.301000E+00    2.944000E+00    2.176000E+00    3.041000E+00    7.520000E+00    1.045000E+01    2.660000E+00    5.000000E+00    5.300000E+01    3.375000E+00    2.893000E+00    3.850000E+00    2.224000E+00    6.690000E-02    8.974000E-04   -1.012000E+01    1.300000E+01    1.000000E+00    2.800000E+03    0.000000E+00   -1.000000E+01   -1.000000E+00   -1.156000E+01   -1.167313E+01
   2.000000E-09    1.000000E+00    6.232000E-01    6.700000E+01    1.699000E+00   -1.065000E+00    3.096000E+00    3.070000E+00    2.312000E+00    3.156000E+00    2.190000E+00    3.054000E+00    7.580000E+00    1.045000E+01    2.660000E+00    5.000000E+00    5.300000E+01    3.375000E+00    2.669000E+00    3.850000E+00    2.203000E+00    1.019000E-01    5.279000E-04   -1.003000E+01    1.300000E+01    1.000000E+00    2.610000E+03    0.000000E+00   -1.000000E+01   -1.000000E+00   -1.228000E+01   -1.234474E+01
   9.000000E-10    4.000000E+00    1.279000E+00    9.300000E+01    1.398000E+00   -1.000000E+01   -1.000000E+01   -1.000000E+01   -1.000000E+01   -1.000000E+01   -1.000000E+01   -1.000000E+01    1.300000E+01    7.344000E+00    1.960000E+00    5.000000E+00    5.000000E+01    2.829000E+00    1.091000E+00    3.850000E+00    1.690000E+00    4.137000E-01    8.974000E-04   -1.452000E+01    2.000000E+00    2.000000E+00    4.000000E+02    4.750000E+01   -1.000000E+01    4.000000E+00   -9.453000E+00   -9.468788E+00
   6.600000E-10    2.000000E+00    1.279000E+00    9.300000E+01    1.398000E+00   -1.000000E+01   -1.000000E+01   -1.000000E+01   -1.000000E+01   -1.000000E+01   -1.000000E+01   -1.000000E+01    1.250000E+01    7.640000E+00    1.910000E+00    4.000000E+00    2.800000E+01    2.586000E+00    7.315000E-01    3.450000E+00    1.690000E+00    5.484000E-01    8.974000E-04   -1.452000E+01    2.000000E+00    2.000000E+00    1.200000E+03    4.750000E+01   -1.000000E+01    2.000000E+00   -1.008000E+01   -1.002372E+01
   2.000000E-09    7.000000E+00    1.580000E+00    7.900000E+01    1.398000E+00   -1.000000E+00   -1.000000E+01    3.362000E+00   -1.000000E+01    3.550000E+00   -1.000000E+01   -1.000000E+01    1.000000E+01    7.280000E+00    1.900000E+00    5.000000E+00    4.300000E+01    2.817000E+00    2.415000E+00    3.850000E+00    1.318000E+00    6.690000E-02    8.974000E-04   -1.002000E+01    2.000000E+00    3.000000E+00    1.020000E+03    8.200000E+01   -1.000000E+01   -1.000000E+00   -9.409000E+00   -9.288022E+00
   2.000000E-09    1.000000E+00    1.453000E+00    1.080000E+02    1.602000E+00   -2.000000E+00   -1.000000E+01    2.362000E+00   -1.000000E+01    2.550000E+00   -1.000000E+01   -1.000000E+01    6.562000E+00    1.045000E+01    2.660000E+00    5.000000E+00    5.300000E+01    3.375000E+00    2.755000E+00    3.850000E+00    1.580000E+00    8.822000E-02    6.389000E-04   -1.051000E+01    2.000000E+00    2.000000E+00    9.100000E+02    9.999000E+01   -1.000000E+01   -1.000000E+00   -9.600000E+00   -9.632534E+00
   2.950000E-09    1.000000E+00    1.453000E+00    1.080000E+02    1.602000E+00   -1.000000E+00   -1.000000E+01    3.362000E+00   -1.000000E+01    3.550000E+00   -1.000000E+01   -1.000000E+01    6.376000E+00    1.297000E+01    3.160000E+00    3.000000E+00    1.700000E+01    2.822000E+00    3.397000E+00    2.890000E+00    1.580000E+00   -8.057000E-02    6.389000E-04   -1.001000E+01    2.000000E+00    2.000000E+00    1.000000E+03    9.800000E+01   -1.000000E+01   -1.000000E+00   -9.499000E+00   -9.481425E+00
   7.600000E-10    2.000000E+00    1.580000E+00    7.900000E+01    1.362000E+00   -1.166000E+00    2.934000E+00    2.265000E+00    2.882000E+00    3.027000E+00   -1.000000E+01    1.061000E+00    1.250000E+01    6.113000E+00    1.000000E+00    4.000000E+00    2.000000E+01    2.313000E+00    7.586000E-01    3.450000E+00    1.318000E+00    4.842000E-01    9.432000E-04   -1.010000E+01    2.000000E+00    1.000000E+00    1.700000E+03    8.200000E+01   -1.000000E+01    2.000000E+00   -9.222000E+00   -9.491071E+00
   2.000000E-09    1.000000E+00    1.744000E+00    8.200000E+01    1.380000E+00   -5.918000E-01    1.146000E+00    3.279000E+00    3.328000E+00    3.785000E+00    1.831000E+00    3.016000E+00    7.500000E+00    1.045000E+01    2.660000E+00    5.000000E+00    5.300000E+01    3.375000E+00    2.903000E+00    3.850000E+00    1.170000E+00    6.544000E-02    9.199000E-04   -9.813000E+00    2.000000E+00    2.000000E+00    1.500000E+03    8.000000E+01   -1.000000E+01   -1.000000E+00   -1.001000E+01   -1.021776E+01
   1.350000E-09    1.000000E+00    1.453000E+00    1.080000E+02    1.398000E+00   -1.000000E+01   -1.000000E+01   -1.000000E+01   -1.000000E+01   -1.000000E+01   -1.000000E+01   -1.000000E+01    6.689000E+00    5.139000E+00    9.300000E-01    3.000000E+00    1.100000E+01    1.777000E+00    1.028000E+00    2.890000E+00    1.580000E+00    2.376000E-01    8.974000E-04   -1.452000E+01    2.000000E+00    2.000000E+00    1.400000E+03    9.800000E+01   -1.000000E+01    1.000000E+00   -1.017000E+01   -1.010394E+01
   2.220000E-09    0.000000E+00    1.602000E+00    1.400000E+01    1.362000E+00   -9.586000E-01    9.345000E-01    3.403000E+00    5.328000E-01    3.575000E+00    2.387000E+00    1.904000E+00    8.200000E+00    1.360000E+01    2.200000E+00    1.000000E+00    1.000000E+00    8.499000E-01    8.142000E-01    8.500000E-01    5.441000E-01    1.865000E-02    9.432000E-04   -9.997000E+00    5.000000E+00    1.000000E+00    2.450000E+03    0.000000E+00   -1.000000E+01    0.000000E+00   -1.057000E+01   -1.061718E+01
   2.000000E-09    1.000000E+00    6.021000E-01    6.700000E+01    1.398000E+00   -1.523000E+00   -1.000000E+01   -1.000000E+01   -1.000000E+01    2.851000E+00   -1.000000E+01   -1.000000E+01    6.500000E+00    1.045000E+01    2.660000E+00    5.000000E+00    5.300000E+01    3.375000E+00    2.893000E+00    3.850000E+00    2.224000E+00    6.690000E-02    8.974000E-04   -1.028000E+01    1.300000E+01    1.000000E+00    2.640000E+03    0.000000E+00   -1.000000E+01   -1.000000E+00   -1.214000E+01   -1.215781E+01
   1.350000E-09    1.000000E+00    1.453000E+00    1.080000E+02    1.398000E+00   -1.000000E+01   -1.000000E+01   -1.000000E+01   -1.000000E+01   -1.000000E+01   -1.000000E+01   -1.000000E+01    6.323000E+00    5.139000E+00    9.300000E-01    3.000000E+00    1.100000E+01    1.777000E+00    1.028000E+00    2.890000E+00    1.580000E+00    2.376000E-01    8.974000E-04   -1.452000E+01    2.000000E+00    2.000000E+00    1.800000E+03    9.800000E+01    1.672000E+00    1.000000E+00   -1.031000E+01   -1.038583E+01
   5.000000E-10    3.000000E+00    1.547000E+00    7.000000E+01    1.301000E+00   -3.010000E-01   -1.000000E+01    4.061000E+00   -1.000000E+01    4.249000E+00   -1.000000E+01   -1.000000E+01    5.100000E+00    5.539000E+00    1.120000E+00    6.000000E+00    5.800000E+01    2.782000E+00    6.065000E-01    4.360000E+00    1.299000E+00    6.616000E-01    1.018000E-03   -9.670000E+00    2.000000E+00    1.000000E+00    1.300000E+03    3.680000E+01   -1.000000E+01   -1.000000E+00   -1.072000E+01   -1.061900E+01
   1.350000E-09    1.000000E+00    1.453000E+00    1.080000E+02    1.398000E+00   -6.990000E-01   -1.000000E+01    3.663000E+00   -1.000000E+01    3.851000E+00   -1.000000E+01   -1.000000E+01    6.798000E+00    5.139000E+00    9.300000E-01    3.000000E+00    1.100000E+01    1.777000E+00    1.028000E+00    2.890000E+00    1.580000E+00    2.376000E-01    8.974000E-04   -9.866000E+00    2.000000E+00    2.000000E+00    1.000000E+03    9.800000E+01   -1.000000E+01    1.000000E+00   -9.839000E+00   -9.795350E+00
   2.090000E-09    1.000000E+00   -1.549000E-01    1.000000E+01    1.398000E+00   -5.157000E-01    1.000000E+00    3.380000E+00    3.405000E+00    3.922000E+00    1.230000E+00    2.230000E+00    8.770000E+00    3.894000E+00    7.900000E-01    6.000000E+00    5.500000E+01    2.333000E+00    2.090000E+00    4.360000E+00    2.155000E+00    4.778000E-02    8.974000E-04   -9.774000E+00    1.400000E+01    1.000000E+00    2.610000E+03    0.000000E+00   -1.000000E+01    1.000000E+00   -1.092000E+01   -1.119643E+01
   1.550000E-09    1.000000E+00    1.453000E+00    1.080000E+02    1.477000E+00   -1.000000E+01   -1.000000E+01   -1.000000E+01   -1.000000E+01   -1.000000E+01   -1.000000E+01   -1.000000E+01    6.481000E+00    5.139000E+00    9.300000E-01    3.000000E+00    1.100000E+01    1.777000E+00    1.161000E+00    2.890000E+00    1.580000E+00    1.848000E-01    7.959000E-04   -1.451000E+01    2.000000E+00    2.000000E+00    1.200000E+03    9.800000E+01   -1.000000E+01    1.000000E+00   -9.939000E+00   -9.930319E+00
   2.032000E-10    1.000000E+00    1.531000E+00    1.300000E+01    1.362000E+00   -4.510000E-01    1.806000E+00    3.749000E+00    2.949000E+00    3.984000E+00    1.477000E+00    3.368000E+00    7.680000E+00    1.297000E+01    3.160000E+00    3.000000E+00    1.700000E+01    2.822000E+00    2.474000E-01    2.890000E+00    5.825000E-01    1.057000E+00    9.432000E-04   -9.743000E+00    4.000000E+00    1.000000E+00    2.700000E+03    0.000000E+00   -1.000000E+01   -1.000000E+00   -1.217000E+01   -1.178656E+01
   9.230000E-10    4.000000E+00    1.279000E+00    9.300000E+01    1.398000E+00   -6.108000E-01   -1.000000E+01    3.760000E+00   -1.000000E+01   -1.000000E+01    3.941000E+00    3.363000E+00    1.050000E+01    1.126000E+01    2.550000E+00    2.000000E+00    6.000000E+00    1.811000E+00    7.164000E-01    1.990000E+00    1.690000E+00    4.027000E-01    8.974000E-04   -9.822000E+00    2.000000E+00    1.000000E+00    1.600000E+03    4.750000E+01   -1.000000E+01   -2.000000E+00   -1.072000E+01   -1.085536E+01
   1.000000E-10    6.000000E+00    1.279000E+00    9.300000E+01    1.398000E+00   -1.000000E+01   -1.000000E+01   -1.000000E+01   -1.000000E+01   -1.000000E+01   -1.000000E+01   -1.000000E+01    9.000000E+00    6.194000E+00    1.380000E+00    7.000000E+00    9.200000E+01    3.368000E+00    1.443000E-01    4.990000E+00    1.690000E+00    1.368000E+00    8.974000E-04   -1.452000E+01    2.000000E+00    2.000000E+00    2.000000E+03    4.750000E+01   -1.000000E+01   -1.000000E+00   -1.169000E+01   -1.143498E+01
   1.350000E-09    1.000000E+00    1.453000E+00    1.080000E+02    1.398000E+00   -1.000000E+01   -1.000000E+01   -1.000000E+01   -1.000000E+01   -1.000000E+01   -1.000000E+01   -1.000000E+01    7.561000E+00    5.139000E+00    9.300000E-01    3.000000E+00    1.100000E+01    1.777000E+00    1.028000E+00    2.890000E+00    1.580000E+00    2.376000E-01    8.974000E-04   -1.452000E+01    2.000000E+00    2.000000E+00    1.000000E+03    9.800000E+01   -1.000000E+01    1.000000E+00   -9.854000E+00   -9.798349E+00
   1.550000E-09    1.000000E+00    1.453000E+00    1.080000E+02    1.477000E+00   -1.000000E+01   -1.000000E+01   -1.000000E+01   -1.000000E+01   -1.000000E+01   -1.000000E+01   -1.000000E+01    7.069000E+00    5.139000E+00    9.300000E-01    3.000000E+00    1.100000E+01    1.777000E+00    1.161000E+00    2.890000E+00    1.580000E+00    1.848000E-01    7.959000E-04   -1.451000E+01    2.000000E+00    2.000000E+00    1.000000E+03    9.800000E+01   -1.000000E+01    1.000000E+00   -9.793000E+00   -9.796056E+00
   2.060000E-09    1.000000E+00    6.232000E-01    6.700000E+01    1.398000E+00   -5.214000E-01   -1.000000E+01    3.663000E+00   -1.000000E+01    4.027000E+00    2.086000E+00   -1.000000E+01    8.000000E+00    3.894000E+00    7.900000E-01    6.000000E+00    5.500000E+01    2.333000E+00    2.060000E+00    4.360000E+00    2.203000E+00    5.406000E-02    8.974000E-04   -9.777000E+00    1.300000E+01    7.000000E+00    2.700000E+03    0.000000E+00   -1.000000E+01    1.000000E+00   -1.173000E+01   -1.169703E+01
   2.090000E-09    1.000000E+00    1.453000E+00    1.080000E+02    1.398000E+00   -1.000000E+01   -1.000000E+01   -1.000000E+01   -1.000000E+01   -1.000000E+01   -1.000000E+01   -1.000000E+01    7.519000E+00    1.297000E+01    3.160000E+00    3.000000E+00    1.700000E+01    2.822000E+00    2.528000E+00    2.890000E+00    1.580000E+00    4.778000E-02    8.974000E-04   -1.452000E+01    2.000000E+00    2.000000E+00    1.000000E+03    9.800000E+01   -1.000000E+01   -1.000000E+00   -9.648000E+00   -9.670437E+00
   7.420000E-10    1.000000E+00    1.453000E+00    1.080000E+02    6.990000E-01   -1.000000E+01   -1.000000E+01   -1.000000E+01   -1.000000E+01   -1.000000E+01   -1.000000E+01   -1.000000E+01    5.283000E+00    5.139000E+00    9.300000E-01    3.000000E+00    1.100000E+01    1.777000E+00    6.056000E-01    2.890000E+00    1.580000E+00    4.674000E-01    1.536000E-03   -1.453000E+01    2.000000E+00    2.000000E+00    1.400000E+03    9.800000E+01   -1.000000E+01    1.000000E+00   -1.043000E+01   -1.041660E+01
   4.300000E-10    6.000000E+00    1.279000E+00    9.300000E+01    1.398000E+00   -1.000000E+01   -1.000000E+01   -1.000000E+01   -1.000000E+01   -1.000000E+01   -1.000000E+01   -1.000000E+01    8.450000E+00    6.194000E+00    1.380000E+00    7.000000E+00    9.200000E+01    3.368000E+00    6.207000E-01    4.990000E+00    1.690000E+00    7.345000E-01    8.974000E-04   -1.452000E+01    2.000000E+00    2.000000E+00    2.000000E+03    4.750000E+01   -1.000000E+01   -4.000000E+00   -1.106000E+01   -1.101130E+01
   2.000000E-09    7.000000E+00    1.744000E+00    8.200000E+01    1.380000E+00   -5.918000E-01    1.146000E+00    3.279000E+00    3.330000E+00    3.785000E+00    1.831000E+00    3.016000E+00    7.500000E+00    7.280000E+00    1.900000E+00    5.000000E+00    4.300000E+01    2.817000E+00    2.423000E+00    3.850000E+00    1.170000E+00    6.544000E-02    9.199000E-04   -9.813000E+00    2.000000E+00    1.000000E+00    9.500000E+02    8.000000E+01   -1.000000E+01   -1.000000E+00   -9.558000E+00   -9.606545E+00
   8.100000E-10    2.000000E+00    2.025000E+00    8.100000E+01    1.342000E+00   -1.000000E+00   -1.000000E+01    3.362000E+00   -1.000000E+01    3.550000E+00   -1.000000E+01   -1.000000E+01    8.000000E+00    9.752000E+00    2.550000E+00    4.000000E+00    3.400000E+01    2.921000E+00    1.025000E+00    3.450000E+00    8.832000E-01    4.551000E-01    9.673000E-04   -1.002000E+01    2.500000E+01    1.000000E+00    1.530000E+03    0.000000E+00   -1.000000E+01   -1.000000E+00   -1.119000E+01   -1.115740E+01
   2.090000E-09    1.000000E+00    1.453000E+00    1.080000E+02    1.398000E+00   -1.000000E+01   -1.000000E+01   -1.000000E+01   -1.000000E+01   -1.000000E+01   -1.000000E+01   -1.000000E+01    7.254000E+00    1.297000E+01    3.160000E+00    3.000000E+00    1.700000E+01    2.822000E+00    2.528000E+00    2.890000E+00    1.580000E+00    4.778000E-02    8.974000E-04   -1.452000E+01    2.000000E+00    2.000000E+00    1.600000E+03    9.800000E+01   -1.000000E+01   -1.000000E+00   -1.016000E+01   -1.014460E+01
   4.300000E-10    4.000000E+00    1.447000E+00    1.080000E+02    1.398000E+00    0.000000E+00   -1.000000E+01   -1.000000E+01   -1.000000E+01   -1.000000E+01   -1.000000E+01   -1.000000E+01    9.000000E+00    6.194000E+00    1.380000E+00    7.000000E+00    9.200000E+01    3.368000E+00    6.207000E-01    4.990000E+00    1.586000E+00    7.345000E-01    8.974000E-04   -9.516000E+00    2.000000E+00    2.000000E+00    1.600000E+03    9.990000E+01   -1.000000E+01    0.000000E+00   -1.085000E+01   -1.080995E+01
   1.010000E-09    1.000000E+00    1.453000E+00    1.080000E+02    1.176000E+00   -1.000000E+01   -1.000000E+01   -1.000000E+01   -1.000000E+01   -1.000000E+01   -1.000000E+01   -1.000000E+01    6.909000E+00    5.139000E+00    9.300000E-01    3.000000E+00    1.100000E+01    1.777000E+00    7.958000E-01    2.890000E+00    1.580000E+00    3.488000E-01    1.162000E-03   -1.452000E+01    2.000000E+00    2.000000E+00    1.000000E+03    9.800000E+01   -1.000000E+01    1.000000E+00   -9.979000E+00   -9.969049E+00
   2.000000E-09    1.000000E+00    1.279000E+00    9.300000E+01    1.398000E+00   -1.398000E+00   -1.000000E+01   -1.000000E+01    2.904000E+00   -1.000000E+01   -1.000000E+01   -1.000000E+01    1.250000E+01    1.045000E+01    2.660000E+00    5.000000E+00    5.300000E+01    3.375000E+00    2.893000E+00    3.850000E+00    1.690000E+00    6.690000E-02    8.974000E-04   -1.022000E+01    2.000000E+00    1.000000E+00    1.600000E+03    4.750000E+01    1.699000E+00   -1.000000E+00   -1.060000E+01   -1.048521E+01
   2.000000E-09    1.000000E+00    6.990000E-01    4.000000E+00    1.398000E+00   -2.218000E-01   -1.000000E+01   -1.000000E+01   -1.000000E+01    4.328000E+00   -1.000000E+01   -1.000000E+01    7.100000E+00    1.297000E+01    3.160000E+00    3.000000E+00    1.700000E+01    2.822000E+00    2.419000E+00    2.890000E+00    9.031000E-01    6.690000E-02    8.974000E-04   -9.627000E+00    1.000000E+00    1.000000E+00    2.750000E+03    0.000000E+00   -1.000000E+01   -1.000000E+00   -1.339000E+01   -1.345827E+01
   1.350000E-09    1.000000E+00    1.453000E+00    1.080000E+02    1.398000E+00   -1.000000E+01   -1.000000E+01   -1.000000E+01   -1.000000E+01   -1.000000E+01   -1.000000E+01   -1.000000E+01    6.229000E+00    5.139000E+00    9.300000E-01    3.000000E+00    1.100000E+01    1.777000E+00    1.028000E+00    2.890000E+00    1.580000E+00    2.376000E-01    8.974000E-04   -1.452000E+01    2.000000E+00    2.000000E+00    1.800000E+03    9.800000E+01    1.857000E+00    1.000000E+00   -1.009000E+01   -1.023798E+01
   9.560000E-10    4.000000E+00    1.279000E+00    9.300000E+01    1.398000E+00   -3.010000E-01   -1.000000E+01    4.061000E+00   -1.000000E+01    4.250000E+00   -1.000000E+01   -1.000000E+01    1.250000E+01    1.126000E+01    2.550000E+00    2.000000E+00    6.000000E+00    1.811000E+00    7.420000E-01    1.990000E+00    1.690000E+00    3.875000E-01    8.974000E-04   -9.667000E+00    2.000000E+00    1.000000E+00    1.600000E+03    5.000000E+01   -1.000000E+01   -2.000000E+00   -1.125000E+01   -1.118490E+01
   2.360000E-09    1.000000E+00    1.279000E+00    9.300000E+01    1.477000E+00   -2.757000E-01    5.922000E-01    4.024000E+00    2.558000E+00    4.302000E+00   -1.000000E+01    4.065000E-01    8.300000E+00    3.894000E+00    7.900000E-01    6.000000E+00    5.500000E+01    2.333000E+00    2.321000E+00    4.360000E+00    1.690000E+00    2.240000E-03    7.959000E-04   -9.651000E+00    2.000000E+00    1.000000E+00    1.600000E+03    4.800000E+01    1.477000E+00    1.000000E+00   -9.495000E+00   -9.598097E+00
   7.600000E-10    2.000000E+00    1.580000E+00    7.900000E+01    1.362000E+00   -1.365000E+00    1.990000E+00    2.225000E+00    2.538000E+00    3.094000E+00   -1.000000E+01    2.238000E+00    7.800000E+00    6.113000E+00    1.000000E+00    4.000000E+00    2.000000E+01    2.313000E+00    7.586000E-01    3.450000E+00    1.318000E+00    4.842000E-01    9.432000E-04   -1.020000E+01    2.000000E+00    1.000000E+00    1.700000E+03    8.200000E+01   -1.000000E+01    2.000000E+00   -9.854000E+00   -9.823294E+00
   1.330000E-09    1.000000E+00    1.453000E+00    1.100000E+02    1.362000E+00   -2.000000E+00   -1.000000E+01    2.362000E+00   -1.000000E+01    2.550000E+00   -1.000000E+01   -1.000000E+01    7.000000E+00    5.139000E+00    9.300000E-01    3.000000E+00    1.100000E+01    1.777000E+00    1.020000E+00    2.890000E+00    1.588000E+00    2.412000E-01    9.432000E-04   -1.052000E+01    2.000000E+00    1.000000E+00    8.000000E+02    9.800000E+01   -1.000000E+01    1.000000E+00   -8.724000E+00   -9.011313E+00
   2.000000E-09    1.000000E+00    1.279000E+00    9.300000E+01    1.362000E+00   -3.010000E-01   -1.000000E+01    4.061000E+00   -1.000000E+01    4.250000E+00   -1.000000E+01   -1.000000E+01    1.250000E+01    1.297000E+01    3.160000E+00    3.000000E+00    1.700000E+01    2.822000E+00    2.435000E+00    2.890000E+00    1.690000E+00    6.398000E-02    9.432000E-04   -9.668000E+00    2.000000E+00    1.000000E+00    1.600000E+03    4.800000E+01    1.477000E+00   -1.000000E+00   -1.049000E+01   -1.049652E+01
   2.020000E-09    1.000000E+00    2.025000E+00    8.100000E+01    1.398000E+00   -3.010000E-01   -1.000000E+01    4.061000E+00   -1.000000E+01    4.250000E+00   -1.000000E+01   -1.000000E+01    1.250000E+01    1.045000E+01    2.660000E+00    5.000000E+00    5.300000E+01    3.375000E+00    2.922000E+00    3.850000E+00    8.832000E-01    6.258000E-02    8.974000E-04   -9.667000E+00    2.500000E+01    1.000000E+00    1.650000E+03    0.000000E+00   -1.000000E+01   -1.000000E+00   -1.049000E+01   -1.045046E+01
   6.240000E-10    3.000000E+00    1.279000E+00    9.300000E+01    1.398000E+00    8.198000E-01   -1.000000E+01    5.178000E+00    3.983000E+00    5.366000E+00    2.086000E+00   -1.000000E+01    1.250000E+01    5.974000E+00    1.300000E+00    7.000000E+00    9.500000E+01    3.307000E+00    8.845000E-01    4.990000E+00    1.690000E+00    5.727000E-01    8.974000E-04   -9.106000E+00    2.000000E+00    2.000000E+00    1.200000E+03    4.750000E+01   -1.000000E+01    3.000000E+00   -1.010000E+01   -1.006947E+01
   1.000000E-10    6.000000E+00    1.447000E+00    1.080000E+02    1.398000E+00   -1.000000E+01   -1.000000E+01   -1.000000E+01   -1.000000E+01   -1.000000E+01   -1.000000E+01   -1.000000E+01    9.000000E+00    6.194000E+00    1.380000E+00    7.000000E+00    9.200000E+01    3.368000E+00    1.443000E-01    4.990000E+00    1.586000E+00    1.368000E+00    8.974000E-04   -1.452000E+01    2.000000E+00    2.000000E+00    8.000000E+02    9.990000E+01   -1.000000E+01   -1.000000E+00   -1.082000E+01   -1.072254E+01
   2.000000E-09    1.000000E+00   -2.218000E-01    1.730000E+01    1.398000E+00   -1.215000E+00   -6.990000E-01    9.823000E-01    7.497000E-01    2.967000E-01    1.348000E+00    9.581000E-01    8.920000E+00    1.297000E+01    3.160000E+00    3.000000E+00    1.700000E+01    2.822000E+00    2.419000E+00    2.890000E+00    2.460000E+00    6.690000E-02    8.974000E-04   -1.012000E+01    2.700000E+01    1.000000E+00    2.430000E+03    0.000000E+00   -1.000000E+01   -1.000000E+00   -1.074000E+01   -1.078913E+01
   1.560000E-09    1.000000E+00    1.453000E+00    1.080000E+02    1.176000E+00   -1.000000E+01   -1.000000E+01   -1.000000E+01   -1.000000E+01   -1.000000E+01   -1.000000E+01   -1.000000E+01    5.500000E+00    1.297000E+01    3.160000E+00    3.000000E+00    1.700000E+01    2.822000E+00    1.952000E+00    2.890000E+00    1.580000E+00    1.600000E-01    1.162000E-03   -1.452000E+01    2.000000E+00    2.000000E+00    9.000000E+02    9.800000E+01   -1.000000E+01   -1.000000E+00   -9.697000E+00   -9.731850E+00
   1.010000E-09    1.000000E+00    1.453000E+00    1.080000E+02    1.176000E+00   -1.000000E+01   -1.000000E+01   -1.000000E+01   -1.000000E+01   -1.000000E+01   -1.000000E+01   -1.000000E+01    6.052000E+00    5.139000E+00    9.300000E-01    3.000000E+00    1.100000E+01    1.777000E+00    7.958000E-01    2.890000E+00    1.580000E+00    3.488000E-01    1.162000E-03   -1.452000E+01    2.000000E+00    2.000000E+00    1.200000E+03    9.800000E+01   -1.000000E+01    1.000000E+00   -1.013000E+01   -1.012916E+01
   2.000000E-09    1.000000E+00    1.580000E+00    7.900000E+01    1.398000E+00   -2.000000E+00   -1.000000E+01    2.362000E+00   -1.000000E+01   -1.000000E+01   -1.000000E+01   -1.000000E+01    8.200000E+00    1.297000E+01    3.160000E+00    3.000000E+00    1.700000E+01    2.822000E+00    2.419000E+00    2.890000E+00    1.318000E+00    6.690000E-02    8.974000E-04   -1.052000E+01    2.000000E+00    1.000000E+00    1.200000E+03    8.000000E+01   -1.000000E+01   -1.000000E+00   -9.754000E+00   -9.746148E+00
   2.220000E-09    0.000000E+00    6.232000E-01    6.700000E+01    1.398000E+00   -6.615000E-01    9.081000E-01    3.294000E+00    3.577000E+00    3.659000E+00    1.000000E+00    3.051000E+00    7.200000E+00    1.360000E+01    2.200000E+00    1.000000E+00    1.000000E+00    8.499000E-01    8.088000E-01    8.500000E-01    2.203000E+00    2.158000E-02    8.974000E-04   -9.847000E+00    1.300000E+01    1.000000E+00    1.450000E+03    0.000000E+00   -1.000000E+01    0.000000E+00   -8.914000E+00   -9.030574E+00
   2.090000E-09    1.000000E+00    1.580000E+00    7.900000E+01    1.398000E+00   -6.990000E-01    1.893000E+00    3.508000E+00    2.904000E+00    3.754000E+00    1.785000E+00    2.584000E+00    7.700000E+00    3.894000E+00    7.900000E-01    6.000000E+00    5.500000E+01    2.333000E+00    2.090000E+00    4.360000E+00    1.318000E+00    4.778000E-02    8.974000E-04   -9.866000E+00    2.000000E+00    5.000000E+00    1.800000E+03    8.000000E+01   -1.000000E+01    1.000000E+00   -9.431000E+00   -9.553712E+00
   2.000000E-09    1.000000E+00    1.580000E+00    7.900000E+01    1.380000E+00   -1.166000E+00    2.934000E+00    2.265000E+00    2.882000E+00    3.027000E+00   -1.000000E+01    1.061000E+00    1.250000E+01    1.297000E+01    3.160000E+00    3.000000E+00    1.700000E+01    2.822000E+00    2.427000E+00    2.890000E+00    1.318000E+00    6.544000E-02    9.199000E-04   -1.010000E+01    2.000000E+00    1.000000E+00    1.700000E+03    8.200000E+01   -1.000000E+01   -1.000000E+00   -1.126000E+01   -1.119717E+01
   2.220000E-09    0.000000E+00    1.602000E+00    1.400000E+01    1.362000E+00   -9.208000E-01    9.345000E-01    3.403000E+00    5.328000E-01    3.575000E+00    2.387000E+00    1.904000E+00    8.200000E+00    1.360000E+01    2.200000E+00    1.000000E+00    1.000000E+00    8.499000E-01    8.142000E-01    8.500000E-01    5.441000E-01    1.865000E-02    9.432000E-04   -9.978000E+00    5.000000E+00    1.000000E+00    2.450000E+03    0.000000E+00   -1.000000E+01    0.000000E+00   -1.059000E+01   -1.061739E+01
   7.900000E-10    2.000000E+00    1.491000E+00    8.300000E+01    1.362000E+00   -2.839000E+00    5.441000E-01    9.191000E-01    1.114000E+00    6.990000E-01   -1.000000E+01    9.345000E-01    7.000000E+00    5.695000E+00    9.500000E-01    5.000000E+00    3.800000E+01    2.491000E+00    8.493000E-01    3.850000E+00    1.428000E+00    4.674000E-01    9.432000E-04   -1.094000E+01    2.000000E+00    1.000000E+00    1.400000E+03    8.000000E+01    1.699000E+00    2.000000E+00   -1.072000E+01   -1.086413E+01
   2.450000E-09    0.000000E+00    2.477000E+00    5.000000E+01    1.362000E+00   -5.867000E-01    1.799000E+00    3.248000E+00    3.327000E+00    3.805000E+00    1.108000E+00    3.062000E+00    7.800000E+00    1.360000E+01    2.200000E+00    1.000000E+00    1.000000E+00    8.499000E-01    8.986000E-01    8.500000E-01    2.218000E-01   -2.416000E-02    9.432000E-04   -9.811000E+00    2.600000E+01    1.000000E+00    1.600000E+03    3.500000E+01    1.699000E+00    0.000000E+00   -1.003000E+01   -1.000268E+01
   2.000000E-09    1.000000E+00    1.744000E+00    8.200000E+01    1.380000E+00   -5.918000E-01    1.146000E+00    3.279000E+00    3.328000E+00    3.785000E+00    1.831000E+00    3.016000E+00    7.500000E+00    1.045000E+01    2.660000E+00    5.000000E+00    5.300000E+01    3.375000E+00    2.903000E+00    3.850000E+00    1.170000E+00    6.544000E-02    9.199000E-04   -9.813000E+00    2.000000E+00    1.000000E+00    1.090000E+03    8.000000E+01   -1.000000E+01   -1.000000E+00   -1.074000E+01   -1.051855E+01
   9.560000E-10    4.000000E+00    1.279000E+00    9.300000E+01    1.398000E+00   -3.010000E-01   -1.000000E+01    4.061000E+00   -1.000000E+01    4.250000E+00   -1.000000E+01   -1.000000E+01    1.250000E+01    1.126000E+01    2.550000E+00    2.000000E+00    6.000000E+00    1.811000E+00    7.420000E-01    1.990000E+00    1.690000E+00    3.875000E-01    8.974000E-04   -9.667000E+00    2.000000E+00    1.000000E+00    1.600000E+03    5.000000E+01    1.477000E+00   -2.000000E+00   -1.096000E+01   -1.098896E+01
   2.000000E-09    7.000000E+00    1.744000E+00    8.200000E+01    1.398000E+00   -5.918000E-01    1.146000E+00    3.279000E+00    3.330000E+00    3.785000E+00    1.831000E+00    3.016000E+00    7.500000E+00    7.280000E+00    1.900000E+00    5.000000E+00    4.300000E+01    2.817000E+00    2.415000E+00    3.850000E+00    1.170000E+00    6.690000E-02    8.974000E-04   -9.812000E+00    2.000000E+00    2.000000E+00    9.200000E+02    8.000000E+01   -1.000000E+01   -1.000000E+00   -9.536000E+00   -9.561952E+00
   7.200000E-10    4.000000E+00    1.279000E+00    9.300000E+01    1.398000E+00   -2.301000E+00   -1.000000E+01    2.362000E+00   -1.000000E+01   -1.000000E+01   -1.000000E+01   -1.000000E+01    7.000000E+00    6.194000E+00    1.380000E+00    7.000000E+00    9.200000E+01    3.368000E+00    1.039000E+00    4.990000E+00    1.690000E+00    5.106000E-01    8.974000E-04   -1.067000E+01    2.000000E+00    2.000000E+00    1.800000E+03    4.750000E+01   -1.000000E+01    0.000000E+00   -1.059000E+01   -1.053897E+01
   3.880000E-09    1.000000E+00    1.744000E+00    8.200000E+01    1.778000E+00    1.335000E-01    1.469000E+00    3.704000E+00    4.176000E+00    4.535000E+00    1.000000E+00    2.898000E+00    8.538000E+00    1.297000E+01    3.160000E+00    3.000000E+00    1.700000E+01    2.822000E+00    4.200000E+00    2.890000E+00    1.170000E+00   -1.727000E-01    4.494000E-04   -9.425000E+00    2.000000E+00    2.000000E+00    1.650000E+03    8.000000E+01    1.699000E+00   -1.000000E+00   -9.595000E+00   -9.529658E+00
   3.690000E-09    1.000000E+00    1.453000E+00    1.080000E+02    1.699000E+00   -1.000000E+01   -1.000000E+01   -1.000000E+01   -1.000000E+01   -1.000000E+01   -1.000000E+01   -1.000000E+01    6.003000E+00    1.297000E+01    3.160000E+00    3.000000E+00    1.700000E+01    2.822000E+00    4.118000E+00    2.890000E+00    1.580000E+00   -1.641000E-01    5.279000E-04   -1.450000E+01    2.000000E+00    2.000000E+00    1.100000E+03    9.800000E+01   -1.000000E+01   -1.000000E+00   -9.481000E+00   -9.493307E+00
   2.220000E-09    0.000000E+00    1.531000E+00    1.300000E+01    1.398000E+00   -4.510000E-01    1.806000E+00    3.749000E+00    2.949000E+00    3.984000E+00    1.477000E+00    3.368000E+00    7.680000E+00    1.360000E+01    2.200000E+00    1.000000E+00    1.000000E+00    8.499000E-01    8.088000E-01    8.500000E-01    5.825000E-01    2.158000E-02    8.974000E-04   -9.742000E+00    4.000000E+00    1.000000E+00    2.700000E+03    0.000000E+00   -1.000000E+01    0.000000E+00   -1.148000E+01   -1.106208E+01
   2.100000E-09    1.000000E+00    1.453000E+00    1.080000E+02    1.602000E+00   -2.924000E-01   -1.000000E+01    4.069000E+00   -1.000000E+01    4.257000E+00   -1.000000E+01   -1.000000E+01    7.990000E+00    3.894000E+00    7.900000E-01    6.000000E+00    5.500000E+01    2.333000E+00    1.999000E+00    4.360000E+00    1.580000E+00    6.703000E-02    6.389000E-04   -9.652000E+00    2.000000E+00    2.000000E+00    1.380000E+03    9.999000E+01   -1.000000E+01    1.000000E+00   -9.967000E+00   -9.932917E+00
   2.140000E-09    0.000000E+00   -1.549000E-01    1.000000E+01    1.362000E+00   -5.157000E-01    1.000000E+00    3.380000E+00    3.405000E+00    3.922000E+00    1.230000E+00    2.230000E+00    8.770000E+00    1.360000E+01    2.200000E+00    1.000000E+00    1.000000E+00    8.499000E-01    7.849000E-01    8.500000E-01    2.155000E+00    3.459000E-02    9.432000E-04   -9.776000E+00    1.400000E+01    1.000000E+00    2.610000E+03    0.000000E+00   -1.000000E+01    0.000000E+00   -1.074000E+01   -1.085005E+01
   1.560000E-09    1.000000E+00    1.453000E+00    1.080000E+02    1.176000E+00   -1.000000E+01   -1.000000E+01   -1.000000E+01   -1.000000E+01   -1.000000E+01   -1.000000E+01   -1.000000E+01    5.500000E+00    1.297000E+01    3.160000E+00    3.000000E+00    1.700000E+01    2.822000E+00    1.952000E+00    2.890000E+00    1.580000E+00    1.600000E-01    1.162000E-03   -1.452000E+01    2.000000E+00    2.000000E+00    9.000000E+02    9.800000E+01   -1.000000E+01   -1.000000E+00   -9.697000E+00   -9.731850E+00
   2.000000E-09    1.000000E+00    1.279000E+00    9.300000E+01    1.362000E+00   -3.010000E-01   -1.000000E+01    4.061000E+00   -1.000000E+01    4.250000E+00   -1.000000E+01   -1.000000E+01    1.250000E+01    1.045000E+01    2.660000E+00    5.000000E+00    5.300000E+01    3.375000E+00    2.913000E+00    3.850000E+00    1.690000E+00    6.398000E-02    9.432000E-04   -9.668000E+00    2.000000E+00    1.000000E+00    1.600000E+03    4.800000E+01   -1.000000E+01   -1.000000E+00   -1.074000E+01   -1.062550E+01
   8.480000E-10    2.000000E+00    4.771000E-01    2.000000E+00    1.398000E+00   -1.523000E+00   -1.000000E+01   -1.000000E+01    2.603000E+00    2.851000E+00   -1.000000E+01   -1.000000E+01    6.250000E+00    5.212000E+00    8.900000E-01    6.000000E+00    5.600000E+01    2.699000E+00    9.810000E-01    4.360000E+00    8.239000E-01    4.395000E-01    8.974000E-04   -1.028000E+01    8.000000E+00    1.000000E+00    2.640000E+03    0.000000E+00   -1.000000E+01    2.000000E+00   -1.268000E+01   -1.261603E+01
   1.200000E-09    5.000000E+00    1.580000E+00    7.900000E+01    1.398000E+00   -3.768000E-01    1.041000E+00    3.454000E+00    3.583000E+00    4.045000E+00    1.041000E+00    2.714000E+00    8.500000E+00    6.266000E+00    1.360000E+00    7.000000E+00    9.300000E+01    3.387000E+00    1.742000E+00    4.990000E+00    1.318000E+00    2.887000E-01    8.974000E-04   -9.705000E+00    2.000000E+00    2.000000E+00    2.000000E+03    8.000000E+01   -1.000000E+01    1.000000E+00   -1.073000E+01   -1.066212E+01
   2.090000E-09    1.000000E+00    1.447000E+00    1.080000E+02    1.398000E+00   -1.000000E+01   -1.000000E+01   -1.000000E+01   -1.000000E+01   -1.000000E+01   -1.000000E+01   -1.000000E+01    1.200000E+01    3.894000E+00    7.900000E-01    6.000000E+00    5.500000E+01    2.333000E+00    2.090000E+00    4.360000E+00    1.586000E+00    4.778000E-02    8.974000E-04   -1.452000E+01    2.000000E+00    2.000000E+00    9.100000E+02    1.000000E+02   -1.000000E+01    1.000000E+00   -9.599000E+00   -9.612905E+00
   7.900000E-10    2.000000E+00    1.580000E+00    7.900000E+01    1.398000E+00   -1.000000E+00   -1.000000E+01    3.362000E+00   -1.000000E+01    3.550000E+00   -1.000000E+01   -1.000000E+01    1.100000E+01    5.695000E+00    9.500000E-01    5.000000E+00    3.800000E+01    2.491000E+00    8.436000E-01    3.850000E+00    1.318000E+00    4.703000E-01    8.974000E-04   -1.002000E+01    2.000000E+00    3.000000E+00    1.000000E+03    8.200000E+01   -1.000000E+01    2.000000E+00   -9.004000E+00   -8.962760E+00
   1.460000E-09    7.000000E+00    1.408000E+00    7.200000E+01    1.079000E+00   -8.761000E-01   -1.000000E+01    3.458000E+00   -1.000000E+01   -1.000000E+01   -1.000000E+01   -1.000000E+01    7.000000E+00    7.834000E+00    1.900000E+00    6.000000E+00    7.500000E+01    3.309000E+00    2.165000E+00    4.360000E+00    1.449000E+00    1.842000E-01    1.261000E-03   -9.964000E+00    2.000000E+00    1.000000E+00    1.600000E+03    7.500000E+01   -1.000000E+01   -1.000000E+00   -1.059000E+01   -1.048394E+01
   2.100000E-09    5.000000E+00    1.279000E+00    9.300000E+01    1.398000E+00   -1.000000E+01   -1.000000E+01   -1.000000E+01   -1.000000E+01   -1.000000E+01   -1.000000E+01   -1.000000E+01    1.250000E+01    6.759000E+00    1.600000E+00    5.000000E+00    4.100000E+01    2.714000E+00    2.443000E+00    3.850000E+00    1.690000E+00    4.571000E-02    8.974000E-04   -1.452000E+01    2.000000E+00    2.000000E+00    1.600000E+03    4.750000E+01   -1.000000E+01   -1.000000E+00   -1.005000E+01   -1.002159E+01
   1.550000E-09    4.000000E+00    1.436000E+00    5.870000E+01    1.342000E+00   -3.010000E-01   -1.000000E+01    4.061000E+00   -1.000000E+01    4.249000E+00   -1.000000E+01   -1.000000E+01    3.100000E+00    9.752000E+00    2.550000E+00    4.000000E+00    3.400000E+01    2.921000E+00    1.961000E+00    3.450000E+00    1.332000E+00    1.732000E-01    9.673000E-04   -9.669000E+00    2.000000E+00    1.000000E+00    1.500000E+03    7.800000E+01   -1.000000E+01   -1.000000E+00   -1.036000E+01   -1.042917E+01
   2.000000E-09    7.000000E+00    1.744000E+00    8.200000E+01    1.380000E+00   -5.918000E-01    1.146000E+00    3.279000E+00    3.330000E+00    3.785000E+00    1.831000E+00    3.016000E+00    7.500000E+00    7.280000E+00    1.900000E+00    5.000000E+00    4.300000E+01    2.817000E+00    2.423000E+00    3.850000E+00    1.170000E+00    6.544000E-02    9.199000E-04   -9.813000E+00    2.000000E+00    1.000000E+00    9.100000E+02    8.000000E+01   -1.000000E+01   -1.000000E+00   -9.530000E+00   -9.606545E+00
   2.100000E-09    1.000000E+00    1.453000E+00    1.080000E+02    1.602000E+00   -2.000000E+00   -1.000000E+01    2.362000E+00   -1.000000E+01    2.550000E+00   -1.000000E+01   -1.000000E+01    8.370000E+00    3.894000E+00    7.900000E-01    6.000000E+00    5.500000E+01    2.333000E+00    1.999000E+00    4.360000E+00    1.580000E+00    6.703000E-02    6.389000E-04   -1.051000E+01    2.000000E+00    2.000000E+00    1.050000E+03    9.999000E+01   -1.000000E+01    1.000000E+00   -9.693000E+00   -9.689331E+00
   6.240000E-10    3.000000E+00    1.279000E+00    9.300000E+01    1.398000E+00   -2.190000E-01   -1.000000E+01    4.105000E+00    2.983000E+00    2.697000E+00    2.086000E+00   -1.000000E+01    1.250000E+01    5.974000E+00    1.300000E+00    7.000000E+00    9.500000E+01    3.307000E+00    8.845000E-01    4.990000E+00    1.690000E+00    5.727000E-01    8.974000E-04   -9.626000E+00    2.000000E+00    2.000000E+00    1.800000E+03    4.750000E+01   -1.000000E+01    3.000000E+00   -1.065000E+01   -1.067612E+01
   2.000000E-09    1.000000E+00    1.580000E+00    7.900000E+01    1.398000E+00   -2.000000E+00   -1.000000E+01    2.362000E+00   -1.000000E+01   -1.000000E+01   -1.000000E+01   -1.000000E+01    8.200000E+00    1.297000E+01    3.160000E+00    3.000000E+00    1.700000E+01    2.822000E+00    2.419000E+00    2.890000E+00    1.318000E+00    6.690000E-02    8.974000E-04   -1.052000E+01    2.000000E+00    1.000000E+00    4.000000E+02    8.000000E+01   -1.000000E+01   -1.000000E+00   -9.173000E+00   -9.215093E+00
   2.032000E-10    1.000000E+00    1.748000E+00    1.110000E+02    1.602000E+00   -7.620000E-01    1.567000E+00    3.375000E+00    2.707000E+00    3.224000E+00    1.850000E+00    3.685000E+00    7.570000E+00    1.297000E+01    3.160000E+00    3.000000E+00    1.700000E+01    2.822000E+00    2.340000E-01    2.890000E+00    1.297000E+00    1.081000E+00    6.389000E-04   -9.887000E+00    2.000000E+00    1.000000E+00    1.200000E+03    9.200000E+01   -1.000000E+01   -1.000000E+00   -9.756000E+00   -9.845164E+00
   2.090000E-09    1.000000E+00   -1.549000E-01    1.000000E+01    1.398000E+00   -5.157000E-01    1.000000E+00    3.380000E+00    3.405000E+00    3.922000E+00    1.230000E+00    2.230000E+00    8.770000E+00    3.894000E+00    7.900000E-01    6.000000E+00    5.500000E+01    2.333000E+00    2.090000E+00    4.360000E+00    2.155000E+00    4.778000E-02    8.974000E-04   -9.774000E+00    1.400000E+01    1.000000E+00    2.610000E+03    0.000000E+00   -1.000000E+01    1.000000E+00   -1.132000E+01   -1.119643E+01
   2.090000E-09    1.000000E+00    1.580000E+00    7.900000E+01    1.398000E+00   -1.166000E+00    2.934000E+00    2.265000E+00    2.882000E+00    3.027000E+00   -1.000000E+01    1.061000E+00    1.250000E+01    3.894000E+00    7.900000E-01    6.000000E+00    5.500000E+01    2.333000E+00    2.090000E+00    4.360000E+00    1.318000E+00    4.778000E-02    8.974000E-04   -1.010000E+01    2.000000E+00    1.000000E+00    1.700000E+03    8.000000E+01   -1.000000E+01    1.000000E+00   -9.569000E+00   -9.702789E+00
   7.900000E-10    2.000000E+00    1.279000E+00    9.300000E+01    1.398000E+00    8.198000E-01   -1.000000E+01    5.178000E+00    3.983000E+00    5.366000E+00    2.086000E+00   -1.000000E+01    1.250000E+01    5.695000E+00    9.500000E-01    5.000000E+00    3.800000E+01    2.491000E+00    8.436000E-01    3.850000E+00    1.690000E+00    4.703000E-01    8.974000E-04   -9.106000E+00    2.000000E+00    2.000000E+00    1.200000E+03    4.750000E+01   -1.000000E+01    2.000000E+00   -1.000000E+01   -9.928218E+00
   2.570000E-09    1.000000E+00    1.453000E+00    1.080000E+02    1.699000E+00   -3.010000E-01   -1.000000E+01    4.061000E+00   -1.000000E+01    4.249000E+00   -1.000000E+01   -1.000000E+01    6.851000E+00    5.139000E+00    9.300000E-01    3.000000E+00    1.100000E+01    1.777000E+00    1.806000E+00    2.890000E+00    1.580000E+00   -7.034000E-03    5.279000E-04   -9.649000E+00    2.000000E+00    2.000000E+00    1.000000E+03    9.800000E+01   -1.000000E+01    1.000000E+00   -9.559000E+00   -9.557612E+00
   9.230000E-10    4.000000E+00    1.744000E+00    8.200000E+01    1.362000E+00   -5.768000E-01    1.437000E+00    3.430000E+00    3.204000E+00    3.844000E+00    1.086000E+00    3.126000E+00    7.700000E+00    1.126000E+01    2.550000E+00    2.000000E+00    6.000000E+00    1.811000E+00    7.212000E-01    1.990000E+00    1.170000E+00    3.998000E-01    9.432000E-04   -9.806000E+00    2.000000E+00    1.000000E+00    1.250000E+03    8.000000E+01   -1.000000E+01   -2.000000E+00   -1.189000E+01   -1.172522E+01
   5.000000E-10    4.000000E+00    1.744000E+00    8.200000E+01    1.398000E+00   -5.834000E-01    1.146000E+00    3.281000E+00    3.328000E+00    3.810000E+00    1.831000E+00    3.016000E+00    9.402000E+00    6.026000E+00    1.280000E+00    7.000000E+00    9.400000E+01    3.322000E+00    7.118000E-01    4.990000E+00    1.170000E+00    6.690000E-01    8.974000E-04   -9.808000E+00    2.000000E+00    2.000000E+00    2.330000E+03    8.000000E+01    1.954000E+00    0.000000E+00   -1.076000E+01   -1.074182E+01
   9.230000E-10    4.000000E+00    1.279000E+00    9.300000E+01    1.398000E+00    6.990000E-01   -1.000000E+01    5.061000E+00   -1.000000E+01   -1.000000E+01   -1.000000E+01   -1.000000E+01    1.250000E+01    1.126000E+01    2.550000E+00    2.000000E+00    6.000000E+00    1.811000E+00    7.164000E-01    1.990000E+00    1.690000E+00    4.027000E-01    8.974000E-04   -9.167000E+00    2.000000E+00    1.000000E+00    1.600000E+03    4.750000E+01    1.699000E+00   -2.000000E+00   -1.072000E+01   -1.073868E+01
   5.000000E-10    3.000000E+00    1.408000E+00    7.200000E+01    1.301000E+00   -4.765000E-01    1.717000E+00    3.897000E+00   -1.000000E+01    3.706000E+00    2.547000E+00    3.301000E+00    8.600000E+00    5.539000E+00    1.120000E+00    6.000000E+00    5.800000E+01    2.782000E+00    6.065000E-01    4.360000E+00    1.449000E+00    6.616000E-01    1.018000E-03   -9.758000E+00    2.000000E+00    1.000000E+00    1.300000E+03    7.500000E+01    1.477000E+00   -1.000000E+00   -1.032000E+01   -1.042159E+01
   2.140000E-09    0.000000E+00    1.580000E+00    7.900000E+01    1.398000E+00   -1.166000E+00    2.934000E+00    2.265000E+00    2.882000E+00    3.027000E+00   -1.000000E+01    1.061000E+00    1.250000E+01    1.360000E+01    2.200000E+00    1.000000E+00    1.000000E+00    8.499000E-01    7.796000E-01    8.500000E-01    1.318000E+00    3.752000E-02    8.974000E-04   -1.010000E+01    2.000000E+00    1.000000E+00    1.700000E+03    8.200000E+01   -1.000000E+01    0.000000E+00   -1.014000E+01   -1.016612E+01
   1.640000E-09    2.000000E+00    1.279000E+00    9.300000E+01    1.352000E+00   -1.807000E+00   -1.000000E+01    2.378000E+00   -1.000000E+01   -1.000000E+01   -1.000000E+01    2.699000E+00    7.250000E+00    9.752000E+00    2.550000E+00    4.000000E+00    3.400000E+01    2.921000E+00    2.071000E+00    3.450000E+00    1.690000E+00    1.494000E-01    9.552000E-04   -1.042000E+01    2.000000E+00    2.000000E+00    1.600000E+03    5.000000E+01   -1.000000E+01   -1.000000E+00   -1.004000E+01   -1.007023E+01
   6.020000E-10    3.000000E+00    1.580000E+00    7.900000E+01    1.398000E+00   -1.000000E+00   -1.000000E+01    3.362000E+00   -1.000000E+01    3.550000E+00   -1.000000E+01   -1.000000E+01    4.000000E+00    5.670000E+00    1.200000E+00    6.000000E+00    6.300000E+01    2.815000E+00    7.264000E-01    4.360000E+00    1.318000E+00    5.883000E-01    8.974000E-04   -1.002000E+01    2.000000E+00    3.000000E+00    1.000000E+03    8.200000E+01   -1.000000E+01    3.000000E+00   -1.047000E+01   -1.002733E+01
   2.030000E-09    1.000000E+00    1.453000E+00    1.100000E+02    1.362000E+00   -2.000000E+00   -1.000000E+01    2.362000E+00   -1.000000E+01    4.549000E+00   -1.000000E+01   -1.000000E+01    7.000000E+00    1.045000E+01    2.660000E+00    5.000000E+00    5.300000E+01    3.375000E+00    2.956000E+00    3.850000E+00    1.588000E+00    5.751000E-02    9.432000E-04   -1.052000E+01    2.000000E+00    1.000000E+00    8.000000E+02    9.800000E+01   -1.000000E+01   -1.000000E+00   -1.161000E+01   -1.139450E+01
   6.600000E-10    2.000000E+00    1.279000E+00    9.300000E+01    1.398000E+00    8.198000E-01   -1.000000E+01    5.178000E+00    3.983000E+00    5.366000E+00    2.086000E+00   -1.000000E+01    1.250000E+01    7.640000E+00    1.910000E+00    4.000000E+00    2.800000E+01    2.586000E+00    7.315000E-01    3.450000E+00    1.690000E+00    5.484000E-01    8.974000E-04   -9.106000E+00    2.000000E+00    2.000000E+00    1.800000E+03    4.750000E+01   -1.000000E+01    2.000000E+00   -1.063000E+01   -1.061373E+01
   2.000000E-09    1.000000E+00    1.453000E+00    1.080000E+02    1.778000E+00   -2.924000E-01   -1.000000E+01    4.069000E+00   -1.000000E+01    4.257000E+00   -1.000000E+01   -1.000000E+01    6.483000E+00    1.045000E+01    2.660000E+00    5.000000E+00    5.300000E+01    3.375000E+00    2.589000E+00    3.850000E+00    1.580000E+00    1.151000E-01    4.494000E-04   -9.638000E+00    2.000000E+00    2.000000E+00    9.000000E+02    9.999000E+01   -1.000000E+01   -1.000000E+00   -9.599000E+00   -9.641452E+00
   9.230000E-10    4.000000E+00    1.279000E+00    9.300000E+01    1.398000E+00   -1.796000E+00   -1.000000E+01    2.867000E+00   -1.000000E+01   -1.000000E+01   -1.000000E+01   -1.000000E+01    1.250000E+01    1.126000E+01    2.550000E+00    2.000000E+00    6.000000E+00    1.811000E+00    7.164000E-01    1.990000E+00    1.690000E+00    4.027000E-01    8.974000E-04   -1.041000E+01    2.000000E+00    1.000000E+00    1.600000E+03    4.750000E+01    1.699000E+00   -2.000000E+00   -1.134000E+01   -1.118791E+01
   7.300000E-10    2.000000E+00    1.580000E+00    7.870000E+01    1.398000E+00   -1.000000E+00   -1.000000E+01    3.362000E+00   -1.000000E+01   -1.000000E+01   -1.000000E+01   -1.000000E+01    6.053000E+00    7.881000E+00    1.880000E+00    4.000000E+00    2.700000E+01    2.626000E+00    8.217000E-01    3.450000E+00    1.316000E+00    5.046000E-01    8.974000E-04   -1.002000E+01    2.000000E+00    1.000000E+00    1.600000E+03    8.200000E+01   -1.000000E+01    2.000000E+00   -1.054000E+01   -1.051989E+01
   2.000000E-09    1.000000E+00    1.279000E+00    9.300000E+01    1.352000E+00   -2.000000E+00   -1.000000E+01    1.362000E+00   -1.000000E+01   -1.000000E+01   -1.000000E+01   -1.000000E+01    1.250000E+01    1.297000E+01    3.160000E+00    3.000000E+00    1.700000E+01    2.822000E+00    2.440000E+00    2.890000E+00    1.690000E+00    6.324000E-02    9.552000E-04   -1.052000E+01    2.000000E+00    1.000000E+00    1.600000E+03    4.750000E+01    1.477000E+00   -1.000000E+00   -1.111000E+01   -1.107055E+01
   2.000000E-09    1.000000E+00    6.232000E-01    6.700000E+01    1.544000E+00   -1.065000E+00    3.096000E+00    3.070000E+00    2.312000E+00    3.156000E+00    2.190000E+00    3.054000E+00    7.580000E+00    1.045000E+01    2.660000E+00    5.000000E+00    5.300000E+01    3.375000E+00    2.799000E+00    3.850000E+00    2.203000E+00    8.123000E-02    7.106000E-04   -1.004000E+01    1.300000E+01    1.000000E+00    2.650000E+03    0.000000E+00   -1.000000E+01   -1.000000E+00   -1.236000E+01   -1.236527E+01
   1.460000E-09    7.000000E+00    1.408000E+00    7.200000E+01    1.079000E+00   -1.355000E-01   -1.000000E+01    4.221000E+00   -1.000000E+01   -1.000000E+01   -1.000000E+01   -1.000000E+01    7.000000E+00    7.834000E+00    1.900000E+00    6.000000E+00    7.500000E+01    3.309000E+00    2.165000E+00    4.360000E+00    1.449000E+00    1.842000E-01    1.261000E-03   -9.594000E+00    2.000000E+00    1.000000E+00    1.600000E+03    7.500000E+01   -1.000000E+01   -1.000000E+00   -1.023000E+01   -1.036580E+01
   2.000000E-09    1.000000E+00   -5.229000E-01    8.000000E-01    1.380000E+00   -1.470000E+00    2.204000E+00    2.529000E+00    2.672000E+00    1.623000E+00   -1.000000E+01    1.362000E+00    1.160000E+01    1.297000E+01    3.160000E+00    3.000000E+00    1.700000E+01    2.822000E+00    2.427000E+00    2.890000E+00    1.426000E+00    6.544000E-02    9.199000E-04   -1.025000E+01    1.600000E+01    1.000000E+00    2.100000E+03    0.000000E+00   -1.000000E+01   -1.000000E+00   -9.886000E+00   -9.995802E+00
   6.020000E-10    3.000000E+00    1.580000E+00    7.900000E+01    1.398000E+00   -1.000000E+00   -1.000000E+01    3.362000E+00   -1.000000E+01    3.550000E+00   -1.000000E+01   -1.000000E+01    5.000000E+00    5.670000E+00    1.200000E+00    6.000000E+00    6.300000E+01    2.815000E+00    7.264000E-01    4.360000E+00    1.318000E+00    5.883000E-01    8.974000E-04   -1.002000E+01    2.000000E+00    3.000000E+00    1.000000E+03    8.200000E+01   -1.000000E+01    3.000000E+00   -9.721000E+00   -1.002691E+01
   2.000000E-09    1.000000E+00    6.232000E-01    6.700000E+01    1.623000E+00   -1.065000E+00    3.096000E+00    3.070000E+00    2.312000E+00    3.156000E+00    2.190000E+00    3.054000E+00    7.580000E+00    1.045000E+01    2.660000E+00    5.000000E+00    5.300000E+01    3.375000E+00    2.737000E+00    3.850000E+00    2.203000E+00    9.098000E-02    6.135000E-04   -1.004000E+01    1.300000E+01    1.000000E+00    2.630000E+03    0.000000E+00   -1.000000E+01   -1.000000E+00   -1.237000E+01   -1.237584E+01
   1.350000E-09    1.000000E+00    1.453000E+00    1.080000E+02    1.398000E+00   -1.301000E+00   -1.000000E+01    3.061000E+00   -1.000000E+01    3.249000E+00   -1.000000E+01   -1.000000E+01    7.374000E+00    5.139000E+00    9.300000E-01    3.000000E+00    1.100000E+01    1.777000E+00    1.028000E+00    2.890000E+00    1.580000E+00    2.376000E-01    8.974000E-04   -1.017000E+01    2.000000E+00    2.000000E+00    1.000000E+03    9.800000E+01   -1.000000E+01    1.000000E+00   -9.839000E+00   -9.798602E+00
   2.090000E-09    1.000000E+00    1.447000E+00    1.080000E+02    1.398000E+00   -1.000000E+01   -1.000000E+01   -1.000000E+01   -1.000000E+01   -1.000000E+01   -1.000000E+01   -1.000000E+01    1.050000E+01    3.894000E+00    7.900000E-01    6.000000E+00    5.500000E+01    2.333000E+00    2.090000E+00    4.360000E+00    1.586000E+00    4.778000E-02    8.974000E-04   -1.452000E+01    2.000000E+00    2.000000E+00    1.330000E+03    1.000000E+02   -1.000000E+01    1.000000E+00   -9.955000E+00   -9.993121E+00
   2.100000E-09    0.000000E+00    1.279000E+00    9.300000E+01    1.398000E+00   -2.190000E-01   -1.000000E+01    4.105000E+00    2.983000E+00    2.697000E+00    2.086000E+00   -1.000000E+01    1.250000E+01    1.360000E+01    2.200000E+00    1.000000E+00    1.000000E+00    8.499000E-01    7.650000E-01    8.500000E-01    1.690000E+00    4.571000E-02    8.974000E-04   -9.626000E+00    2.000000E+00    2.000000E+00    1.800000E+03    4.750000E+01   -1.000000E+01    0.000000E+00   -1.005000E+01   -1.003520E+01
   1.010000E-09    1.000000E+00    1.453000E+00    1.080000E+02    1.176000E+00   -1.000000E+01   -1.000000E+01   -1.000000E+01   -1.000000E+01   -1.000000E+01   -1.000000E+01   -1.000000E+01    5.598000E+00    5.139000E+00    9.300000E-01    3.000000E+00    1.100000E+01    1.777000E+00    7.958000E-01    2.890000E+00    1.580000E+00    3.488000E-01    1.162000E-03   -1.452000E+01    2.000000E+00    2.000000E+00    1.800000E+03    9.800000E+01   -1.000000E+01    1.000000E+00   -1.066000E+01   -1.067761E+01
   1.360000E-09    5.000000E+00    1.453000E+00    1.080000E+02    1.362000E+00   -1.301000E+00   -1.000000E+01    3.061000E+00   -1.000000E+01    3.249000E+00   -1.000000E+01   -1.000000E+01    9.000000E+00    6.266000E+00    1.360000E+00    7.000000E+00    9.300000E+01    3.387000E+00    1.988000E+00    4.990000E+00    1.580000E+00    2.315000E-01    9.432000E-04   -1.017000E+01    2.000000E+00    1.000000E+00    8.000000E+02    9.900000E+01   -1.000000E+01    1.000000E+00   -9.678000E+00   -9.936243E+00
   1.330000E-09    1.000000E+00    1.833000E+00    7.100000E+01    1.398000E+00   -1.000000E+00   -1.000000E+01    3.362000E+00   -1.000000E+01   -1.000000E+01   -1.000000E+01   -1.000000E+01    5.000000E+00    5.139000E+00    9.300000E-01    3.000000E+00    1.100000E+01    1.777000E+00    1.013000E+00    2.890000E+00    1.019000E+00    2.441000E-01    8.974000E-04   -1.002000E+01    6.000000E+00    1.000000E+00    1.900000E+03    0.000000E+00   -1.000000E+01    1.000000E+00   -9.409000E+00   -9.408859E+00
   2.140000E-09    0.000000E+00    1.580000E+00    7.900000E+01    1.362000E+00   -7.747000E-01    2.220000E+00    3.380000E+00    2.982000E+00    3.643000E+00   -1.000000E+01    2.294000E+00    1.160000E+01    1.360000E+01    2.200000E+00    1.000000E+00    1.000000E+00    8.499000E-01    7.849000E-01    8.500000E-01    1.318000E+00    3.459000E-02    9.432000E-04   -9.905000E+00    2.000000E+00    1.000000E+00    1.810000E+03    8.200000E+01    1.778000E+00    0.000000E+00   -1.017000E+01   -1.017135E+01
   4.530000E-09    1.000000E+00    1.580000E+00    7.900000E+01    1.398000E+00   -3.768000E-01    1.041000E+00    3.454000E+00    3.583000E+00    4.045000E+00    1.041000E+00    2.714000E+00    8.500000E+00    3.894000E+00    7.900000E-01    6.000000E+00    5.500000E+01    2.333000E+00    4.530000E+00    4.360000E+00    1.318000E+00   -2.882000E-01    8.974000E-04   -9.705000E+00    2.000000E+00    2.000000E+00    2.000000E+03    8.000000E+01   -1.000000E+01    1.000000E+00   -1.015000E+01   -1.005002E+01
   7.420000E-10    1.000000E+00    1.453000E+00    1.080000E+02    6.990000E-01   -1.000000E+01   -1.000000E+01   -1.000000E+01   -1.000000E+01   -1.000000E+01   -1.000000E+01   -1.000000E+01    5.871000E+00    5.139000E+00    9.300000E-01    3.000000E+00    1.100000E+01    1.777000E+00    6.056000E-01    2.890000E+00    1.580000E+00    4.674000E-01    1.536000E-03   -1.453000E+01    2.000000E+00    2.000000E+00    1.000000E+03    9.800000E+01   -1.000000E+01    1.000000E+00   -1.011000E+01   -1.013485E+01
   2.100000E-09    1.000000E+00    1.453000E+00    1.080000E+02    1.778000E+00   -2.924000E-01   -1.000000E+01    4.069000E+00   -1.000000E+01    4.257000E+00   -1.000000E+01   -1.000000E+01    8.047000E+00    3.894000E+00    7.900000E-01    6.000000E+00    5.500000E+01    2.333000E+00    1.879000E+00    4.360000E+00    1.580000E+00    9.392000E-02    4.494000E-04   -9.638000E+00    2.000000E+00    2.000000E+00    1.010000E+03    9.999000E+01   -1.000000E+01    1.000000E+00   -9.660000E+00   -9.655504E+00
   6.240000E-10    3.000000E+00    1.279000E+00    9.300000E+01    1.398000E+00   -1.000000E+01   -1.000000E+01   -1.000000E+01   -1.000000E+01   -1.000000E+01   -1.000000E+01   -1.000000E+01    1.250000E+01    5.974000E+00    1.300000E+00    7.000000E+00    9.500000E+01    3.307000E+00    8.845000E-01    4.990000E+00    1.690000E+00    5.727000E-01    8.974000E-04   -1.452000E+01    2.000000E+00    2.000000E+00    1.600000E+03    4.750000E+01   -1.000000E+01    3.000000E+00   -1.058000E+01   -1.059171E+01
   2.000000E-09    1.000000E+00    2.025000E+00    8.100000E+01    1.398000E+00   -1.000000E+00   -1.000000E+01    3.362000E+00   -1.000000E+01    3.550000E+00   -1.000000E+01   -1.000000E+01    9.480000E+00    1.297000E+01    3.160000E+00    3.000000E+00    1.700000E+01    2.822000E+00    2.419000E+00    2.890000E+00    8.832000E-01    6.690000E-02    8.974000E-04   -1.002000E+01    2.500000E+01    1.000000E+00    1.530000E+03    0.000000E+00   -1.000000E+01   -1.000000E+00   -1.102000E+01   -1.077409E+01
   2.100000E-09    1.000000E+00    1.453000E+00    1.080000E+02    1.602000E+00   -2.924000E-01   -1.000000E+01    4.069000E+00   -1.000000E+01    4.257000E+00   -1.000000E+01   -1.000000E+01    8.072000E+00    3.894000E+00    7.900000E-01    6.000000E+00    5.500000E+01    2.333000E+00    1.999000E+00    4.360000E+00    1.580000E+00    6.703000E-02    6.389000E-04   -9.652000E+00    2.000000E+00    2.000000E+00    9.100000E+02    9.999000E+01   -1.000000E+01    1.000000E+00   -9.585000E+00   -9.635446E+00
   2.000000E-09    1.000000E+00    6.021000E-01    6.700000E+01    1.398000E+00   -1.208000E+00    7.796000E-01    2.716000E+00    2.301000E+00    2.944000E+00    2.176000E+00    3.041000E+00    7.520000E+00    1.045000E+01    2.660000E+00    5.000000E+00    5.300000E+01    3.375000E+00    2.893000E+00    3.850000E+00    2.224000E+00    6.690000E-02    8.974000E-04   -1.012000E+01    1.300000E+01    1.000000E+00    2.770000E+03    0.000000E+00   -1.000000E+01   -1.000000E+00   -1.157000E+01   -1.168502E+01
   2.090000E-09    4.000000E+00    1.580000E+00    7.900000E+01    1.398000E+00   -1.456000E+00    1.041000E+00    2.824000E+00    8.202000E-01    2.121000E+00   -1.000000E+01    2.940000E+00    8.900000E+00    6.307000E+00    1.300000E+00    7.000000E+00    9.000000E+01    3.398000E+00    3.044000E+00    4.990000E+00    1.318000E+00    4.778000E-02    8.974000E-04   -1.024000E+01    2.000000E+00    2.000000E+00    2.000000E+03    8.000000E+01   -1.000000E+01    0.000000E+00   -1.049000E+01   -1.046200E+01
   2.000000E-09    1.000000E+00    6.128000E-01    1.090000E+01    1.398000E+00   -2.000000E+00   -1.000000E+01    2.362000E+00   -1.000000E+01    2.550000E+00   -1.000000E+01   -1.000000E+01    8.000000E+00    1.045000E+01    2.660000E+00    5.000000E+00    5.300000E+01    3.375000E+00    2.893000E+00    3.850000E+00    1.425000E+00    6.690000E-02    8.974000E-04   -1.052000E+01    2.800000E+01    2.000000E+00    2.250000E+03    0.000000E+00   -1.000000E+01   -1.000000E+00   -9.991000E+00   -1.032054E+01
   1.550000E-09    4.000000E+00   -1.549000E-01    1.000000E+01    1.398000E+00   -1.000000E+00   -1.000000E+01    3.362000E+00   -1.000000E+01   -1.000000E+01   -1.000000E+01   -1.000000E+01    7.500000E+00    9.752000E+00    2.550000E+00    4.000000E+00    3.400000E+01    2.921000E+00    1.941000E+00    3.450000E+00    2.155000E+00    1.776000E-01    8.974000E-04   -1.002000E+01    1.400000E+01    1.000000E+00    2.569000E+03    0.000000E+00   -1.000000E+01   -1.000000E+00   -1.251000E+01   -1.248491E+01
   8.470000E-10    2.000000E+00    1.748000E+00    1.110000E+02    1.903000E+00   -7.282000E-01    1.596000E+00    3.415000E+00    2.736000E+00    3.353000E+00    1.827000E+00    3.670000E+00    7.560000E+00    5.212000E+00    8.900000E-01    6.000000E+00    5.600000E+01    2.699000E+00    8.272000E-01    4.360000E+00    1.297000E+00    5.136000E-01    3.547000E-04   -9.844000E+00    2.000000E+00    1.000000E+00    1.400000E+03    9.200000E+01   -1.000000E+01    2.000000E+00   -8.626000E+00   -8.756069E+00
   8.050000E-10    2.000000E+00    1.580000E+00    7.870000E+01    1.398000E+00   -3.010000E-01   -1.000000E+01    4.061000E+00   -1.000000E+01   -1.000000E+01   -1.000000E+01   -1.000000E+01    7.260000E+00    5.695000E+00    9.500000E-01    5.000000E+00    3.800000E+01    2.491000E+00    8.596000E-01    3.850000E+00    1.316000E+00    4.621000E-01    8.974000E-04   -9.667000E+00    2.000000E+00    1.000000E+00    1.800000E+03    8.200000E+01   -1.000000E+01    2.000000E+00   -1.069000E+01   -1.056134E+01
   2.090000E-09    1.000000E+00    1.744000E+00    8.200000E+01    1.380000E+00   -6.108000E-01    1.176000E+00    3.262000E+00    3.292000E+00    3.770000E+00    1.447000E+00    3.051000E+00    7.200000E+00    3.894000E+00    7.900000E-01    6.000000E+00    5.500000E+01    2.333000E+00    2.097000E+00    4.360000E+00    1.170000E+00    4.632000E-02    9.199000E-04   -9.822000E+00    2.000000E+00    1.000000E+00    1.370000E+03    8.000000E+01   -1.000000E+01    1.000000E+00   -1.154000E+01   -1.100391E+01
   1.550000E-09    4.000000E+00    1.408000E+00    7.200000E+01    1.398000E+00    1.199000E-02   -1.000000E+01    4.350000E+00   -1.000000E+01   -1.000000E+01   -1.000000E+01   -1.000000E+01    7.000000E+00    9.752000E+00    2.550000E+00    4.000000E+00    3.400000E+01    2.921000E+00    1.941000E+00    3.450000E+00    1.449000E+00    1.776000E-01    8.974000E-04   -9.510000E+00    2.000000E+00    1.000000E+00    1.600000E+03    7.500000E+01   -1.000000E+01   -1.000000E+00   -1.033000E+01   -1.043355E+01
   6.240000E-10    3.000000E+00    1.580000E+00    7.900000E+01    1.398000E+00   -3.000000E+00   -1.000000E+01   -1.000000E+01   -1.000000E+01   -1.000000E+01    2.086000E+00   -1.000000E+01    8.200000E+00    5.974000E+00    1.300000E+00    7.000000E+00    9.500000E+01    3.307000E+00    8.845000E-01    4.990000E+00    1.318000E+00    5.727000E-01    8.974000E-04   -1.102000E+01    2.000000E+00    2.000000E+00    2.100000E+03    8.000000E+01   -1.000000E+01    3.000000E+00   -1.113000E+01   -1.098726E+01
   1.010000E-09    1.000000E+00    1.453000E+00    1.080000E+02    1.176000E+00   -1.000000E+01   -1.000000E+01   -1.000000E+01   -1.000000E+01   -1.000000E+01   -1.000000E+01   -1.000000E+01    5.663000E+00    5.139000E+00    9.300000E-01    3.000000E+00    1.100000E+01    1.777000E+00    7.958000E-01    2.890000E+00    1.580000E+00    3.488000E-01    1.162000E-03   -1.452000E+01    2.000000E+00    2.000000E+00    1.800000E+03    9.800000E+01   -1.000000E+01    1.000000E+00   -1.071000E+01   -1.067769E+01
   2.000000E-09    1.000000E+00    1.279000E+00    9.300000E+01    1.398000E+00   -1.383000E+00   -1.000000E+01    2.985000E+00   -1.000000E+01   -1.000000E+01    3.178000E+00    2.584000E+00    1.020000E+01    1.045000E+01    2.660000E+00    5.000000E+00    5.300000E+01    3.375000E+00    2.893000E+00    3.850000E+00    1.690000E+00    6.690000E-02    8.974000E-04   -1.021000E+01    2.000000E+00    1.000000E+00    1.600000E+03    4.750000E+01    1.954000E+00   -1.000000E+00   -9.796000E+00   -9.903975E+00
   1.550000E-09    4.000000E+00    6.232000E-01    6.700000E+01    1.398000E+00   -6.615000E-01    9.081000E-01    3.294000E+00    3.577000E+00    3.659000E+00    1.000000E+00    3.051000E+00    7.200000E+00    9.752000E+00    2.550000E+00    4.000000E+00    3.400000E+01    2.921000E+00    1.941000E+00    3.450000E+00    2.203000E+00    1.776000E-01    8.974000E-04   -9.847000E+00    1.300000E+01    1.000000E+00    1.450000E+03    0.000000E+00   -1.000000E+01   -1.000000E+00   -9.690000E+00   -9.408555E+00
   1.350000E-09    1.000000E+00    1.453000E+00    1.080000E+02    1.398000E+00   -1.000000E+01   -1.000000E+01   -1.000000E+01   -1.000000E+01   -1.000000E+01   -1.000000E+01   -1.000000E+01    7.806000E+00    5.139000E+00    9.300000E-01    3.000000E+00    1.100000E+01    1.777000E+00    1.028000E+00    2.890000E+00    1.580000E+00    2.376000E-01    8.974000E-04   -1.452000E+01    2.000000E+00    2.000000E+00    7.000000E+02    9.800000E+01   -1.000000E+01    1.000000E+00   -9.604000E+00   -9.563013E+00
   2.000000E-09    1.000000E+00   -5.229000E-01    8.000000E-01    1.380000E+00   -1.470000E+00    2.204000E+00    2.529000E+00    2.672000E+00    1.623000E+00   -1.000000E+01    1.362000E+00    1.160000E+01    1.297000E+01    3.160000E+00    3.000000E+00    1.700000E+01    2.822000E+00    2.427000E+00    2.890000E+00    1.426000E+00    6.544000E-02    9.199000E-04   -1.025000E+01    1.600000E+01    1.000000E+00    2.100000E+03    0.000000E+00   -1.000000E+01   -1.000000E+00   -9.886000E+00   -9.995802E+00
   1.010000E-09    1.000000E+00    1.453000E+00    1.080000E+02    1.176000E+00   -1.000000E+01   -1.000000E+01   -1.000000E+01   -1.000000E+01   -1.000000E+01   -1.000000E+01   -1.000000E+01    7.189000E+00    5.139000E+00    9.300000E-01    3.000000E+00    1.100000E+01    1.777000E+00    7.958000E-01    2.890000E+00    1.580000E+00    3.488000E-01    1.162000E-03   -1.452000E+01    2.000000E+00    2.000000E+00    8.000000E+02    9.800000E+01   -1.000000E+01    1.000000E+00   -9.807000E+00   -9.823321E+00
   2.020000E-09    1.000000E+00    2.025000E+00    8.100000E+01    1.398000E+00   -3.010000E-01   -1.000000E+01    4.061000E+00   -1.000000E+01    4.250000E+00   -1.000000E+01   -1.000000E+01    1.250000E+01    1.045000E+01    2.660000E+00    5.000000E+00    5.300000E+01    3.375000E+00    2.922000E+00    3.850000E+00    8.832000E-01    6.258000E-02    8.974000E-04   -9.667000E+00    2.500000E+01    1.000000E+00    1.650000E+03    0.000000E+00   -1.000000E+01   -1.000000E+00   -1.022000E+01   -1.045046E+01
   8.050000E-10    2.000000E+00    1.580000E+00    7.870000E+01    1.398000E+00   -3.010000E-01   -1.000000E+01    4.061000E+00   -1.000000E+01    4.249000E+00   -1.000000E+01   -1.000000E+01    6.190000E+00    5.695000E+00    9.500000E-01    5.000000E+00    3.800000E+01    2.491000E+00    8.596000E-01    3.850000E+00    1.316000E+00    4.621000E-01    8.974000E-04   -9.667000E+00    2.000000E+00    1.000000E+00    1.750000E+03    8.200000E+01   -1.000000E+01    2.000000E+00   -9.538000E+00   -9.618290E+00
   2.270000E-09    0.000000E+00    1.453000E+00    1.100000E+02    1.362000E+00   -3.010000E-01   -1.000000E+01    4.061000E+00   -1.000000E+01    4.249000E+00   -1.000000E+01   -1.000000E+01    7.000000E+00    1.360000E+01    2.200000E+00    1.000000E+00    1.000000E+00    8.499000E-01    8.326000E-01    8.500000E-01    1.588000E+00    8.980000E-03    9.432000E-04   -9.668000E+00    2.000000E+00    1.000000E+00    8.000000E+02    9.800000E+01   -1.000000E+01    0.000000E+00   -1.008000E+01   -1.000037E+01
   2.100000E-09    0.000000E+00    1.279000E+00    9.300000E+01    1.398000E+00    8.198000E-01   -1.000000E+01    5.178000E+00    3.983000E+00    5.366000E+00    2.086000E+00   -1.000000E+01    1.250000E+01    1.360000E+01    2.200000E+00    1.000000E+00    1.000000E+00    8.499000E-01    7.650000E-01    8.500000E-01    1.690000E+00    4.571000E-02    8.974000E-04   -9.106000E+00    2.000000E+00    2.000000E+00    1.800000E+03    4.750000E+01   -1.000000E+01    0.000000E+00   -9.876000E+00   -1.005352E+01
   1.460000E-09    7.000000E+00    1.474000E+00    7.600000E+01    1.398000E+00   -6.882000E-01   -1.000000E+01    3.663000E+00   -1.000000E+01    3.851000E+00   -1.000000E+01   -1.000000E+01    7.000000E+00    7.834000E+00    1.900000E+00    6.000000E+00    7.500000E+01    3.309000E+00    2.071000E+00    4.360000E+00    1.407000E+00    2.036000E-01    8.974000E-04   -9.860000E+00    2.000000E+00    1.000000E+00    1.600000E+03    8.130000E+01   -1.000000E+01   -1.000000E+00   -1.064000E+01   -1.069128E+01
   5.000000E-10    4.000000E+00    1.744000E+00    8.200000E+01    1.398000E+00   -5.834000E-01    1.146000E+00    3.281000E+00    3.328000E+00    3.810000E+00    1.831000E+00    3.016000E+00    9.327000E+00    6.026000E+00    1.280000E+00    7.000000E+00    9.400000E+01    3.322000E+00    7.118000E-01    4.990000E+00    1.170000E+00    6.690000E-01    8.974000E-04   -9.808000E+00    2.000000E+00    2.000000E+00    1.740000E+03    8.000000E+01    1.875000E+00    0.000000E+00   -1.033000E+01   -1.038427E+01
   1.970000E-09    1.000000E+00    1.744000E+00    8.200000E+01    1.380000E+00   -6.576000E-01    1.176000E+00    3.262000E+00    3.292000E+00    3.770000E+00    1.447000E+00    3.583000E+00    7.200000E+00    1.045000E+01    2.660000E+00    5.000000E+00    5.300000E+01    3.375000E+00    2.859000E+00    3.850000E+00    1.170000E+00    7.200000E-02    9.199000E-04   -9.846000E+00    2.000000E+00    1.000000E+00    1.290000E+03    8.000000E+01   -1.000000E+01   -1.000000E+00   -9.857000E+00   -9.960032E+00
   9.230000E-10    4.000000E+00    1.744000E+00    8.200000E+01    1.362000E+00   -5.768000E-01    1.437000E+00    3.430000E+00    3.204000E+00    3.844000E+00    1.086000E+00    3.126000E+00    7.700000E+00    1.126000E+01    2.550000E+00    2.000000E+00    6.000000E+00    1.811000E+00    7.212000E-01    1.990000E+00    1.170000E+00    3.998000E-01    9.432000E-04   -9.806000E+00    2.000000E+00    1.000000E+00    9.600000E+02    8.000000E+01   -1.000000E+01   -2.000000E+00   -1.096000E+01   -1.116038E+01
   1.200000E-09    4.000000E+00    1.279000E+00    9.300000E+01    1.398000E+00   -1.000000E+01   -1.000000E+01   -1.000000E+01   -1.000000E+01   -1.000000E+01   -1.000000E+01   -1.000000E+01    1.250000E+01    6.266000E+00    1.360000E+00    7.000000E+00    9.300000E+01    3.387000E+00    1.742000E+00    4.990000E+00    1.690000E+00    2.887000E-01    8.974000E-04   -1.452000E+01    2.000000E+00    2.000000E+00    1.600000E+03    4.750000E+01   -1.000000E+01    0.000000E+00   -1.029000E+01   -1.037007E+01
   7.420000E-10    1.000000E+00    1.453000E+00    1.080000E+02    6.990000E-01   -1.000000E+01   -1.000000E+01   -1.000000E+01   -1.000000E+01   -1.000000E+01   -1.000000E+01   -1.000000E+01    5.871000E+00    5.139000E+00    9.300000E-01    3.000000E+00    1.100000E+01    1.777000E+00    6.056000E-01    2.890000E+00    1.580000E+00    4.674000E-01    1.536000E-03   -1.453000E+01    2.000000E+00    2.000000E+00    1.000000E+03    9.800000E+01   -1.000000E+01    1.000000E+00   -1.010000E+01   -1.013485E+01
   1.550000E-09    1.000000E+00    1.453000E+00    1.080000E+02    1.477000E+00   -1.000000E+01   -1.000000E+01   -1.000000E+01   -1.000000E+01   -1.000000E+01   -1.000000E+01   -1.000000E+01    7.073000E+00    5.139000E+00    9.300000E-01    3.000000E+00    1.100000E+01    1.777000E+00    1.161000E+00    2.890000E+00    1.580000E+00    1.848000E-01    7.959000E-04   -1.451000E+01    2.000000E+00    2.000000E+00    1.000000E+03    9.800000E+01   -1.000000E+01    1.000000E+00   -9.793000E+00   -9.796056E+00
   2.090000E-09    1.000000E+00    1.744000E+00    8.200000E+01    1.380000E+00   -6.108000E-01    1.176000E+00    3.262000E+00    3.292000E+00    3.770000E+00    1.447000E+00    3.051000E+00    7.200000E+00    3.894000E+00    7.900000E-01    6.000000E+00    5.500000E+01    2.333000E+00    2.097000E+00    4.360000E+00    1.170000E+00    4.632000E-02    9.199000E-04   -9.822000E+00    2.000000E+00    1.000000E+00    1.330000E+03    8.000000E+01   -1.000000E+01    1.000000E+00   -1.115000E+01   -1.077014E+01
   8.480000E-10    2.000000E+00    4.771000E-01    2.000000E+00    1.398000E+00   -3.523000E+00   -1.000000E+01   -1.000000E+01    6.031000E-01    8.513000E-01   -1.000000E+01   -1.000000E+01    6.250000E+00    5.212000E+00    8.900000E-01    6.000000E+00    5.600000E+01    2.699000E+00    9.810000E-01    4.360000E+00    8.239000E-01    4.395000E-01    8.974000E-04   -1.128000E+01    8.000000E+00    1.000000E+00    2.640000E+03    0.000000E+00   -1.000000E+01    2.000000E+00   -1.213000E+01   -1.228951E+01
   2.570000E-09    1.000000E+00    1.453000E+00    1.080000E+02    1.699000E+00   -1.000000E+01   -1.000000E+01   -1.000000E+01   -1.000000E+01   -1.000000E+01   -1.000000E+01   -1.000000E+01    7.536000E+00    5.139000E+00    9.300000E-01    3.000000E+00    1.100000E+01    1.777000E+00    1.806000E+00    2.890000E+00    1.580000E+00   -7.034000E-03    5.279000E-04   -1.450000E+01    2.000000E+00    2.000000E+00    9.000000E+02    9.800000E+01   -1.000000E+01    1.000000E+00   -9.479000E+00   -9.466726E+00
   1.200000E-09    5.000000E+00    1.771000E+00    9.200000E+01    1.301000E+00   -2.000000E+00   -1.000000E+01    2.362000E+00   -1.000000E+01   -1.000000E+01   -1.000000E+01   -1.000000E+01    6.000000E+00    6.266000E+00    1.360000E+00    7.000000E+00    9.300000E+01    3.387000E+00    1.772000E+00    4.990000E+00    1.193000E+00    2.814000E-01    1.018000E-03   -1.052000E+01    3.000000E+00    2.000000E+00    7.800000E+02    9.800000E+01   -1.000000E+01    1.000000E+00   -9.682000E+00   -9.629188E+00
   2.570000E-09    1.000000E+00    1.453000E+00    1.080000E+02    1.699000E+00   -1.000000E+00   -1.000000E+01    3.362000E+00   -1.000000E+01    3.550000E+00   -1.000000E+01   -1.000000E+01    7.076000E+00    5.139000E+00    9.300000E-01    3.000000E+00    1.100000E+01    1.777000E+00    1.806000E+00    2.890000E+00    1.580000E+00   -7.034000E-03    5.279000E-04   -9.999000E+00    2.000000E+00    2.000000E+00    1.000000E+03    9.800000E+01   -1.000000E+01    1.000000E+00   -9.559000E+00   -9.552786E+00
   1.000000E-10    6.000000E+00    1.447000E+00    1.080000E+02    1.398000E+00   -1.000000E+01   -1.000000E+01   -1.000000E+01   -1.000000E+01   -1.000000E+01   -1.000000E+01   -1.000000E+01    9.000000E+00    6.194000E+00    1.380000E+00    7.000000E+00    9.200000E+01    3.368000E+00    1.443000E-01    4.990000E+00    1.586000E+00    1.368000E+00    8.974000E-04   -1.452000E+01    2.000000E+00    2.000000E+00    1.000000E+03    9.990000E+01   -1.000000E+01   -1.000000E+00   -1.097000E+01   -1.079151E+01
   1.300000E-09    1.000000E+00   -2.218000E-01    1.730000E+01    1.398000E+00   -1.292000E+00   -6.990000E-01    9.823000E-01    7.497000E-01    2.967000E-01    1.348000E+00    9.581000E-01    8.920000E+00    5.139000E+00    9.300000E-01    3.000000E+00    1.100000E+01    1.777000E+00    9.899000E-01    2.890000E+00    2.460000E+00    2.540000E-01    8.974000E-04   -1.016000E+01    2.700000E+01    1.000000E+00    2.440000E+03    0.000000E+00   -1.000000E+01    1.000000E+00   -1.072000E+01   -1.075284E+01
   1.200000E-09    4.000000E+00    1.279000E+00    9.300000E+01    1.398000E+00   -2.190000E-01   -1.000000E+01    4.105000E+00    2.983000E+00    2.697000E+00    2.086000E+00   -1.000000E+01    1.250000E+01    6.266000E+00    1.360000E+00    7.000000E+00    9.300000E+01    3.387000E+00    1.742000E+00    4.990000E+00    1.690000E+00    2.887000E-01    8.974000E-04   -9.626000E+00    2.000000E+00    2.000000E+00    1.200000E+03    4.750000E+01   -1.000000E+01    0.000000E+00   -9.821000E+00   -9.847726E+00
   1.350000E-09    1.000000E+00    1.453000E+00    1.080000E+02    1.398000E+00   -1.000000E+01   -1.000000E+01   -1.000000E+01   -1.000000E+01   -1.000000E+01   -1.000000E+01   -1.000000E+01    7.561000E+00    5.139000E+00    9.300000E-01    3.000000E+00    1.100000E+01    1.777000E+00    1.028000E+00    2.890000E+00    1.580000E+00    2.376000E-01    8.974000E-04   -1.452000E+01    2.000000E+00    2.000000E+00    1.000000E+03    9.800000E+01   -1.000000E+01    1.000000E+00   -9.854000E+00   -9.798349E+00
   2.000000E-09    1.000000E+00   -2.218000E-01    1.730000E+01    1.398000E+00   -1.215000E+00   -6.990000E-01    9.823000E-01    7.497000E-01    2.967000E-01    1.348000E+00    9.581000E-01    8.920000E+00    1.297000E+01    3.160000E+00    3.000000E+00    1.700000E+01    2.822000E+00    2.419000E+00    2.890000E+00    2.460000E+00    6.690000E-02    8.974000E-04   -1.012000E+01    2.700000E+01    1.000000E+00    2.430000E+03    0.000000E+00   -1.000000E+01   -1.000000E+00   -1.074000E+01   -1.078913E+01
   1.350000E-09    1.000000E+00    1.453000E+00    1.080000E+02    1.398000E+00   -1.000000E+01   -1.000000E+01   -1.000000E+01   -1.000000E+01   -1.000000E+01   -1.000000E+01   -1.000000E+01    7.250000E+00    5.139000E+00    9.300000E-01    3.000000E+00    1.100000E+01    1.777000E+00    1.028000E+00    2.890000E+00    1.580000E+00    2.376000E-01    8.974000E-04   -1.452000E+01    2.000000E+00    2.000000E+00    1.000000E+03    9.800000E+01   -1.000000E+01    1.000000E+00   -9.854000E+00   -9.798300E+00
   7.900000E-10    2.000000E+00    1.491000E+00    8.300000E+01    1.301000E+00   -2.839000E+00    5.441000E-01    9.191000E-01    1.114000E+00    6.990000E-01   -1.000000E+01    9.345000E-01    7.000000E+00    5.695000E+00    9.500000E-01    5.000000E+00    3.800000E+01    2.491000E+00    8.580000E-01    3.850000E+00    1.428000E+00    4.630000E-01    1.018000E-03   -1.094000E+01    2.000000E+00    1.000000E+00    1.700000E+03    8.000000E+01   -1.000000E+01    2.000000E+00   -1.095000E+01   -1.096891E+01
   1.550000E-09    4.000000E+00    6.232000E-01    6.700000E+01    1.431000E+00   -1.146000E+00    1.301000E+00    3.024000E+00    2.243000E+00    3.027000E+00    2.556000E+00    2.970000E+00    7.580000E+00    9.752000E+00    2.550000E+00    4.000000E+00    3.400000E+01    2.921000E+00    1.928000E+00    3.450000E+00    2.203000E+00    1.805000E-01    8.547000E-04   -1.009000E+01    1.300000E+01    1.000000E+00    2.580000E+03    0.000000E+00   -1.000000E+01   -1.000000E+00   -1.314000E+01   -1.285165E+01
   2.950000E-09    1.000000E+00    1.453000E+00    1.080000E+02    1.602000E+00   -1.000000E+01   -1.000000E+01   -1.000000E+01   -1.000000E+01   -1.000000E+01   -1.000000E+01   -1.000000E+01    6.071000E+00    1.297000E+01    3.160000E+00    3.000000E+00    1.700000E+01    2.822000E+00    3.397000E+00    2.890000E+00    1.580000E+00   -8.057000E-02    6.389000E-04   -1.451000E+01    2.000000E+00    2.000000E+00    1.400000E+03    9.800000E+01   -1.000000E+01   -1.000000E+00   -9.830000E+00   -9.758283E+00
   8.100000E-10    4.000000E+00    2.025000E+00    8.100000E+01    1.342000E+00   -1.000000E+00   -1.000000E+01    3.362000E+00   -1.000000E+01    3.550000E+00   -1.000000E+01   -1.000000E+01    1.100000E+01    9.752000E+00    2.550000E+00    4.000000E+00    3.400000E+01    2.921000E+00    1.025000E+00    3.450000E+00    8.832000E-01    4.551000E-01    9.673000E-04   -1.002000E+01    2.500000E+01    1.000000E+00    1.530000E+03    0.000000E+00   -1.000000E+01   -2.000000E+00   -1.119000E+01   -1.129207E+01
   7.900000E-10    2.000000E+00    1.580000E+00    7.900000E+01    1.398000E+00   -1.000000E+00   -1.000000E+01    3.362000E+00   -1.000000E+01    3.550000E+00   -1.000000E+01   -1.000000E+01    3.000000E+00    5.695000E+00    9.500000E-01    5.000000E+00    3.800000E+01    2.491000E+00    8.436000E-01    3.850000E+00    1.318000E+00    4.703000E-01    8.974000E-04   -1.002000E+01    2.000000E+00    3.000000E+00    1.000000E+03    8.200000E+01   -1.000000E+01    2.000000E+00   -9.000000E+00   -8.944342E+00
   2.000000E-09    1.000000E+00    1.279000E+00    9.300000E+01    1.362000E+00   -1.000000E+00   -1.000000E+01    3.362000E+00   -1.000000E+01    3.550000E+00   -1.000000E+01   -1.000000E+01    1.250000E+01    1.045000E+01    2.660000E+00    5.000000E+00    5.300000E+01    3.375000E+00    2.913000E+00    3.850000E+00    1.690000E+00    6.398000E-02    9.432000E-04   -1.002000E+01    2.000000E+00    1.000000E+00    1.600000E+03    4.800000E+01    1.477000E+00   -1.000000E+00   -1.074000E+01   -1.072067E+01
   2.000000E-09    1.000000E+00    1.279000E+00    9.300000E+01    1.362000E+00    6.990000E-01   -1.000000E+01    5.061000E+00   -1.000000E+01   -1.000000E+01   -1.000000E+01   -1.000000E+01    1.250000E+01    1.045000E+01    2.660000E+00    5.000000E+00    5.300000E+01    3.375000E+00    2.913000E+00    3.850000E+00    1.690000E+00    6.398000E-02    9.432000E-04   -9.168000E+00    2.000000E+00    1.000000E+00    1.600000E+03    4.800000E+01   -1.000000E+01   -1.000000E+00   -1.037000E+01   -1.048813E+01
   1.010000E-09    1.000000E+00    1.453000E+00    1.080000E+02    1.176000E+00   -1.000000E+01   -1.000000E+01   -1.000000E+01   -1.000000E+01   -1.000000E+01   -1.000000E+01   -1.000000E+01    6.688000E+00    5.139000E+00    9.300000E-01    3.000000E+00    1.100000E+01    1.777000E+00    7.958000E-01    2.890000E+00    1.580000E+00    3.488000E-01    1.162000E-03   -1.452000E+01    2.000000E+00    2.000000E+00    1.000000E+03    9.800000E+01   -1.000000E+01    1.000000E+00   -9.979000E+00   -9.969049E+00
   2.000000E-09    1.000000E+00    1.744000E+00    8.200000E+01    1.380000E+00   -5.918000E-01    1.146000E+00    3.279000E+00    3.328000E+00    3.785000E+00    1.831000E+00    3.016000E+00    7.500000E+00    1.045000E+01    2.660000E+00    5.000000E+00    5.300000E+01    3.375000E+00    2.903000E+00    3.850000E+00    1.170000E+00    6.544000E-02    9.199000E-04   -9.813000E+00    2.000000E+00    2.000000E+00    1.300000E+03    8.000000E+01   -1.000000E+01   -1.000000E+00   -9.836000E+00   -9.935385E+00
   1.180000E-09    1.000000E+00    1.453000E+00    1.080000E+02    6.990000E-01   -1.000000E+01   -1.000000E+01   -1.000000E+01   -1.000000E+01   -1.000000E+01   -1.000000E+01   -1.000000E+01    5.448000E+00    1.297000E+01    3.160000E+00    3.000000E+00    1.700000E+01    2.822000E+00    1.530000E+00    2.890000E+00    1.580000E+00    2.659000E-01    1.536000E-03   -1.453000E+01    2.000000E+00    2.000000E+00    1.100000E+03    9.800000E+01   -1.000000E+01   -1.000000E+00   -9.979000E+00   -9.882953E+00
   1.550000E-09    4.000000E+00    6.232000E-01    6.700000E+01    1.653000E+00   -1.398000E+00    8.451000E-01    2.784000E+00    1.869000E+00    2.785000E+00   -1.000000E+01    2.785000E+00    3.900000E+00    9.752000E+00    2.550000E+00    4.000000E+00    3.400000E+01    2.921000E+00    1.819000E+00    3.450000E+00    2.203000E+00    2.058000E-01    5.786000E-04   -1.020000E+01    1.300000E+01    3.000000E+00    1.800000E+03    0.000000E+00   -1.000000E+01   -1.000000E+00   -1.014000E+01   -9.906186E+00
   2.100000E-09    0.000000E+00    1.279000E+00    9.300000E+01    1.398000E+00    8.198000E-01   -1.000000E+01    5.178000E+00    3.983000E+00    5.366000E+00    2.086000E+00   -1.000000E+01    1.250000E+01    1.360000E+01    2.200000E+00    1.000000E+00    1.000000E+00    8.499000E-01    7.650000E-01    8.500000E-01    1.690000E+00    4.571000E-02    8.974000E-04   -9.106000E+00    2.000000E+00    2.000000E+00    1.800000E+03    4.750000E+01   -1.000000E+01    0.000000E+00   -1.009000E+01   -1.005352E+01
   1.550000E-09    4.000000E+00    6.232000E-01    6.700000E+01    1.491000E+00   -1.398000E+00    8.451000E-01    2.784000E+00    1.869000E+00    2.785000E+00   -1.000000E+01    2.785000E+00    7.900000E+00    9.752000E+00    2.550000E+00    4.000000E+00    3.400000E+01    2.921000E+00    1.903000E+00    3.450000E+00    2.203000E+00    1.863000E-01    7.777000E-04   -1.021000E+01    1.300000E+01    3.000000E+00    1.800000E+03    0.000000E+00   -1.000000E+01   -1.000000E+00   -9.921000E+00   -1.000213E+01
   2.220000E-09    0.000000E+00    1.833000E+00    7.100000E+01    1.415000E+00   -2.301000E+00   -1.000000E+01    2.061000E+00   -1.000000E+01    2.249000E+00   -1.000000E+01   -1.000000E+01    7.000000E+00    1.360000E+01    2.200000E+00    1.000000E+00    1.000000E+00    8.499000E-01    8.061000E-01    8.500000E-01    1.019000E+00    2.303000E-02    8.757000E-04   -1.067000E+01    6.000000E+00    1.000000E+00    1.500000E+03    0.000000E+00   -1.000000E+01    0.000000E+00   -9.842000E+00   -9.808258E+00
   5.000000E-10    3.000000E+00    1.547000E+00    7.000000E+01    1.301000E+00   -3.010000E-01   -1.000000E+01    4.061000E+00   -1.000000E+01    4.249000E+00   -1.000000E+01   -1.000000E+01    5.100000E+00    5.539000E+00    1.120000E+00    6.000000E+00    5.800000E+01    2.782000E+00    6.065000E-01    4.360000E+00    1.299000E+00    6.616000E-01    1.018000E-03   -9.670000E+00    2.000000E+00    1.000000E+00    1.600000E+03    3.680000E+01   -1.000000E+01   -1.000000E+00   -1.093000E+01   -1.088001E+01
   2.100000E-09    1.000000E+00    1.453000E+00    1.080000E+02    1.342000E+00   -2.000000E+00   -1.000000E+01    2.362000E+00   -1.000000E+01    2.550000E+00   -1.000000E+01   -1.000000E+01    6.929000E+00    3.894000E+00    7.900000E-01    6.000000E+00    5.500000E+01    2.333000E+00    2.121000E+00    4.360000E+00    1.580000E+00    4.132000E-02    9.673000E-04   -1.052000E+01    2.000000E+00    2.000000E+00    1.000000E+03    9.999000E+01   -1.000000E+01    1.000000E+00   -9.654000E+00   -9.668222E+00
   8.050000E-10    2.000000E+00    1.494000E+00    8.300000E+01    1.301000E+00   -5.951000E+00    1.906000E+00   -2.081000E+00   -1.887000E+00   -2.301000E+00   -1.000000E+01   -2.066000E+00    7.997000E+00    5.695000E+00    9.500000E-01    5.000000E+00    3.800000E+01    2.491000E+00    8.743000E-01    3.850000E+00    1.425000E+00    4.548000E-01    1.018000E-03   -1.250000E+01    2.000000E+00    1.000000E+00    1.400000E+03    8.000000E+01   -1.000000E+01    2.000000E+00   -1.082000E+01   -1.086215E+01
   4.300000E-10    4.000000E+00    1.279000E+00    9.300000E+01    1.398000E+00    0.000000E+00   -1.000000E+01   -1.000000E+01   -1.000000E+01   -1.000000E+01   -1.000000E+01   -1.000000E+01    9.000000E+00    6.194000E+00    1.380000E+00    7.000000E+00    9.200000E+01    3.368000E+00    6.207000E-01    4.990000E+00    1.690000E+00    7.345000E-01    8.974000E-04   -9.516000E+00    2.000000E+00    2.000000E+00    1.820000E+03    4.750000E+01   -1.000000E+01    0.000000E+00   -1.084000E+01   -1.081083E+01
   7.900000E-10    2.000000E+00    1.580000E+00    7.900000E+01    1.398000E+00   -1.000000E+00   -1.000000E+01    3.362000E+00   -1.000000E+01    3.550000E+00   -1.000000E+01   -1.000000E+01    9.000000E+00    5.695000E+00    9.500000E-01    5.000000E+00    3.800000E+01    2.491000E+00    8.436000E-01    3.850000E+00    1.318000E+00    4.703000E-01    8.974000E-04   -1.002000E+01    2.000000E+00    3.000000E+00    1.000000E+03    8.200000E+01   -1.000000E+01    2.000000E+00   -9.000000E+00   -8.962935E+00
   3.690000E-09    1.000000E+00    1.453000E+00    1.080000E+02    1.699000E+00   -3.010000E-01   -1.000000E+01    4.061000E+00   -1.000000E+01    4.249000E+00   -1.000000E+01   -1.000000E+01    5.907000E+00    1.297000E+01    3.160000E+00    3.000000E+00    1.700000E+01    2.822000E+00    4.118000E+00    2.890000E+00    1.580000E+00   -1.641000E-01    5.279000E-04   -9.649000E+00    2.000000E+00    2.000000E+00    1.000000E+03    9.800000E+01   -1.000000E+01   -1.000000E+00   -9.401000E+00   -9.447850E+00
   2.090000E-09    1.000000E+00    1.580000E+00    7.900000E+01    1.398000E+00   -1.166000E+00    2.934000E+00    2.265000E+00    2.882000E+00    3.027000E+00   -1.000000E+01    1.061000E+00    1.250000E+01    3.894000E+00    7.900000E-01    6.000000E+00    5.500000E+01    2.333000E+00    2.090000E+00    4.360000E+00    1.318000E+00    4.778000E-02    8.974000E-04   -1.010000E+01    2.000000E+00    1.000000E+00    2.000000E+03    8.000000E+01   -1.000000E+01    1.000000E+00   -9.824000E+00   -1.000668E+01
   2.000000E-09    1.000000E+00    1.279000E+00    9.300000E+01    1.380000E+00    6.990000E-01   -1.000000E+01    5.061000E+00   -1.000000E+01   -1.000000E+01   -1.000000E+01   -1.000000E+01    1.250000E+01    1.297000E+01    3.160000E+00    3.000000E+00    1.700000E+01    2.822000E+00    2.427000E+00    2.890000E+00    1.690000E+00    6.544000E-02    9.199000E-04   -9.168000E+00    2.000000E+00    1.000000E+00    1.600000E+03    4.800000E+01    1.477000E+00   -1.000000E+00   -1.046000E+01   -1.042371E+01
   2.090000E-09    1.000000E+00    1.580000E+00    7.900000E+01    1.398000E+00   -1.857000E+00    5.922000E-01    2.449000E+00    1.255000E+00    2.603000E+00    1.785000E+00    9.827000E-01    8.100000E+00    3.894000E+00    7.900000E-01    6.000000E+00    5.500000E+01    2.333000E+00    2.090000E+00    4.360000E+00    1.318000E+00    4.778000E-02    8.974000E-04   -1.044000E+01    2.000000E+00    5.000000E+00    1.800000E+03    8.000000E+01   -1.000000E+01    1.000000E+00   -9.050000E+00   -9.381982E+00
   1.200000E-09    4.000000E+00    1.279000E+00    9.300000E+01    1.398000E+00   -2.301000E+00   -1.000000E+01    2.362000E+00   -1.000000E+01   -1.000000E+01   -1.000000E+01   -1.000000E+01    7.000000E+00    6.266000E+00    1.360000E+00    7.000000E+00    9.300000E+01    3.387000E+00    1.742000E+00    4.990000E+00    1.690000E+00    2.887000E-01    8.974000E-04   -1.067000E+01    2.000000E+00    2.000000E+00    1.800000E+03    4.750000E+01   -1.000000E+01    0.000000E+00   -1.037000E+01   -1.038593E+01
   5.490000E-09    1.000000E+00    1.477000E+00    6.010000E+01    1.845000E+00   -2.854000E+00   -1.000000E+01    1.508000E+00   -1.000000E+01   -1.000000E+01    1.932000E+00   -1.000000E+01    5.171000E+00    3.894000E+00    7.900000E-01    6.000000E+00    5.500000E+01    2.333000E+00    4.770000E+00    4.360000E+00    1.302000E+00   -3.106000E-01    3.939000E-04   -1.091000E+01    2.000000E+00    2.000000E+00    1.100000E+03    5.000000E+01   -1.000000E+01    1.000000E+00   -8.688000E+00   -8.673663E+00
   2.000000E-09    1.000000E+00    1.602000E+00    1.400000E+01    1.362000E+00   -9.586000E-01    9.345000E-01    3.403000E+00    5.328000E-01    3.575000E+00    2.387000E+00    1.904000E+00    8.200000E+00    1.045000E+01    2.660000E+00    5.000000E+00    5.300000E+01    3.375000E+00    2.913000E+00    3.850000E+00    5.441000E-01    6.398000E-02    9.432000E-04   -9.997000E+00    5.000000E+00    1.000000E+00    2.450000E+03    0.000000E+00   -1.000000E+01   -1.000000E+00   -1.182000E+01   -1.177574E+01
   8.130000E-10    4.000000E+00    1.279000E+00    9.300000E+01    1.352000E+00    7.918000E-02   -1.000000E+01    4.281000E+00   -1.000000E+01    2.401000E+00    4.248000E+00    4.062000E+00    1.140000E+01    9.752000E+00    2.550000E+00    4.000000E+00    3.400000E+01    2.921000E+00    1.027000E+00    3.450000E+00    1.690000E+00    4.542000E-01    9.552000E-04   -9.478000E+00    2.000000E+00    1.000000E+00    1.800000E+03    4.750000E+01   -1.000000E+01   -2.000000E+00   -1.121000E+01   -1.111767E+01
   2.100000E-09    4.000000E+00    1.279000E+00    9.300000E+01    1.398000E+00   -1.000000E+01   -1.000000E+01   -1.000000E+01   -1.000000E+01   -1.000000E+01   -1.000000E+01   -1.000000E+01    1.250000E+01    6.634000E+00    1.330000E+00    5.000000E+00    4.000000E+01    2.689000E+00    2.420000E+00    3.850000E+00    1.690000E+00    4.571000E-02    8.974000E-04   -1.452000E+01    2.000000E+00    2.000000E+00    1.200000E+03    4.750000E+01   -1.000000E+01    0.000000E+00   -9.573000E+00   -9.570025E+00
   1.330000E-09    1.000000E+00    1.453000E+00    1.100000E+02    1.362000E+00   -3.010000E-01   -1.000000E+01    4.061000E+00   -1.000000E+01    4.249000E+00   -1.000000E+01   -1.000000E+01    7.000000E+00    5.139000E+00    9.300000E-01    3.000000E+00    1.100000E+01    1.777000E+00    1.020000E+00    2.890000E+00    1.588000E+00    2.412000E-01    9.432000E-04   -9.668000E+00    2.000000E+00    1.000000E+00    8.000000E+02    9.800000E+01   -1.000000E+01    1.000000E+00   -1.012000E+01   -9.794358E+00
   2.140000E-09    0.000000E+00   -1.549000E-01    1.000000E+01    1.362000E+00   -5.157000E-01    1.000000E+00    3.380000E+00    3.405000E+00    3.922000E+00    1.230000E+00    2.230000E+00    8.700000E+00    1.360000E+01    2.200000E+00    1.000000E+00    1.000000E+00    8.499000E-01    7.849000E-01    8.500000E-01    2.155000E+00    3.459000E-02    9.432000E-04   -9.776000E+00    1.400000E+01    1.000000E+00    2.730000E+03    0.000000E+00   -1.000000E+01    0.000000E+00   -1.128000E+01   -1.093426E+01
   2.220000E-09    0.000000E+00    1.531000E+00    1.300000E+01    1.398000E+00   -4.510000E-01    1.806000E+00    3.749000E+00    2.949000E+00    3.984000E+00    1.477000E+00    3.368000E+00    7.680000E+00    1.360000E+01    2.200000E+00    1.000000E+00    1.000000E+00    8.499000E-01    8.088000E-01    8.500000E-01    5.825000E-01    2.158000E-02    8.974000E-04   -9.742000E+00    4.000000E+00    1.000000E+00    2.700000E+03    0.000000E+00   -1.000000E+01    0.000000E+00   -1.094000E+01   -1.106208E+01
   2.032000E-10    1.000000E+00    1.531000E+00    1.300000E+01    1.362000E+00   -4.510000E-01    1.806000E+00    3.749000E+00    2.949000E+00    3.984000E+00    1.477000E+00    3.368000E+00    7.680000E+00    1.297000E+01    3.160000E+00    3.000000E+00    1.700000E+01    2.822000E+00    2.474000E-01    2.890000E+00    5.825000E-01    1.057000E+00    9.432000E-04   -9.743000E+00    4.000000E+00    1.000000E+00    2.700000E+03    0.000000E+00   -1.000000E+01   -1.000000E+00   -1.163000E+01   -1.178656E+01
   8.100000E-10    4.000000E+00    6.232000E-01    6.700000E+01    1.699000E+00   -1.398000E+00    8.451000E-01    2.784000E+00    1.869000E+00    2.785000E+00   -1.000000E+01    2.785000E+00    8.100000E+00    9.752000E+00    2.550000E+00    4.000000E+00    3.400000E+01    2.921000E+00    9.358000E-01    3.450000E+00    2.203000E+00    4.944000E-01    5.279000E-04   -1.020000E+01    1.300000E+01    3.000000E+00    1.800000E+03    0.000000E+00   -1.000000E+01   -2.000000E+00   -9.606000E+00   -9.800513E+00
   2.010000E-09    1.000000E+00    1.453000E+00    1.080000E+02    1.602000E+00   -1.000000E+00   -1.000000E+01    3.362000E+00   -1.000000E+01    3.550000E+00   -1.000000E+01   -1.000000E+01    7.234000E+00    5.139000E+00    9.300000E-01    3.000000E+00    1.100000E+01    1.777000E+00    1.457000E+00    2.890000E+00    1.580000E+00    8.605000E-02    6.389000E-04   -1.001000E+01    2.000000E+00    2.000000E+00    1.000000E+03    9.800000E+01   -1.000000E+01    1.000000E+00   -9.666000E+00   -9.708188E+00
   2.100000E-09    0.000000E+00    1.279000E+00    9.300000E+01    1.398000E+00   -2.190000E-01   -1.000000E+01    4.105000E+00    2.983000E+00    2.697000E+00    2.086000E+00   -1.000000E+01    1.250000E+01    1.360000E+01    2.200000E+00    1.000000E+00    1.000000E+00    8.499000E-01    7.650000E-01    8.500000E-01    1.690000E+00    4.571000E-02    8.974000E-04   -9.626000E+00    2.000000E+00    2.000000E+00    1.200000E+03    4.750000E+01   -1.000000E+01    0.000000E+00   -9.272000E+00   -9.501308E+00
   2.000000E-09    1.000000E+00    1.447000E+00    1.080000E+02    1.398000E+00   -1.016000E+00   -1.000000E+01    3.353000E+00   -1.000000E+01   -1.000000E+01    3.541000E+00    2.956000E+00    1.040000E+01    1.297000E+01    3.160000E+00    3.000000E+00    1.700000E+01    2.822000E+00    2.419000E+00    2.890000E+00    1.586000E+00    6.690000E-02    8.974000E-04   -1.002000E+01    2.000000E+00    1.000000E+00    1.600000E+03    9.800000E+01    1.845000E+00   -1.000000E+00   -1.014000E+01   -1.012453E+01
   2.040000E-09    1.000000E+00    1.744000E+00    8.200000E+01    1.380000E+00   -6.576000E-01    1.176000E+00    3.262000E+00    3.292000E+00    3.770000E+00    1.447000E+00    3.583000E+00    7.200000E+00    3.894000E+00    7.900000E-01    6.000000E+00    5.500000E+01    2.333000E+00    2.047000E+00    4.360000E+00    1.170000E+00    5.684000E-02    9.199000E-04   -9.846000E+00    2.000000E+00    1.000000E+00    1.380000E+03    8.000000E+01   -1.000000E+01    1.000000E+00   -9.921000E+00   -9.972911E+00
   8.890000E-10    4.000000E+00    2.025000E+00    8.100000E+01    1.352000E+00   -2.000000E+00   -1.000000E+01    2.362000E+00   -1.000000E+01    2.550000E+00   -1.000000E+01   -1.000000E+01    1.250000E+01    1.126000E+01    2.550000E+00    2.000000E+00    6.000000E+00    1.811000E+00    6.958000E-01    1.990000E+00    8.832000E-01    4.154000E-01    9.552000E-04   -1.052000E+01    2.500000E+01    1.000000E+00    1.650000E+03    0.000000E+00   -1.000000E+01   -2.000000E+00   -1.079000E+01   -1.105268E+01
   4.300000E-10    4.000000E+00    1.279000E+00    9.300000E+01    1.398000E+00    0.000000E+00   -1.000000E+01   -1.000000E+01   -1.000000E+01   -1.000000E+01   -1.000000E+01   -1.000000E+01    9.000000E+00    6.194000E+00    1.380000E+00    7.000000E+00    9.200000E+01    3.368000E+00    6.207000E-01    4.990000E+00    1.690000E+00    7.345000E-01    8.974000E-04   -9.516000E+00    2.000000E+00    2.000000E+00    1.610000E+03    4.750000E+01    1.602000E+00    0.000000E+00   -1.044000E+01   -1.046863E+01
   9.230000E-10    4.000000E+00    1.279000E+00    9.300000E+01    1.352000E+00   -2.000000E+00   -1.000000E+01    1.362000E+00   -1.000000E+01   -1.000000E+01   -1.000000E+01   -1.000000E+01    1.250000E+01    1.126000E+01    2.550000E+00    2.000000E+00    6.000000E+00    1.811000E+00    7.224000E-01    1.990000E+00    1.690000E+00    3.991000E-01    9.552000E-04   -1.052000E+01    2.000000E+00    1.000000E+00    1.600000E+03    4.750000E+01    1.477000E+00   -2.000000E+00   -1.174000E+01   -1.176702E+01
   5.000000E-10    3.000000E+00    1.436000E+00    5.870000E+01    1.176000E+00   -2.218000E-01   -1.000000E+01    4.140000E+00   -1.000000E+01    4.328000E+00   -1.000000E+01   -1.000000E+01    5.300000E+00    5.670000E+00    1.200000E+00    6.000000E+00    6.300000E+01    2.815000E+00    6.243000E-01    4.360000E+00    1.332000E+00    6.541000E-01    1.162000E-03   -9.635000E+00    2.000000E+00    1.000000E+00    1.400000E+03    7.800000E+01   -1.000000E+01   -1.000000E+00   -1.055000E+01   -1.060999E+01
   2.032000E-10    1.000000E+00    1.748000E+00    1.110000E+02    1.398000E+00   -7.620000E-01    1.567000E+00    3.375000E+00    2.707000E+00    3.224000E+00    1.850000E+00    3.685000E+00    7.570000E+00    1.297000E+01    3.160000E+00    3.000000E+00    1.700000E+01    2.822000E+00    2.458000E-01    2.890000E+00    1.297000E+00    1.060000E+00    8.974000E-04   -9.897000E+00    2.000000E+00    1.000000E+00    1.200000E+03    9.200000E+01   -1.000000E+01   -1.000000E+00   -9.843000E+00   -9.881178E+00
   6.600000E-10    2.000000E+00    1.279000E+00    9.300000E+01    1.398000E+00    8.198000E-01   -1.000000E+01    5.178000E+00    3.983000E+00    5.366000E+00    2.086000E+00   -1.000000E+01    1.250000E+01    7.640000E+00    1.910000E+00    4.000000E+00    2.800000E+01    2.586000E+00    7.315000E-01    3.450000E+00    1.690000E+00    5.484000E-01    8.974000E-04   -9.106000E+00    2.000000E+00    2.000000E+00    1.800000E+03    4.750000E+01   -1.000000E+01    2.000000E+00   -1.063000E+01   -1.061373E+01
   1.200000E-09    4.000000E+00    6.021000E-01    6.700000E+01    1.415000E+00    6.070000E-02   -1.000000E+01    4.403000E+00   -1.000000E+01   -1.000000E+01    4.785000E+00   -1.000000E+01    8.900000E+00    6.266000E+00    1.360000E+00    7.000000E+00    9.300000E+01    3.387000E+00    1.736000E+00    4.990000E+00    2.224000E+00    2.902000E-01    8.757000E-04   -9.485000E+00    1.300000E+01    1.000000E+00    2.640000E+03    0.000000E+00   -1.000000E+01   -4.000000E+00   -1.242000E+01   -1.244050E+01
   1.460000E-09    7.000000E+00    1.408000E+00    7.200000E+01    1.398000E+00   -1.184000E+00    1.199000E+00    3.079000E+00    2.103000E+00    2.783000E+00    1.919000E+00    2.732000E+00    8.300000E+00    7.834000E+00    1.900000E+00    6.000000E+00    7.500000E+01    3.309000E+00    2.071000E+00    4.360000E+00    1.449000E+00    2.036000E-01    8.974000E-04   -1.011000E+01    2.000000E+00    1.000000E+00    1.700000E+03    7.500000E+01   -1.000000E+01   -1.000000E+00   -1.102000E+01   -1.094565E+01
   5.000000E-10    3.000000E+00    1.436000E+00    5.870000E+01    1.176000E+00   -2.218000E-01   -1.000000E+01    4.140000E+00   -1.000000E+01    4.328000E+00   -1.000000E+01   -1.000000E+01    5.300000E+00    5.670000E+00    1.200000E+00    6.000000E+00    6.300000E+01    2.815000E+00    6.243000E-01    4.360000E+00    1.332000E+00    6.541000E-01    1.162000E-03   -9.635000E+00    2.000000E+00    1.000000E+00    1.300000E+03    7.800000E+01   -1.000000E+01   -1.000000E+00   -1.044000E+01   -1.056051E+01
   1.640000E-09    2.000000E+00    1.279000E+00    9.300000E+01    1.352000E+00   -1.807000E+00   -1.000000E+01    2.378000E+00   -1.000000E+01   -1.000000E+01   -1.000000E+01    2.699000E+00    7.250000E+00    9.752000E+00    2.550000E+00    4.000000E+00    3.400000E+01    2.921000E+00    2.071000E+00    3.450000E+00    1.690000E+00    1.494000E-01    9.552000E-04   -1.042000E+01    2.000000E+00    2.000000E+00    1.600000E+03    5.000000E+01   -1.000000E+01   -1.000000E+00   -1.004000E+01   -1.007023E+01
   7.910000E-10    2.000000E+00    1.748000E+00    1.110000E+02    1.398000E+00   -7.282000E-01    1.596000E+00    3.415000E+00    2.736000E+00    3.353000E+00    1.827000E+00    3.670000E+00    7.560000E+00    5.695000E+00    9.500000E-01    5.000000E+00    3.800000E+01    2.491000E+00    8.447000E-01    3.850000E+00    1.297000E+00    4.698000E-01    8.974000E-04   -9.880000E+00    2.000000E+00    1.000000E+00    1.400000E+03    9.200000E+01   -1.000000E+01    2.000000E+00   -9.517000E+00   -9.552063E+00
   2.000000E-09    1.000000E+00    2.477000E+00    5.000000E+01    1.380000E+00   -6.576000E-01    1.149000E+00    3.281000E+00    3.331000E+00    3.780000E+00    1.233000E+00    3.024000E+00    7.200000E+00    1.045000E+01    2.660000E+00    5.000000E+00    5.300000E+01    3.375000E+00    2.903000E+00    3.850000E+00    2.218000E-01    6.544000E-02    9.199000E-04   -9.846000E+00    2.600000E+01    2.000000E+00    2.000000E+03    8.750000E+00   -1.000000E+01   -1.000000E+00   -9.812000E+00   -9.920682E+00
   7.420000E-10    1.000000E+00    1.453000E+00    1.080000E+02    6.990000E-01   -1.000000E+01   -1.000000E+01   -1.000000E+01   -1.000000E+01   -1.000000E+01   -1.000000E+01   -1.000000E+01    4.895000E+00    5.139000E+00    9.300000E-01    3.000000E+00    1.100000E+01    1.777000E+00    6.056000E-01    2.890000E+00    1.580000E+00    4.674000E-01    1.536000E-03   -1.453000E+01    2.000000E+00    2.000000E+00    1.800000E+03    9.800000E+01   -1.000000E+01    1.000000E+00   -1.080000E+01   -1.073750E+01
   2.032000E-10    1.000000E+00    1.748000E+00    1.110000E+02    1.602000E+00   -7.282000E-01    1.596000E+00    3.415000E+00    2.736000E+00    3.353000E+00    1.827000E+00    3.670000E+00    7.560000E+00    1.297000E+01    3.160000E+00    3.000000E+00    1.700000E+01    2.822000E+00    2.340000E-01    2.890000E+00    1.297000E+00    1.081000E+00    6.389000E-04   -9.870000E+00    2.000000E+00    1.000000E+00    1.400000E+03    9.200000E+01   -1.000000E+01   -1.000000E+00   -1.014000E+01   -1.005653E+01
   8.500000E-10    2.000000E+00    6.021000E-01    6.700000E+01    1.398000E+00   -2.523000E+00   -1.000000E+01   -1.000000E+01   -1.000000E+01    1.851000E+00   -1.000000E+01   -1.000000E+01    6.100000E+00    5.212000E+00    8.900000E-01    6.000000E+00    5.600000E+01    2.699000E+00    9.833000E-01    4.360000E+00    2.224000E+00    4.385000E-01    8.974000E-04   -1.078000E+01    1.300000E+01    1.000000E+00    2.640000E+03    0.000000E+00   -1.000000E+01    2.000000E+00   -1.265000E+01   -1.260327E+01
   8.050000E-10    2.000000E+00    1.580000E+00    7.870000E+01    1.398000E+00   -2.000000E+00   -1.000000E+01    2.362000E+00   -1.000000E+01   -1.000000E+01   -1.000000E+01   -1.000000E+01    7.657000E+00    5.695000E+00    9.500000E-01    5.000000E+00    3.800000E+01    2.491000E+00    8.596000E-01    3.850000E+00    1.316000E+00    4.621000E-01    8.974000E-04   -1.052000E+01    2.000000E+00    1.000000E+00    1.200000E+03    8.200000E+01   -1.000000E+01    2.000000E+00   -1.015000E+01   -1.021574E+01
   1.130000E-09    6.000000E+00    1.780000E+00    7.600000E+01    1.176000E+00   -3.010000E-01   -1.000000E+01    4.061000E+00   -1.000000E+01    4.249000E+00   -1.000000E+01   -1.000000E+01    5.600000E+00    6.767000E+00    1.660000E+00    4.000000E+00    2.400000E+01    2.434000E+00    1.220000E+00    3.450000E+00    1.100000E+00    3.000000E-01    1.162000E-03   -9.674000E+00    2.000000E+00    1.000000E+00    1.300000E+03    4.600000E+01   -1.000000E+01   -1.000000E+00   -1.015000E+01   -1.019117E+01
   2.000000E-09    1.000000E+00    1.447000E+00    1.080000E+02    1.362000E+00    6.990000E-01   -1.000000E+01    5.061000E+00   -1.000000E+01   -1.000000E+01   -1.000000E+01   -1.000000E+01    1.250000E+01    1.045000E+01    2.660000E+00    5.000000E+00    5.300000E+01    3.375000E+00    2.913000E+00    3.850000E+00    1.586000E+00    6.398000E-02    9.432000E-04   -9.168000E+00    2.000000E+00    1.000000E+00    9.000000E+02    1.000000E+02   -1.000000E+01   -1.000000E+00   -1.026000E+01   -1.035990E+01
   1.550000E-09    4.000000E+00    1.408000E+00    7.200000E+01    1.114000E+00   -1.018000E+00    1.176000E+00    3.069000E+00    2.685000E+00    3.064000E+00    1.708000E+00    3.353000E+00    4.000000E+00    9.752000E+00    2.550000E+00    4.000000E+00    3.400000E+01    2.921000E+00    2.022000E+00    3.450000E+00    1.449000E+00    1.598000E-01    1.226000E-03   -1.003000E+01    2.000000E+00    1.000000E+00    1.300000E+03    7.500000E+01   -1.000000E+01   -1.000000E+00   -1.027000E+01   -1.024177E+01
   2.100000E-09    0.000000E+00   -2.218000E-01    1.730000E+01    1.362000E+00   -3.000000E+00   -6.990000E-01    9.823000E-01    7.497000E-01    2.967000E-01    1.348000E+00    9.581000E-01    8.920000E+00    1.360000E+01    2.200000E+00    1.000000E+00    1.000000E+00    8.499000E-01    7.702000E-01    8.500000E-01    2.460000E+00    4.279000E-02    9.432000E-04   -1.102000E+01    2.700000E+01    1.000000E+00    2.440000E+03    0.000000E+00   -1.000000E+01    0.000000E+00   -1.062000E+01   -1.056719E+01
   2.020000E-09    1.000000E+00    2.025000E+00    8.100000E+01    1.398000E+00   -1.000000E+00   -1.000000E+01    3.362000E+00   -1.000000E+01    3.550000E+00   -1.000000E+01   -1.000000E+01    1.250000E+01    1.045000E+01    2.660000E+00    5.000000E+00    5.300000E+01    3.375000E+00    2.922000E+00    3.850000E+00    8.832000E-01    6.258000E-02    8.974000E-04   -1.002000E+01    2.500000E+01    1.000000E+00    1.650000E+03    0.000000E+00   -1.000000E+01   -1.000000E+00   -1.032000E+01   -1.046420E+01
   2.570000E-09    1.000000E+00    1.453000E+00    1.080000E+02    1.699000E+00   -1.000000E+01   -1.000000E+01   -1.000000E+01   -1.000000E+01   -1.000000E+01   -1.000000E+01   -1.000000E+01    7.870000E+00    5.139000E+00    9.300000E-01    3.000000E+00    1.100000E+01    1.777000E+00    1.806000E+00    2.890000E+00    1.580000E+00   -7.034000E-03    5.279000E-04   -1.450000E+01    2.000000E+00    2.000000E+00    8.000000E+02    9.800000E+01   -1.000000E+01    1.000000E+00   -9.401000E+00   -9.455177E+00
   8.050000E-10    2.000000E+00    1.494000E+00    8.300000E+01    1.301000E+00   -5.951000E+00    1.906000E+00   -2.081000E+00   -1.887000E+00   -2.301000E+00   -1.000000E+01   -2.066000E+00    8.641000E+00    5.695000E+00    9.500000E-01    5.000000E+00    3.800000E+01    2.491000E+00    8.743000E-01    3.850000E+00    1.425000E+00    4.548000E-01    1.018000E-03   -1.250000E+01    2.000000E+00    1.000000E+00    1.000000E+03    8.000000E+01   -1.000000E+01    2.000000E+00   -1.074000E+01   -1.074009E+01
   4.300000E-10    4.000000E+00    1.279000E+00    9.300000E+01    1.398000E+00    0.000000E+00   -1.000000E+01   -1.000000E+01   -1.000000E+01   -1.000000E+01   -1.000000E+01   -1.000000E+01    9.000000E+00    6.194000E+00    1.380000E+00    7.000000E+00    9.200000E+01    3.368000E+00    6.207000E-01    4.990000E+00    1.690000E+00    7.345000E-01    8.974000E-04   -9.516000E+00    2.000000E+00    2.000000E+00    1.710000E+03    4.750000E+01   -1.000000E+01    0.000000E+00   -1.072000E+01   -1.071264E+01
   2.040000E-09    1.000000E+00    1.447000E+00    1.300000E+01    1.380000E+00   -4.089000E-01    1.799000E+00    3.742000E+00    3.015000E+00    4.027000E+00    1.462000E+00    3.132000E+00    7.600000E+00    3.894000E+00    7.900000E-01    6.000000E+00    5.500000E+01    2.333000E+00    2.047000E+00    4.360000E+00    6.668000E-01    5.684000E-02    9.199000E-04   -9.721000E+00    4.000000E+00    2.000000E+00    2.400000E+03    0.000000E+00   -1.000000E+01    1.000000E+00   -1.052000E+01   -1.053652E+01
   7.570000E-10    2.000000E+00    1.744000E+00    8.200000E+01    1.362000E+00   -5.719000E-01    1.437000E+00    3.441000E+00    3.205000E+00    3.851000E+00    1.086000E+00    3.129000E+00    7.700000E+00    5.695000E+00    9.500000E-01    5.000000E+00    3.800000E+01    2.491000E+00    8.138000E-01    3.850000E+00    1.170000E+00    4.859000E-01    9.432000E-04   -9.804000E+00    2.000000E+00    1.000000E+00    1.600000E+03    8.000000E+01    1.699000E+00    2.000000E+00   -1.062000E+01   -1.055255E+01
   8.890000E-10    2.000000E+00    1.477000E+00    6.010000E+01    1.398000E+00   -2.899000E-01   -1.000000E+01    4.072000E+00   -1.000000E+01    4.260000E+00   -1.000000E+01   -1.000000E+01    9.351000E+00    5.278000E+00    9.000000E-01    7.000000E+00    8.800000E+01    3.109000E+00    1.185000E+00    4.990000E+00    1.302000E+00    4.190000E-01    8.974000E-04   -9.661000E+00    2.000000E+00    2.000000E+00    1.800000E+03    4.750000E+01   -1.000000E+01    2.000000E+00   -1.050000E+01   -1.057911E+01
   1.130000E-09    6.000000E+00    1.780000E+00    7.600000E+01    1.301000E+00   -3.010000E-01   -1.000000E+01    4.061000E+00   -1.000000E+01    4.249000E+00   -1.000000E+01   -1.000000E+01    7.500000E+00    6.767000E+00    1.660000E+00    4.000000E+00    2.400000E+01    2.434000E+00    1.199000E+00    3.450000E+00    1.100000E+00    3.075000E-01    1.018000E-03   -9.670000E+00    2.000000E+00    1.000000E+00    1.400000E+03    4.600000E+01   -1.000000E+01   -1.000000E+00   -1.036000E+01   -1.043598E+01
   1.300000E-09    1.000000E+00   -1.549000E-01    1.000000E+01    1.398000E+00   -5.157000E-01    1.000000E+00    3.380000E+00    3.405000E+00    3.922000E+00    1.230000E+00    2.230000E+00    8.770000E+00    5.139000E+00    9.300000E-01    3.000000E+00    1.100000E+01    1.777000E+00    9.899000E-01    2.890000E+00    2.155000E+00    2.540000E-01    8.974000E-04   -9.774000E+00    1.400000E+01    1.000000E+00    2.610000E+03    0.000000E+00   -1.000000E+01    1.000000E+00   -1.114000E+01   -1.128169E+01
   9.230000E-10    4.000000E+00    1.279000E+00    9.300000E+01    1.398000E+00   -1.076000E+00   -1.000000E+01    3.291000E+00   -1.000000E+01   -1.000000E+01    3.484000E+00    2.897000E+00    1.040000E+01    1.126000E+01    2.550000E+00    2.000000E+00    6.000000E+00    1.811000E+00    7.164000E-01    1.990000E+00    1.690000E+00    4.027000E-01    8.974000E-04   -1.005000E+01    2.000000E+00    1.000000E+00    1.600000E+03    4.750000E+01    1.875000E+00   -2.000000E+00   -1.042000E+01   -1.034356E+01
   2.570000E-09    1.000000E+00    1.453000E+00    1.080000E+02    1.699000E+00   -1.301000E+00   -1.000000E+01    3.061000E+00   -1.000000E+01    3.249000E+00   -1.000000E+01   -1.000000E+01    7.488000E+00    5.139000E+00    9.300000E-01    3.000000E+00    1.100000E+01    1.777000E+00    1.806000E+00    2.890000E+00    1.580000E+00   -7.034000E-03    5.279000E-04   -1.015000E+01    2.000000E+00    2.000000E+00    1.000000E+03    9.800000E+01   -1.000000E+01    1.000000E+00   -9.559000E+00   -9.552820E+00
   2.220000E-09    0.000000E+00    6.232000E-01    6.700000E+01    1.398000E+00   -6.615000E-01    9.081000E-01    3.294000E+00    3.577000E+00    3.659000E+00    1.000000E+00    3.051000E+00    7.200000E+00    1.360000E+01    2.200000E+00    1.000000E+00    1.000000E+00    8.499000E-01    8.088000E-01    8.500000E-01    2.203000E+00    2.158000E-02    8.974000E-04   -9.847000E+00    1.300000E+01    1.000000E+00    1.450000E+03    0.000000E+00   -1.000000E+01    0.000000E+00   -9.412000E+00   -9.030574E+00
   2.950000E-09    1.000000E+00    1.453000E+00    1.080000E+02    1.602000E+00   -1.000000E+01   -1.000000E+01   -1.000000E+01   -1.000000E+01   -1.000000E+01   -1.000000E+01   -1.000000E+01    6.138000E+00    1.297000E+01    3.160000E+00    3.000000E+00    1.700000E+01    2.822000E+00    3.397000E+00    2.890000E+00    1.580000E+00   -8.057000E-02    6.389000E-04   -1.451000E+01    2.000000E+00    2.000000E+00    1.100000E+03    9.800000E+01   -1.000000E+01   -1.000000E+00   -9.578000E+00   -9.537031E+00
   1.460000E-09    7.000000E+00    1.780000E+00    7.600000E+01    1.301000E+00   -3.010000E-01   -1.000000E+01    4.061000E+00   -1.000000E+01    4.249000E+00   -1.000000E+01   -1.000000E+01    7.000000E+00    7.834000E+00    1.900000E+00    6.000000E+00    7.500000E+01    3.309000E+00    2.106000E+00    4.360000E+00    1.100000E+00    1.962000E-01    1.018000E-03   -9.670000E+00    2.000000E+00    1.000000E+00    1.600000E+03    4.600000E+01   -1.000000E+01   -1.000000E+00   -1.057000E+01   -1.047117E+01
   1.350000E-09    1.000000E+00    1.453000E+00    1.080000E+02    1.398000E+00   -1.000000E+01   -1.000000E+01   -1.000000E+01   -1.000000E+01   -1.000000E+01   -1.000000E+01   -1.000000E+01    7.561000E+00    5.139000E+00    9.300000E-01    3.000000E+00    1.100000E+01    1.777000E+00    1.028000E+00    2.890000E+00    1.580000E+00    2.376000E-01    8.974000E-04   -1.452000E+01    2.000000E+00    2.000000E+00    1.000000E+03    9.800000E+01   -1.000000E+01    1.000000E+00   -9.854000E+00   -9.798349E+00
   2.000000E-09    1.000000E+00    1.279000E+00    9.300000E+01    1.362000E+00   -3.010000E-01   -1.000000E+01    4.061000E+00   -1.000000E+01    4.250000E+00   -1.000000E+01   -1.000000E+01    1.250000E+01    1.045000E+01    2.660000E+00    5.000000E+00    5.300000E+01    3.375000E+00    2.913000E+00    3.850000E+00    1.690000E+00    6.398000E-02    9.432000E-04   -9.668000E+00    2.000000E+00    1.000000E+00    1.600000E+03    4.800000E+01    1.477000E+00   -1.000000E+00   -1.040000E+01   -1.041999E+01
   2.020000E-09    1.000000E+00    2.025000E+00    8.100000E+01    1.398000E+00   -3.010000E-01   -1.000000E+01    4.061000E+00   -1.000000E+01    4.250000E+00   -1.000000E+01   -1.000000E+01    1.250000E+01    1.045000E+01    2.660000E+00    5.000000E+00    5.300000E+01    3.375000E+00    2.922000E+00    3.850000E+00    8.832000E-01    6.258000E-02    8.974000E-04   -9.667000E+00    2.500000E+01    1.000000E+00    1.650000E+03    0.000000E+00   -1.000000E+01   -1.000000E+00   -1.062000E+01   -1.045046E+01
   1.550000E-09    4.000000E+00    1.999000E+00    1.080000E+02    1.398000E+00   -8.761000E-01   -1.000000E+01    3.254000E+00   -1.000000E+01   -1.000000E+01   -1.000000E+01   -1.000000E+01    7.000000E+00    9.752000E+00    2.550000E+00    4.000000E+00    3.400000E+01    2.921000E+00    1.941000E+00    3.450000E+00    1.034000E+00    1.776000E-01    8.974000E-04   -9.954000E+00    3.000000E+00    1.000000E+00    1.600000E+03    1.000000E+02   -1.000000E+01   -1.000000E+00   -1.036000E+01   -1.042629E+01
   1.550000E-09    4.000000E+00    6.232000E-01    6.700000E+01    1.568000E+00   -1.398000E+00    8.451000E-01    2.784000E+00    1.869000E+00    2.785000E+00   -1.000000E+01    2.785000E+00    5.100000E+00    9.752000E+00    2.550000E+00    4.000000E+00    3.400000E+01    2.921000E+00    1.866000E+00    3.450000E+00    2.203000E+00    1.947000E-01    6.804000E-04   -1.021000E+01    1.300000E+01    3.000000E+00    1.800000E+03    0.000000E+00   -1.000000E+01   -1.000000E+00   -9.815000E+00   -9.867606E+00
   3.690000E-09    1.000000E+00    1.453000E+00    1.080000E+02    1.699000E+00   -1.000000E+01   -1.000000E+01   -1.000000E+01   -1.000000E+01   -1.000000E+01   -1.000000E+01   -1.000000E+01    6.084000E+00    1.297000E+01    3.160000E+00    3.000000E+00    1.700000E+01    2.822000E+00    4.118000E+00    2.890000E+00    1.580000E+00   -1.641000E-01    5.279000E-04   -1.450000E+01    2.000000E+00    2.000000E+00    1.200000E+03    9.800000E+01   -1.000000E+01   -1.000000E+00   -9.564000E+00   -9.541978E+00
   1.460000E-09    7.000000E+00    1.408000E+00    7.200000E+01    1.176000E+00   -9.208000E-01   -1.000000E+01    3.362000E+00   -1.000000E+01    3.550000E+00   -1.000000E+01   -1.000000E+01    5.600000E+00    7.834000E+00    1.900000E+00    6.000000E+00    7.500000E+01    3.309000E+00    2.143000E+00    4.360000E+00    1.449000E+00    1.888000E-01    1.162000E-03   -9.984000E+00    2.000000E+00    1.000000E+00    1.300000E+03    7.500000E+01   -1.000000E+01   -1.000000E+00   -1.015000E+01   -1.015229E+01
   2.000000E-09    7.000000E+00    6.232000E-01    6.700000E+01    1.431000E+00   -2.578000E+00   -1.550000E-01    1.756000E+00    8.701000E-01    1.225000E+00   -1.000000E+01    1.403000E+00    8.060000E+00    7.280000E+00    1.900000E+00    5.000000E+00    4.300000E+01    2.817000E+00    2.399000E+00    3.850000E+00    2.203000E+00    6.980000E-02    8.547000E-04   -1.080000E+01    1.300000E+01    1.000000E+00    1.450000E+03    0.000000E+00   -1.000000E+01   -1.000000E+00   -9.174000E+00   -9.222081E+00
   2.570000E-09    1.000000E+00    1.453000E+00    1.080000E+02    1.699000E+00   -1.000000E+01   -1.000000E+01   -1.000000E+01   -1.000000E+01   -1.000000E+01   -1.000000E+01   -1.000000E+01    7.862000E+00    5.139000E+00    9.300000E-01    3.000000E+00    1.100000E+01    1.777000E+00    1.806000E+00    2.890000E+00    1.580000E+00   -7.034000E-03    5.279000E-04   -1.450000E+01    2.000000E+00    2.000000E+00    7.000000E+02    9.800000E+01   -1.000000E+01    1.000000E+00   -9.324000E+00   -9.361646E+00
   4.300000E-10    4.000000E+00    1.447000E+00    1.080000E+02    1.398000E+00    0.000000E+00   -1.000000E+01   -1.000000E+01   -1.000000E+01   -1.000000E+01   -1.000000E+01   -1.000000E+01    9.000000E+00    6.194000E+00    1.380000E+00    7.000000E+00    9.200000E+01    3.368000E+00    6.207000E-01    4.990000E+00    1.586000E+00    7.345000E-01    8.974000E-04   -9.516000E+00    2.000000E+00    2.000000E+00    8.000000E+02    9.990000E+01   -1.000000E+01    0.000000E+00   -1.018000E+01   -1.020821E+01
   2.100000E-09    1.000000E+00    1.279000E+00    9.300000E+01    1.398000E+00   -2.190000E-01   -1.000000E+01    4.105000E+00    2.983000E+00    2.697000E+00    2.086000E+00   -1.000000E+01    1.250000E+01    3.894000E+00    7.900000E-01    6.000000E+00    5.500000E+01    2.333000E+00    2.100000E+00    4.360000E+00    1.690000E+00    4.571000E-02    8.974000E-04   -9.626000E+00    2.000000E+00    2.000000E+00    1.200000E+03    4.750000E+01   -1.000000E+01    1.000000E+00   -9.577000E+00   -9.600638E+00
   1.460000E-09    7.000000E+00    1.408000E+00    3.750000E+01    1.398000E+00   -1.518000E-01   -1.000000E+01    4.207000E+00   -1.000000E+01    4.395000E+00   -1.000000E+01   -1.000000E+01    7.000000E+00    7.834000E+00    1.900000E+00    6.000000E+00    7.500000E+01    3.309000E+00    2.071000E+00    4.360000E+00    1.166000E+00    2.036000E-01    8.974000E-04   -9.592000E+00    2.000000E+00    1.000000E+00    1.600000E+03    3.300000E+01   -1.000000E+01   -1.000000E+00   -1.014000E+01   -1.019140E+01
   2.000000E-09    7.000000E+00    1.744000E+00    8.200000E+01    1.398000E+00   -5.918000E-01    1.146000E+00    3.279000E+00    3.330000E+00    3.785000E+00    1.831000E+00    3.016000E+00    7.500000E+00    7.280000E+00    1.900000E+00    5.000000E+00    4.300000E+01    2.817000E+00    2.415000E+00    3.850000E+00    1.170000E+00    6.690000E-02    8.974000E-04   -9.812000E+00    2.000000E+00    2.000000E+00    1.340000E+03    8.000000E+01   -1.000000E+01   -1.000000E+00   -9.870000E+00   -9.866712E+00
   1.130000E-09    6.000000E+00    1.580000E+00    7.200000E+01    1.398000E+00   -3.010000E-01   -1.000000E+01    4.061000E+00   -1.000000E+01    4.249000E+00   -1.000000E+01   -1.000000E+01    6.800000E+00    6.767000E+00    1.660000E+00    4.000000E+00    2.400000E+01    2.434000E+00    1.179000E+00    3.450000E+00    1.278000E+00    3.149000E-01    8.974000E-04   -9.667000E+00    2.000000E+00    1.000000E+00    1.500000E+03    8.200000E+01   -1.000000E+01   -1.000000E+00   -1.057000E+01   -1.070241E+01
   1.180000E-09    1.000000E+00    1.453000E+00    1.080000E+02    6.990000E-01   -1.000000E+01   -1.000000E+01   -1.000000E+01   -1.000000E+01   -1.000000E+01   -1.000000E+01   -1.000000E+01    4.951000E+00    1.297000E+01    3.160000E+00    3.000000E+00    1.700000E+01    2.822000E+00    1.530000E+00    2.890000E+00    1.580000E+00    2.659000E-01    1.536000E-03   -1.453000E+01    2.000000E+00    2.000000E+00    1.800000E+03    9.800000E+01   -1.000000E+01   -1.000000E+00   -1.059000E+01   -1.058180E+01
   4.530000E-09    1.000000E+00    1.279000E+00    9.300000E+01    1.778000E+00   -2.757000E-01    5.922000E-01    4.024000E+00    2.558000E+00    4.302000E+00   -1.000000E+01    4.065000E-01    8.300000E+00    3.894000E+00    7.900000E-01    6.000000E+00    5.500000E+01    2.333000E+00    4.054000E+00    4.360000E+00    1.690000E+00   -2.400000E-01    4.494000E-04   -9.630000E+00    2.000000E+00    1.000000E+00    1.600000E+03    4.800000E+01    1.477000E+00    1.000000E+00   -9.097000E+00   -9.168937E+00
   2.000000E-09    1.000000E+00    1.602000E+00    1.400000E+01    1.362000E+00   -2.000000E+00    9.345000E-01    2.362000E+00    5.328000E-01    2.338000E+00    2.387000E+00    1.904000E+00    8.300000E+00    1.045000E+01    2.660000E+00    5.000000E+00    5.300000E+01    3.375000E+00    2.913000E+00    3.850000E+00    5.441000E-01    6.398000E-02    9.432000E-04   -1.052000E+01    5.000000E+00    1.000000E+00    2.450000E+03    0.000000E+00   -1.000000E+01   -1.000000E+00   -1.215000E+01   -1.202632E+01
   1.010000E-09    1.000000E+00    1.453000E+00    1.080000E+02    1.176000E+00   -1.000000E+01   -1.000000E+01   -1.000000E+01   -1.000000E+01   -1.000000E+01   -1.000000E+01   -1.000000E+01    5.663000E+00    5.139000E+00    9.300000E-01    3.000000E+00    1.100000E+01    1.777000E+00    7.958000E-01    2.890000E+00    1.580000E+00    3.488000E-01    1.162000E-03   -1.452000E+01    2.000000E+00    2.000000E+00    1.800000E+03    9.800000E+01   -1.000000E+01    1.000000E+00   -1.071000E+01   -1.067769E+01
   4.300000E-10    6.000000E+00    1.580000E+00    7.900000E+01    1.398000E+00   -1.000000E+00   -1.000000E+01    3.362000E+00   -1.000000E+01    3.550000E+00   -1.000000E+01   -1.000000E+01    7.000000E+00    6.194000E+00    1.380000E+00    7.000000E+00    9.200000E+01    3.368000E+00    6.207000E-01    4.990000E+00    1.318000E+00    7.345000E-01    8.974000E-04   -1.002000E+01    2.000000E+00    3.000000E+00    9.500000E+02    8.200000E+01   -1.000000E+01    2.000000E+00   -9.747000E+00   -1.008035E+01
   1.300000E-09    1.000000E+00    1.477000E+00    2.100000E+01    1.398000E+00   -6.576000E-01    2.000000E+00    2.230000E+00    2.544000E+00    3.090000E+00    2.000000E+00    2.230000E+00    7.200000E+00    5.139000E+00    9.300000E-01    3.000000E+00    1.100000E+01    1.777000E+00    9.899000E-01    2.890000E+00    8.451000E-01    2.540000E-01    8.974000E-04   -9.845000E+00    4.000000E+00    1.000000E+00    2.440000E+03    0.000000E+00   -1.000000E+01    1.000000E+00   -1.056000E+01   -1.045782E+01
   2.030000E-09    1.000000E+00    1.408000E+00    7.200000E+01    1.176000E+00   -3.768000E-01   -1.000000E+01    3.964000E+00   -1.000000E+01    4.152000E+00   -1.000000E+01   -1.000000E+01    5.600000E+00    1.045000E+01    2.660000E+00    5.000000E+00    5.300000E+01    3.375000E+00    3.039000E+00    3.850000E+00    1.449000E+00    4.562000E-02    1.162000E-03   -9.712000E+00    2.000000E+00    1.000000E+00    1.300000E+03    7.500000E+01   -1.000000E+01   -1.000000E+00   -8.045000E+00   -8.701500E+00
   8.470000E-10    2.000000E+00    1.748000E+00    1.110000E+02    1.903000E+00   -6.778000E-01    1.637000E+00    3.472000E+00    2.790000E+00    3.517000E+00    1.749000E+00    3.638000E+00    7.550000E+00    5.212000E+00    8.900000E-01    6.000000E+00    5.600000E+01    2.699000E+00    8.272000E-01    4.360000E+00    1.297000E+00    5.136000E-01    3.547000E-04   -9.818000E+00    2.000000E+00    1.000000E+00    1.650000E+03    9.200000E+01   -1.000000E+01    2.000000E+00   -8.746000E+00   -8.968076E+00
   9.230000E-10    4.000000E+00    1.279000E+00    9.300000E+01    1.398000E+00   -1.253000E+00   -1.000000E+01    3.118000E+00   -1.000000E+01   -1.000000E+01    3.304000E+00    2.715000E+00    1.030000E+01    1.126000E+01    2.550000E+00    2.000000E+00    6.000000E+00    1.811000E+00    7.164000E-01    1.990000E+00    1.690000E+00    4.027000E-01    8.974000E-04   -1.014000E+01    2.000000E+00    1.000000E+00    1.400000E+03    4.750000E+01    1.903000E+00   -2.000000E+00   -1.015000E+01   -1.013016E+01
   2.100000E-09    1.000000E+00    1.279000E+00    9.300000E+01    1.398000E+00   -1.000000E+01   -1.000000E+01   -1.000000E+01   -1.000000E+01   -1.000000E+01   -1.000000E+01   -1.000000E+01    1.250000E+01    3.894000E+00    7.900000E-01    6.000000E+00    5.500000E+01    2.333000E+00    2.100000E+00    4.360000E+00    1.690000E+00    4.571000E-02    8.974000E-04   -1.452000E+01    2.000000E+00    2.000000E+00    1.800000E+03    4.750000E+01   -1.000000E+01    1.000000E+00   -1.013000E+01   -1.012399E+01
   1.300000E-09    1.000000E+00   -2.218000E-01    1.730000E+01    1.398000E+00   -1.292000E+00   -6.990000E-01    9.823000E-01    7.497000E-01    2.967000E-01    1.348000E+00    9.581000E-01    8.920000E+00    5.139000E+00    9.300000E-01    3.000000E+00    1.100000E+01    1.777000E+00    9.899000E-01    2.890000E+00    2.460000E+00    2.540000E-01    8.974000E-04   -1.016000E+01    2.700000E+01    1.000000E+00    2.430000E+03    0.000000E+00   -1.000000E+01    1.000000E+00   -1.077000E+01   -1.075284E+01
   9.000000E-10    2.000000E+00    1.279000E+00    9.300000E+01    1.398000E+00   -1.000000E+01   -1.000000E+01   -1.000000E+01   -1.000000E+01   -1.000000E+01   -1.000000E+01   -1.000000E+01    1.250000E+01    7.344000E+00    1.960000E+00    5.000000E+00    5.000000E+01    2.829000E+00    1.091000E+00    3.850000E+00    1.690000E+00    4.137000E-01    8.974000E-04   -1.452000E+01    2.000000E+00    2.000000E+00    1.200000E+03    4.750000E+01   -1.000000E+01    2.000000E+00   -9.943000E+00   -9.875177E+00
   2.090000E-09    1.000000E+00    1.453000E+00    1.080000E+02    1.398000E+00   -1.000000E+01   -1.000000E+01   -1.000000E+01   -1.000000E+01   -1.000000E+01   -1.000000E+01   -1.000000E+01    7.261000E+00    1.297000E+01    3.160000E+00    3.000000E+00    1.700000E+01    2.822000E+00    2.528000E+00    2.890000E+00    1.580000E+00    4.778000E-02    8.974000E-04   -1.452000E+01    2.000000E+00    2.000000E+00    1.600000E+03    9.800000E+01   -1.000000E+01   -1.000000E+00   -1.016000E+01   -1.014672E+01
   9.100000E-12    4.000000E+00    1.580000E+00    7.200000E+01    1.398000E+00   -3.010000E-01   -1.000000E+01    4.061000E+00   -1.000000E+01    4.249000E+00   -1.000000E+01   -1.000000E+01    4.000000E+00    9.752000E+00    2.550000E+00    4.000000E+00    3.400000E+01    2.921000E+00    1.140000E-02    3.450000E+00    1.278000E+00    2.409000E+00    8.974000E-04   -9.667000E+00    2.000000E+00    1.000000E+00    1.700000E+03    8.200000E+01   -1.000000E+01   -1.000000E+00   -1.119000E+01   -1.115488E+01
   1.550000E-09    4.000000E+00    1.436000E+00    5.870000E+01    1.301000E+00   -3.010000E-01   -1.000000E+01    4.061000E+00   -1.000000E+01    4.249000E+00   -1.000000E+01   -1.000000E+01    7.600000E+00    9.752000E+00    2.550000E+00    4.000000E+00    3.400000E+01    2.921000E+00    1.974000E+00    3.450000E+00    1.332000E+00    1.703000E-01    1.018000E-03   -9.670000E+00    2.000000E+00    1.000000E+00    1.600000E+03    7.800000E+01   -1.000000E+01   -1.000000E+00   -1.072000E+01   -1.049912E+01
   1.330000E-09    1.000000E+00    1.453000E+00    1.100000E+02    1.362000E+00   -1.000000E+00   -1.000000E+01    3.362000E+00   -1.000000E+01    3.550000E+00   -1.000000E+01   -1.000000E+01    7.000000E+00    5.139000E+00    9.300000E-01    3.000000E+00    1.100000E+01    1.777000E+00    1.020000E+00    2.890000E+00    1.588000E+00    2.412000E-01    9.432000E-04   -1.002000E+01    2.000000E+00    1.000000E+00    8.000000E+02    9.800000E+01   -1.000000E+01    1.000000E+00   -9.633000E+00   -9.522818E+00
   3.690000E-09    1.000000E+00    1.453000E+00    1.080000E+02    1.699000E+00   -1.000000E+01   -1.000000E+01   -1.000000E+01   -1.000000E+01   -1.000000E+01   -1.000000E+01   -1.000000E+01    6.462000E+00    1.297000E+01    3.160000E+00    3.000000E+00    1.700000E+01    2.822000E+00    4.118000E+00    2.890000E+00    1.580000E+00   -1.641000E-01    5.279000E-04   -1.450000E+01    2.000000E+00    2.000000E+00    9.000000E+02    9.800000E+01   -1.000000E+01   -1.000000E+00   -9.322000E+00   -9.376802E+00
   1.350000E-09    1.000000E+00    1.453000E+00    1.080000E+02    1.398000E+00   -1.000000E+01   -1.000000E+01   -1.000000E+01   -1.000000E+01   -1.000000E+01   -1.000000E+01   -1.000000E+01    6.303000E+00    5.139000E+00    9.300000E-01    3.000000E+00    1.100000E+01    1.777000E+00    1.028000E+00    2.890000E+00    1.580000E+00    2.376000E-01    8.974000E-04   -1.452000E+01    2.000000E+00    2.000000E+00    1.800000E+03    9.800000E+01   -1.000000E+01    1.000000E+00   -1.059000E+01   -1.056649E+01
   6.020000E-10    3.000000E+00    1.580000E+00    7.900000E+01    1.362000E+00   -1.285000E+00    7.966000E-01    2.777000E+00    2.283000E+00    3.193000E+00   -1.000000E+01   -1.000000E+01    7.700000E+00    5.670000E+00    1.200000E+00    6.000000E+00    6.300000E+01    2.815000E+00    7.313000E-01    4.360000E+00    1.318000E+00    5.854000E-01    9.432000E-04   -1.016000E+01    2.000000E+00    2.000000E+00    1.150000E+03    8.200000E+01   -1.000000E+01    3.000000E+00   -9.796000E+00   -9.558634E+00
   4.300000E-10    4.000000E+00    1.279000E+00    9.300000E+01    1.398000E+00   -1.000000E+01   -1.000000E+01   -1.000000E+01   -1.000000E+01   -1.000000E+01   -1.000000E+01   -1.000000E+01    1.250000E+01    6.194000E+00    1.380000E+00    7.000000E+00    9.200000E+01    3.368000E+00    6.207000E-01    4.990000E+00    1.690000E+00    7.345000E-01    8.974000E-04   -1.452000E+01    2.000000E+00    2.000000E+00    1.600000E+03    4.750000E+01   -1.000000E+01    0.000000E+00   -1.060000E+01   -1.069164E+01
   5.000000E-10    3.000000E+00    1.436000E+00    5.870000E+01    1.176000E+00   -2.218000E-01   -1.000000E+01    4.140000E+00   -1.000000E+01    4.328000E+00   -1.000000E+01   -1.000000E+01    5.300000E+00    5.670000E+00    1.200000E+00    6.000000E+00    6.300000E+01    2.815000E+00    6.243000E-01    4.360000E+00    1.332000E+00    6.541000E-01    1.162000E-03   -9.635000E+00    2.000000E+00    1.000000E+00    1.600000E+03    7.800000E+01   -1.000000E+01   -1.000000E+00   -1.074000E+01   -1.078994E+01
   1.460000E-09    7.000000E+00    1.547000E+00    7.000000E+01    1.301000E+00   -3.010000E-01   -1.000000E+01    4.061000E+00   -1.000000E+01    4.249000E+00   -1.000000E+01   -1.000000E+01    7.000000E+00    7.834000E+00    1.900000E+00    6.000000E+00    7.500000E+01    3.309000E+00    2.106000E+00    4.360000E+00    1.299000E+00    1.962000E-01    1.018000E-03   -9.670000E+00    2.000000E+00    1.000000E+00    1.700000E+03    3.680000E+01   -1.000000E+01   -1.000000E+00   -1.024000E+01   -1.030267E+01
   1.560000E-09    1.000000E+00    1.453000E+00    1.080000E+02    1.176000E+00   -1.301000E+00   -1.000000E+01    3.061000E+00   -1.000000E+01    3.249000E+00   -1.000000E+01   -1.000000E+01    5.405000E+00    1.297000E+01    3.160000E+00    3.000000E+00    1.700000E+01    2.822000E+00    1.952000E+00    2.890000E+00    1.580000E+00    1.600000E-01    1.162000E-03   -1.017000E+01    2.000000E+00    2.000000E+00    1.000000E+03    9.800000E+01   -1.000000E+01   -1.000000E+00   -9.775000E+00   -9.770916E+00
   2.090000E-09    1.000000E+00    1.744000E+00    8.200000E+01    1.380000E+00   -6.108000E-01    1.176000E+00    3.262000E+00    3.292000E+00    3.770000E+00    1.447000E+00    3.051000E+00    7.200000E+00    3.894000E+00    7.900000E-01    6.000000E+00    5.500000E+01    2.333000E+00    2.097000E+00    4.360000E+00    1.170000E+00    4.632000E-02    9.199000E-04   -9.822000E+00    2.000000E+00    1.000000E+00    1.380000E+03    8.000000E+01   -1.000000E+01    1.000000E+00   -1.096000E+01   -1.100391E+01
   2.000000E-09    1.000000E+00    1.279000E+00    9.300000E+01    1.398000E+00   -8.097000E-01   -1.000000E+01    3.566000E+00   -1.000000E+01   -1.000000E+01    3.740000E+00    3.159000E+00    1.040000E+01    1.045000E+01    2.660000E+00    5.000000E+00    5.300000E+01    3.375000E+00    2.893000E+00    3.850000E+00    1.690000E+00    6.690000E-02    8.974000E-04   -9.921000E+00    2.000000E+00    1.000000E+00    1.600000E+03    4.750000E+01    1.653000E+00   -1.000000E+00   -1.018000E+01   -1.016722E+01
   2.032000E-10    1.000000E+00    1.531000E+00    1.300000E+01    1.362000E+00   -4.510000E-01    1.806000E+00    3.749000E+00    2.949000E+00    3.984000E+00    1.477000E+00    3.368000E+00    7.680000E+00    1.297000E+01    3.160000E+00    3.000000E+00    1.700000E+01    2.822000E+00    2.474000E-01    2.890000E+00    5.825000E-01    1.057000E+00    9.432000E-04   -9.743000E+00    4.000000E+00    1.000000E+00    2.700000E+03    0.000000E+00   -1.000000E+01   -1.000000E+00   -1.175000E+01   -1.178656E+01
   1.200000E-09    5.000000E+00    1.455000E+00    8.700000E+01    1.301000E+00   -2.297000E+00   -1.000000E+01   -1.000000E+01    2.603000E+00   -1.000000E+01   -1.000000E+01   -1.000000E+01    6.000000E+00    6.266000E+00    1.360000E+00    7.000000E+00    9.300000E+01    3.387000E+00    1.772000E+00    4.990000E+00    1.485000E+00    2.814000E-01    1.018000E-03   -1.067000E+01    3.000000E+00    2.000000E+00    7.800000E+02    1.000000E+02   -1.000000E+01    1.000000E+00   -9.682000E+00   -9.669737E+00
   1.350000E-09    1.000000E+00    1.453000E+00    1.080000E+02    1.398000E+00   -1.000000E+01   -1.000000E+01   -1.000000E+01   -1.000000E+01   -1.000000E+01   -1.000000E+01   -1.000000E+01    6.888000E+00    5.139000E+00    9.300000E-01    3.000000E+00    1.100000E+01    1.777000E+00    1.028000E+00    2.890000E+00    1.580000E+00    2.376000E-01    8.974000E-04   -1.452000E+01    2.000000E+00    2.000000E+00    1.100000E+03    9.800000E+01   -1.000000E+01    1.000000E+00   -9.917000E+00   -9.822339E+00
   2.000000E-09    7.000000E+00    1.744000E+00    8.200000E+01    1.380000E+00   -5.918000E-01    1.146000E+00    3.279000E+00    3.330000E+00    3.785000E+00    1.831000E+00    3.016000E+00    7.500000E+00    7.280000E+00    1.900000E+00    5.000000E+00    4.300000E+01    2.817000E+00    2.423000E+00    3.850000E+00    1.170000E+00    6.544000E-02    9.199000E-04   -9.813000E+00    2.000000E+00    1.000000E+00    1.360000E+03    8.000000E+01   -1.000000E+01   -1.000000E+00   -9.889000E+00   -1.020054E+01
   2.090000E-09    1.000000E+00    1.447000E+00    1.080000E+02    1.398000E+00   -1.000000E+01   -1.000000E+01   -1.000000E+01   -1.000000E+01   -1.000000E+01   -1.000000E+01   -1.000000E+01    8.400000E+00    3.894000E+00    7.900000E-01    6.000000E+00    5.500000E+01    2.333000E+00    2.090000E+00    4.360000E+00    1.586000E+00    4.778000E-02    8.974000E-04   -1.452000E+01    2.000000E+00    2.000000E+00    1.200000E+03    1.000000E+02   -1.000000E+01    1.000000E+00   -9.839000E+00   -9.861669E+00
   6.600000E-10    2.000000E+00    1.279000E+00    9.300000E+01    1.398000E+00   -2.190000E-01   -1.000000E+01    4.105000E+00    2.983000E+00    2.697000E+00    2.086000E+00   -1.000000E+01    1.250000E+01    7.640000E+00    1.910000E+00    4.000000E+00    2.800000E+01    2.586000E+00    7.315000E-01    3.450000E+00    1.690000E+00    5.484000E-01    8.974000E-04   -9.626000E+00    2.000000E+00    2.000000E+00    1.800000E+03    4.750000E+01   -1.000000E+01    2.000000E+00   -1.063000E+01   -1.061870E+01
   2.010000E-09    1.000000E+00    1.453000E+00    1.080000E+02    1.602000E+00   -3.010000E-01   -1.000000E+01    4.061000E+00   -1.000000E+01    4.249000E+00   -1.000000E+01   -1.000000E+01    7.267000E+00    5.139000E+00    9.300000E-01    3.000000E+00    1.100000E+01    1.777000E+00    1.457000E+00    2.890000E+00    1.580000E+00    8.605000E-02    6.389000E-04   -9.656000E+00    2.000000E+00    2.000000E+00    1.000000E+03    9.800000E+01   -1.000000E+01    1.000000E+00   -9.666000E+00   -9.725740E+00
   1.550000E-09    4.000000E+00    1.547000E+00    7.000000E+01    1.301000E+00   -3.010000E-01   -1.000000E+01    4.061000E+00   -1.000000E+01    4.249000E+00   -1.000000E+01   -1.000000E+01    7.000000E+00    9.752000E+00    2.550000E+00    4.000000E+00    3.400000E+01    2.921000E+00    1.974000E+00    3.450000E+00    1.299000E+00    1.703000E-01    1.018000E-03   -9.670000E+00    2.000000E+00    1.000000E+00    1.600000E+03    3.680000E+01   -1.000000E+01   -1.000000E+00   -1.034000E+01   -1.038829E+01
   2.090000E-09    1.000000E+00    1.447000E+00    1.080000E+02    1.398000E+00   -1.000000E+01   -1.000000E+01   -1.000000E+01   -1.000000E+01   -1.000000E+01   -1.000000E+01   -1.000000E+01    1.050000E+01    3.894000E+00    7.900000E-01    6.000000E+00    5.500000E+01    2.333000E+00    2.090000E+00    4.360000E+00    1.586000E+00    4.778000E-02    8.974000E-04   -1.452000E+01    2.000000E+00    2.000000E+00    7.300000E+02    1.000000E+02   -1.000000E+01    1.000000E+00   -9.453000E+00   -9.505787E+00
   7.300000E-10    2.000000E+00    1.580000E+00    7.870000E+01    1.398000E+00   -1.000000E+00   -1.000000E+01    3.362000E+00   -1.000000E+01   -1.000000E+01   -1.000000E+01   -1.000000E+01    6.071000E+00    7.881000E+00    1.880000E+00    4.000000E+00    2.700000E+01    2.626000E+00    8.217000E-01    3.450000E+00    1.316000E+00    5.046000E-01    8.974000E-04   -1.002000E+01    2.000000E+00    1.000000E+00    1.800000E+03    8.200000E+01   -1.000000E+01    2.000000E+00   -1.073000E+01   -1.051540E+01
   2.100000E-09    0.000000E+00    1.279000E+00    9.300000E+01    1.398000E+00   -2.190000E-01   -1.000000E+01    4.105000E+00    2.983000E+00    2.697000E+00    2.086000E+00   -1.000000E+01    1.250000E+01    1.360000E+01    2.200000E+00    1.000000E+00    1.000000E+00    8.499000E-01    7.650000E-01    8.500000E-01    1.690000E+00    4.571000E-02    8.974000E-04   -9.626000E+00    2.000000E+00    2.000000E+00    1.800000E+03    4.750000E+01   -1.000000E+01    0.000000E+00   -1.018000E+01   -1.003520E+01
   1.350000E-09    1.000000E+00    1.453000E+00    1.080000E+02    1.398000E+00   -1.000000E+01   -1.000000E+01   -1.000000E+01   -1.000000E+01   -1.000000E+01   -1.000000E+01   -1.000000E+01    6.323000E+00    5.139000E+00    9.300000E-01    3.000000E+00    1.100000E+01    1.777000E+00    1.028000E+00    2.890000E+00    1.580000E+00    2.376000E-01    8.974000E-04   -1.452000E+01    2.000000E+00    2.000000E+00    1.800000E+03    9.800000E+01   -1.000000E+01    1.000000E+00   -1.059000E+01   -1.056649E+01
   4.530000E-09    1.000000E+00    1.279000E+00    9.300000E+01    1.778000E+00   -2.757000E-01    5.922000E-01    4.024000E+00    2.558000E+00    4.302000E+00   -1.000000E+01    4.065000E-01    7.700000E+00    3.894000E+00    7.900000E-01    6.000000E+00    5.500000E+01    2.333000E+00    4.054000E+00    4.360000E+00    1.690000E+00   -2.400000E-01    4.494000E-04   -9.630000E+00    2.000000E+00    7.000000E+00    1.600000E+03    4.750000E+01    1.477000E+00    1.000000E+00   -9.137000E+00   -9.167172E+00
   2.090000E-09    1.000000E+00   -1.549000E-01    1.000000E+01    1.398000E+00   -5.157000E-01    1.000000E+00    3.380000E+00    3.405000E+00    3.922000E+00    1.230000E+00    2.230000E+00    8.700000E+00    3.894000E+00    7.900000E-01    6.000000E+00    5.500000E+01    2.333000E+00    2.090000E+00    4.360000E+00    2.155000E+00    4.778000E-02    8.974000E-04   -9.774000E+00    1.400000E+01    1.000000E+00    2.730000E+03    0.000000E+00   -1.000000E+01    1.000000E+00   -1.129000E+01   -1.121534E+01
   6.600000E-10    2.000000E+00    1.279000E+00    9.300000E+01    1.398000E+00   -2.190000E-01   -1.000000E+01    4.105000E+00    2.983000E+00    2.697000E+00    2.086000E+00   -1.000000E+01    1.250000E+01    7.640000E+00    1.910000E+00    4.000000E+00    2.800000E+01    2.586000E+00    7.315000E-01    3.450000E+00    1.690000E+00    5.484000E-01    8.974000E-04   -9.626000E+00    2.000000E+00    2.000000E+00    1.200000E+03    4.750000E+01   -1.000000E+01    2.000000E+00   -1.008000E+01   -1.003960E+01
   1.010000E-09    1.000000E+00    1.453000E+00    1.080000E+02    1.176000E+00   -1.000000E+01   -1.000000E+01   -1.000000E+01   -1.000000E+01   -1.000000E+01   -1.000000E+01   -1.000000E+01    6.650000E+00    5.139000E+00    9.300000E-01    3.000000E+00    1.100000E+01    1.777000E+00    7.958000E-01    2.890000E+00    1.580000E+00    3.488000E-01    1.162000E-03   -1.452000E+01    2.000000E+00    2.000000E+00    1.000000E+03    9.800000E+01   -1.000000E+01    1.000000E+00   -9.963000E+00   -9.969049E+00
   6.600000E-10    2.000000E+00    1.279000E+00    9.300000E+01    1.398000E+00   -2.190000E-01   -1.000000E+01    4.105000E+00    2.983000E+00    2.697000E+00    2.086000E+00   -1.000000E+01    1.250000E+01    7.640000E+00    1.910000E+00    4.000000E+00    2.800000E+01    2.586000E+00    7.315000E-01    3.450000E+00    1.690000E+00    5.484000E-01    8.974000E-04   -9.626000E+00    2.000000E+00    2.000000E+00    1.200000E+03    4.750000E+01   -1.000000E+01    2.000000E+00   -1.008000E+01   -1.003960E+01
   2.140000E-09    0.000000E+00    1.580000E+00    7.900000E+01    1.398000E+00   -1.365000E+00    1.990000E+00    2.225000E+00    2.538000E+00    3.094000E+00   -1.000000E+01    2.238000E+00    7.800000E+00    1.360000E+01    2.200000E+00    1.000000E+00    1.000000E+00    8.499000E-01    7.796000E-01    8.500000E-01    1.318000E+00    3.752000E-02    8.974000E-04   -1.020000E+01    2.000000E+00    1.000000E+00    1.700000E+03    8.200000E+01   -1.000000E+01    0.000000E+00   -1.013000E+01   -1.019826E+01
   2.060000E-09    1.000000E+00    1.453000E+00    1.100000E+02    1.362000E+00   -2.000000E+00   -1.000000E+01    2.362000E+00   -1.000000E+01    2.550000E+00   -1.000000E+01   -1.000000E+01    7.000000E+00    3.894000E+00    7.900000E-01    6.000000E+00    5.500000E+01    2.333000E+00    2.074000E+00    4.360000E+00    1.588000E+00    5.114000E-02    9.432000E-04   -1.052000E+01    2.000000E+00    1.000000E+00    8.000000E+02    9.800000E+01   -1.000000E+01    1.000000E+00   -8.393000E+00   -8.828974E+00
   2.090000E-09    1.000000E+00    1.447000E+00    1.080000E+02    1.398000E+00   -1.000000E+01   -1.000000E+01   -1.000000E+01   -1.000000E+01   -1.000000E+01   -1.000000E+01   -1.000000E+01    8.500000E+00    3.894000E+00    7.900000E-01    6.000000E+00    5.500000E+01    2.333000E+00    2.090000E+00    4.360000E+00    1.586000E+00    4.778000E-02    8.974000E-04   -1.452000E+01    2.000000E+00    2.000000E+00    1.350000E+03    1.000000E+02   -1.000000E+01    1.000000E+00   -9.971000E+00   -1.004349E+01
   1.600000E-11    4.000000E+00    1.580000E+00    7.200000E+01    1.398000E+00   -3.010000E-01   -1.000000E+01    4.061000E+00   -1.000000E+01    4.249000E+00   -1.000000E+01   -1.000000E+01    4.000000E+00    9.752000E+00    2.550000E+00    4.000000E+00    3.400000E+01    2.921000E+00    2.004000E-02    3.450000E+00    1.278000E+00    2.164000E+00    8.974000E-04   -9.667000E+00    2.000000E+00    1.000000E+00    1.500000E+03    8.200000E+01   -1.000000E+01   -1.000000E+00   -1.085000E+01   -1.108644E+01
   2.040000E-09    1.000000E+00    1.744000E+00    8.200000E+01    1.380000E+00   -6.576000E-01    1.176000E+00    3.262000E+00    3.292000E+00    3.770000E+00    1.447000E+00    3.583000E+00    7.200000E+00    3.894000E+00    7.900000E-01    6.000000E+00    5.500000E+01    2.333000E+00    2.047000E+00    4.360000E+00    1.170000E+00    5.684000E-02    9.199000E-04   -9.846000E+00    2.000000E+00    1.000000E+00    1.380000E+03    8.000000E+01   -1.000000E+01    1.000000E+00   -9.921000E+00   -9.972911E+00
   2.000000E-09    1.000000E+00   -1.549000E-01    1.000000E+01    1.398000E+00   -5.157000E-01    1.000000E+00    3.380000E+00    3.405000E+00    3.922000E+00    1.230000E+00    2.230000E+00    8.770000E+00    1.297000E+01    3.160000E+00    3.000000E+00    1.700000E+01    2.822000E+00    2.419000E+00    2.890000E+00    2.155000E+00    6.690000E-02    8.974000E-04   -9.774000E+00    1.400000E+01    1.000000E+00    2.610000E+03    0.000000E+00   -1.000000E+01   -1.000000E+00   -1.108000E+01   -1.107733E+01
   1.940000E-09    1.000000E+00    2.477000E+00    5.000000E+01    1.362000E+00   -5.867000E-01    1.799000E+00    3.248000E+00    3.327000E+00    3.805000E+00    1.108000E+00    3.062000E+00    7.800000E+00    1.045000E+01    2.660000E+00    5.000000E+00    5.300000E+01    3.375000E+00    2.825000E+00    3.850000E+00    2.218000E-01    7.720000E-02    9.432000E-04   -9.811000E+00    2.600000E+01    1.000000E+00    1.250000E+03    3.500000E+01    1.699000E+00   -1.000000E+00   -1.085000E+01   -1.063794E+01
   2.140000E-09    0.000000E+00    1.580000E+00    7.900000E+01    1.398000E+00   -1.166000E+00    2.934000E+00    2.265000E+00    2.882000E+00    3.027000E+00   -1.000000E+01    1.061000E+00    1.250000E+01    1.360000E+01    2.200000E+00    1.000000E+00    1.000000E+00    8.499000E-01    7.796000E-01    8.500000E-01    1.318000E+00    3.752000E-02    8.974000E-04   -1.010000E+01    2.000000E+00    1.000000E+00    1.700000E+03    8.200000E+01   -1.000000E+01    0.000000E+00   -1.021000E+01   -1.016612E+01
   4.300000E-10    6.000000E+00    1.580000E+00    7.900000E+01    1.398000E+00   -3.768000E-01    1.041000E+00    3.454000E+00    3.583000E+00    4.045000E+00    1.041000E+00    2.714000E+00    8.500000E+00    6.194000E+00    1.380000E+00    7.000000E+00    9.200000E+01    3.368000E+00    6.207000E-01    4.990000E+00    1.318000E+00    7.345000E-01    8.974000E-04   -9.705000E+00    2.000000E+00    2.000000E+00    2.000000E+03    8.000000E+01   -1.000000E+01    2.000000E+00   -1.117000E+01   -1.099652E+01
   2.010000E-09    1.000000E+00    1.453000E+00    1.080000E+02    1.602000E+00   -6.990000E-01   -1.000000E+01    3.663000E+00   -1.000000E+01    3.851000E+00   -1.000000E+01   -1.000000E+01    7.040000E+00    5.139000E+00    9.300000E-01    3.000000E+00    1.100000E+01    1.777000E+00    1.457000E+00    2.890000E+00    1.580000E+00    8.605000E-02    6.389000E-04   -9.855000E+00    2.000000E+00    2.000000E+00    1.000000E+03    9.800000E+01   -1.000000E+01    1.000000E+00   -9.666000E+00   -9.709676E+00
   7.900000E-10    2.000000E+00    1.447000E+00    1.080000E+02    1.398000E+00   -5.229000E-01   -1.000000E+01    3.839000E+00   -1.000000E+01    4.025000E+00   -1.000000E+01   -1.000000E+01    6.300000E+00    5.695000E+00    9.500000E-01    5.000000E+00    3.800000E+01    2.491000E+00    8.436000E-01    3.850000E+00    1.586000E+00    4.703000E-01    8.974000E-04   -9.778000E+00    2.000000E+00    1.000000E+00    9.000000E+02    1.000000E+02   -1.000000E+01    2.000000E+00   -1.082000E+01   -1.092184E+01
   2.090000E-09    1.000000E+00    1.000000E+00    1.400000E+01    1.362000E+00   -1.356000E+00    1.990000E+00    2.225000E+00    2.512000E+00    3.094000E+00    2.354000E+00    2.238000E+00    7.800000E+00    3.894000E+00    7.900000E-01    6.000000E+00    5.500000E+01    2.333000E+00    2.104000E+00    4.360000E+00    1.146000E+00    4.486000E-02    9.432000E-04   -1.020000E+01    4.000000E+00    1.000000E+00    2.670000E+03    7.000000E+01   -1.000000E+01    1.000000E+00   -9.638000E+00   -9.685311E+00
   1.180000E-09    1.000000E+00    1.453000E+00    1.080000E+02    6.990000E-01   -1.000000E+01   -1.000000E+01   -1.000000E+01   -1.000000E+01   -1.000000E+01   -1.000000E+01   -1.000000E+01    5.239000E+00    1.297000E+01    3.160000E+00    3.000000E+00    1.700000E+01    2.822000E+00    1.530000E+00    2.890000E+00    1.580000E+00    2.659000E-01    1.536000E-03   -1.453000E+01    2.000000E+00    2.000000E+00    1.600000E+03    9.800000E+01   -1.000000E+01   -1.000000E+00   -1.040000E+01   -1.049628E+01
   2.220000E-09    0.000000E+00    1.748000E+00    1.110000E+02    1.398000E+00   -7.620000E-01    1.567000E+00    3.375000E+00    2.707000E+00    3.224000E+00    1.850000E+00    3.685000E+00    7.570000E+00    1.360000E+01    2.200000E+00    1.000000E+00    1.000000E+00    8.499000E-01    8.088000E-01    8.500000E-01    1.297000E+00    2.158000E-02    8.974000E-04   -9.897000E+00    2.000000E+00    1.000000E+00    1.200000E+03    9.200000E+01   -1.000000E+01    0.000000E+00   -9.683000E+00   -9.604132E+00
   1.910000E-09    1.000000E+00    2.025000E+00    8.100000E+01    1.352000E+00   -2.000000E+00   -1.000000E+01    2.362000E+00   -1.000000E+01    2.550000E+00   -1.000000E+01   -1.000000E+01    1.250000E+01    1.297000E+01    3.160000E+00    3.000000E+00    1.700000E+01    2.822000E+00    2.330000E+00    2.890000E+00    8.832000E-01    8.324000E-02    9.552000E-04   -1.052000E+01    2.500000E+01    1.000000E+00    1.650000E+03    0.000000E+00   -1.000000E+01   -1.000000E+00   -1.058000E+01   -1.064316E+01
   7.200000E-10    4.000000E+00    1.279000E+00    9.300000E+01    1.398000E+00   -2.815000E-01   -1.000000E+01    4.080000E+00   -1.000000E+01    4.259000E+00   -1.000000E+01   -1.000000E+01    7.000000E+00    6.194000E+00    1.380000E+00    7.000000E+00    9.200000E+01    3.368000E+00    1.039000E+00    4.990000E+00    1.690000E+00    5.106000E-01    8.974000E-04   -9.657000E+00    2.000000E+00    2.000000E+00    1.800000E+03    4.750000E+01   -1.000000E+01    0.000000E+00   -1.059000E+01   -1.056420E+01
   2.000000E-09    7.000000E+00    2.477000E+00    5.000000E+01    1.362000E+00   -5.867000E-01    1.146000E+00    3.279000E+00    3.322000E+00    3.785000E+00    1.833000E+00    3.000000E+00    7.500000E+00    7.280000E+00    1.900000E+00    5.000000E+00    4.300000E+01    2.817000E+00    2.431000E+00    3.850000E+00    2.218000E-01    6.398000E-02    9.432000E-04   -9.811000E+00    2.600000E+01    1.000000E+00    1.250000E+03    3.500000E+01   -3.010000E-01   -1.000000E+00   -1.144000E+01   -1.071576E+01
   2.100000E-09    4.000000E+00    1.279000E+00    9.300000E+01    1.398000E+00   -1.000000E+01   -1.000000E+01   -1.000000E+01   -1.000000E+01   -1.000000E+01   -1.000000E+01   -1.000000E+01    1.250000E+01    6.634000E+00    1.330000E+00    5.000000E+00    4.000000E+01    2.689000E+00    2.420000E+00    3.850000E+00    1.690000E+00    4.571000E-02    8.974000E-04   -1.452000E+01    2.000000E+00    2.000000E+00    1.200000E+03    4.750000E+01   -1.000000E+01    0.000000E+00   -9.573000E+00   -9.570025E+00
   5.000000E-10    4.000000E+00    1.744000E+00    8.200000E+01    1.398000E+00   -5.834000E-01    1.146000E+00    3.281000E+00    3.328000E+00    3.810000E+00    1.831000E+00    3.016000E+00    8.304000E+00    6.026000E+00    1.280000E+00    7.000000E+00    9.400000E+01    3.322000E+00    7.118000E-01    4.990000E+00    1.170000E+00    6.690000E-01    8.974000E-04   -9.808000E+00    2.000000E+00    2.000000E+00    1.400000E+03    8.000000E+01    1.699000E+00    0.000000E+00   -1.027000E+01   -1.032731E+01
   5.000000E-10    4.000000E+00    1.744000E+00    8.200000E+01    1.398000E+00   -5.834000E-01    1.146000E+00    3.281000E+00    3.328000E+00    3.810000E+00    1.831000E+00    3.016000E+00    9.402000E+00    6.026000E+00    1.280000E+00    7.000000E+00    9.400000E+01    3.322000E+00    7.118000E-01    4.990000E+00    1.170000E+00    6.690000E-01    8.974000E-04   -9.808000E+00    2.000000E+00    2.000000E+00    2.090000E+03    8.000000E+01    1.954000E+00    0.000000E+00   -1.041000E+01   -1.050980E+01
   8.480000E-10    2.000000E+00    4.771000E-01    2.000000E+00    1.398000E+00   -2.523000E+00   -1.000000E+01   -1.000000E+01    1.603000E+00    1.851000E+00   -1.000000E+01   -1.000000E+01    6.250000E+00    5.212000E+00    8.900000E-01    6.000000E+00    5.600000E+01    2.699000E+00    9.810000E-01    4.360000E+00    8.239000E-01    4.395000E-01    8.974000E-04   -1.078000E+01    8.000000E+00    1.000000E+00    2.640000E+03    0.000000E+00   -1.000000E+01    2.000000E+00   -1.265000E+01   -1.265045E+01
   2.000000E-09    1.000000E+00    1.744000E+00    8.200000E+01    1.380000E+00   -5.918000E-01    1.146000E+00    3.279000E+00    3.328000E+00    3.785000E+00    1.831000E+00    3.016000E+00    7.500000E+00    1.045000E+01    2.660000E+00    5.000000E+00    5.300000E+01    3.375000E+00    2.903000E+00    3.850000E+00    1.170000E+00    6.544000E-02    9.199000E-04   -9.813000E+00    2.000000E+00    1.000000E+00    1.110000E+03    8.000000E+01   -1.000000E+01   -1.000000E+00   -1.057000E+01   -1.051855E+01
   2.000000E-09    1.000000E+00    1.279000E+00    9.300000E+01    1.398000E+00   -3.010000E-01   -1.000000E+01    4.061000E+00   -1.000000E+01   -1.000000E+01   -1.000000E+01   -1.000000E+01    1.250000E+01    1.045000E+01    2.660000E+00    5.000000E+00    5.300000E+01    3.375000E+00    2.893000E+00    3.850000E+00    1.690000E+00    6.690000E-02    8.974000E-04   -9.667000E+00    2.000000E+00    1.000000E+00    1.600000E+03    4.750000E+01    1.699000E+00   -1.000000E+00   -1.024000E+01   -1.027215E+01
   7.200000E-10    4.000000E+00    1.279000E+00    9.300000E+01    1.398000E+00   -2.815000E-01   -1.000000E+01    4.080000E+00   -1.000000E+01    4.259000E+00   -1.000000E+01   -1.000000E+01    7.000000E+00    6.194000E+00    1.380000E+00    7.000000E+00    9.200000E+01    3.368000E+00    1.039000E+00    4.990000E+00    1.690000E+00    5.106000E-01    8.974000E-04   -9.657000E+00    2.000000E+00    2.000000E+00    1.800000E+03    4.750000E+01   -1.000000E+01    0.000000E+00   -1.059000E+01   -1.056420E+01
   1.010000E-09    1.000000E+00    1.453000E+00    1.080000E+02    1.176000E+00   -1.000000E+01   -1.000000E+01   -1.000000E+01   -1.000000E+01   -1.000000E+01   -1.000000E+01   -1.000000E+01    6.267000E+00    5.139000E+00    9.300000E-01    3.000000E+00    1.100000E+01    1.777000E+00    7.958000E-01    2.890000E+00    1.580000E+00    3.488000E-01    1.162000E-03   -1.452000E+01    2.000000E+00    2.000000E+00    1.100000E+03    9.800000E+01   -1.000000E+01    1.000000E+00   -1.004000E+01   -9.989197E+00
   1.010000E-09    1.000000E+00    1.453000E+00    1.080000E+02    1.176000E+00   -3.010000E-01   -1.000000E+01    4.061000E+00   -1.000000E+01    4.249000E+00   -1.000000E+01   -1.000000E+01    6.492000E+00    5.139000E+00    9.300000E-01    3.000000E+00    1.100000E+01    1.777000E+00    7.958000E-01    2.890000E+00    1.580000E+00    3.488000E-01    1.162000E-03   -9.674000E+00    2.000000E+00    2.000000E+00    1.000000E+03    9.800000E+01   -1.000000E+01    1.000000E+00   -9.963000E+00   -9.972309E+00
   1.460000E-09    7.000000E+00    1.547000E+00    7.000000E+01    1.301000E+00   -3.010000E-01   -1.000000E+01    4.061000E+00   -1.000000E+01    4.249000E+00   -1.000000E+01   -1.000000E+01    7.000000E+00    7.834000E+00    1.900000E+00    6.000000E+00    7.500000E+01    3.309000E+00    2.106000E+00    4.360000E+00    1.299000E+00    1.962000E-01    1.018000E-03   -9.670000E+00    2.000000E+00    1.000000E+00    1.300000E+03    3.680000E+01   -1.000000E+01   -1.000000E+00   -1.002000E+01   -1.002140E+01
   9.230000E-10    4.000000E+00    1.279000E+00    9.300000E+01    1.398000E+00    6.990000E-01   -1.000000E+01    5.061000E+00   -1.000000E+01   -1.000000E+01   -1.000000E+01   -1.000000E+01    1.250000E+01    1.126000E+01    2.550000E+00    2.000000E+00    6.000000E+00    1.811000E+00    7.164000E-01    1.990000E+00    1.690000E+00    4.027000E-01    8.974000E-04   -9.167000E+00    2.000000E+00    1.000000E+00    1.600000E+03    4.750000E+01    1.477000E+00   -2.000000E+00   -1.080000E+01   -1.089204E+01
   2.100000E-09    0.000000E+00    1.279000E+00    9.300000E+01    1.398000E+00   -1.000000E+01   -1.000000E+01   -1.000000E+01   -1.000000E+01   -1.000000E+01   -1.000000E+01   -1.000000E+01    1.250000E+01    1.360000E+01    2.200000E+00    1.000000E+00    1.000000E+00    8.499000E-01    7.650000E-01    8.500000E-01    1.690000E+00    4.571000E-02    8.974000E-04   -1.452000E+01    2.000000E+00    2.000000E+00    1.200000E+03    4.750000E+01   -1.000000E+01    0.000000E+00   -9.357000E+00   -9.492539E+00
   2.090000E-09    1.000000E+00    1.453000E+00    1.080000E+02    1.398000E+00   -1.000000E+01   -1.000000E+01   -1.000000E+01   -1.000000E+01   -1.000000E+01   -1.000000E+01   -1.000000E+01    7.811000E+00    1.297000E+01    3.160000E+00    3.000000E+00    1.700000E+01    2.822000E+00    2.528000E+00    2.890000E+00    1.580000E+00    4.778000E-02    8.974000E-04   -1.452000E+01    2.000000E+00    2.000000E+00    7.000000E+02    9.800000E+01   -1.000000E+01   -1.000000E+00   -9.415000E+00   -9.391239E+00
   1.010000E-09    1.000000E+00    1.453000E+00    1.080000E+02    1.176000E+00   -6.990000E-01   -1.000000E+01    3.663000E+00   -1.000000E+01    3.851000E+00   -1.000000E+01   -1.000000E+01    6.911000E+00    5.139000E+00    9.300000E-01    3.000000E+00    1.100000E+01    1.777000E+00    7.958000E-01    2.890000E+00    1.580000E+00    3.488000E-01    1.162000E-03   -9.873000E+00    2.000000E+00    2.000000E+00    1.000000E+03    9.800000E+01   -1.000000E+01    1.000000E+00   -9.963000E+00   -9.961582E+00
   2.030000E-09    1.000000E+00    1.453000E+00    1.100000E+02    1.362000E+00   -2.000000E+00   -1.000000E+01    2.362000E+00   -1.000000E+01    4.549000E+00   -1.000000E+01   -1.000000E+01    7.000000E+00    1.045000E+01    2.660000E+00    5.000000E+00    5.300000E+01    3.375000E+00    2.956000E+00    3.850000E+00    1.588000E+00    5.751000E-02    9.432000E-04   -1.052000E+01    2.000000E+00    1.000000E+00    8.000000E+02    9.800000E+01   -1.000000E+01   -1.000000E+00   -1.140000E+01   -1.139450E+01
   2.100000E-09    0.000000E+00    1.279000E+00    9.300000E+01    1.398000E+00    8.198000E-01   -1.000000E+01    5.178000E+00    3.983000E+00    5.366000E+00    2.086000E+00   -1.000000E+01    1.250000E+01    1.360000E+01    2.200000E+00    1.000000E+00    1.000000E+00    8.499000E-01    7.650000E-01    8.500000E-01    1.690000E+00    4.571000E-02    8.974000E-04   -9.106000E+00    2.000000E+00    2.000000E+00    1.200000E+03    4.750000E+01   -1.000000E+01    0.000000E+00   -9.686000E+00   -9.521048E+00
   2.032000E-10    1.000000E+00    1.748000E+00    1.110000E+02    1.778000E+00   -6.778000E-01    1.637000E+00    3.472000E+00    2.790000E+00    3.517000E+00    1.749000E+00    3.638000E+00    7.550000E+00    1.297000E+01    3.160000E+00    3.000000E+00    1.700000E+01    2.822000E+00    2.200000E-01    2.890000E+00    1.297000E+00    1.108000E+00    4.494000E-04   -9.831000E+00    2.000000E+00    1.000000E+00    1.650000E+03    9.200000E+01   -1.000000E+01   -1.000000E+00   -1.047000E+01   -1.034151E+01
   6.240000E-10    3.000000E+00    1.279000E+00    9.300000E+01    1.398000E+00   -2.190000E-01   -1.000000E+01    4.105000E+00    2.983000E+00    2.697000E+00    2.086000E+00   -1.000000E+01    1.250000E+01    5.974000E+00    1.300000E+00    7.000000E+00    9.500000E+01    3.307000E+00    8.845000E-01    4.990000E+00    1.690000E+00    5.727000E-01    8.974000E-04   -9.626000E+00    2.000000E+00    2.000000E+00    1.200000E+03    4.750000E+01   -1.000000E+01    3.000000E+00   -1.010000E+01   -1.006065E+01
   2.450000E-09    0.000000E+00    2.477000E+00    5.000000E+01    1.362000E+00   -5.867000E-01    1.799000E+00    3.248000E+00    3.327000E+00    3.805000E+00    1.108000E+00    3.062000E+00    7.800000E+00    1.360000E+01    2.200000E+00    1.000000E+00    1.000000E+00    8.499000E-01    8.986000E-01    8.500000E-01    2.218000E-01   -2.416000E-02    9.432000E-04   -9.811000E+00    2.600000E+01    1.000000E+00    1.250000E+03    3.500000E+01    1.699000E+00    0.000000E+00   -9.719000E+00   -9.784024E+00
   2.000000E-09    1.000000E+00    1.580000E+00    7.900000E+01    1.398000E+00   -1.000000E+00   -1.000000E+01    3.362000E+00   -1.000000E+01   -1.000000E+01   -1.000000E+01   -1.000000E+01    8.200000E+00    1.297000E+01    3.160000E+00    3.000000E+00    1.700000E+01    2.822000E+00    2.419000E+00    2.890000E+00    1.318000E+00    6.690000E-02    8.974000E-04   -1.002000E+01    2.000000E+00    1.000000E+00    1.200000E+03    8.000000E+01   -1.000000E+01   -1.000000E+00   -9.754000E+00   -9.746945E+00
   2.950000E-09    1.000000E+00    1.453000E+00    1.080000E+02    1.602000E+00   -1.000000E+01   -1.000000E+01   -1.000000E+01   -1.000000E+01   -1.000000E+01   -1.000000E+01   -1.000000E+01    6.537000E+00    1.297000E+01    3.160000E+00    3.000000E+00    1.700000E+01    2.822000E+00    3.397000E+00    2.890000E+00    1.580000E+00   -8.057000E-02    6.389000E-04   -1.451000E+01    2.000000E+00    2.000000E+00    9.000000E+02    9.800000E+01   -1.000000E+01   -1.000000E+00   -9.419000E+00   -9.417831E+00
   9.000000E-10    4.000000E+00    1.279000E+00    9.300000E+01    1.398000E+00   -1.000000E+01   -1.000000E+01   -1.000000E+01   -1.000000E+01   -1.000000E+01   -1.000000E+01   -1.000000E+01    1.300000E+01    7.344000E+00    1.960000E+00    5.000000E+00    5.000000E+01    2.829000E+00    1.091000E+00    3.850000E+00    1.690000E+00    4.137000E-01    8.974000E-04   -1.452000E+01    2.000000E+00    2.000000E+00    1.000000E+03    4.750000E+01   -1.000000E+01    4.000000E+00   -9.804000E+00   -9.702663E+00
   1.550000E-09    4.000000E+00    1.408000E+00    3.750000E+01    1.398000E+00   -3.010000E-01   -1.000000E+01    4.061000E+00   -1.000000E+01    4.249000E+00   -1.000000E+01   -1.000000E+01    7.700000E+00    9.752000E+00    2.550000E+00    4.000000E+00    3.400000E+01    2.921000E+00    1.941000E+00    3.450000E+00    1.166000E+00    1.776000E-01    8.974000E-04   -9.667000E+00    2.000000E+00    1.000000E+00    1.300000E+03    3.300000E+01   -1.000000E+01   -1.000000E+00   -1.005000E+01   -1.000826E+01
   2.100000E-09    0.000000E+00    2.025000E+00    8.100000E+01    1.398000E+00   -1.000000E+00   -1.000000E+01    3.362000E+00   -1.000000E+01    3.550000E+00   -1.000000E+01   -1.000000E+01    1.250000E+01    1.360000E+01    2.200000E+00    1.000000E+00    1.000000E+00    8.499000E-01    7.650000E-01    8.500000E-01    8.832000E-01    4.571000E-02    8.974000E-04   -1.002000E+01    2.500000E+01    1.000000E+00    1.650000E+03    0.000000E+00   -1.000000E+01    0.000000E+00   -1.008000E+01   -1.004089E+01
   8.100000E-10    4.000000E+00    2.025000E+00    8.100000E+01    1.342000E+00   -1.000000E+00   -1.000000E+01    3.362000E+00   -1.000000E+01    3.550000E+00   -1.000000E+01   -1.000000E+01    7.800000E+00    9.752000E+00    2.550000E+00    4.000000E+00    3.400000E+01    2.921000E+00    1.025000E+00    3.450000E+00    8.832000E-01    4.551000E-01    9.673000E-04   -1.002000E+01    2.500000E+01    1.000000E+00    1.530000E+03    0.000000E+00   -1.000000E+01   -2.000000E+00   -1.147000E+01   -1.129292E+01
   2.000000E-09    1.000000E+00    1.279000E+00    9.300000E+01    1.398000E+00   -1.076000E+00   -1.000000E+01    3.291000E+00   -1.000000E+01   -1.000000E+01    3.484000E+00    2.897000E+00    1.040000E+01    1.045000E+01    2.660000E+00    5.000000E+00    5.300000E+01    3.375000E+00    2.893000E+00    3.850000E+00    1.690000E+00    6.690000E-02    8.974000E-04   -1.005000E+01    2.000000E+00    1.000000E+00    1.600000E+03    4.750000E+01    1.875000E+00   -1.000000E+00   -9.921000E+00   -9.987015E+00
   7.600000E-10    2.000000E+00    1.580000E+00    7.900000E+01    1.362000E+00   -1.365000E+00    1.990000E+00    2.225000E+00    2.538000E+00    3.094000E+00   -1.000000E+01    2.238000E+00    7.800000E+00    6.113000E+00    1.000000E+00    4.000000E+00    2.000000E+01    2.313000E+00    7.586000E-01    3.450000E+00    1.318000E+00    4.842000E-01    9.432000E-04   -1.020000E+01    2.000000E+00    1.000000E+00    2.000000E+03    8.200000E+01   -1.000000E+01    2.000000E+00   -9.854000E+00   -9.815140E+00
   2.000000E-09    1.000000E+00    6.021000E-01    6.700000E+01    1.398000E+00   -2.523000E+00   -1.000000E+01   -1.000000E+01   -1.000000E+01    1.851000E+00   -1.000000E+01   -1.000000E+01    6.100000E+00    1.045000E+01    2.660000E+00    5.000000E+00    5.300000E+01    3.375000E+00    2.893000E+00    3.850000E+00    2.224000E+00    6.690000E-02    8.974000E-04   -1.078000E+01    1.300000E+01    1.000000E+00    2.640000E+03    0.000000E+00   -1.000000E+01   -1.000000E+00   -1.200000E+01   -1.214649E+01
   2.000000E-09    4.000000E+00    1.279000E+00    9.300000E+01    1.398000E+00   -2.301000E+00   -1.000000E+01    2.362000E+00   -1.000000E+01   -1.000000E+01   -1.000000E+01   -1.000000E+01    7.000000E+00    7.280000E+00    1.900000E+00    5.000000E+00    4.300000E+01    2.817000E+00    2.415000E+00    3.850000E+00    1.690000E+00    6.690000E-02    8.974000E-04   -1.067000E+01    2.000000E+00    2.000000E+00    1.400000E+03    4.750000E+01   -1.000000E+01    0.000000E+00   -9.757000E+00   -9.785256E+00
   1.350000E-09    1.000000E+00    1.453000E+00    1.080000E+02    1.398000E+00   -1.000000E+01   -1.000000E+01   -1.000000E+01   -1.000000E+01   -1.000000E+01   -1.000000E+01   -1.000000E+01    7.797000E+00    5.139000E+00    9.300000E-01    3.000000E+00    1.100000E+01    1.777000E+00    1.028000E+00    2.890000E+00    1.580000E+00    2.376000E-01    8.974000E-04   -1.452000E+01    2.000000E+00    2.000000E+00    7.000000E+02    9.800000E+01   -1.000000E+01    1.000000E+00   -9.604000E+00   -9.563013E+00
   1.200000E-09    5.000000E+00    1.602000E+00    1.400000E+02    1.301000E+00   -3.300000E+00   -1.000000E+01   -1.000000E+01    1.602000E+00   -1.000000E+01   -1.000000E+01   -1.000000E+01    6.000000E+00    6.266000E+00    1.360000E+00    7.000000E+00    9.300000E+01    3.387000E+00    1.772000E+00    4.990000E+00    1.544000E+00    2.814000E-01    1.018000E-03   -1.117000E+01    7.000000E+00    2.000000E+00    1.190000E+03    0.000000E+00   -1.000000E+01    1.000000E+00   -9.442000E+00   -9.455004E+00
   2.090000E-09    1.000000E+00    1.580000E+00    7.900000E+01    1.398000E+00   -1.857000E+00    5.922000E-01    2.449000E+00    1.255000E+00    2.603000E+00    1.785000E+00    9.827000E-01    8.100000E+00    3.894000E+00    7.900000E-01    6.000000E+00    5.500000E+01    2.333000E+00    2.090000E+00    4.360000E+00    1.318000E+00    4.778000E-02    8.974000E-04   -1.044000E+01    2.000000E+00    5.000000E+00    1.800000E+03    8.000000E+01   -1.000000E+01    1.000000E+00   -9.513000E+00   -9.381982E+00
   2.000000E-09    7.000000E+00    6.232000E-01    6.700000E+01    1.398000E+00   -1.000000E+00   -1.000000E+01    3.362000E+00   -1.000000E+01   -1.000000E+01   -1.000000E+01   -1.000000E+01    1.000000E+01    7.280000E+00    1.900000E+00    5.000000E+00    4.300000E+01    2.817000E+00    2.415000E+00    3.850000E+00    2.203000E+00    6.690000E-02    8.974000E-04   -1.002000E+01    1.300000E+01    1.000000E+00    2.660000E+03    0.000000E+00   -1.000000E+01   -1.000000E+00   -1.189000E+01   -1.195440E+01
   2.140000E-09    0.000000E+00    1.447000E+00    1.300000E+01    1.398000E+00   -6.990000E-01    2.228000E+00    3.538000E+00    2.462000E+00    3.754000E+00    1.279000E+00    2.983000E+00    7.900000E+00    1.360000E+01    2.200000E+00    1.000000E+00    1.000000E+00    8.499000E-01    7.796000E-01    8.500000E-01    6.668000E-01    3.752000E-02    8.974000E-04   -9.866000E+00    4.000000E+00    4.000000E+00    2.600000E+03    0.000000E+00   -1.000000E+01    0.000000E+00   -1.123000E+01   -1.120781E+01
   2.100000E-09    0.000000E+00    1.447000E+00    1.080000E+02    1.398000E+00   -1.301000E+00   -1.000000E+01    3.061000E+00   -1.000000E+01    3.248000E+00   -1.000000E+01   -1.000000E+01    6.300000E+00    1.360000E+01    2.200000E+00    1.000000E+00    1.000000E+00    8.499000E-01    7.650000E-01    8.500000E-01    1.586000E+00    4.571000E-02    8.974000E-04   -1.017000E+01    2.000000E+00    1.000000E+00    9.000000E+02    1.000000E+02   -1.000000E+01    0.000000E+00   -9.836000E+00   -9.954279E+00
   2.100000E-09    0.000000E+00    1.447000E+00    1.080000E+02    1.398000E+00   -5.157000E-01   -1.000000E+01    3.853000E+00   -1.000000E+01    4.025000E+00   -1.000000E+01   -1.000000E+01    6.300000E+00    1.360000E+01    2.200000E+00    1.000000E+00    1.000000E+00    8.499000E-01    7.650000E-01    8.500000E-01    1.586000E+00    4.571000E-02    8.974000E-04   -9.774000E+00    2.000000E+00    1.000000E+00    9.000000E+02    1.000000E+02   -1.000000E+01    0.000000E+00   -9.845000E+00   -9.919448E+00
   2.000000E-09    7.000000E+00    1.415000E+00    3.800000E+01    1.362000E+00   -5.867000E-01    1.146000E+00    3.279000E+00    3.322000E+00    3.785000E+00    1.833000E+00    3.000000E+00    7.500000E+00    7.280000E+00    1.900000E+00    5.000000E+00    4.300000E+01    2.817000E+00    2.431000E+00    3.850000E+00    1.165000E+00    6.398000E-02    9.432000E-04   -9.811000E+00    2.000000E+00    1.000000E+00    1.200000E+03    3.300000E+01   -1.000000E+01   -1.000000E+00   -1.012000E+01   -1.023919E+01
   2.032000E-10    1.000000E+00    1.748000E+00    1.110000E+02    1.903000E+00   -6.778000E-01    1.637000E+00    3.472000E+00    2.790000E+00    3.517000E+00    1.749000E+00    3.638000E+00    7.550000E+00    1.297000E+01    3.160000E+00    3.000000E+00    1.700000E+01    2.822000E+00    2.075000E-01    2.890000E+00    1.297000E+00    1.134000E+00    3.547000E-04   -9.818000E+00    2.000000E+00    1.000000E+00    1.650000E+03    9.200000E+01   -1.000000E+01   -1.000000E+00   -1.022000E+01   -1.028588E+01
   2.000000E-09    7.000000E+00    1.580000E+00    7.900000E+01    1.398000E+00   -1.000000E+00   -1.000000E+01    3.362000E+00   -1.000000E+01    3.550000E+00   -1.000000E+01   -1.000000E+01    8.000000E+00    7.280000E+00    1.900000E+00    5.000000E+00    4.300000E+01    2.817000E+00    2.415000E+00    3.850000E+00    1.318000E+00    6.690000E-02    8.974000E-04   -1.002000E+01    2.000000E+00    3.000000E+00    1.400000E+03    8.200000E+01   -1.000000E+01   -1.000000E+00   -9.745000E+00   -9.848016E+00
   1.300000E-09    1.000000E+00    2.025000E+00    8.100000E+01    1.398000E+00   -1.000000E+00   -1.000000E+01    3.362000E+00   -1.000000E+01    3.550000E+00   -1.000000E+01   -1.000000E+01    9.540000E+00    5.139000E+00    9.300000E-01    3.000000E+00    1.100000E+01    1.777000E+00    9.899000E-01    2.890000E+00    8.832000E-01    2.540000E-01    8.974000E-04   -1.002000E+01    2.500000E+01    1.000000E+00    1.530000E+03    0.000000E+00   -1.000000E+01    1.000000E+00   -1.068000E+01   -1.037383E+01
   1.970000E-09    0.000000E+00    2.025000E+00    8.100000E+01    1.352000E+00   -2.000000E+00   -1.000000E+01    2.362000E+00   -1.000000E+01    2.550000E+00   -1.000000E+01   -1.000000E+01    1.250000E+01    1.360000E+01    2.200000E+00    1.000000E+00    1.000000E+00    8.499000E-01    7.237000E-01    8.500000E-01    8.832000E-01    6.981000E-02    9.552000E-04   -1.052000E+01    2.500000E+01    1.000000E+00    1.650000E+03    0.000000E+00   -1.000000E+01    0.000000E+00   -1.011000E+01   -1.009519E+01
   7.200000E-10    4.000000E+00    1.279000E+00    9.300000E+01    1.398000E+00   -2.815000E-01   -1.000000E+01    4.080000E+00   -1.000000E+01    4.259000E+00   -1.000000E+01   -1.000000E+01    7.000000E+00    6.194000E+00    1.380000E+00    7.000000E+00    9.200000E+01    3.368000E+00    1.039000E+00    4.990000E+00    1.690000E+00    5.106000E-01    8.974000E-04   -9.657000E+00    2.000000E+00    2.000000E+00    1.800000E+03    4.750000E+01   -1.000000E+01    0.000000E+00   -1.059000E+01   -1.056420E+01
   8.100000E-10    2.000000E+00   -1.549000E-01    1.000000E+01    1.362000E+00   -5.157000E-01    1.000000E+00    3.380000E+00    3.405000E+00    3.922000E+00    1.230000E+00    2.230000E+00    8.770000E+00    9.752000E+00    2.550000E+00    4.000000E+00    3.400000E+01    2.921000E+00    1.021000E+00    3.450000E+00    2.155000E+00    4.565000E-01    9.432000E-04   -9.776000E+00    1.400000E+01    1.000000E+00    2.610000E+03    0.000000E+00   -1.000000E+01   -1.000000E+00   -1.154000E+01   -1.151913E+01
   2.040000E-09    1.000000E+00    1.744000E+00    8.200000E+01    1.380000E+00   -6.576000E-01    1.176000E+00    3.262000E+00    3.292000E+00    3.770000E+00    1.447000E+00    3.583000E+00    7.200000E+00    3.894000E+00    7.900000E-01    6.000000E+00    5.500000E+01    2.333000E+00    2.047000E+00    4.360000E+00    1.170000E+00    5.684000E-02    9.199000E-04   -9.846000E+00    2.000000E+00    1.000000E+00    1.370000E+03    8.000000E+01   -1.000000E+01    1.000000E+00   -9.914000E+00   -9.972911E+00
   2.140000E-09    0.000000E+00    1.477000E+00    2.100000E+01    1.398000E+00   -6.576000E-01    2.000000E+00    2.230000E+00    2.544000E+00    3.090000E+00    2.000000E+00    2.230000E+00    7.200000E+00    1.360000E+01    2.200000E+00    1.000000E+00    1.000000E+00    8.499000E-01    7.796000E-01    8.500000E-01    8.451000E-01    3.752000E-02    8.974000E-04   -9.845000E+00    4.000000E+00    1.000000E+00    2.440000E+03    0.000000E+00   -1.000000E+01    0.000000E+00   -1.043000E+01   -1.046763E+01
   7.900000E-10    2.000000E+00    1.580000E+00    7.900000E+01    1.398000E+00   -1.000000E+00   -1.000000E+01    3.362000E+00   -1.000000E+01    3.550000E+00   -1.000000E+01   -1.000000E+01    7.000000E+00    5.695000E+00    9.500000E-01    5.000000E+00    3.800000E+01    2.491000E+00    8.436000E-01    3.850000E+00    1.318000E+00    4.703000E-01    8.974000E-04   -1.002000E+01    2.000000E+00    3.000000E+00    1.100000E+03    8.200000E+01   -1.000000E+01    2.000000E+00   -9.086000E+00   -8.989096E+00
   1.000000E-10    6.000000E+00    1.279000E+00    9.300000E+01    1.398000E+00   -1.000000E+01   -1.000000E+01   -1.000000E+01   -1.000000E+01   -1.000000E+01   -1.000000E+01   -1.000000E+01    9.000000E+00    6.194000E+00    1.380000E+00    7.000000E+00    9.200000E+01    3.368000E+00    1.443000E-01    4.990000E+00    1.690000E+00    1.368000E+00    8.974000E-04   -1.452000E+01    2.000000E+00    2.000000E+00    1.800000E+03    4.750000E+01   -1.000000E+01   -1.000000E+00   -1.145000E+01   -1.139238E+01
   2.570000E-09    1.000000E+00    1.453000E+00    1.080000E+02    1.699000E+00   -1.000000E+01   -1.000000E+01   -1.000000E+01   -1.000000E+01   -1.000000E+01   -1.000000E+01   -1.000000E+01    6.992000E+00    5.139000E+00    9.300000E-01    3.000000E+00    1.100000E+01    1.777000E+00    1.806000E+00    2.890000E+00    1.580000E+00   -7.034000E-03    5.279000E-04   -1.450000E+01    2.000000E+00    2.000000E+00    1.600000E+03    9.800000E+01   -1.000000E+01    1.000000E+00   -1.007000E+01   -1.013388E+01
   1.300000E-09    1.000000E+00   -1.549000E-01    1.000000E+01    1.398000E+00    2.625000E-01   -1.000000E+01    4.624000E+00   -1.000000E+01    4.812000E+00   -1.000000E+01   -1.000000E+01    5.500000E+00    5.139000E+00    9.300000E-01    3.000000E+00    1.100000E+01    1.777000E+00    9.899000E-01    2.890000E+00    2.155000E+00    2.540000E-01    8.974000E-04   -9.385000E+00    1.400000E+01    1.000000E+00    2.640000E+03    0.000000E+00   -1.000000E+01    1.000000E+00   -1.236000E+01   -1.240280E+01
   2.140000E-09    0.000000E+00   -1.549000E-01    1.000000E+01    1.362000E+00   -5.157000E-01    1.000000E+00    3.380000E+00    3.405000E+00    3.922000E+00    1.230000E+00    2.230000E+00    8.770000E+00    1.360000E+01    2.200000E+00    1.000000E+00    1.000000E+00    8.499000E-01    7.849000E-01    8.500000E-01    2.155000E+00    3.459000E-02    9.432000E-04   -9.776000E+00    1.400000E+01    1.000000E+00    2.610000E+03    0.000000E+00   -1.000000E+01    0.000000E+00   -1.070000E+01   -1.085005E+01
   2.100000E-09    4.000000E+00    1.279000E+00    9.300000E+01    1.398000E+00   -1.000000E+01   -1.000000E+01   -1.000000E+01   -1.000000E+01   -1.000000E+01   -1.000000E+01   -1.000000E+01    1.250000E+01    6.634000E+00    1.330000E+00    5.000000E+00    4.000000E+01    2.689000E+00    2.420000E+00    3.850000E+00    1.690000E+00    4.571000E-02    8.974000E-04   -1.452000E+01    2.000000E+00    2.000000E+00    1.600000E+03    4.750000E+01   -1.000000E+01    0.000000E+00   -1.005000E+01   -1.001895E+01
   1.300000E-09    1.000000E+00    1.447000E+00    1.300000E+01    1.398000E+00   -4.089000E-01    1.799000E+00    3.742000E+00    3.015000E+00    4.027000E+00    1.462000E+00    3.132000E+00    7.600000E+00    5.139000E+00    9.300000E-01    3.000000E+00    1.100000E+01    1.777000E+00    9.899000E-01    2.890000E+00    6.668000E-01    2.540000E-01    8.974000E-04   -9.721000E+00    4.000000E+00    2.000000E+00    2.400000E+03    0.000000E+00   -1.000000E+01    1.000000E+00   -1.082000E+01   -1.065816E+01
   2.570000E-09    1.000000E+00    1.453000E+00    1.080000E+02    1.699000E+00   -1.000000E+01   -1.000000E+01   -1.000000E+01   -1.000000E+01   -1.000000E+01   -1.000000E+01   -1.000000E+01    6.928000E+00    5.139000E+00    9.300000E-01    3.000000E+00    1.100000E+01    1.777000E+00    1.806000E+00    2.890000E+00    1.580000E+00   -7.034000E-03    5.279000E-04   -1.450000E+01    2.000000E+00    2.000000E+00    1.800000E+03    9.800000E+01   -1.000000E+01    1.000000E+00   -1.025000E+01   -1.026207E+01
   2.000000E-09    1.000000E+00    1.447000E+00    1.080000E+02    1.398000E+00   -6.108000E-01   -1.000000E+01    3.760000E+00   -1.000000E+01   -1.000000E+01    3.941000E+00    3.363000E+00    1.050000E+01    1.297000E+01    3.160000E+00    3.000000E+00    1.700000E+01    2.822000E+00    2.419000E+00    2.890000E+00    1.586000E+00    6.690000E-02    8.974000E-04   -9.822000E+00    2.000000E+00    1.000000E+00    1.600000E+03    9.800000E+01   -1.000000E+01   -1.000000E+00   -1.052000E+01   -1.049294E+01
   6.600000E-10    2.000000E+00    1.279000E+00    9.300000E+01    1.398000E+00   -1.000000E+01   -1.000000E+01   -1.000000E+01   -1.000000E+01   -1.000000E+01   -1.000000E+01   -1.000000E+01    1.250000E+01    7.640000E+00    1.910000E+00    4.000000E+00    2.800000E+01    2.586000E+00    7.315000E-01    3.450000E+00    1.690000E+00    5.484000E-01    8.974000E-04   -1.452000E+01    2.000000E+00    2.000000E+00    1.800000E+03    4.750000E+01   -1.000000E+01    2.000000E+00   -1.063000E+01   -1.067939E+01
   2.090000E-09    1.000000E+00    1.447000E+00    1.080000E+02    1.398000E+00   -1.000000E+01   -1.000000E+01   -1.000000E+01   -1.000000E+01   -1.000000E+01   -1.000000E+01   -1.000000E+01    8.500000E+00    3.894000E+00    7.900000E-01    6.000000E+00    5.500000E+01    2.333000E+00    2.090000E+00    4.360000E+00    1.586000E+00    4.778000E-02    8.974000E-04   -1.452000E+01    2.000000E+00    2.000000E+00    1.610000E+03    1.000000E+02   -1.000000E+01    1.000000E+00   -1.021000E+01   -1.016181E+01
   4.300000E-10    6.000000E+00    1.580000E+00    7.900000E+01    1.398000E+00   -2.127000E+00    4.314000E-01    2.167000E+00    4.139000E-02    1.763000E+00    2.513000E+00    1.505000E+00    8.400000E+00    6.194000E+00    1.380000E+00    7.000000E+00    9.200000E+01    3.368000E+00    6.207000E-01    4.990000E+00    1.318000E+00    7.345000E-01    8.974000E-04   -1.058000E+01    2.000000E+00    1.000000E+00    7.000000E+02    8.200000E+01   -1.000000E+01    2.000000E+00   -1.172000E+01   -1.138398E+01
   8.480000E-10    2.000000E+00    4.771000E-01    2.000000E+00    1.398000E+00   -3.523000E+00   -1.000000E+01   -1.000000E+01    6.031000E-01    8.513000E-01   -1.000000E+01   -1.000000E+01    6.250000E+00    5.212000E+00    8.900000E-01    6.000000E+00    5.600000E+01    2.699000E+00    9.810000E-01    4.360000E+00    8.239000E-01    4.395000E-01    8.974000E-04   -1.128000E+01    8.000000E+00    1.000000E+00    2.640000E+03    0.000000E+00   -1.000000E+01    2.000000E+00   -1.218000E+01   -1.228951E+01
   1.550000E-09    4.000000E+00    6.232000E-01    6.700000E+01    1.301000E+00   -1.146000E+00    1.301000E+00    3.024000E+00    2.243000E+00    3.027000E+00    2.556000E+00    2.970000E+00    7.580000E+00    9.752000E+00    2.550000E+00    4.000000E+00    3.400000E+01    2.921000E+00    1.974000E+00    3.450000E+00    2.203000E+00    1.703000E-01    1.018000E-03   -1.009000E+01    1.300000E+01    1.000000E+00    2.630000E+03    0.000000E+00   -1.000000E+01   -1.000000E+00   -1.338000E+01   -1.294832E+01
   2.950000E-09    1.000000E+00    1.453000E+00    1.080000E+02    1.602000E+00   -1.000000E+01   -1.000000E+01   -1.000000E+01   -1.000000E+01   -1.000000E+01   -1.000000E+01   -1.000000E+01    6.904000E+00    1.297000E+01    3.160000E+00    3.000000E+00    1.700000E+01    2.822000E+00    3.397000E+00    2.890000E+00    1.580000E+00   -8.057000E-02    6.389000E-04   -1.451000E+01    2.000000E+00    2.000000E+00    7.000000E+02    9.800000E+01   -1.000000E+01   -1.000000E+00   -9.264000E+00   -9.316536E+00
   7.910000E-10    2.000000E+00    1.748000E+00    1.110000E+02    1.903000E+00   -7.282000E-01    1.596000E+00    3.415000E+00    2.736000E+00    3.353000E+00    1.827000E+00    3.670000E+00    7.560000E+00    5.695000E+00    9.500000E-01    5.000000E+00    3.800000E+01    2.491000E+00    7.131000E-01    3.850000E+00    1.297000E+00    5.433000E-01    3.547000E-04   -9.844000E+00    2.000000E+00    1.000000E+00    1.400000E+03    9.200000E+01   -1.000000E+01    2.000000E+00   -1.023000E+01   -9.943058E+00
   7.900000E-10    2.000000E+00    1.580000E+00    7.900000E+01    1.398000E+00   -1.000000E+00   -1.000000E+01    3.362000E+00   -1.000000E+01    3.550000E+00   -1.000000E+01   -1.000000E+01    1.000000E+01    5.695000E+00    9.500000E-01    5.000000E+00    3.800000E+01    2.491000E+00    8.436000E-01    3.850000E+00    1.318000E+00    4.703000E-01    8.974000E-04   -1.002000E+01    2.000000E+00    3.000000E+00    1.000000E+03    8.200000E+01   -1.000000E+01    2.000000E+00   -8.854000E+00   -8.962760E+00
   4.300000E-10    4.000000E+00    1.279000E+00    9.300000E+01    1.398000E+00    0.000000E+00   -1.000000E+01   -1.000000E+01   -1.000000E+01   -1.000000E+01   -1.000000E+01   -1.000000E+01    9.000000E+00    6.194000E+00    1.380000E+00    7.000000E+00    9.200000E+01    3.368000E+00    6.207000E-01    4.990000E+00    1.690000E+00    7.345000E-01    8.974000E-04   -9.516000E+00    2.000000E+00    2.000000E+00    1.800000E+03    4.750000E+01   -1.000000E+01    0.000000E+00   -1.081000E+01   -1.079266E+01
   2.000000E-09    1.000000E+00    1.580000E+00    7.900000E+01    1.380000E+00   -1.470000E+00    2.204000E+00    2.529000E+00    2.672000E+00    1.623000E+00   -1.000000E+01    1.362000E+00    1.160000E+01    1.297000E+01    3.160000E+00    3.000000E+00    1.700000E+01    2.822000E+00    2.427000E+00    2.890000E+00    1.318000E+00    6.544000E-02    9.199000E-04   -1.025000E+01    2.000000E+00    1.000000E+00    1.930000E+03    8.200000E+01    1.954000E+00   -1.000000E+00   -1.216000E+01   -1.204194E+01
   2.000000E-09    1.000000E+00    1.580000E+00    7.900000E+01    1.398000E+00   -2.000000E+00   -1.000000E+01    2.362000E+00   -1.000000E+01   -1.000000E+01   -1.000000E+01   -1.000000E+01    8.200000E+00    1.297000E+01    3.160000E+00    3.000000E+00    1.700000E+01    2.822000E+00    2.419000E+00    2.890000E+00    1.318000E+00    6.690000E-02    8.974000E-04   -1.052000E+01    2.000000E+00    1.000000E+00    8.000000E+02    8.000000E+01   -1.000000E+01   -1.000000E+00   -9.449000E+00   -9.421819E+00
   7.910000E-10    2.000000E+00    1.748000E+00    1.110000E+02    1.778000E+00   -7.282000E-01    1.596000E+00    3.415000E+00    2.736000E+00    3.353000E+00    1.827000E+00    3.670000E+00    7.560000E+00    5.695000E+00    9.500000E-01    5.000000E+00    3.800000E+01    2.491000E+00    7.559000E-01    3.850000E+00    1.297000E+00    5.180000E-01    4.494000E-04   -9.856000E+00    2.000000E+00    1.000000E+00    1.400000E+03    9.200000E+01   -1.000000E+01    2.000000E+00   -9.402000E+00   -9.430668E+00
   2.570000E-09    1.000000E+00    1.453000E+00    1.080000E+02    1.699000E+00   -1.000000E+01   -1.000000E+01   -1.000000E+01   -1.000000E+01   -1.000000E+01   -1.000000E+01   -1.000000E+01    6.748000E+00    5.139000E+00    9.300000E-01    3.000000E+00    1.100000E+01    1.777000E+00    1.806000E+00    2.890000E+00    1.580000E+00   -7.034000E-03    5.279000E-04   -1.450000E+01    2.000000E+00    2.000000E+00    1.400000E+03    9.800000E+01   -1.000000E+01    1.000000E+00   -9.889000E+00   -9.844921E+00
   1.460000E-09    7.000000E+00    1.408000E+00    7.200000E+01    1.544000E+00   -1.301000E+00   -1.000000E+01    3.061000E+00   -1.000000E+01    3.249000E+00   -1.000000E+01   -1.000000E+01    4.000000E+00    7.834000E+00    1.900000E+00    6.000000E+00    7.500000E+01    3.309000E+00    2.004000E+00    4.360000E+00    1.449000E+00    2.179000E-01    7.106000E-04   -1.016000E+01    2.000000E+00    1.000000E+00    1.600000E+03    7.500000E+01   -1.000000E+01   -1.000000E+00   -1.036000E+01   -1.048207E+01
   2.140000E-09    0.000000E+00   -2.218000E-01    1.730000E+01    1.362000E+00   -3.000000E+00   -6.990000E-01    9.823000E-01    7.497000E-01    2.967000E-01    1.348000E+00    9.581000E-01    8.920000E+00    1.360000E+01    2.200000E+00    1.000000E+00    1.000000E+00    8.499000E-01    7.849000E-01    8.500000E-01    2.460000E+00    3.459000E-02    9.432000E-04   -1.102000E+01    2.700000E+01    1.000000E+00    2.430000E+03    0.000000E+00   -1.000000E+01    0.000000E+00   -1.057000E+01   -1.056012E+01
   1.550000E-09    4.000000E+00    6.232000E-01    6.700000E+01    1.398000E+00   -1.398000E+00    8.451000E-01    2.784000E+00    1.869000E+00    2.785000E+00   -1.000000E+01    2.785000E+00    9.200000E+00    9.752000E+00    2.550000E+00    4.000000E+00    3.400000E+01    2.921000E+00    1.941000E+00    3.450000E+00    2.203000E+00    1.776000E-01    8.974000E-04   -1.022000E+01    1.300000E+01    3.000000E+00    1.800000E+03    0.000000E+00   -1.000000E+01   -1.000000E+00   -1.017000E+01   -1.001815E+01
   2.100000E-09    5.000000E+00    1.279000E+00    9.300000E+01    1.398000E+00   -1.000000E+01   -1.000000E+01   -1.000000E+01   -1.000000E+01   -1.000000E+01   -1.000000E+01   -1.000000E+01    1.250000E+01    6.759000E+00    1.600000E+00    5.000000E+00    4.100000E+01    2.714000E+00    2.443000E+00    3.850000E+00    1.690000E+00    4.571000E-02    8.974000E-04   -1.452000E+01    2.000000E+00    2.000000E+00    1.200000E+03    4.750000E+01   -1.000000E+01   -1.000000E+00   -9.573000E+00   -9.588632E+00
   8.050000E-10    2.000000E+00    1.580000E+00    7.870000E+01    1.398000E+00   -3.010000E-01   -1.000000E+01    4.061000E+00   -1.000000E+01   -1.000000E+01   -1.000000E+01   -1.000000E+01    7.239000E+00    5.695000E+00    9.500000E-01    5.000000E+00    3.800000E+01    2.491000E+00    8.596000E-01    3.850000E+00    1.316000E+00    4.621000E-01    8.974000E-04   -9.667000E+00    2.000000E+00    1.000000E+00    1.600000E+03    8.200000E+01   -1.000000E+01    2.000000E+00   -1.049000E+01   -1.050944E+01
   1.010000E-09    1.000000E+00    1.453000E+00    1.080000E+02    1.176000E+00   -1.000000E+01   -1.000000E+01   -1.000000E+01   -1.000000E+01   -1.000000E+01   -1.000000E+01   -1.000000E+01    5.674000E+00    5.139000E+00    9.300000E-01    3.000000E+00    1.100000E+01    1.777000E+00    7.958000E-01    2.890000E+00    1.580000E+00    3.488000E-01    1.162000E-03   -1.452000E+01    2.000000E+00    2.000000E+00    1.800000E+03    9.800000E+01   -1.000000E+01    1.000000E+00   -1.071000E+01   -1.067769E+01
   2.060000E-09    1.000000E+00   -1.549000E-01    1.000000E+01    1.362000E+00   -9.208000E-01    1.172000E+00    3.441000E+00   -1.000000E+01    2.754000E+00    3.409000E+00    2.739000E+00    9.500000E+00    3.894000E+00    7.900000E-01    6.000000E+00    5.500000E+01    2.333000E+00    2.074000E+00    4.360000E+00    2.155000E+00    5.114000E-02    9.432000E-04   -9.978000E+00    1.400000E+01    1.000000E+00    2.670000E+03    0.000000E+00   -1.000000E+01    1.000000E+00   -1.109000E+01   -1.110566E+01
   2.000000E-09    1.000000E+00    1.447000E+00    1.080000E+02    1.398000E+00   -5.157000E-01   -1.000000E+01    3.853000E+00   -1.000000E+01    4.025000E+00   -1.000000E+01   -1.000000E+01    6.300000E+00    1.045000E+01    2.660000E+00    5.000000E+00    5.300000E+01    3.375000E+00    2.893000E+00    3.850000E+00    1.586000E+00    6.690000E-02    8.974000E-04   -9.774000E+00    2.000000E+00    1.000000E+00    9.000000E+02    1.000000E+02   -1.000000E+01   -1.000000E+00   -1.047000E+01   -1.051665E+01
   1.560000E-09    1.000000E+00    1.453000E+00    1.080000E+02    1.176000E+00   -1.000000E+01   -1.000000E+01   -1.000000E+01   -1.000000E+01   -1.000000E+01   -1.000000E+01   -1.000000E+01    5.893000E+00    1.297000E+01    3.160000E+00    3.000000E+00    1.700000E+01    2.822000E+00    1.952000E+00    2.890000E+00    1.580000E+00    1.600000E-01    1.162000E-03   -1.452000E+01    2.000000E+00    2.000000E+00    7.000000E+02    9.800000E+01   -1.000000E+01   -1.000000E+00   -9.541000E+00   -9.542048E+00
   1.200000E-09    4.000000E+00    4.771000E-01    2.000000E+00    1.462000E+00    6.070000E-02   -1.000000E+01    4.403000E+00   -1.000000E+01   -1.000000E+01    4.785000E+00    3.682000E+00    8.860000E+00    6.266000E+00    1.360000E+00    7.000000E+00    9.300000E+01    3.387000E+00    1.719000E+00    4.990000E+00    8.239000E-01    2.945000E-01    8.149000E-04   -9.483000E+00    8.000000E+00    1.000000E+00    2.640000E+03    0.000000E+00   -1.000000E+01   -4.000000E+00   -1.242000E+01   -1.245716E+01
   6.240000E-10    3.000000E+00    1.279000E+00    9.300000E+01    1.398000E+00   -1.000000E+01   -1.000000E+01   -1.000000E+01   -1.000000E+01   -1.000000E+01   -1.000000E+01   -1.000000E+01    8.500000E+00    5.974000E+00    1.300000E+00    7.000000E+00    9.500000E+01    3.307000E+00    8.845000E-01    4.990000E+00    1.690000E+00    5.727000E-01    8.974000E-04   -1.452000E+01    2.000000E+00    2.000000E+00    1.400000E+03    4.750000E+01   -1.000000E+01   -1.000000E+00   -1.026000E+01   -1.025353E+01
   2.000000E-09    1.000000E+00    1.744000E+00    8.200000E+01    1.380000E+00   -5.918000E-01    1.146000E+00    3.279000E+00    3.328000E+00    3.785000E+00    1.831000E+00    3.016000E+00    7.500000E+00    1.045000E+01    2.660000E+00    5.000000E+00    5.300000E+01    3.375000E+00    2.903000E+00    3.850000E+00    1.170000E+00    6.544000E-02    9.199000E-04   -9.813000E+00    2.000000E+00    2.000000E+00    1.300000E+03    8.000000E+01   -1.000000E+01   -1.000000E+00   -9.836000E+00   -9.935385E+00
   3.690000E-09    1.000000E+00    1.453000E+00    1.080000E+02    1.699000E+00   -1.301000E+00   -1.000000E+01    3.061000E+00   -1.000000E+01    3.249000E+00   -1.000000E+01   -1.000000E+01    6.359000E+00    1.297000E+01    3.160000E+00    3.000000E+00    1.700000E+01    2.822000E+00    4.118000E+00    2.890000E+00    1.580000E+00   -1.641000E-01    5.279000E-04   -1.015000E+01    2.000000E+00    2.000000E+00    1.000000E+03    9.800000E+01   -1.000000E+01   -1.000000E+00   -9.401000E+00   -9.445416E+00
   3.690000E-09    1.000000E+00    1.453000E+00    1.080000E+02    1.699000E+00   -1.000000E+01   -1.000000E+01   -1.000000E+01   -1.000000E+01   -1.000000E+01   -1.000000E+01   -1.000000E+01    6.052000E+00    1.297000E+01    3.160000E+00    3.000000E+00    1.700000E+01    2.822000E+00    4.118000E+00    2.890000E+00    1.580000E+00   -1.641000E-01    5.279000E-04   -1.450000E+01    2.000000E+00    2.000000E+00    1.800000E+03    9.800000E+01   -1.000000E+01   -1.000000E+00   -1.010000E+01   -1.013790E+01
   1.550000E-09    4.000000E+00    6.232000E-01    6.700000E+01    1.491000E+00   -3.010000E-01   -1.000000E+01    4.061000E+00   -1.000000E+01   -1.000000E+01   -1.000000E+01   -1.000000E+01    7.580000E+00    9.752000E+00    2.550000E+00    4.000000E+00    3.400000E+01    2.921000E+00    1.903000E+00    3.450000E+00    2.203000E+00    1.863000E-01    7.777000E-04   -9.662000E+00    1.300000E+01    1.000000E+00    2.560000E+03    0.000000E+00   -1.000000E+01   -1.000000E+00   -1.278000E+01   -1.277387E+01
   2.000000E-09    1.000000E+00   -2.218000E-01    1.730000E+01    1.398000E+00   -1.215000E+00   -6.990000E-01    9.823000E-01    7.497000E-01    2.967000E-01    1.348000E+00    9.581000E-01    8.920000E+00    1.297000E+01    3.160000E+00    3.000000E+00    1.700000E+01    2.822000E+00    2.419000E+00    2.890000E+00    2.460000E+00    6.690000E-02    8.974000E-04   -1.012000E+01    2.700000E+01    1.000000E+00    2.430000E+03    0.000000E+00   -1.000000E+01   -1.000000E+00   -1.074000E+01   -1.078913E+01
   7.420000E-10    1.000000E+00    1.453000E+00    1.080000E+02    6.990000E-01   -1.000000E+01   -1.000000E+01   -1.000000E+01   -1.000000E+01   -1.000000E+01   -1.000000E+01   -1.000000E+01    6.158000E+00    5.139000E+00    9.300000E-01    3.000000E+00    1.100000E+01    1.777000E+00    6.056000E-01    2.890000E+00    1.580000E+00    4.674000E-01    1.536000E-03   -1.453000E+01    2.000000E+00    2.000000E+00    1.000000E+03    9.800000E+01   -1.000000E+01    1.000000E+00   -1.010000E+01   -1.013505E+01
   2.000000E-09    1.000000E+00    1.580000E+00    7.900000E+01    1.398000E+00   -1.000000E+00   -1.000000E+01    3.362000E+00   -1.000000E+01   -1.000000E+01   -1.000000E+01   -1.000000E+01    8.200000E+00    1.297000E+01    3.160000E+00    3.000000E+00    1.700000E+01    2.822000E+00    2.419000E+00    2.890000E+00    1.318000E+00    6.690000E-02    8.974000E-04   -1.002000E+01    2.000000E+00    1.000000E+00    1.800000E+03    8.000000E+01   -1.000000E+01   -1.000000E+00   -1.029000E+01   -1.032758E+01
   1.460000E-09    7.000000E+00    1.436000E+00    5.870000E+01    1.301000E+00   -3.010000E-01   -1.000000E+01    4.061000E+00   -1.000000E+01    4.249000E+00   -1.000000E+01   -1.000000E+01    7.600000E+00    7.834000E+00    1.900000E+00    6.000000E+00    7.500000E+01    3.309000E+00    2.106000E+00    4.360000E+00    1.332000E+00    1.962000E-01    1.018000E-03   -9.670000E+00    2.000000E+00    1.000000E+00    1.400000E+03    7.800000E+01   -1.000000E+01   -1.000000E+00   -1.010000E+01   -1.024133E+01
   2.000000E-09    1.000000E+00   -1.549000E-01    1.000000E+01    1.398000E+00   -5.157000E-01    1.000000E+00    3.380000E+00    3.405000E+00    3.922000E+00    1.230000E+00    2.230000E+00    8.770000E+00    1.297000E+01    3.160000E+00    3.000000E+00    1.700000E+01    2.822000E+00    2.419000E+00    2.890000E+00    2.155000E+00    6.690000E-02    8.974000E-04   -9.774000E+00    1.400000E+01    1.000000E+00    2.610000E+03    0.000000E+00   -1.000000E+01   -1.000000E+00   -1.116000E+01   -1.107733E+01
   4.530000E-09    1.000000E+00    1.279000E+00    9.300000E+01    1.778000E+00   -2.757000E-01    5.922000E-01    4.024000E+00    2.558000E+00    4.302000E+00   -1.000000E+01    4.065000E-01    7.700000E+00    3.894000E+00    7.900000E-01    6.000000E+00    5.500000E+01    2.333000E+00    4.054000E+00    4.360000E+00    1.690000E+00   -2.400000E-01    4.494000E-04   -9.630000E+00    2.000000E+00    2.000000E+00    1.600000E+03    4.750000E+01    1.477000E+00    1.000000E+00   -9.456000E+00   -9.232420E+00
   4.300000E-10    6.000000E+00    1.279000E+00    9.300000E+01    1.398000E+00   -1.000000E+01   -1.000000E+01   -1.000000E+01   -1.000000E+01   -1.000000E+01   -1.000000E+01   -1.000000E+01    9.000000E+00    6.194000E+00    1.380000E+00    7.000000E+00    9.200000E+01    3.368000E+00    6.207000E-01    4.990000E+00    1.690000E+00    7.345000E-01    8.974000E-04   -1.452000E+01    2.000000E+00    2.000000E+00    1.820000E+03    4.750000E+01    1.602000E+00   -1.000000E+00   -1.064000E+01   -1.061848E+01
   6.100000E-10    3.000000E+00    1.279000E+00    9.300000E+01    1.391000E+00   -2.222000E+00   -1.000000E+01   -1.000000E+01   -1.000000E+01    2.027000E+00   -1.000000E+01   -1.000000E+01    7.650000E+00    5.644000E+00    1.170000E+00    6.000000E+00    6.200000E+01    2.809000E+00    7.353000E-01    4.360000E+00    1.690000E+00    5.820000E-01    9.063000E-04   -1.063000E+01    2.000000E+00    2.000000E+00    1.400000E+03    4.750000E+01   -1.000000E+01    1.000000E+00   -1.027000E+01   -1.027316E+01
   2.100000E-09    1.000000E+00    1.453000E+00    1.080000E+02    1.342000E+00   -2.924000E-01   -1.000000E+01    4.069000E+00   -1.000000E+01    4.257000E+00   -1.000000E+01   -1.000000E+01    7.580000E+00    3.894000E+00    7.900000E-01    6.000000E+00    5.500000E+01    2.333000E+00    2.121000E+00    4.360000E+00    1.580000E+00    4.132000E-02    9.673000E-04   -9.665000E+00    2.000000E+00    2.000000E+00    9.000000E+02    9.999000E+01   -1.000000E+01    1.000000E+00   -9.573000E+00   -9.597307E+00
   2.570000E-09    1.000000E+00    1.453000E+00    1.080000E+02    1.699000E+00   -1.000000E+00   -1.000000E+01    3.362000E+00   -1.000000E+01    3.550000E+00   -1.000000E+01   -1.000000E+01    7.076000E+00    5.139000E+00    9.300000E-01    3.000000E+00    1.100000E+01    1.777000E+00    1.806000E+00    2.890000E+00    1.580000E+00   -7.034000E-03    5.279000E-04   -9.999000E+00    2.000000E+00    2.000000E+00    1.000000E+03    9.800000E+01   -1.000000E+01    1.000000E+00   -9.559000E+00   -9.552786E+00
   2.220000E-09    0.000000E+00    1.748000E+00    1.110000E+02    1.903000E+00   -6.778000E-01    1.637000E+00    3.472000E+00    2.790000E+00    3.517000E+00    1.749000E+00    3.638000E+00    7.550000E+00    1.360000E+01    2.200000E+00    1.000000E+00    1.000000E+00    8.499000E-01    6.828000E-01    8.500000E-01    1.297000E+00    9.510000E-02    3.547000E-04   -9.818000E+00    2.000000E+00    1.000000E+00    1.650000E+03    9.200000E+01   -1.000000E+01    0.000000E+00   -9.846000E+00   -9.838639E+00
   1.180000E-09    1.000000E+00    1.453000E+00    1.080000E+02    6.990000E-01   -1.000000E+01   -1.000000E+01   -1.000000E+01   -1.000000E+01   -1.000000E+01   -1.000000E+01   -1.000000E+01    5.040000E+00    1.297000E+01    3.160000E+00    3.000000E+00    1.700000E+01    2.822000E+00    1.530000E+00    2.890000E+00    1.580000E+00    2.659000E-01    1.536000E-03   -1.453000E+01    2.000000E+00    2.000000E+00    1.800000E+03    9.800000E+01   -1.000000E+01   -1.000000E+00   -1.059000E+01   -1.058180E+01
   8.100000E-10    2.000000E+00    1.279000E+00    9.300000E+01    1.352000E+00   -1.000000E+01   -1.000000E+01   -1.000000E+01   -1.000000E+01   -1.000000E+01   -1.000000E+01   -1.000000E+01    7.250000E+00    9.752000E+00    2.550000E+00    4.000000E+00    3.400000E+01    2.921000E+00    1.023000E+00    3.450000E+00    1.690000E+00    4.558000E-01    9.552000E-04   -1.452000E+01    2.000000E+00    2.000000E+00    1.600000E+03    4.750000E+01    1.699000E+00   -1.000000E+00   -1.010000E+01   -1.027193E+01
   1.200000E-09    5.000000E+00    1.771000E+00    9.200000E+01    1.301000E+00   -3.000000E+00   -1.000000E+01    1.362000E+00   -1.000000E+01   -1.000000E+01   -1.000000E+01   -1.000000E+01    6.000000E+00    6.266000E+00    1.360000E+00    7.000000E+00    9.300000E+01    3.387000E+00    1.772000E+00    4.990000E+00    1.193000E+00    2.814000E-01    1.018000E-03   -1.102000E+01    3.000000E+00    2.000000E+00    7.800000E+02    9.800000E+01   -1.000000E+01    1.000000E+00   -9.682000E+00   -9.638083E+00
   1.640000E-09    2.000000E+00    1.279000E+00    9.300000E+01    1.352000E+00   -1.807000E+00   -1.000000E+01    2.378000E+00   -1.000000E+01   -1.000000E+01   -1.000000E+01    2.699000E+00    7.250000E+00    9.752000E+00    2.550000E+00    4.000000E+00    3.400000E+01    2.921000E+00    2.071000E+00    3.450000E+00    1.690000E+00    1.494000E-01    9.552000E-04   -1.042000E+01    2.000000E+00    2.000000E+00    1.600000E+03    5.000000E+01   -1.000000E+01   -1.000000E+00   -1.004000E+01   -1.007023E+01
   1.550000E-09    4.000000E+00    1.436000E+00    5.870000E+01    1.301000E+00   -3.010000E-01   -1.000000E+01    4.061000E+00   -1.000000E+01    4.249000E+00   -1.000000E+01   -1.000000E+01    7.600000E+00    9.752000E+00    2.550000E+00    4.000000E+00    3.400000E+01    2.921000E+00    1.974000E+00    3.450000E+00    1.332000E+00    1.703000E-01    1.018000E-03   -9.670000E+00    2.000000E+00    1.000000E+00    1.400000E+03    7.800000E+01   -1.000000E+01   -1.000000E+00   -1.027000E+01   -1.036577E+01
   3.690000E-09    1.000000E+00    1.580000E+00    7.870000E+01    1.398000E+00   -6.990000E-01   -1.000000E+01    3.663000E+00   -1.000000E+01    3.851000E+00   -1.000000E+01   -1.000000E+01    7.378000E+00    3.894000E+00    7.900000E-01    6.000000E+00    5.500000E+01    2.333000E+00    3.690000E+00    4.360000E+00    1.316000E+00   -1.991000E-01    8.974000E-04   -9.866000E+00    2.000000E+00    7.000000E+00    1.870000E+03    8.200000E+01   -1.000000E+01    1.000000E+00   -1.010000E+01   -1.010595E+01
   8.050000E-10    2.000000E+00    1.580000E+00    7.870000E+01    1.398000E+00   -1.000000E+00   -1.000000E+01    3.362000E+00   -1.000000E+01    3.550000E+00   -1.000000E+01   -1.000000E+01    6.125000E+00    5.695000E+00    9.500000E-01    5.000000E+00    3.800000E+01    2.491000E+00    8.596000E-01    3.850000E+00    1.316000E+00    4.621000E-01    8.974000E-04   -1.002000E+01    2.000000E+00    1.000000E+00    1.750000E+03    8.200000E+01   -1.000000E+01    2.000000E+00   -8.538000E+00   -9.240536E+00
   2.000000E-09    7.000000E+00    6.232000E-01    6.700000E+01    1.398000E+00   -1.000000E+00   -1.000000E+01    3.362000E+00   -1.000000E+01   -1.000000E+01   -1.000000E+01   -1.000000E+01    5.000000E+00    7.280000E+00    1.900000E+00    5.000000E+00    4.300000E+01    2.817000E+00    2.415000E+00    3.850000E+00    2.203000E+00    6.690000E-02    8.974000E-04   -1.002000E+01    1.300000E+01    1.000000E+00    2.730000E+03    0.000000E+00   -1.000000E+01   -1.000000E+00   -1.188000E+01   -1.196398E+01
   8.050000E-10    2.000000E+00    2.155000E+00    8.300000E+01    1.398000E+00   -3.010000E-01   -1.000000E+01    4.061000E+00   -1.000000E+01   -1.000000E+01   -1.000000E+01   -1.000000E+01    7.833000E+00    5.695000E+00    9.500000E-01    5.000000E+00    3.800000E+01    2.491000E+00    8.596000E-01    3.850000E+00    7.637000E-01    4.621000E-01    8.974000E-04   -9.667000E+00    3.000000E+00    1.000000E+00    1.950000E+03    1.000000E+02   -1.000000E+01    2.000000E+00   -1.042000E+01   -1.058737E+01
   2.740000E-09    2.000000E+00    1.744000E+00    8.200000E+01    1.954000E+00    1.335000E-01    1.469000E+00    3.704000E+00    4.176000E+00    4.535000E+00    1.000000E+00    2.898000E+00    8.161000E+00    5.695000E+00    9.500000E-01    5.000000E+00    3.800000E+01    2.491000E+00    2.402000E+00    3.850000E+00    1.170000E+00    1.583000E-02    3.270000E-04   -9.407000E+00    2.000000E+00    2.000000E+00    1.670000E+03    8.000000E+01    1.699000E+00    2.000000E+00   -9.764000E+00   -9.750207E+00
   1.130000E-09    6.000000E+00    1.580000E+00    7.200000E+01    1.398000E+00   -3.010000E-01   -1.000000E+01    4.061000E+00   -1.000000E+01    4.249000E+00   -1.000000E+01   -1.000000E+01    6.800000E+00    6.767000E+00    1.660000E+00    4.000000E+00    2.400000E+01    2.434000E+00    1.179000E+00    3.450000E+00    1.278000E+00    3.149000E-01    8.974000E-04   -9.667000E+00    2.000000E+00    1.000000E+00    1.600000E+03    8.200000E+01   -1.000000E+01   -1.000000E+00   -1.074000E+01   -1.072667E+01
   1.330000E-09    1.000000E+00    1.602000E+00    1.400000E+02    1.398000E+00   -1.000000E+00   -1.000000E+01    3.362000E+00   -1.000000E+01   -1.000000E+01   -1.000000E+01   -1.000000E+01    5.000000E+00    5.139000E+00    9.300000E-01    3.000000E+00    1.100000E+01    1.777000E+00    1.013000E+00    2.890000E+00    1.544000E+00    2.441000E-01    8.974000E-04   -1.002000E+01    7.000000E+00    1.000000E+00    1.900000E+03    0.000000E+00   -1.000000E+01    1.000000E+00   -9.495000E+00   -9.562319E+00
   2.000000E-09    1.000000E+00    1.279000E+00    9.300000E+01    1.398000E+00    6.990000E-01   -1.000000E+01    5.061000E+00   -1.000000E+01   -1.000000E+01   -1.000000E+01   -1.000000E+01    1.250000E+01    1.045000E+01    2.660000E+00    5.000000E+00    5.300000E+01    3.375000E+00    2.893000E+00    3.850000E+00    1.690000E+00    6.690000E-02    8.974000E-04   -9.167000E+00    2.000000E+00    1.000000E+00    1.600000E+03    4.750000E+01    1.477000E+00   -1.000000E+00   -1.018000E+01   -1.031351E+01
   2.000000E-09    7.000000E+00    1.744000E+00    8.200000E+01    1.903000E+00   -5.918000E-01    1.146000E+00    3.279000E+00    3.330000E+00    3.785000E+00    1.831000E+00    3.016000E+00    7.500000E+00    7.280000E+00    1.900000E+00    5.000000E+00    4.300000E+01    2.817000E+00    2.039000E+00    3.850000E+00    1.170000E+00    1.404000E-01    3.547000E-04   -9.775000E+00    2.000000E+00    2.000000E+00    9.400000E+02    8.000000E+01   -1.000000E+01   -1.000000E+00   -9.551000E+00   -9.551390E+00
   7.420000E-10    1.000000E+00    1.453000E+00    1.080000E+02    6.990000E-01   -1.000000E+01   -1.000000E+01   -1.000000E+01   -1.000000E+01   -1.000000E+01   -1.000000E+01   -1.000000E+01    6.410000E+00    5.139000E+00    9.300000E-01    3.000000E+00    1.100000E+01    1.777000E+00    6.056000E-01    2.890000E+00    1.580000E+00    4.674000E-01    1.536000E-03   -1.453000E+01    2.000000E+00    2.000000E+00    8.000000E+02    9.800000E+01   -1.000000E+01    1.000000E+00   -9.939000E+00   -9.984614E+00
   9.230000E-10    4.000000E+00    1.744000E+00    8.200000E+01    1.362000E+00   -5.768000E-01    1.437000E+00    3.430000E+00    3.204000E+00    3.844000E+00    1.086000E+00    3.126000E+00    7.700000E+00    1.126000E+01    2.550000E+00    2.000000E+00    6.000000E+00    1.811000E+00    7.212000E-01    1.990000E+00    1.170000E+00    3.998000E-01    9.432000E-04   -9.806000E+00    2.000000E+00    1.000000E+00    1.180000E+03    8.000000E+01   -1.000000E+01   -2.000000E+00   -1.110000E+01   -1.129388E+01
   4.300000E-10    4.000000E+00    1.279000E+00    9.300000E+01    1.398000E+00    0.000000E+00   -1.000000E+01   -1.000000E+01   -1.000000E+01   -1.000000E+01   -1.000000E+01   -1.000000E+01    9.000000E+00    6.194000E+00    1.380000E+00    7.000000E+00    9.200000E+01    3.368000E+00    6.207000E-01    4.990000E+00    1.690000E+00    7.345000E-01    8.974000E-04   -9.516000E+00    2.000000E+00    2.000000E+00    1.600000E+03    4.750000E+01   -1.000000E+01    0.000000E+00   -1.061000E+01   -1.067600E+01
   1.970000E-09    0.000000E+00    2.025000E+00    8.100000E+01    1.352000E+00   -3.010000E-01   -1.000000E+01    4.061000E+00   -1.000000E+01    4.250000E+00   -1.000000E+01   -1.000000E+01    1.250000E+01    1.360000E+01    2.200000E+00    1.000000E+00    1.000000E+00    8.499000E-01    7.237000E-01    8.500000E-01    8.832000E-01    6.981000E-02    9.552000E-04   -9.669000E+00    2.500000E+01    1.000000E+00    1.650000E+03    0.000000E+00   -1.000000E+01    0.000000E+00   -1.025000E+01   -1.032639E+01
   4.300000E-10    6.000000E+00    1.279000E+00    9.300000E+01    1.398000E+00   -1.000000E+01   -1.000000E+01   -1.000000E+01   -1.000000E+01   -1.000000E+01   -1.000000E+01   -1.000000E+01    8.450000E+00    6.194000E+00    1.380000E+00    7.000000E+00    9.200000E+01    3.368000E+00    6.207000E-01    4.990000E+00    1.690000E+00    7.345000E-01    8.974000E-04   -1.452000E+01    2.000000E+00    2.000000E+00    1.800000E+03    4.750000E+01   -1.000000E+01   -4.000000E+00   -1.082000E+01   -1.090726E+01
   6.240000E-10    3.000000E+00    1.279000E+00    9.300000E+01    1.398000E+00   -2.190000E-01   -1.000000E+01    4.105000E+00    2.983000E+00    2.697000E+00    2.086000E+00   -1.000000E+01    1.250000E+01    5.974000E+00    1.300000E+00    7.000000E+00    9.500000E+01    3.307000E+00    8.845000E-01    4.990000E+00    1.690000E+00    5.727000E-01    8.974000E-04   -9.626000E+00    2.000000E+00    2.000000E+00    1.200000E+03    4.750000E+01   -1.000000E+01    3.000000E+00   -1.010000E+01   -1.006065E+01
   1.550000E-09    4.000000E+00    6.232000E-01    6.700000E+01    1.740000E+00   -1.398000E+00    8.451000E-01    2.784000E+00    1.869000E+00    2.785000E+00   -1.000000E+01    2.785000E+00    4.300000E+00    9.752000E+00    2.550000E+00    4.000000E+00    3.400000E+01    2.921000E+00    1.763000E+00    3.450000E+00    2.203000E+00    2.192000E-01    4.852000E-04   -1.019000E+01    1.300000E+01    3.000000E+00    1.800000E+03    0.000000E+00   -1.000000E+01   -1.000000E+00   -1.009000E+01   -9.895898E+00
   2.570000E-09    1.000000E+00    1.453000E+00    1.080000E+02    1.699000E+00   -1.000000E+01   -1.000000E+01   -1.000000E+01   -1.000000E+01   -1.000000E+01   -1.000000E+01   -1.000000E+01    6.917000E+00    5.139000E+00    9.300000E-01    3.000000E+00    1.100000E+01    1.777000E+00    1.806000E+00    2.890000E+00    1.580000E+00   -7.034000E-03    5.279000E-04   -1.450000E+01    2.000000E+00    2.000000E+00    1.800000E+03    9.800000E+01   -1.000000E+01    1.000000E+00   -1.031000E+01   -1.026207E+01
   5.000000E-10    3.000000E+00    1.580000E+00    7.200000E+01    1.176000E+00   -3.010000E-01   -1.000000E+01    4.061000E+00   -1.000000E+01    4.249000E+00   -1.000000E+01   -1.000000E+01    5.100000E+00    5.539000E+00    1.120000E+00    6.000000E+00    5.800000E+01    2.782000E+00    6.170000E-01    4.360000E+00    1.278000E+00    6.541000E-01    1.162000E-03   -9.674000E+00    2.000000E+00    1.000000E+00    1.600000E+03    8.200000E+01   -1.000000E+01   -1.000000E+00   -1.126000E+01   -1.108199E+01
   2.220000E-09    0.000000E+00    1.833000E+00    7.100000E+01    1.398000E+00   -3.010000E-01   -1.000000E+01    4.061000E+00   -1.000000E+01    4.249000E+00   -1.000000E+01   -1.000000E+01    7.000000E+00    1.360000E+01    2.200000E+00    1.000000E+00    1.000000E+00    8.499000E-01    8.088000E-01    8.500000E-01    1.019000E+00    2.158000E-02    8.974000E-04   -9.667000E+00    6.000000E+00    1.000000E+00    1.700000E+03    0.000000E+00   -1.000000E+01    0.000000E+00   -9.959000E+00   -9.857849E+00
   2.090000E-09    1.000000E+00   -1.549000E-01    1.000000E+01    1.398000E+00   -5.157000E-01    1.000000E+00    3.380000E+00    3.405000E+00    3.922000E+00    1.230000E+00    2.230000E+00    8.770000E+00    3.894000E+00    7.900000E-01    6.000000E+00    5.500000E+01    2.333000E+00    2.090000E+00    4.360000E+00    2.155000E+00    4.778000E-02    8.974000E-04   -9.774000E+00    1.400000E+01    1.000000E+00    2.610000E+03    0.000000E+00   -1.000000E+01    1.000000E+00   -1.160000E+01   -1.119643E+01
   2.950000E-09    1.000000E+00    1.453000E+00    1.080000E+02    1.602000E+00   -1.000000E+01   -1.000000E+01   -1.000000E+01   -1.000000E+01   -1.000000E+01   -1.000000E+01   -1.000000E+01    5.921000E+00    1.297000E+01    3.160000E+00    3.000000E+00    1.700000E+01    2.822000E+00    3.397000E+00    2.890000E+00    1.580000E+00   -8.057000E-02    6.389000E-04   -1.451000E+01    2.000000E+00    2.000000E+00    1.200000E+03    9.800000E+01   -1.000000E+01   -1.000000E+00   -9.662000E+00   -9.585702E+00
   1.010000E-09    1.000000E+00    1.453000E+00    1.080000E+02    1.176000E+00   -1.000000E+01   -1.000000E+01   -1.000000E+01   -1.000000E+01   -1.000000E+01   -1.000000E+01   -1.000000E+01    5.672000E+00    5.139000E+00    9.300000E-01    3.000000E+00    1.100000E+01    1.777000E+00    7.958000E-01    2.890000E+00    1.580000E+00    3.488000E-01    1.162000E-03   -1.452000E+01    2.000000E+00    2.000000E+00    1.800000E+03    9.800000E+01   -1.000000E+01    1.000000E+00   -1.071000E+01   -1.067769E+01
   2.570000E-09    1.000000E+00    1.453000E+00    1.080000E+02    1.699000E+00   -1.000000E+01   -1.000000E+01   -1.000000E+01   -1.000000E+01   -1.000000E+01   -1.000000E+01   -1.000000E+01    7.308000E+00    5.139000E+00    9.300000E-01    3.000000E+00    1.100000E+01    1.777000E+00    1.806000E+00    2.890000E+00    1.580000E+00   -7.034000E-03    5.279000E-04   -1.450000E+01    2.000000E+00    2.000000E+00    1.000000E+03    9.800000E+01   -1.000000E+01    1.000000E+00   -9.573000E+00   -9.563921E+00
   2.100000E-09    0.000000E+00    1.279000E+00    9.300000E+01    1.398000E+00    8.198000E-01   -1.000000E+01    5.178000E+00    3.983000E+00    5.366000E+00    2.086000E+00   -1.000000E+01    1.250000E+01    1.360000E+01    2.200000E+00    1.000000E+00    1.000000E+00    8.499000E-01    7.650000E-01    8.500000E-01    1.690000E+00    4.571000E-02    8.974000E-04   -9.106000E+00    2.000000E+00    2.000000E+00    1.200000E+03    4.750000E+01   -1.000000E+01    0.000000E+00   -9.289000E+00   -9.521048E+00
   2.000000E-09    4.000000E+00    1.744000E+00    8.200000E+01    1.398000E+00   -5.918000E-01    1.146000E+00    3.279000E+00    3.330000E+00    3.785000E+00    1.831000E+00    3.016000E+00    7.500000E+00    7.280000E+00    1.900000E+00    5.000000E+00    4.300000E+01    2.817000E+00    2.415000E+00    3.850000E+00    1.170000E+00    6.690000E-02    8.974000E-04   -9.812000E+00    2.000000E+00    2.000000E+00    1.240000E+03    8.000000E+01   -1.000000E+01    0.000000E+00   -9.785000E+00   -9.738980E+00
   2.010000E-09    1.000000E+00    1.453000E+00    1.080000E+02    1.602000E+00   -1.301000E+00   -1.000000E+01    3.061000E+00   -1.000000E+01    3.249000E+00   -1.000000E+01   -1.000000E+01    7.700000E+00    5.139000E+00    9.300000E-01    3.000000E+00    1.100000E+01    1.777000E+00    1.457000E+00    2.890000E+00    1.580000E+00    8.605000E-02    6.389000E-04   -1.016000E+01    2.000000E+00    2.000000E+00    1.000000E+03    9.800000E+01   -1.000000E+01    1.000000E+00   -9.666000E+00   -9.704920E+00
   1.460000E-09    7.000000E+00    1.547000E+00    7.000000E+01    1.301000E+00   -3.010000E-01   -1.000000E+01    4.061000E+00   -1.000000E+01    4.249000E+00   -1.000000E+01   -1.000000E+01    7.000000E+00    7.834000E+00    1.900000E+00    6.000000E+00    7.500000E+01    3.309000E+00    2.106000E+00    4.360000E+00    1.299000E+00    1.962000E-01    1.018000E-03   -9.670000E+00    2.000000E+00    1.000000E+00    1.800000E+03    3.680000E+01   -1.000000E+01   -1.000000E+00   -1.037000E+01   -1.047339E+01
   2.000000E-09    1.000000E+00   -1.549000E-01    1.000000E+01    1.398000E+00   -5.157000E-01    1.000000E+00    3.380000E+00    3.405000E+00    3.922000E+00    1.230000E+00    2.230000E+00    8.700000E+00    1.297000E+01    3.160000E+00    3.000000E+00    1.700000E+01    2.822000E+00    2.419000E+00    2.890000E+00    2.155000E+00    6.690000E-02    8.974000E-04   -9.774000E+00    1.400000E+01    1.000000E+00    2.730000E+03    0.000000E+00   -1.000000E+01   -1.000000E+00   -1.100000E+01   -1.106627E+01
   8.100000E-10    2.000000E+00    2.025000E+00    8.100000E+01    1.362000E+00   -1.000000E+00   -1.000000E+01    3.362000E+00   -1.000000E+01    3.550000E+00   -1.000000E+01   -1.000000E+01    7.700000E+00    9.752000E+00    2.550000E+00    4.000000E+00    3.400000E+01    2.921000E+00    1.021000E+00    3.450000E+00    8.832000E-01    4.565000E-01    9.432000E-04   -1.002000E+01    2.500000E+01    1.000000E+00    1.500000E+03    0.000000E+00   -1.000000E+01   -1.000000E+00   -1.123000E+01   -1.116805E+01
   2.000000E-09    1.000000E+00    1.279000E+00    9.300000E+01    1.362000E+00   -2.000000E+00   -1.000000E+01    2.362000E+00   -1.000000E+01    2.550000E+00   -1.000000E+01   -1.000000E+01    1.250000E+01    1.297000E+01    3.160000E+00    3.000000E+00    1.700000E+01    2.822000E+00    2.435000E+00    2.890000E+00    1.690000E+00    6.398000E-02    9.432000E-04   -1.052000E+01    2.000000E+00    1.000000E+00    1.600000E+03    5.000000E+01    1.699000E+00   -1.000000E+00   -1.089000E+01   -1.095901E+01
   2.100000E-09    1.000000E+00    6.021000E-01    6.700000E+01    1.398000E+00   -1.000000E+00    3.592000E+00   -1.000000E+01   -1.000000E+01   -1.000000E+01   -1.000000E+01   -1.000000E+01    6.000000E+00    3.894000E+00    7.900000E-01    6.000000E+00    5.500000E+01    2.333000E+00    2.100000E+00    4.360000E+00    2.224000E+00    4.571000E-02    8.974000E-04   -1.002000E+01    1.300000E+01    1.000000E+00    2.640000E+03    0.000000E+00   -1.000000E+01    1.000000E+00   -1.230000E+01   -1.193950E+01
   2.000000E-09    7.000000E+00    1.415000E+00    3.800000E+01    1.362000E+00   -5.867000E-01    1.146000E+00    3.279000E+00    3.322000E+00    3.785000E+00    1.833000E+00    3.000000E+00    7.500000E+00    7.280000E+00    1.900000E+00    5.000000E+00    4.300000E+01    2.817000E+00    2.431000E+00    3.850000E+00    1.165000E+00    6.398000E-02    9.432000E-04   -9.811000E+00    2.000000E+00    1.000000E+00    1.160000E+03    3.300000E+01   -1.000000E+01   -1.000000E+00   -9.886000E+00   -9.949600E+00
   2.090000E-09    1.000000E+00    1.580000E+00    7.870000E+01    1.398000E+00    0.000000E+00   -1.000000E+01    4.362000E+00   -1.000000E+01   -1.000000E+01   -1.000000E+01   -1.000000E+01    7.410000E+00    3.894000E+00    7.900000E-01    6.000000E+00    5.500000E+01    2.333000E+00    2.090000E+00    4.360000E+00    1.316000E+00    4.778000E-02    8.974000E-04   -9.516000E+00    2.000000E+00    1.000000E+00    1.200000E+03    8.200000E+01   -1.000000E+01    1.000000E+00   -9.735000E+00   -9.822938E+00
   1.180000E-09    1.000000E+00    1.453000E+00    1.080000E+02    6.990000E-01   -1.000000E+01   -1.000000E+01   -1.000000E+01   -1.000000E+01   -1.000000E+01   -1.000000E+01   -1.000000E+01    5.479000E+00    1.297000E+01    3.160000E+00    3.000000E+00    1.700000E+01    2.822000E+00    1.530000E+00    2.890000E+00    1.580000E+00    2.659000E-01    1.536000E-03   -1.453000E+01    2.000000E+00    2.000000E+00    1.100000E+03    9.800000E+01   -1.000000E+01   -1.000000E+00   -9.979000E+00   -9.882953E+00
   1.330000E-09    1.000000E+00    1.531000E+00    1.300000E+01    1.362000E+00   -4.510000E-01    1.806000E+00    3.749000E+00    2.949000E+00    3.984000E+00    1.477000E+00    3.368000E+00    7.680000E+00    5.139000E+00    9.300000E-01    3.000000E+00    1.100000E+01    1.777000E+00    1.020000E+00    2.890000E+00    5.825000E-01    2.412000E-01    9.432000E-04   -9.743000E+00    4.000000E+00    1.000000E+00    2.700000E+03    0.000000E+00   -1.000000E+01    1.000000E+00   -1.178000E+01   -1.153116E+01
   7.900000E-10    2.000000E+00    1.279000E+00    9.300000E+01    1.398000E+00   -1.000000E+01   -1.000000E+01   -1.000000E+01   -1.000000E+01   -1.000000E+01   -1.000000E+01   -1.000000E+01    1.250000E+01    5.695000E+00    9.500000E-01    5.000000E+00    3.800000E+01    2.491000E+00    8.436000E-01    3.850000E+00    1.690000E+00    4.703000E-01    8.974000E-04   -1.452000E+01    2.000000E+00    2.000000E+00    1.600000E+03    4.750000E+01   -1.000000E+01    2.000000E+00   -1.047000E+01   -1.051487E+01
   2.000000E-09    1.000000E+00    1.744000E+00    8.200000E+01    1.740000E+00   -5.918000E-01    1.146000E+00    3.279000E+00    3.328000E+00    3.785000E+00    1.831000E+00    3.016000E+00    7.500000E+00    1.045000E+01    2.660000E+00    5.000000E+00    5.300000E+01    3.375000E+00    2.629000E+00    3.850000E+00    1.170000E+00    1.085000E-01    4.852000E-04   -9.791000E+00    2.000000E+00    2.000000E+00    1.100000E+03    8.000000E+01   -1.000000E+01   -1.000000E+00   -9.674000E+00   -9.638723E+00
   2.740000E-09    2.000000E+00    1.744000E+00    8.200000E+01    1.954000E+00    1.335000E-01    1.469000E+00    3.704000E+00    4.176000E+00    4.535000E+00    1.000000E+00    2.898000E+00    8.285000E+00    5.695000E+00    9.500000E-01    5.000000E+00    3.800000E+01    2.491000E+00    2.402000E+00    3.850000E+00    1.170000E+00    1.583000E-02    3.270000E-04   -9.407000E+00    2.000000E+00    2.000000E+00    1.690000E+03    8.000000E+01    1.699000E+00    2.000000E+00   -9.783000E+00   -9.754339E+00
   1.200000E-09    4.000000E+00    1.279000E+00    9.300000E+01    1.398000E+00   -2.815000E-01   -1.000000E+01    4.080000E+00   -1.000000E+01    4.259000E+00   -1.000000E+01   -1.000000E+01    7.000000E+00    6.266000E+00    1.360000E+00    7.000000E+00    9.300000E+01    3.387000E+00    1.742000E+00    4.990000E+00    1.690000E+00    2.887000E-01    8.974000E-04   -9.657000E+00    2.000000E+00    2.000000E+00    1.800000E+03    4.750000E+01   -1.000000E+01    0.000000E+00   -1.037000E+01   -1.038505E+01
   2.000000E-09    1.000000E+00    1.453000E+00    1.080000E+02    1.602000E+00   -2.924000E-01   -1.000000E+01    4.069000E+00   -1.000000E+01    4.257000E+00   -1.000000E+01   -1.000000E+01    6.158000E+00    1.045000E+01    2.660000E+00    5.000000E+00    5.300000E+01    3.375000E+00    2.755000E+00    3.850000E+00    1.580000E+00    8.822000E-02    6.389000E-04   -9.652000E+00    2.000000E+00    2.000000E+00    1.040000E+03    9.999000E+01   -1.000000E+01   -1.000000E+00   -9.703000E+00   -9.709871E+00
   1.010000E-09    1.000000E+00    1.453000E+00    1.080000E+02    1.176000E+00   -1.000000E+01   -1.000000E+01   -1.000000E+01   -1.000000E+01   -1.000000E+01   -1.000000E+01   -1.000000E+01    5.663000E+00    5.139000E+00    9.300000E-01    3.000000E+00    1.100000E+01    1.777000E+00    7.958000E-01    2.890000E+00    1.580000E+00    3.488000E-01    1.162000E-03   -1.452000E+01    2.000000E+00    2.000000E+00    1.800000E+03    9.800000E+01   -1.000000E+01    1.000000E+00   -1.071000E+01   -1.067769E+01
   2.000000E-09    7.000000E+00    1.580000E+00    7.900000E+01    1.398000E+00   -1.000000E+00   -1.000000E+01    3.362000E+00   -1.000000E+01    3.550000E+00   -1.000000E+01   -1.000000E+01    8.000000E+00    7.280000E+00    1.900000E+00    5.000000E+00    4.300000E+01    2.817000E+00    2.415000E+00    3.850000E+00    1.318000E+00    6.690000E-02    8.974000E-04   -1.002000E+01    2.000000E+00    3.000000E+00    8.000000E+02    8.200000E+01   -1.000000E+01   -1.000000E+00   -9.328000E+00   -9.256767E+00
   2.090000E-09    1.000000E+00    1.580000E+00    7.870000E+01    1.398000E+00   -1.857000E+00    5.922000E-01    2.448000E+00    1.256000E+00    2.603000E+00    2.086000E+00    9.825000E-01    8.565000E+00    3.894000E+00    7.900000E-01    6.000000E+00    5.500000E+01    2.333000E+00    2.090000E+00    4.360000E+00    1.316000E+00    4.778000E-02    8.974000E-04   -1.044000E+01    2.000000E+00    5.000000E+00    2.100000E+03    8.200000E+01   -1.000000E+01    1.000000E+00   -1.060000E+01   -1.051355E+01
   1.550000E-09    4.000000E+00    1.436000E+00    5.870000E+01    1.342000E+00   -3.010000E-01   -1.000000E+01    4.061000E+00   -1.000000E+01    4.249000E+00   -1.000000E+01   -1.000000E+01    3.100000E+00    9.752000E+00    2.550000E+00    4.000000E+00    3.400000E+01    2.921000E+00    1.961000E+00    3.450000E+00    1.332000E+00    1.732000E-01    9.673000E-04   -9.669000E+00    2.000000E+00    1.000000E+00    1.400000E+03    7.800000E+01   -1.000000E+01   -1.000000E+00   -1.024000E+01   -1.032711E+01
   2.000000E-09    1.000000E+00    1.744000E+00    8.200000E+01    1.380000E+00   -5.918000E-01    1.146000E+00    3.279000E+00    3.328000E+00    3.785000E+00    1.831000E+00    3.016000E+00    7.500000E+00    1.045000E+01    2.660000E+00    5.000000E+00    5.300000E+01    3.375000E+00    2.903000E+00    3.850000E+00    1.170000E+00    6.544000E-02    9.199000E-04   -9.813000E+00    2.000000E+00    1.000000E+00    1.460000E+03    8.000000E+01   -1.000000E+01   -1.000000E+00   -1.192000E+01   -1.157555E+01
   8.100000E-10    2.000000E+00    1.279000E+00    9.300000E+01    1.352000E+00   -1.000000E+01   -1.000000E+01   -1.000000E+01   -1.000000E+01   -1.000000E+01   -1.000000E+01   -1.000000E+01    7.250000E+00    9.752000E+00    2.550000E+00    4.000000E+00    3.400000E+01    2.921000E+00    1.023000E+00    3.450000E+00    1.690000E+00    4.558000E-01    9.552000E-04   -1.452000E+01    2.000000E+00    2.000000E+00    1.600000E+03    4.750000E+01   -1.000000E+01   -1.000000E+00   -1.033000E+01   -1.037506E+01
   1.300000E-09    1.000000E+00   -1.549000E-01    1.000000E+01    1.398000E+00   -5.157000E-01    1.000000E+00    3.380000E+00    3.405000E+00    3.922000E+00    1.230000E+00    2.230000E+00    8.700000E+00    5.139000E+00    9.300000E-01    3.000000E+00    1.100000E+01    1.777000E+00    9.899000E-01    2.890000E+00    2.155000E+00    2.540000E-01    8.974000E-04   -9.774000E+00    1.400000E+01    1.000000E+00    2.730000E+03    0.000000E+00   -1.000000E+01    1.000000E+00   -1.164000E+01   -1.131473E+01
   7.900000E-10    2.000000E+00    1.580000E+00    7.900000E+01    1.398000E+00   -1.000000E+00   -1.000000E+01    3.362000E+00   -1.000000E+01    3.550000E+00   -1.000000E+01   -1.000000E+01    7.000000E+00    5.695000E+00    9.500000E-01    5.000000E+00    3.800000E+01    2.491000E+00    8.436000E-01    3.850000E+00    1.318000E+00    4.703000E-01    8.974000E-04   -1.002000E+01    2.000000E+00    3.000000E+00    9.500000E+02    8.200000E+01   -1.000000E+01    2.000000E+00   -8.921000E+00   -9.000560E+00
   2.100000E-09    1.000000E+00   -1.549000E-01    1.000000E+01    1.398000E+00   -1.000000E+00   -1.000000E+01   -1.000000E+01   -1.000000E+01    3.550000E+00   -1.000000E+01   -1.000000E+01    5.800000E+00    3.894000E+00    7.900000E-01    6.000000E+00    5.500000E+01    2.333000E+00    2.100000E+00    4.360000E+00    2.155000E+00    4.571000E-02    8.974000E-04   -1.002000E+01    1.400000E+01    1.000000E+00    2.640000E+03    0.000000E+00   -1.000000E+01    1.000000E+00   -1.185000E+01   -1.196159E+01
   1.550000E-09    4.000000E+00    6.232000E-01    6.700000E+01    1.672000E+00   -1.398000E+00    8.451000E-01    2.784000E+00    1.869000E+00    2.785000E+00   -1.000000E+01    2.785000E+00    7.400000E+00    9.752000E+00    2.550000E+00    4.000000E+00    3.400000E+01    2.921000E+00    1.808000E+00    3.450000E+00    2.203000E+00    2.085000E-01    5.572000E-04   -1.020000E+01    1.300000E+01    3.000000E+00    1.800000E+03    0.000000E+00   -1.000000E+01   -1.000000E+00   -1.002000E+01   -9.948076E+00
   2.000000E-09    1.000000E+00    1.447000E+00    1.080000E+02    1.398000E+00   -1.000000E+00   -1.000000E+01    3.362000E+00   -1.000000E+01    3.550000E+00   -1.000000E+01   -1.000000E+01    6.300000E+00    1.045000E+01    2.660000E+00    5.000000E+00    5.300000E+01    3.375000E+00    2.893000E+00    3.850000E+00    1.586000E+00    6.690000E-02    8.974000E-04   -1.002000E+01    2.000000E+00    1.000000E+00    9.000000E+02    1.000000E+02   -1.000000E+01   -1.000000E+00   -1.057000E+01   -1.073704E+01
   1.000000E-10    6.000000E+00    1.279000E+00    9.300000E+01    1.398000E+00   -1.000000E+01   -1.000000E+01   -1.000000E+01   -1.000000E+01   -1.000000E+01   -1.000000E+01   -1.000000E+01    9.000000E+00    6.194000E+00    1.380000E+00    7.000000E+00    9.200000E+01    3.368000E+00    1.443000E-01    4.990000E+00    1.690000E+00    1.368000E+00    8.974000E-04   -1.452000E+01    2.000000E+00    2.000000E+00    1.400000E+03    4.750000E+01   -1.000000E+01   -1.000000E+00   -1.106000E+01   -1.104350E+01
   2.100000E-09    5.000000E+00    1.279000E+00    9.300000E+01    1.398000E+00    8.198000E-01   -1.000000E+01    5.178000E+00    3.983000E+00    5.366000E+00    2.086000E+00   -1.000000E+01    1.250000E+01    6.759000E+00    1.600000E+00    5.000000E+00    4.100000E+01    2.714000E+00    2.443000E+00    3.850000E+00    1.690000E+00    4.571000E-02    8.974000E-04   -9.106000E+00    2.000000E+00    2.000000E+00    1.200000E+03    4.750000E+01   -1.000000E+01   -1.000000E+00   -9.577000E+00   -9.592917E+00
   2.000000E-09    1.000000E+00    6.990000E-01    4.000000E+00    1.398000E+00    2.625000E-01   -1.000000E+01    4.624000E+00   -1.000000E+01    4.812000E+00   -1.000000E+01   -1.000000E+01    5.500000E+00    1.297000E+01    3.160000E+00    3.000000E+00    1.700000E+01    2.822000E+00    2.419000E+00    2.890000E+00    9.031000E-01    6.690000E-02    8.974000E-04   -9.385000E+00    1.000000E+00    1.000000E+00    2.750000E+03    0.000000E+00   -1.000000E+01   -1.000000E+00   -1.392000E+01   -1.365944E+01
   2.140000E-09    0.000000E+00   -1.549000E-01    1.000000E+01    1.362000E+00   -5.157000E-01    1.000000E+00    3.380000E+00    3.405000E+00    3.922000E+00    1.230000E+00    2.230000E+00    8.770000E+00    1.360000E+01    2.200000E+00    1.000000E+00    1.000000E+00    8.499000E-01    7.849000E-01    8.500000E-01    2.155000E+00    3.459000E-02    9.432000E-04   -9.776000E+00    1.400000E+01    1.000000E+00    2.610000E+03    0.000000E+00   -1.000000E+01    0.000000E+00   -1.077000E+01   -1.085005E+01
   1.010000E-09    1.000000E+00    1.453000E+00    1.080000E+02    1.176000E+00   -1.000000E+01   -1.000000E+01   -1.000000E+01   -1.000000E+01   -1.000000E+01   -1.000000E+01   -1.000000E+01    6.917000E+00    5.139000E+00    9.300000E-01    3.000000E+00    1.100000E+01    1.777000E+00    7.958000E-01    2.890000E+00    1.580000E+00    3.488000E-01    1.162000E-03   -1.452000E+01    2.000000E+00    2.000000E+00    1.000000E+03    9.800000E+01   -1.000000E+01    1.000000E+00   -9.979000E+00   -9.969049E+00
   1.910000E-09    1.000000E+00    2.025000E+00    8.100000E+01    1.352000E+00   -3.010000E-01   -1.000000E+01    4.061000E+00   -1.000000E+01    4.250000E+00   -1.000000E+01   -1.000000E+01    1.250000E+01    1.297000E+01    3.160000E+00    3.000000E+00    1.700000E+01    2.822000E+00    2.330000E+00    2.890000E+00    8.832000E-01    8.324000E-02    9.552000E-04   -9.669000E+00    2.500000E+01    1.000000E+00    1.650000E+03    0.000000E+00   -1.000000E+01   -1.000000E+00   -1.065000E+01   -1.066863E+01
   2.000000E-09    1.000000E+00    6.021000E-01    6.700000E+01    1.398000E+00   -1.208000E+00    7.796000E-01    2.716000E+00    2.301000E+00    2.944000E+00    2.176000E+00    3.041000E+00    7.520000E+00    1.045000E+01    2.660000E+00    5.000000E+00    5.300000E+01    3.375000E+00    2.893000E+00    3.850000E+00    2.224000E+00    6.690000E-02    8.974000E-04   -1.012000E+01    1.300000E+01    1.000000E+00    2.760000E+03    0.000000E+00   -1.000000E+01   -1.000000E+00   -1.162000E+01   -1.168502E+01
   7.570000E-10    2.000000E+00    1.744000E+00    8.200000E+01    1.362000E+00   -5.719000E-01    1.437000E+00    3.441000E+00    3.205000E+00    3.851000E+00    1.086000E+00    3.129000E+00    7.700000E+00    5.695000E+00    9.500000E-01    5.000000E+00    3.800000E+01    2.491000E+00    8.138000E-01    3.850000E+00    1.170000E+00    4.859000E-01    9.432000E-04   -9.804000E+00    2.000000E+00    2.000000E+00    1.250000E+03    8.000000E+01    1.699000E+00    2.000000E+00   -1.045000E+01   -1.023471E+01
   7.900000E-10    2.000000E+00    1.580000E+00    7.900000E+01    1.398000E+00   -1.000000E+00   -1.000000E+01    3.362000E+00   -1.000000E+01    3.550000E+00   -1.000000E+01   -1.000000E+01    7.000000E+00    5.695000E+00    9.500000E-01    5.000000E+00    3.800000E+01    2.491000E+00    8.436000E-01    3.850000E+00    1.318000E+00    4.703000E-01    8.974000E-04   -1.002000E+01    2.000000E+00    3.000000E+00    9.000000E+02    8.200000E+01   -1.000000E+01    2.000000E+00   -8.886000E+00   -9.000560E+00
   1.300000E-09    1.000000E+00    1.580000E+00    7.900000E+01    1.398000E+00   -1.166000E+00    2.934000E+00    2.265000E+00    2.882000E+00    3.027000E+00   -1.000000E+01    1.061000E+00    1.250000E+01    5.139000E+00    9.300000E-01    3.000000E+00    1.100000E+01    1.777000E+00    9.899000E-01    2.890000E+00    1.318000E+00    2.540000E-01    8.974000E-04   -1.010000E+01    2.000000E+00    1.000000E+00    2.000000E+03    8.200000E+01   -1.000000E+01    1.000000E+00   -1.000000E+01   -9.984151E+00
   2.000000E-09    1.000000E+00    1.744000E+00    8.200000E+01    1.380000E+00   -5.918000E-01    1.146000E+00    3.279000E+00    3.328000E+00    3.785000E+00    1.831000E+00    3.016000E+00    7.500000E+00    1.045000E+01    2.660000E+00    5.000000E+00    5.300000E+01    3.375000E+00    2.903000E+00    3.850000E+00    1.170000E+00    6.544000E-02    9.199000E-04   -9.813000E+00    2.000000E+00    1.000000E+00    1.450000E+03    8.000000E+01   -1.000000E+01   -1.000000E+00   -1.174000E+01   -1.135428E+01
   1.130000E-09    6.000000E+00    1.780000E+00    7.600000E+01    1.301000E+00   -3.010000E-01   -1.000000E+01    4.061000E+00   -1.000000E+01    4.249000E+00   -1.000000E+01   -1.000000E+01    7.500000E+00    6.767000E+00    1.660000E+00    4.000000E+00    2.400000E+01    2.434000E+00    1.199000E+00    3.450000E+00    1.100000E+00    3.075000E-01    1.018000E-03   -9.670000E+00    2.000000E+00    1.000000E+00    1.200000E+03    4.600000E+01   -1.000000E+01   -1.000000E+00   -1.010000E+01   -1.017853E+01
   2.000000E-09    1.000000E+00    1.279000E+00    9.300000E+01    1.398000E+00   -1.000000E+00   -1.000000E+01    2.362000E+00   -1.000000E+01   -1.000000E+01   -1.000000E+01   -1.000000E+01    1.250000E+01    1.045000E+01    2.660000E+00    5.000000E+00    5.300000E+01    3.375000E+00    2.893000E+00    3.850000E+00    1.690000E+00    6.690000E-02    8.974000E-04   -1.002000E+01    2.000000E+00    1.000000E+00    1.600000E+03    4.750000E+01    1.477000E+00   -1.000000E+00   -1.070000E+01   -1.054781E+01
   2.000000E-09    1.000000E+00    1.453000E+00    1.080000E+02    1.778000E+00   -2.000000E+00   -1.000000E+01    2.362000E+00   -1.000000E+01    2.550000E+00   -1.000000E+01   -1.000000E+01    7.200000E+00    1.045000E+01    2.660000E+00    5.000000E+00    5.300000E+01    3.375000E+00    2.589000E+00    3.850000E+00    1.580000E+00    1.151000E-01    4.494000E-04   -1.049000E+01    2.000000E+00    2.000000E+00    1.040000E+03    9.999000E+01   -1.000000E+01   -1.000000E+00   -9.703000E+00   -9.674840E+00
   2.000000E-09    1.000000E+00    1.580000E+00    7.900000E+01    1.398000E+00   -1.166000E+00    2.934000E+00    2.265000E+00    2.882000E+00    3.027000E+00   -1.000000E+01    1.061000E+00    1.250000E+01    4.341000E+00    8.200000E-01    4.000000E+00    1.900000E+01    1.949000E+00    1.671000E+00    3.450000E+00    1.318000E+00    6.690000E-02    8.974000E-04   -1.010000E+01    2.000000E+00    1.000000E+00    1.700000E+03    8.200000E+01   -1.000000E+01    1.000000E+00   -9.678000E+00   -9.709853E+00
   7.420000E-10    1.000000E+00    1.453000E+00    1.080000E+02    6.990000E-01   -1.000000E+01   -1.000000E+01   -1.000000E+01   -1.000000E+01   -1.000000E+01   -1.000000E+01   -1.000000E+01    5.267000E+00    5.139000E+00    9.300000E-01    3.000000E+00    1.100000E+01    1.777000E+00    6.056000E-01    2.890000E+00    1.580000E+00    4.674000E-01    1.536000E-03   -1.453000E+01    2.000000E+00    2.000000E+00    1.200000E+03    9.800000E+01   -1.000000E+01    1.000000E+00   -1.026000E+01   -1.026147E+01
   5.000000E-10    2.000000E+00    1.408000E+00    7.200000E+01    1.301000E+00   -6.990000E-01   -1.000000E+01    3.663000E+00   -1.000000E+01    3.851000E+00   -1.000000E+01   -1.000000E+01    6.800000E+00    7.881000E+00    1.880000E+00    4.000000E+00    2.700000E+01    2.626000E+00    5.724000E-01    3.450000E+00    1.449000E+00    6.616000E-01    1.018000E-03   -9.869000E+00    2.000000E+00    1.000000E+00    1.700000E+03    7.500000E+01   -1.000000E+01   -2.000000E+00   -1.125000E+01   -1.126905E+01
   2.032000E-10    1.000000E+00    1.531000E+00    1.300000E+01    1.362000E+00   -4.510000E-01    1.806000E+00    3.749000E+00    2.949000E+00    3.984000E+00    1.477000E+00    3.368000E+00    7.680000E+00    1.297000E+01    3.160000E+00    3.000000E+00    1.700000E+01    2.822000E+00    2.474000E-01    2.890000E+00    5.825000E-01    1.057000E+00    9.432000E-04   -9.743000E+00    4.000000E+00    1.000000E+00    2.700000E+03    0.000000E+00   -1.000000E+01   -1.000000E+00   -1.231000E+01   -1.178656E+01
   6.240000E-10    3.000000E+00    1.279000E+00    9.300000E+01    1.398000E+00    8.198000E-01   -1.000000E+01    5.178000E+00    3.983000E+00    5.366000E+00    2.086000E+00   -1.000000E+01    1.250000E+01    5.974000E+00    1.300000E+00    7.000000E+00    9.500000E+01    3.307000E+00    8.845000E-01    4.990000E+00    1.690000E+00    5.727000E-01    8.974000E-04   -9.106000E+00    2.000000E+00    2.000000E+00    1.800000E+03    4.750000E+01   -1.000000E+01    3.000000E+00   -1.065000E+01   -1.067045E+01
   2.020000E-09    1.000000E+00    2.025000E+00    8.100000E+01    1.398000E+00   -2.000000E+00   -1.000000E+01    2.362000E+00   -1.000000E+01    2.550000E+00   -1.000000E+01   -1.000000E+01    1.250000E+01    1.045000E+01    2.660000E+00    5.000000E+00    5.300000E+01    3.375000E+00    2.922000E+00    3.850000E+00    8.832000E-01    6.258000E-02    8.974000E-04   -1.052000E+01    2.500000E+01    1.000000E+00    1.650000E+03    0.000000E+00   -1.000000E+01   -1.000000E+00   -1.070000E+01   -1.055719E+01
   8.100000E-10    4.000000E+00    6.232000E-01    6.700000E+01    1.477000E+00   -1.398000E+00    8.451000E-01    2.784000E+00    1.869000E+00    2.785000E+00   -1.000000E+01    2.785000E+00    2.300000E+00    9.752000E+00    2.550000E+00    4.000000E+00    3.400000E+01    2.921000E+00    9.976000E-01    3.450000E+00    2.203000E+00    4.667000E-01    7.959000E-04   -1.021000E+01    1.300000E+01    3.000000E+00    1.800000E+03    0.000000E+00   -1.000000E+01   -2.000000E+00   -9.326000E+00   -9.531149E+00
   8.050000E-10    2.000000E+00    1.580000E+00    7.870000E+01    1.398000E+00   -1.000000E+00   -1.000000E+01    3.362000E+00   -1.000000E+01   -1.000000E+01   -1.000000E+01   -1.000000E+01    7.712000E+00    5.695000E+00    9.500000E-01    5.000000E+00    3.800000E+01    2.491000E+00    8.596000E-01    3.850000E+00    1.316000E+00    4.621000E-01    8.974000E-04   -1.002000E+01    2.000000E+00    1.000000E+00    1.200000E+03    8.200000E+01   -1.000000E+01    2.000000E+00   -1.015000E+01   -1.002942E+01
   2.000000E-09    1.000000E+00    1.453000E+00    1.080000E+02    1.342000E+00   -2.000000E+00   -1.000000E+01    2.362000E+00   -1.000000E+01    2.550000E+00   -1.000000E+01   -1.000000E+01    6.986000E+00    1.045000E+01    2.660000E+00    5.000000E+00    5.300000E+01    3.375000E+00    2.923000E+00    3.850000E+00    1.580000E+00    6.251000E-02    9.673000E-04   -1.052000E+01    2.000000E+00    2.000000E+00    1.410000E+03    9.999000E+01   -1.000000E+01   -1.000000E+00   -1.001000E+01   -1.005394E+01
   7.900000E-10    2.000000E+00    1.580000E+00    7.900000E+01    1.398000E+00   -1.000000E+00   -1.000000E+01    3.362000E+00   -1.000000E+01    3.550000E+00   -1.000000E+01   -1.000000E+01    6.600000E+00    5.695000E+00    9.500000E-01    5.000000E+00    3.800000E+01    2.491000E+00    8.436000E-01    3.850000E+00    1.318000E+00    4.703000E-01    8.974000E-04   -1.002000E+01    2.000000E+00    3.000000E+00    1.000000E+03    8.200000E+01   -1.000000E+01    2.000000E+00   -8.824000E+00   -8.902290E+00
   4.530000E-09    1.000000E+00    1.279000E+00    9.300000E+01    1.778000E+00   -2.757000E-01    5.922000E-01    4.024000E+00    2.558000E+00    4.302000E+00   -1.000000E+01    4.065000E-01    8.300000E+00    3.894000E+00    7.900000E-01    6.000000E+00    5.500000E+01    2.333000E+00    4.054000E+00    4.360000E+00    1.690000E+00   -2.400000E-01    4.494000E-04   -9.630000E+00    2.000000E+00    1.000000E+00    1.600000E+03    4.750000E+01    1.477000E+00    1.000000E+00   -9.143000E+00   -9.174588E+00
   2.140000E-09    0.000000E+00    6.021000E-01    6.700000E+01    1.362000E+00   -7.747000E-01    2.220000E+00    3.380000E+00    2.982000E+00    3.643000E+00   -1.000000E+01    2.294000E+00    1.160000E+01    1.360000E+01    2.200000E+00    1.000000E+00    1.000000E+00    8.499000E-01    7.849000E-01    8.500000E-01    2.224000E+00    3.459000E-02    9.432000E-04   -9.905000E+00    1.300000E+01    1.000000E+00    2.000000E+03    0.000000E+00   -1.000000E+01    0.000000E+00   -9.770000E+00   -9.829370E+00
   2.570000E-09    1.000000E+00    1.453000E+00    1.080000E+02    1.699000E+00   -1.000000E+01   -1.000000E+01   -1.000000E+01   -1.000000E+01   -1.000000E+01   -1.000000E+01   -1.000000E+01    7.877000E+00    5.139000E+00    9.300000E-01    3.000000E+00    1.100000E+01    1.777000E+00    1.806000E+00    2.890000E+00    1.580000E+00   -7.034000E-03    5.279000E-04   -1.450000E+01    2.000000E+00    2.000000E+00    7.000000E+02    9.800000E+01   -1.000000E+01    1.000000E+00   -9.324000E+00   -9.361646E+00
   7.910000E-10    2.000000E+00    1.748000E+00    1.110000E+02    1.398000E+00   -6.778000E-01    1.637000E+00    3.472000E+00    2.790000E+00    3.517000E+00    1.749000E+00    3.638000E+00    7.550000E+00    5.695000E+00    9.500000E-01    5.000000E+00    3.800000E+01    2.491000E+00    8.447000E-01    3.850000E+00    1.297000E+00    4.698000E-01    8.974000E-04   -9.855000E+00    2.000000E+00    1.000000E+00    1.650000E+03    9.200000E+01   -1.000000E+01    2.000000E+00   -1.007000E+01   -9.934567E+00
   9.230000E-10    4.000000E+00    1.279000E+00    9.300000E+01    1.398000E+00   -1.796000E+00   -1.000000E+01    2.867000E+00   -1.000000E+01   -1.000000E+01   -1.000000E+01   -1.000000E+01    1.250000E+01    1.126000E+01    2.550000E+00    2.000000E+00    6.000000E+00    1.811000E+00    7.164000E-01    1.990000E+00    1.690000E+00    4.027000E-01    8.974000E-04   -1.041000E+01    2.000000E+00    1.000000E+00    1.600000E+03    4.750000E+01   -1.000000E+01   -2.000000E+00   -1.200000E+01   -1.170675E+01
   4.530000E-09    1.000000E+00    1.279000E+00    9.300000E+01    1.699000E+00   -2.757000E-01    5.922000E-01    4.024000E+00    2.558000E+00    4.302000E+00   -1.000000E+01    4.065000E-01    8.300000E+00    3.894000E+00    7.900000E-01    6.000000E+00    5.500000E+01    2.333000E+00    4.179000E+00    4.360000E+00    1.690000E+00   -2.532000E-01    5.279000E-04   -9.637000E+00    2.000000E+00    1.000000E+00    1.600000E+03    4.800000E+01    1.477000E+00    1.000000E+00   -9.229000E+00   -9.256729E+00
   9.560000E-10    4.000000E+00    1.279000E+00    9.300000E+01    1.398000E+00   -2.000000E+00   -1.000000E+01    2.362000E+00   -1.000000E+01    2.550000E+00   -1.000000E+01   -1.000000E+01    1.250000E+01    1.126000E+01    2.550000E+00    2.000000E+00    6.000000E+00    1.811000E+00    7.420000E-01    1.990000E+00    1.690000E+00    3.875000E-01    8.974000E-04   -1.052000E+01    2.000000E+00    1.000000E+00    1.600000E+03    5.000000E+01    1.477000E+00   -2.000000E+00   -1.174000E+01   -1.151552E+01
   2.000000E-09    1.000000E+00    1.279000E+00    9.300000E+01    1.352000E+00   -3.010000E-01   -1.000000E+01    4.061000E+00   -1.000000E+01   -1.000000E+01   -1.000000E+01   -1.000000E+01    1.250000E+01    1.297000E+01    3.160000E+00    3.000000E+00    1.700000E+01    2.822000E+00    2.440000E+00    2.890000E+00    1.690000E+00    6.324000E-02    9.552000E-04   -9.669000E+00    2.000000E+00    1.000000E+00    1.600000E+03    4.750000E+01    1.477000E+00   -1.000000E+00   -1.049000E+01   -1.045223E+01
   2.000000E-09    7.000000E+00    1.744000E+00    8.200000E+01    1.380000E+00   -5.918000E-01    1.146000E+00    3.279000E+00    3.330000E+00    3.785000E+00    1.831000E+00    3.016000E+00    7.500000E+00    7.280000E+00    1.900000E+00    5.000000E+00    4.300000E+01    2.817000E+00    2.423000E+00    3.850000E+00    1.170000E+00    6.544000E-02    9.199000E-04   -9.813000E+00    2.000000E+00    1.000000E+00    1.100000E+03    8.000000E+01   -1.000000E+01   -1.000000E+00   -9.674000E+00   -9.696353E+00
   5.000000E-10    2.000000E+00    1.408000E+00    7.200000E+01    1.301000E+00   -6.990000E-01   -1.000000E+01    3.663000E+00   -1.000000E+01    3.851000E+00   -1.000000E+01   -1.000000E+01    6.800000E+00    7.881000E+00    1.880000E+00    4.000000E+00    2.700000E+01    2.626000E+00    5.724000E-01    3.450000E+00    1.449000E+00    6.616000E-01    1.018000E-03   -9.869000E+00    2.000000E+00    1.000000E+00    1.200000E+03    7.500000E+01   -1.000000E+01   -2.000000E+00   -1.073000E+01   -1.071531E+01
   9.000000E-10    4.000000E+00    1.279000E+00    9.300000E+01    1.398000E+00   -1.000000E+01   -1.000000E+01   -1.000000E+01   -1.000000E+01   -1.000000E+01   -1.000000E+01   -1.000000E+01    1.300000E+01    7.344000E+00    1.960000E+00    5.000000E+00    5.000000E+01    2.829000E+00    1.091000E+00    3.850000E+00    1.690000E+00    4.137000E-01    8.974000E-04   -1.452000E+01    2.000000E+00    2.000000E+00    4.000000E+02    4.750000E+01   -1.000000E+01    4.000000E+00   -9.453000E+00   -9.468788E+00
   1.200000E-09    4.000000E+00    1.279000E+00    9.300000E+01    1.398000E+00   -2.301000E+00   -1.000000E+01    2.362000E+00   -1.000000E+01   -1.000000E+01   -1.000000E+01   -1.000000E+01    7.000000E+00    6.266000E+00    1.360000E+00    7.000000E+00    9.300000E+01    3.387000E+00    1.742000E+00    4.990000E+00    1.690000E+00    2.887000E-01    8.974000E-04   -1.067000E+01    2.000000E+00    2.000000E+00    1.400000E+03    4.750000E+01   -1.000000E+01    0.000000E+00   -9.979000E+00   -9.940476E+00
   2.000000E-09    1.000000E+00   -1.549000E-01    1.000000E+01    1.398000E+00   -5.157000E-01    1.000000E+00    3.380000E+00    3.405000E+00    3.922000E+00    1.230000E+00    2.230000E+00    8.700000E+00    1.297000E+01    3.160000E+00    3.000000E+00    1.700000E+01    2.822000E+00    2.419000E+00    2.890000E+00    2.155000E+00    6.690000E-02    8.974000E-04   -9.774000E+00    1.400000E+01    1.000000E+00    2.730000E+03    0.000000E+00   -1.000000E+01   -1.000000E+00   -1.109000E+01   -1.106627E+01
   7.420000E-10    1.000000E+00    1.453000E+00    1.080000E+02    6.990000E-01   -1.000000E+01   -1.000000E+01   -1.000000E+01   -1.000000E+01   -1.000000E+01   -1.000000E+01   -1.000000E+01    4.895000E+00    5.139000E+00    9.300000E-01    3.000000E+00    1.100000E+01    1.777000E+00    6.056000E-01    2.890000E+00    1.580000E+00    4.674000E-01    1.536000E-03   -1.453000E+01    2.000000E+00    2.000000E+00    1.800000E+03    9.800000E+01   -1.000000E+01    1.000000E+00   -1.080000E+01   -1.073750E+01
   2.000000E-09    1.000000E+00    1.279000E+00    9.300000E+01    1.362000E+00   -2.000000E+00   -1.000000E+01    2.362000E+00   -1.000000E+01    2.550000E+00   -1.000000E+01   -1.000000E+01    1.250000E+01    1.045000E+01    2.660000E+00    5.000000E+00    5.300000E+01    3.375000E+00    2.913000E+00    3.850000E+00    1.690000E+00    6.398000E-02    9.432000E-04   -1.052000E+01    2.000000E+00    1.000000E+00    1.600000E+03    5.000000E+01    1.699000E+00   -1.000000E+00   -1.074000E+01   -1.088850E+01
   2.000000E-09    7.000000E+00    6.232000E-01    6.700000E+01    1.398000E+00   -1.000000E+00   -1.000000E+01    3.362000E+00   -1.000000E+01   -1.000000E+01   -1.000000E+01   -1.000000E+01    3.000000E+00    7.280000E+00    1.900000E+00    5.000000E+00    4.300000E+01    2.817000E+00    2.415000E+00    3.850000E+00    2.203000E+00    6.690000E-02    8.974000E-04   -1.002000E+01    1.300000E+01    1.000000E+00    2.670000E+03    0.000000E+00   -1.000000E+01   -1.000000E+00   -1.197000E+01   -1.196748E+01
   7.420000E-10    1.000000E+00    1.453000E+00    1.080000E+02    6.990000E-01   -1.000000E+01   -1.000000E+01   -1.000000E+01   -1.000000E+01   -1.000000E+01   -1.000000E+01   -1.000000E+01    5.871000E+00    5.139000E+00    9.300000E-01    3.000000E+00    1.100000E+01    1.777000E+00    6.056000E-01    2.890000E+00    1.580000E+00    4.674000E-01    1.536000E-03   -1.453000E+01    2.000000E+00    2.000000E+00    1.000000E+03    9.800000E+01   -1.000000E+01    1.000000E+00   -1.011000E+01   -1.013485E+01
   9.230000E-10    4.000000E+00    1.279000E+00    9.300000E+01    1.398000E+00   -1.252000E+00   -1.000000E+01    3.114000E+00   -1.000000E+01   -1.000000E+01    3.304000E+00    2.723000E+00    1.030000E+01    1.126000E+01    2.550000E+00    2.000000E+00    6.000000E+00    1.811000E+00    7.164000E-01    1.990000E+00    1.690000E+00    4.027000E-01    8.974000E-04   -1.014000E+01    2.000000E+00    1.000000E+00    1.600000E+03    4.750000E+01    1.929000E+00   -2.000000E+00   -1.020000E+01   -1.028481E+01
   2.000000E-09    1.000000E+00    1.453000E+00    1.080000E+02    1.602000E+00   -2.000000E+00   -1.000000E+01    2.362000E+00   -1.000000E+01    2.550000E+00   -1.000000E+01   -1.000000E+01    6.397000E+00    1.045000E+01    2.660000E+00    5.000000E+00    5.300000E+01    3.375000E+00    2.755000E+00    3.850000E+00    1.580000E+00    8.822000E-02    6.389000E-04   -1.051000E+01    2.000000E+00    2.000000E+00    1.400000E+03    9.999000E+01   -1.000000E+01   -1.000000E+00   -1.001000E+01   -9.981918E+00
   2.000000E-09    1.000000E+00    1.279000E+00    9.300000E+01    1.398000E+00   -6.108000E-01   -1.000000E+01    3.760000E+00   -1.000000E+01   -1.000000E+01    3.941000E+00    3.363000E+00    1.050000E+01    1.045000E+01    2.660000E+00    5.000000E+00    5.300000E+01    3.375000E+00    2.893000E+00    3.850000E+00    1.690000E+00    6.690000E-02    8.974000E-04   -9.822000E+00    2.000000E+00    1.000000E+00    1.600000E+03    4.750000E+01   -1.000000E+01   -1.000000E+00   -1.057000E+01   -1.045230E+01
   2.000000E-09    1.000000E+00    6.021000E-01    6.700000E+01    1.380000E+00   -7.747000E-01    2.220000E+00    3.380000E+00    2.982000E+00    3.643000E+00   -1.000000E+01    2.294000E+00    1.160000E+01    1.297000E+01    3.160000E+00    3.000000E+00    1.700000E+01    2.822000E+00    2.427000E+00    2.890000E+00    2.224000E+00    6.544000E-02    9.199000E-04   -9.904000E+00    1.300000E+01    1.000000E+00    2.000000E+03    0.000000E+00   -1.000000E+01   -1.000000E+00   -9.824000E+00   -9.919403E+00
   2.100000E-09    4.000000E+00    1.279000E+00    9.300000E+01    1.398000E+00   -1.000000E+01   -1.000000E+01   -1.000000E+01   -1.000000E+01   -1.000000E+01   -1.000000E+01   -1.000000E+01    1.250000E+01    6.634000E+00    1.330000E+00    5.000000E+00    4.000000E+01    2.689000E+00    2.420000E+00    3.850000E+00    1.690000E+00    4.571000E-02    8.974000E-04   -1.452000E+01    2.000000E+00    2.000000E+00    1.600000E+03    4.750000E+01   -1.000000E+01    0.000000E+00   -1.005000E+01   -1.001895E+01
   4.300000E-10    4.000000E+00    1.447000E+00    1.080000E+02    1.398000E+00   -1.000000E+01   -1.000000E+01   -1.000000E+01   -1.000000E+01   -1.000000E+01   -1.000000E+01   -1.000000E+01    9.450000E+00    6.026000E+00    1.280000E+00    7.000000E+00    9.400000E+01    3.322000E+00    6.122000E-01    4.990000E+00    1.586000E+00    7.345000E-01    8.974000E-04   -1.452000E+01    2.000000E+00    2.000000E+00    6.000000E+02    9.990000E+01   -1.000000E+01   -4.000000E+00   -1.003000E+01   -9.986138E+00
   2.000000E-09    1.000000E+00    1.453000E+00    1.080000E+02    1.565000E+00   -2.000000E+00   -1.000000E+01    2.362000E+00   -1.000000E+01    2.550000E+00   -1.000000E+01   -1.000000E+01    6.121000E+00    1.045000E+01    2.660000E+00    5.000000E+00    5.300000E+01    3.375000E+00    2.784000E+00    3.850000E+00    1.580000E+00    8.362000E-02    6.848000E-04   -1.051000E+01    2.000000E+00    2.000000E+00    1.410000E+03    9.999000E+01   -1.000000E+01   -1.000000E+00   -1.001000E+01   -9.980767E+00
   2.032000E-10    1.000000E+00    1.602000E+00    1.400000E+02    1.398000E+00   -1.000000E+00   -1.000000E+01    3.362000E+00   -1.000000E+01   -1.000000E+01   -1.000000E+01   -1.000000E+01    5.000000E+00    1.297000E+01    3.160000E+00    3.000000E+00    1.700000E+01    2.822000E+00    2.458000E-01    2.890000E+00    1.544000E+00    1.060000E+00    8.974000E-04   -1.002000E+01    7.000000E+00    1.000000E+00    1.900000E+03    0.000000E+00   -1.000000E+01   -1.000000E+00   -9.638000E+00   -9.703997E+00
   2.000000E-09    1.000000E+00    1.580000E+00    7.900000E+01    1.380000E+00   -6.615000E-01    1.893000E+00    3.508000E+00    2.904000E+00    3.805000E+00    1.785000E+00    2.584000E+00    7.700000E+00    1.045000E+01    2.660000E+00    5.000000E+00    5.300000E+01    3.375000E+00    2.903000E+00    3.850000E+00    1.318000E+00    6.544000E-02    9.199000E-04   -9.848000E+00    2.000000E+00    1.000000E+00    1.800000E+03    8.500000E+01    1.176000E+00   -1.000000E+00   -1.119000E+01   -1.112892E+01
   2.000000E-09    1.000000E+00    1.580000E+00    7.900000E+01    1.398000E+00   -1.000000E+00   -1.000000E+01    3.362000E+00   -1.000000E+01   -1.000000E+01   -1.000000E+01   -1.000000E+01    8.200000E+00    1.045000E+01    2.660000E+00    5.000000E+00    5.300000E+01    3.375000E+00    2.893000E+00    3.850000E+00    1.318000E+00    6.690000E-02    8.974000E-04   -1.002000E+01    2.000000E+00    1.000000E+00    8.000000E+02    8.000000E+01   -1.000000E+01   -1.000000E+00   -9.449000E+00   -9.416626E+00
   2.570000E-09    1.000000E+00    1.453000E+00    1.080000E+02    1.699000E+00   -3.979000E-01   -1.000000E+01    3.964000E+00   -1.000000E+01    4.152000E+00   -1.000000E+01   -1.000000E+01    7.129000E+00    5.139000E+00    9.300000E-01    3.000000E+00    1.100000E+01    1.777000E+00    1.806000E+00    2.890000E+00    1.580000E+00   -7.034000E-03    5.279000E-04   -9.698000E+00    2.000000E+00    2.000000E+00    1.000000E+03    9.800000E+01   -1.000000E+01    1.000000E+00   -9.559000E+00   -9.560173E+00
   1.200000E-09    4.000000E+00    1.279000E+00    9.300000E+01    1.398000E+00   -2.815000E-01   -1.000000E+01    4.080000E+00   -1.000000E+01    4.259000E+00   -1.000000E+01   -1.000000E+01    7.000000E+00    6.266000E+00    1.360000E+00    7.000000E+00    9.300000E+01    3.387000E+00    1.742000E+00    4.990000E+00    1.690000E+00    2.887000E-01    8.974000E-04   -9.657000E+00    2.000000E+00    2.000000E+00    1.800000E+03    4.750000E+01   -1.000000E+01    0.000000E+00   -1.037000E+01   -1.038505E+01
   1.550000E-09    4.000000E+00    1.408000E+00    7.200000E+01    1.544000E+00   -1.301000E+00   -1.000000E+01    3.061000E+00   -1.000000E+01    3.249000E+00   -1.000000E+01   -1.000000E+01    4.000000E+00    9.752000E+00    2.550000E+00    4.000000E+00    3.400000E+01    2.921000E+00    1.878000E+00    3.450000E+00    1.449000E+00    1.919000E-01    7.106000E-04   -1.016000E+01    2.000000E+00    1.000000E+00    1.600000E+03    7.500000E+01   -1.000000E+01   -1.000000E+00   -1.048000E+01   -1.060194E+01
   9.000000E-10    4.000000E+00    1.279000E+00    9.300000E+01    1.398000E+00    4.771000E-01   -1.000000E+01    4.663000E+00   -1.000000E+01   -1.000000E+01   -1.000000E+01   -1.000000E+01    8.000000E+00    7.344000E+00    1.960000E+00    5.000000E+00    5.000000E+01    2.829000E+00    1.091000E+00    3.850000E+00    1.690000E+00    4.137000E-01    8.974000E-04   -9.278000E+00    2.000000E+00    2.000000E+00    1.000000E+03    4.750000E+01   -1.000000E+01    4.000000E+00   -9.804000E+00   -9.733389E+00
   1.460000E-09    7.000000E+00    1.408000E+00    7.200000E+01    1.079000E+00   -3.635000E-01   -1.000000E+01    3.990000E+00   -1.000000E+01   -1.000000E+01   -1.000000E+01   -1.000000E+01    7.000000E+00    7.834000E+00    1.900000E+00    6.000000E+00    7.500000E+01    3.309000E+00    2.165000E+00    4.360000E+00    1.449000E+00    1.842000E-01    1.261000E-03   -9.708000E+00    2.000000E+00    1.000000E+00    1.600000E+03    7.500000E+01   -1.000000E+01   -1.000000E+00   -1.040000E+01   -1.038432E+01
   1.560000E-09    1.000000E+00    1.453000E+00    1.080000E+02    1.176000E+00   -1.000000E+01   -1.000000E+01   -1.000000E+01   -1.000000E+01   -1.000000E+01   -1.000000E+01   -1.000000E+01    5.101000E+00    1.297000E+01    3.160000E+00    3.000000E+00    1.700000E+01    2.822000E+00    1.952000E+00    2.890000E+00    1.580000E+00    1.600000E-01    1.162000E-03   -1.452000E+01    2.000000E+00    2.000000E+00    1.600000E+03    9.800000E+01   -1.000000E+01   -1.000000E+00   -1.028000E+01   -1.034680E+01
   2.000000E-09    1.000000E+00    1.279000E+00    9.300000E+01    1.352000E+00   -3.010000E-01   -1.000000E+01    4.061000E+00   -1.000000E+01   -1.000000E+01   -1.000000E+01   -1.000000E+01    1.250000E+01    1.297000E+01    3.160000E+00    3.000000E+00    1.700000E+01    2.822000E+00    2.440000E+00    2.890000E+00    1.690000E+00    6.324000E-02    9.552000E-04   -9.669000E+00    2.000000E+00    1.000000E+00    1.600000E+03    4.750000E+01   -1.000000E+01   -1.000000E+00   -1.074000E+01   -1.065220E+01
   7.900000E-10    2.000000E+00    1.491000E+00    8.300000E+01    1.301000E+00   -2.839000E+00    5.441000E-01    9.191000E-01    1.114000E+00    6.990000E-01   -1.000000E+01    9.345000E-01    7.000000E+00    5.695000E+00    9.500000E-01    5.000000E+00    3.800000E+01    2.491000E+00    8.580000E-01    3.850000E+00    1.428000E+00    4.630000E-01    1.018000E-03   -1.094000E+01    2.000000E+00    1.000000E+00    1.200000E+03    8.000000E+01   -1.000000E+01    2.000000E+00   -1.076000E+01   -1.074308E+01
   2.090000E-09    1.000000E+00    1.477000E+00    2.100000E+01    1.362000E+00   -1.356000E+00    1.990000E+00    2.225000E+00    2.512000E+00    3.094000E+00    2.354000E+00    2.238000E+00    7.800000E+00    3.894000E+00    7.900000E-01    6.000000E+00    5.500000E+01    2.333000E+00    2.104000E+00    4.360000E+00    8.451000E-01    4.486000E-02    9.432000E-04   -1.020000E+01    4.000000E+00    1.000000E+00    2.670000E+03    5.000000E+01   -1.000000E+01    1.000000E+00   -9.585000E+00   -9.665930E+00
   8.050000E-10    2.000000E+00    2.155000E+00    8.300000E+01    1.398000E+00   -3.010000E-01   -1.000000E+01    4.061000E+00   -1.000000E+01   -1.000000E+01   -1.000000E+01   -1.000000E+01    7.942000E+00    5.695000E+00    9.500000E-01    5.000000E+00    3.800000E+01    2.491000E+00    8.596000E-01    3.850000E+00    7.637000E-01    4.621000E-01    8.974000E-04   -9.667000E+00    3.000000E+00    1.000000E+00    1.950000E+03    1.000000E+02   -1.000000E+01    2.000000E+00   -1.062000E+01   -1.058737E+01
   9.230000E-10    4.000000E+00    1.279000E+00    9.300000E+01    1.398000E+00   -3.010000E-01   -1.000000E+01    4.061000E+00   -1.000000E+01   -1.000000E+01   -1.000000E+01   -1.000000E+01    1.250000E+01    1.126000E+01    2.550000E+00    2.000000E+00    6.000000E+00    1.811000E+00    7.164000E-01    1.990000E+00    1.690000E+00    4.027000E-01    8.974000E-04   -9.667000E+00    2.000000E+00    1.000000E+00    1.600000E+03    4.750000E+01    1.699000E+00   -2.000000E+00   -1.068000E+01   -1.075064E+01
   8.500000E-10    2.000000E+00    6.021000E-01    6.700000E+01    1.398000E+00   -3.523000E+00   -1.000000E+01   -1.000000E+01   -1.000000E+01    8.506000E-01   -1.000000E+01   -1.000000E+01    6.200000E+00    5.212000E+00    8.900000E-01    6.000000E+00    5.600000E+01    2.699000E+00    9.833000E-01    4.360000E+00    2.224000E+00    4.385000E-01    8.974000E-04   -1.128000E+01    1.300000E+01    1.000000E+00    2.640000E+03    0.000000E+00   -1.000000E+01    2.000000E+00   -1.224000E+01   -1.224762E+01
   5.000000E-10    2.000000E+00    1.408000E+00    7.200000E+01    1.301000E+00   -6.990000E-01   -1.000000E+01    3.663000E+00   -1.000000E+01    3.851000E+00   -1.000000E+01   -1.000000E+01    6.800000E+00    7.881000E+00    1.880000E+00    4.000000E+00    2.700000E+01    2.626000E+00    5.724000E-01    3.450000E+00    1.449000E+00    6.616000E-01    1.018000E-03   -9.869000E+00    2.000000E+00    1.000000E+00    1.600000E+03    7.500000E+01   -1.000000E+01   -2.000000E+00   -1.119000E+01   -1.125533E+01
   2.040000E-09    1.000000E+00    1.744000E+00    8.200000E+01    1.380000E+00   -6.576000E-01    1.176000E+00    3.262000E+00    3.292000E+00    3.770000E+00    1.447000E+00    3.583000E+00    7.200000E+00    3.894000E+00    7.900000E-01    6.000000E+00    5.500000E+01    2.333000E+00    2.047000E+00    4.360000E+00    1.170000E+00    5.684000E-02    9.199000E-04   -9.846000E+00    2.000000E+00    1.000000E+00    1.330000E+03    8.000000E+01   -1.000000E+01    1.000000E+00   -9.879000E+00   -9.870962E+00
   2.000000E-09    1.000000E+00    1.580000E+00    7.900000E+01    1.398000E+00   -1.000000E+00   -1.000000E+01    3.362000E+00   -1.000000E+01   -1.000000E+01   -1.000000E+01   -1.000000E+01    8.200000E+00    1.297000E+01    3.160000E+00    3.000000E+00    1.700000E+01    2.822000E+00    2.419000E+00    2.890000E+00    1.318000E+00    6.690000E-02    8.974000E-04   -1.002000E+01    2.000000E+00    1.000000E+00    1.200000E+03    8.000000E+01   -1.000000E+01   -1.000000E+00   -9.754000E+00   -9.746945E+00
   1.000000E-10    6.000000E+00    1.279000E+00    9.300000E+01    1.398000E+00   -1.000000E+01   -1.000000E+01   -1.000000E+01   -1.000000E+01   -1.000000E+01   -1.000000E+01   -1.000000E+01    9.000000E+00    6.194000E+00    1.380000E+00    7.000000E+00    9.200000E+01    3.368000E+00    1.443000E-01    4.990000E+00    1.690000E+00    1.368000E+00    8.974000E-04   -1.452000E+01    2.000000E+00    2.000000E+00    1.600000E+03    4.750000E+01   -1.000000E+01   -1.000000E+00   -1.124000E+01   -1.129050E+01
   2.032000E-10    1.000000E+00    1.531000E+00    1.300000E+01    1.362000E+00   -4.510000E-01    1.806000E+00    3.749000E+00    2.949000E+00    3.984000E+00    1.477000E+00    3.368000E+00    7.680000E+00    1.297000E+01    3.160000E+00    3.000000E+00    1.700000E+01    2.822000E+00    2.474000E-01    2.890000E+00    5.825000E-01    1.057000E+00    9.432000E-04   -9.743000E+00    4.000000E+00    1.000000E+00    2.700000E+03    0.000000E+00   -1.000000E+01   -1.000000E+00   -1.182000E+01   -1.178656E+01
   1.350000E-09    1.000000E+00    1.453000E+00    1.080000E+02    1.398000E+00   -1.000000E+01   -1.000000E+01   -1.000000E+01   -1.000000E+01   -1.000000E+01   -1.000000E+01   -1.000000E+01    6.884000E+00    5.139000E+00    9.300000E-01    3.000000E+00    1.100000E+01    1.777000E+00    1.028000E+00    2.890000E+00    1.580000E+00    2.376000E-01    8.974000E-04   -1.452000E+01    2.000000E+00    2.000000E+00    1.100000E+03    9.800000E+01   -1.000000E+01    1.000000E+00   -9.917000E+00   -9.822339E+00
   2.570000E-09    1.000000E+00    1.453000E+00    1.080000E+02    1.699000E+00   -1.000000E+01   -1.000000E+01   -1.000000E+01   -1.000000E+01   -1.000000E+01   -1.000000E+01   -1.000000E+01    7.562000E+00    5.139000E+00    9.300000E-01    3.000000E+00    1.100000E+01    1.777000E+00    1.806000E+00    2.890000E+00    1.580000E+00   -7.034000E-03    5.279000E-04   -1.450000E+01    2.000000E+00    2.000000E+00    1.000000E+03    9.800000E+01   -1.000000E+01    1.000000E+00   -9.559000E+00   -9.561289E+00
   2.570000E-09    1.000000E+00    1.453000E+00    1.080000E+02    1.699000E+00   -1.000000E+01   -1.000000E+01   -1.000000E+01   -1.000000E+01   -1.000000E+01   -1.000000E+01   -1.000000E+01    7.870000E+00    5.139000E+00    9.300000E-01    3.000000E+00    1.100000E+01    1.777000E+00    1.806000E+00    2.890000E+00    1.580000E+00   -7.034000E-03    5.279000E-04   -1.450000E+01    2.000000E+00    2.000000E+00    7.000000E+02    9.800000E+01   -1.000000E+01    1.000000E+00   -9.324000E+00   -9.361646E+00
   2.000000E-09    1.000000E+00    6.232000E-01    6.700000E+01    1.431000E+00   -1.065000E+00    3.096000E+00    3.070000E+00    2.312000E+00    3.156000E+00    2.190000E+00    3.054000E+00    7.580000E+00    1.045000E+01    2.660000E+00    5.000000E+00    5.300000E+01    3.375000E+00    2.874000E+00    3.850000E+00    2.203000E+00    6.980000E-02    8.547000E-04   -1.005000E+01    1.300000E+01    1.000000E+00    2.620000E+03    0.000000E+00   -1.000000E+01   -1.000000E+00   -1.247000E+01   -1.241418E+01
   9.000000E-10    4.000000E+00    1.279000E+00    9.300000E+01    1.398000E+00   -1.000000E+01   -1.000000E+01   -1.000000E+01   -1.000000E+01   -1.000000E+01   -1.000000E+01   -1.000000E+01    1.300000E+01    7.344000E+00    1.960000E+00    5.000000E+00    5.000000E+01    2.829000E+00    1.091000E+00    3.850000E+00    1.690000E+00    4.137000E-01    8.974000E-04   -1.452000E+01    2.000000E+00    2.000000E+00    4.000000E+02    4.750000E+01   -1.000000E+01    4.000000E+00   -9.453000E+00   -9.468788E+00
   2.950000E-09    1.000000E+00    1.453000E+00    1.080000E+02    1.602000E+00   -1.000000E+01   -1.000000E+01   -1.000000E+01   -1.000000E+01   -1.000000E+01   -1.000000E+01   -1.000000E+01    6.904000E+00    1.297000E+01    3.160000E+00    3.000000E+00    1.700000E+01    2.822000E+00    3.397000E+00    2.890000E+00    1.580000E+00   -8.057000E-02    6.389000E-04   -1.451000E+01    2.000000E+00    2.000000E+00    8.000000E+02    9.800000E+01   -1.000000E+01   -1.000000E+00   -9.341000E+00   -9.411792E+00
   2.090000E-09    1.000000E+00    1.580000E+00    7.870000E+01    1.398000E+00   -1.000000E+00   -1.000000E+01    3.362000E+00   -1.000000E+01   -1.000000E+01   -1.000000E+01   -1.000000E+01    7.992000E+00    3.894000E+00    7.900000E-01    6.000000E+00    5.500000E+01    2.333000E+00    2.090000E+00    4.360000E+00    1.316000E+00    4.778000E-02    8.974000E-04   -1.002000E+01    2.000000E+00    1.000000E+00    1.200000E+03    8.200000E+01   -1.000000E+01    1.000000E+00   -9.735000E+00   -9.724854E+00
   2.000000E-09    1.000000E+00    1.279000E+00    9.300000E+01    1.362000E+00   -2.000000E+00   -1.000000E+01    2.362000E+00   -1.000000E+01    2.550000E+00   -1.000000E+01   -1.000000E+01    1.250000E+01    1.297000E+01    3.160000E+00    3.000000E+00    1.700000E+01    2.822000E+00    2.435000E+00    2.890000E+00    1.690000E+00    6.398000E-02    9.432000E-04   -1.052000E+01    2.000000E+00    1.000000E+00    1.600000E+03    4.800000E+01    1.477000E+00   -1.000000E+00   -1.108000E+01   -1.110090E+01
   9.000000E-10    4.000000E+00    1.279000E+00    9.300000E+01    1.398000E+00   -1.000000E+01   -1.000000E+01   -1.000000E+01   -1.000000E+01   -1.000000E+01   -1.000000E+01   -1.000000E+01    1.300000E+01    7.344000E+00    1.960000E+00    5.000000E+00    5.000000E+01    2.829000E+00    1.091000E+00    3.850000E+00    1.690000E+00    4.137000E-01    8.974000E-04   -1.452000E+01    2.000000E+00    2.000000E+00    4.000000E+02    4.750000E+01   -1.000000E+01    4.000000E+00   -9.453000E+00   -9.468788E+00
   2.140000E-09    0.000000E+00    1.000000E+00    1.400000E+01    1.362000E+00   -1.356000E+00    1.990000E+00    2.225000E+00    2.512000E+00    3.094000E+00    2.354000E+00    2.238000E+00    7.800000E+00    1.360000E+01    2.200000E+00    1.000000E+00    1.000000E+00    8.499000E-01    7.849000E-01    8.500000E-01    1.146000E+00    3.459000E-02    9.432000E-04   -1.020000E+01    4.000000E+00    1.000000E+00    2.670000E+03    7.000000E+01   -1.000000E+01    0.000000E+00   -1.070000E+01   -1.066340E+01
   2.140000E-09    0.000000E+00    1.580000E+00    7.900000E+01    1.398000E+00   -1.166000E+00    2.934000E+00    2.265000E+00    2.882000E+00    3.027000E+00   -1.000000E+01    1.061000E+00    1.250000E+01    1.360000E+01    2.200000E+00    1.000000E+00    1.000000E+00    8.499000E-01    7.796000E-01    8.500000E-01    1.318000E+00    3.752000E-02    8.974000E-04   -1.010000E+01    2.000000E+00    1.000000E+00    2.000000E+03    8.200000E+01   -1.000000E+01    0.000000E+00   -1.037000E+01   -1.038349E+01
   2.032000E-10    1.000000E+00    1.748000E+00    1.110000E+02    1.778000E+00   -7.620000E-01    1.567000E+00    3.375000E+00    2.707000E+00    3.224000E+00    1.850000E+00    3.685000E+00    7.570000E+00    1.297000E+01    3.160000E+00    3.000000E+00    1.700000E+01    2.822000E+00    2.200000E-01    2.890000E+00    1.297000E+00    1.108000E+00    4.494000E-04   -9.873000E+00    2.000000E+00    1.000000E+00    1.200000E+03    9.200000E+01   -1.000000E+01   -1.000000E+00   -9.534000E+00   -9.752562E+00
   8.500000E-10    2.000000E+00    6.021000E-01    6.700000E+01    1.398000E+00   -3.523000E+00   -1.000000E+01   -1.000000E+01   -1.000000E+01    8.506000E-01   -1.000000E+01   -1.000000E+01    6.200000E+00    5.212000E+00    8.900000E-01    6.000000E+00    5.600000E+01    2.699000E+00    9.833000E-01    4.360000E+00    2.224000E+00    4.385000E-01    8.974000E-04   -1.128000E+01    1.300000E+01    1.000000E+00    2.640000E+03    0.000000E+00   -1.000000E+01    2.000000E+00   -1.218000E+01   -1.224762E+01
   3.690000E-09    1.000000E+00    1.453000E+00    1.080000E+02    1.699000E+00   -1.000000E+01   -1.000000E+01   -1.000000E+01   -1.000000E+01   -1.000000E+01   -1.000000E+01   -1.000000E+01    5.781000E+00    1.297000E+01    3.160000E+00    3.000000E+00    1.700000E+01    2.822000E+00    4.118000E+00    2.890000E+00    1.580000E+00   -1.641000E-01    5.279000E-04   -1.450000E+01    2.000000E+00    2.000000E+00    1.200000E+03    9.800000E+01   -1.000000E+01   -1.000000E+00   -9.564000E+00   -9.541782E+00
   2.100000E-09    1.000000E+00   -1.549000E-01    1.000000E+01    1.398000E+00   -3.037000E+00   -6.990000E-01    9.827000E-01    7.490000E-01    2.967000E-01    1.408000E+00    9.581000E-01    8.700000E+00    3.894000E+00    7.900000E-01    6.000000E+00    5.500000E+01    2.333000E+00    2.100000E+00    4.360000E+00    2.155000E+00    4.571000E-02    8.974000E-04   -1.103000E+01    1.400000E+01    1.000000E+00    2.730000E+03    0.000000E+00   -1.000000E+01    1.000000E+00   -1.129000E+01   -1.117622E+01
   2.000000E-09    1.000000E+00    1.436000E+00    5.870000E+01    1.176000E+00   -3.010000E-01   -1.000000E+01    4.061000E+00   -1.000000E+01    4.249000E+00   -1.000000E+01   -1.000000E+01    3.130000E+00    1.045000E+01    2.660000E+00    5.000000E+00    5.300000E+01    3.375000E+00    2.994000E+00    3.850000E+00    1.332000E+00    5.208000E-02    1.162000E-03   -9.674000E+00    2.000000E+00    1.000000E+00    1.600000E+03    7.800000E+01   -1.000000E+01   -1.000000E+00   -1.021000E+01   -1.010570E+01
   2.950000E-09    1.000000E+00    1.453000E+00    1.080000E+02    1.602000E+00   -1.301000E+00   -1.000000E+01    3.061000E+00   -1.000000E+01    3.249000E+00   -1.000000E+01   -1.000000E+01    6.489000E+00    1.297000E+01    3.160000E+00    3.000000E+00    1.700000E+01    2.822000E+00    3.397000E+00    2.890000E+00    1.580000E+00   -8.057000E-02    6.389000E-04   -1.016000E+01    2.000000E+00    2.000000E+00    1.000000E+03    9.800000E+01   -1.000000E+01   -1.000000E+00   -9.499000E+00   -9.483036E+00
   2.000000E-09    1.000000E+00    1.580000E+00    7.900000E+01    1.398000E+00   -1.166000E+00    2.934000E+00    2.265000E+00    2.882000E+00    3.027000E+00   -1.000000E+01    1.061000E+00    1.250000E+01    4.341000E+00    8.200000E-01    4.000000E+00    1.900000E+01    1.949000E+00    1.671000E+00    3.450000E+00    1.318000E+00    6.690000E-02    8.974000E-04   -1.010000E+01    2.000000E+00    1.000000E+00    2.000000E+03    8.200000E+01   -1.000000E+01    1.000000E+00   -9.854000E+00   -9.904003E+00
   1.300000E-09    1.000000E+00    2.025000E+00    8.100000E+01    1.398000E+00   -1.000000E+00   -1.000000E+01    3.362000E+00   -1.000000E+01    3.550000E+00   -1.000000E+01   -1.000000E+01    9.270000E+00    5.139000E+00    9.300000E-01    3.000000E+00    1.100000E+01    1.777000E+00    9.899000E-01    2.890000E+00    8.832000E-01    2.540000E-01    8.974000E-04   -1.002000E+01    2.500000E+01    1.000000E+00    1.530000E+03    0.000000E+00   -1.000000E+01    1.000000E+00   -1.042000E+01   -1.037321E+01
   1.330000E-09    1.000000E+00    1.833000E+00    7.100000E+01    1.398000E+00   -3.010000E-01   -1.000000E+01    4.061000E+00   -1.000000E+01    4.249000E+00   -1.000000E+01   -1.000000E+01    7.000000E+00    5.139000E+00    9.300000E-01    3.000000E+00    1.100000E+01    1.777000E+00    1.013000E+00    2.890000E+00    1.019000E+00    2.441000E-01    8.974000E-04   -9.667000E+00    6.000000E+00    1.000000E+00    1.700000E+03    0.000000E+00   -1.000000E+01    1.000000E+00   -9.638000E+00   -9.914015E+00
   2.000000E-09    1.000000E+00    1.580000E+00    7.900000E+01    1.398000E+00   -2.000000E+00   -1.000000E+01    2.362000E+00   -1.000000E+01   -1.000000E+01   -1.000000E+01   -1.000000E+01    8.200000E+00    1.045000E+01    2.660000E+00    5.000000E+00    5.300000E+01    3.375000E+00    2.893000E+00    3.850000E+00    1.318000E+00    6.690000E-02    8.974000E-04   -1.052000E+01    2.000000E+00    1.000000E+00    4.000000E+02    8.000000E+01   -1.000000E+01   -1.000000E+00   -9.173000E+00   -9.264092E+00
   2.570000E-09    1.000000E+00    1.453000E+00    1.080000E+02    1.699000E+00   -1.000000E+01   -1.000000E+01   -1.000000E+01   -1.000000E+01   -1.000000E+01   -1.000000E+01   -1.000000E+01    7.564000E+00    5.139000E+00    9.300000E-01    3.000000E+00    1.100000E+01    1.777000E+00    1.806000E+00    2.890000E+00    1.580000E+00   -7.034000E-03    5.279000E-04   -1.450000E+01    2.000000E+00    2.000000E+00    1.000000E+03    9.800000E+01   -1.000000E+01    1.000000E+00   -9.573000E+00   -9.561289E+00
   2.090000E-09    1.000000E+00    1.453000E+00    1.080000E+02    1.398000E+00   -1.301000E+00   -1.000000E+01    3.061000E+00   -1.000000E+01    3.249000E+00   -1.000000E+01   -1.000000E+01    7.396000E+00    1.297000E+01    3.160000E+00    3.000000E+00    1.700000E+01    2.822000E+00    2.528000E+00    2.890000E+00    1.580000E+00    4.778000E-02    8.974000E-04   -1.017000E+01    2.000000E+00    2.000000E+00    1.000000E+03    9.800000E+01   -1.000000E+01   -1.000000E+00   -9.648000E+00   -9.660404E+00
   7.570000E-10    2.000000E+00    2.477000E+00    5.000000E+01    1.362000E+00   -5.867000E-01    1.799000E+00    3.248000E+00    3.327000E+00    3.805000E+00    1.108000E+00    3.062000E+00    7.800000E+00    5.695000E+00    9.500000E-01    5.000000E+00    3.800000E+01    2.491000E+00    8.138000E-01    3.850000E+00    2.218000E-01    4.859000E-01    9.432000E-04   -9.811000E+00    2.600000E+01    2.000000E+00    1.250000E+03    3.500000E+01    1.699000E+00    2.000000E+00   -1.023000E+01   -1.006258E+01
   2.140000E-09    0.000000E+00    1.279000E+00    9.300000E+01    1.602000E+00   -2.757000E-01    5.922000E-01    4.024000E+00    2.558000E+00    4.302000E+00   -1.000000E+01    4.065000E-01    8.300000E+00    1.360000E+01    2.200000E+00    1.000000E+00    1.000000E+00    8.499000E-01    7.423000E-01    8.500000E-01    1.690000E+00    5.883000E-02    6.389000E-04   -9.643000E+00    2.000000E+00    1.000000E+00    1.600000E+03    4.800000E+01    1.477000E+00    0.000000E+00   -9.609000E+00   -9.631279E+00
   2.140000E-09    0.000000E+00    4.771000E-01    2.000000E+00    1.398000E+00   -1.000000E+01   -1.000000E+01   -1.000000E+01   -1.000000E+01   -1.000000E+01   -1.000000E+01   -1.000000E+01    6.000000E+00    1.360000E+01    2.200000E+00    1.000000E+00    1.000000E+00    8.499000E-01    7.796000E-01    8.500000E-01    8.239000E-01    3.752000E-02    8.974000E-04   -1.452000E+01    8.000000E+00    7.000000E+00    2.980000E+03    0.000000E+00   -1.000000E+01    0.000000E+00   -1.082000E+01   -1.096897E+01
   4.300000E-10    6.000000E+00    1.279000E+00    9.300000E+01    1.398000E+00   -1.000000E+01   -1.000000E+01   -1.000000E+01   -1.000000E+01   -1.000000E+01   -1.000000E+01   -1.000000E+01    9.000000E+00    6.194000E+00    1.380000E+00    7.000000E+00    9.200000E+01    3.368000E+00    6.207000E-01    4.990000E+00    1.690000E+00    7.345000E-01    8.974000E-04   -1.452000E+01    2.000000E+00    2.000000E+00    1.710000E+03    4.750000E+01   -1.000000E+01   -1.000000E+00   -1.072000E+01   -1.071255E+01
   2.450000E-09    0.000000E+00    1.415000E+00    3.800000E+01    1.362000E+00   -5.986000E-01    1.740000E+00    3.254000E+00    3.293000E+00    3.805000E+00    1.108000E+00    3.062000E+00    7.700000E+00    1.360000E+01    2.200000E+00    1.000000E+00    1.000000E+00    8.499000E-01    8.986000E-01    8.500000E-01    1.165000E+00   -2.416000E-02    9.432000E-04   -9.817000E+00    2.000000E+00    1.000000E+00    1.250000E+03    3.300000E+01   -1.000000E+01    0.000000E+00   -9.642000E+00   -9.559468E+00
   2.000000E-09    1.000000E+00    1.447000E+00    1.300000E+01    1.380000E+00   -6.990000E-01    2.228000E+00    3.538000E+00    2.462000E+00    3.754000E+00    1.279000E+00    2.983000E+00    7.900000E+00    1.297000E+01    3.160000E+00    3.000000E+00    1.700000E+01    2.822000E+00    2.427000E+00    2.890000E+00    6.668000E-01    6.544000E-02    9.199000E-04   -9.866000E+00    4.000000E+00    4.000000E+00    2.600000E+03    0.000000E+00   -1.000000E+01   -1.000000E+00   -1.215000E+01   -1.200817E+01
   3.690000E-09    1.000000E+00    1.580000E+00    7.870000E+01    1.398000E+00   -2.218000E-01   -1.000000E+01    4.140000E+00   -1.000000E+01    4.328000E+00   -1.000000E+01   -1.000000E+01    7.378000E+00    3.894000E+00    7.900000E-01    6.000000E+00    5.500000E+01    2.333000E+00    3.690000E+00    4.360000E+00    1.316000E+00   -1.991000E-01    8.974000E-04   -9.627000E+00    2.000000E+00    7.000000E+00    1.980000E+03    8.200000E+01   -1.000000E+01    1.000000E+00   -1.022000E+01   -1.031860E+01
   1.550000E-09    4.000000E+00    6.232000E-01    6.700000E+01    1.491000E+00   -1.398000E+00    8.451000E-01    2.784000E+00    1.869000E+00    2.785000E+00   -1.000000E+01    2.785000E+00    8.100000E+00    9.752000E+00    2.550000E+00    4.000000E+00    3.400000E+01    2.921000E+00    1.903000E+00    3.450000E+00    2.203000E+00    1.863000E-01    7.777000E-04   -1.021000E+01    1.300000E+01    3.000000E+00    1.800000E+03    0.000000E+00   -1.000000E+01   -1.000000E+00   -1.024000E+01   -9.998233E+00
   4.300000E-10    6.000000E+00    1.531000E+00    1.300000E+01    1.398000E+00   -6.576000E-01    1.740000E+00    3.532000E+00    2.542000E+00    3.780000E+00    2.220000E+00    2.927000E+00    7.240000E+00    6.194000E+00    1.380000E+00    7.000000E+00    9.200000E+01    3.368000E+00    6.207000E-01    4.990000E+00    5.825000E-01    7.345000E-01    8.974000E-04   -9.845000E+00    4.000000E+00    2.000000E+00    2.450000E+03    0.000000E+00   -1.000000E+01    0.000000E+00   -1.115000E+01   -1.150157E+01
   2.100000E-09    1.000000E+00    1.279000E+00    9.300000E+01    1.398000E+00   -1.000000E+01   -1.000000E+01   -1.000000E+01   -1.000000E+01   -1.000000E+01   -1.000000E+01   -1.000000E+01    1.250000E+01    3.894000E+00    7.900000E-01    6.000000E+00    5.500000E+01    2.333000E+00    2.100000E+00    4.360000E+00    1.690000E+00    4.571000E-02    8.974000E-04   -1.452000E+01    2.000000E+00    2.000000E+00    1.600000E+03    4.750000E+01   -1.000000E+01    1.000000E+00   -1.005000E+01   -9.997572E+00
   7.910000E-10    2.000000E+00    6.232000E-01    6.700000E+01    1.398000E+00   -5.229000E-01   -1.000000E+01    3.663000E+00   -1.000000E+01    3.974000E+00    2.086000E+00   -1.000000E+01    8.000000E+00    5.695000E+00    9.500000E-01    5.000000E+00    3.800000E+01    2.491000E+00    8.447000E-01    3.850000E+00    2.203000E+00    4.698000E-01    8.974000E-04   -9.778000E+00    1.300000E+01    7.000000E+00    2.700000E+03    0.000000E+00   -1.000000E+01    2.000000E+00   -1.242000E+01   -1.242869E+01
   2.100000E-09    4.000000E+00    1.279000E+00    9.300000E+01    1.398000E+00   -2.190000E-01   -1.000000E+01    4.105000E+00    2.983000E+00    2.697000E+00    2.086000E+00   -1.000000E+01    1.250000E+01    6.634000E+00    1.330000E+00    5.000000E+00    4.000000E+01    2.689000E+00    2.420000E+00    3.850000E+00    1.690000E+00    4.571000E-02    8.974000E-04   -9.626000E+00    2.000000E+00    2.000000E+00    1.200000E+03    4.750000E+01   -1.000000E+01    0.000000E+00   -9.577000E+00   -9.582319E+00
   2.032000E-10    1.000000E+00    1.748000E+00    1.110000E+02    1.903000E+00   -7.282000E-01    1.596000E+00    3.415000E+00    2.736000E+00    3.353000E+00    1.827000E+00    3.670000E+00    7.560000E+00    1.297000E+01    3.160000E+00    3.000000E+00    1.700000E+01    2.822000E+00    2.075000E-01    2.890000E+00    1.297000E+00    1.134000E+00    3.547000E-04   -9.844000E+00    2.000000E+00    1.000000E+00    1.400000E+03    9.200000E+01   -1.000000E+01   -1.000000E+00   -9.824000E+00   -9.893404E+00
   9.000000E-10    2.000000E+00    1.279000E+00    9.300000E+01    1.398000E+00   -2.190000E-01   -1.000000E+01    4.105000E+00    2.983000E+00    2.697000E+00    2.086000E+00   -1.000000E+01    1.250000E+01    7.344000E+00    1.960000E+00    5.000000E+00    5.000000E+01    2.829000E+00    1.091000E+00    3.850000E+00    1.690000E+00    4.137000E-01    8.974000E-04   -9.626000E+00    2.000000E+00    2.000000E+00    1.800000E+03    4.750000E+01   -1.000000E+01    2.000000E+00   -1.049000E+01   -1.055921E+01
   1.560000E-09    1.000000E+00    1.453000E+00    1.080000E+02    1.176000E+00   -1.000000E+01   -1.000000E+01   -1.000000E+01   -1.000000E+01   -1.000000E+01   -1.000000E+01   -1.000000E+01    5.867000E+00    1.297000E+01    3.160000E+00    3.000000E+00    1.700000E+01    2.822000E+00    1.952000E+00    2.890000E+00    1.580000E+00    1.600000E-01    1.162000E-03   -1.452000E+01    2.000000E+00    2.000000E+00    8.000000E+02    9.800000E+01   -1.000000E+01   -1.000000E+00   -9.618000E+00   -9.690207E+00
   2.090000E-09    1.000000E+00    1.453000E+00    1.080000E+02    1.398000E+00   -1.000000E+01   -1.000000E+01   -1.000000E+01   -1.000000E+01   -1.000000E+01   -1.000000E+01   -1.000000E+01    7.060000E+00    1.297000E+01    3.160000E+00    3.000000E+00    1.700000E+01    2.822000E+00    2.528000E+00    2.890000E+00    1.580000E+00    4.778000E-02    8.974000E-04   -1.452000E+01    2.000000E+00    2.000000E+00    1.100000E+03    9.800000E+01   -1.000000E+01   -1.000000E+00   -9.728000E+00   -9.709546E+00
   1.200000E-09    4.000000E+00    6.021000E-01    6.700000E+01    1.415000E+00    6.070000E-02   -1.000000E+01    4.403000E+00   -1.000000E+01   -1.000000E+01    4.785000E+00   -1.000000E+01    8.900000E+00    6.266000E+00    1.360000E+00    7.000000E+00    9.300000E+01    3.387000E+00    1.736000E+00    4.990000E+00    2.224000E+00    2.902000E-01    8.757000E-04   -9.485000E+00    1.300000E+01    1.000000E+00    2.640000E+03    0.000000E+00   -1.000000E+01   -4.000000E+00   -1.255000E+01   -1.244050E+01
   2.100000E-09    1.000000E+00    1.279000E+00    9.300000E+01    1.398000E+00   -1.000000E+01   -1.000000E+01   -1.000000E+01   -1.000000E+01   -1.000000E+01   -1.000000E+01   -1.000000E+01    1.250000E+01    3.894000E+00    7.900000E-01    6.000000E+00    5.500000E+01    2.333000E+00    2.100000E+00    4.360000E+00    1.690000E+00    4.571000E-02    8.974000E-04   -1.452000E+01    2.000000E+00    2.000000E+00    1.200000E+03    4.750000E+01   -1.000000E+01    1.000000E+00   -9.573000E+00   -9.582452E+00
   1.970000E-09    1.000000E+00    1.744000E+00    8.200000E+01    1.380000E+00   -6.576000E-01    1.176000E+00    3.262000E+00    3.292000E+00    3.770000E+00    1.447000E+00    3.583000E+00    7.200000E+00    1.045000E+01    2.660000E+00    5.000000E+00    5.300000E+01    3.375000E+00    2.859000E+00    3.850000E+00    1.170000E+00    7.200000E-02    9.199000E-04   -9.846000E+00    2.000000E+00    1.000000E+00    1.390000E+03    8.000000E+01   -1.000000E+01   -1.000000E+00   -9.947000E+00   -1.007632E+01
   7.400000E-10    4.000000E+00    4.771000E-01    2.000000E+00    1.389000E+00   -8.861000E-01   -1.000000E+01    3.441000E+00   -1.000000E+01   -1.000000E+01    3.785000E+00    2.983000E+00    9.170000E+00    6.026000E+00    1.280000E+00    7.000000E+00    9.400000E+01    3.322000E+00    1.055000E+00    4.990000E+00    8.239000E-01    4.980000E-01    9.086000E-04   -9.960000E+00    8.000000E+00    1.000000E+00    2.640000E+03    0.000000E+00   -1.000000E+01   -2.000000E+00   -1.289000E+01   -1.266327E+01
   1.460000E-09    7.000000E+00    1.408000E+00    7.200000E+01    1.398000E+00   -1.184000E+00    1.199000E+00    3.079000E+00    2.103000E+00    2.783000E+00    1.919000E+00    2.732000E+00    8.300000E+00    7.834000E+00    1.900000E+00    6.000000E+00    7.500000E+01    3.309000E+00    2.071000E+00    4.360000E+00    1.449000E+00    2.036000E-01    8.974000E-04   -1.011000E+01    2.000000E+00    1.000000E+00    1.500000E+03    7.500000E+01   -1.000000E+01   -1.000000E+00   -1.054000E+01   -1.078953E+01
   1.550000E-09    1.000000E+00    1.453000E+00    1.080000E+02    1.477000E+00   -1.000000E+01   -1.000000E+01   -1.000000E+01   -1.000000E+01   -1.000000E+01   -1.000000E+01   -1.000000E+01    6.488000E+00    5.139000E+00    9.300000E-01    3.000000E+00    1.100000E+01    1.777000E+00    1.161000E+00    2.890000E+00    1.580000E+00    1.848000E-01    7.959000E-04   -1.451000E+01    2.000000E+00    2.000000E+00    1.200000E+03    9.800000E+01   -1.000000E+01    1.000000E+00   -9.939000E+00   -9.930319E+00
   2.090000E-09    1.000000E+00    1.580000E+00    7.900000E+01    1.398000E+00   -9.281000E-01    3.799000E+00    3.174000E+00    1.955000E+00   -1.000000E+01   -1.000000E+01   -1.000000E+01    1.340000E+01    3.894000E+00    7.900000E-01    6.000000E+00    5.500000E+01    2.333000E+00    2.090000E+00    4.360000E+00    1.318000E+00    4.778000E-02    8.974000E-04   -9.980000E+00    2.000000E+00    2.000000E+00    2.000000E+03    8.000000E+01   -1.000000E+01    1.000000E+00   -1.049000E+01   -1.044027E+01
   8.480000E-10    2.000000E+00    4.771000E-01    2.000000E+00    1.398000E+00   -1.523000E+00   -1.000000E+01   -1.000000E+01    2.603000E+00    2.851000E+00   -1.000000E+01   -1.000000E+01    6.250000E+00    5.212000E+00    8.900000E-01    6.000000E+00    5.600000E+01    2.699000E+00    9.810000E-01    4.360000E+00    8.239000E-01    4.395000E-01    8.974000E-04   -1.028000E+01    8.000000E+00    1.000000E+00    2.640000E+03    0.000000E+00   -1.000000E+01    2.000000E+00   -1.278000E+01   -1.261603E+01
   1.350000E-09    1.000000E+00    1.453000E+00    1.080000E+02    1.398000E+00   -3.010000E-01   -1.000000E+01    4.061000E+00   -1.000000E+01    4.249000E+00   -1.000000E+01   -1.000000E+01    6.731000E+00    5.139000E+00    9.300000E-01    3.000000E+00    1.100000E+01    1.777000E+00    1.028000E+00    2.890000E+00    1.580000E+00    2.376000E-01    8.974000E-04   -9.667000E+00    2.000000E+00    2.000000E+00    1.000000E+03    9.800000E+01   -1.000000E+01    1.000000E+00   -9.839000E+00   -9.805180E+00
   7.420000E-10    1.000000E+00    1.453000E+00    1.080000E+02    6.990000E-01   -1.000000E+01   -1.000000E+01   -1.000000E+01   -1.000000E+01   -1.000000E+01   -1.000000E+01   -1.000000E+01    6.372000E+00    5.139000E+00    9.300000E-01    3.000000E+00    1.100000E+01    1.777000E+00    6.056000E-01    2.890000E+00    1.580000E+00    4.674000E-01    1.536000E-03   -1.453000E+01    2.000000E+00    2.000000E+00    8.000000E+02    9.800000E+01   -1.000000E+01    1.000000E+00   -9.939000E+00   -9.984614E+00
   2.020000E-09    1.000000E+00    2.025000E+00    8.100000E+01    1.398000E+00    6.990000E-01   -1.000000E+01    5.061000E+00   -1.000000E+01    5.249000E+00   -1.000000E+01   -1.000000E+01    1.250000E+01    1.045000E+01    2.660000E+00    5.000000E+00    5.300000E+01    3.375000E+00    2.922000E+00    3.850000E+00    8.832000E-01    6.258000E-02    8.974000E-04   -9.167000E+00    2.500000E+01    1.000000E+00    1.650000E+03    0.000000E+00   -1.000000E+01   -1.000000E+00   -1.082000E+01   -1.076190E+01
   2.220000E-09    0.000000E+00    1.602000E+00    1.400000E+02    1.398000E+00    0.000000E+00   -1.000000E+01    4.362000E+00   -1.000000E+01   -1.000000E+01   -1.000000E+01   -1.000000E+01    5.000000E+00    1.360000E+01    2.200000E+00    1.000000E+00    1.000000E+00    8.499000E-01    8.088000E-01    8.500000E-01    1.544000E+00    2.158000E-02    8.974000E-04   -9.516000E+00    7.000000E+00    1.000000E+00    1.900000E+03    0.000000E+00   -1.000000E+01    0.000000E+00   -9.585000E+00   -9.699920E+00
   2.950000E-09    1.000000E+00    1.453000E+00    1.080000E+02    1.602000E+00   -1.000000E+01   -1.000000E+01   -1.000000E+01   -1.000000E+01   -1.000000E+01   -1.000000E+01   -1.000000E+01    6.667000E+00    1.297000E+01    3.160000E+00    3.000000E+00    1.700000E+01    2.822000E+00    3.397000E+00    2.890000E+00    1.580000E+00   -8.057000E-02    6.389000E-04   -1.451000E+01    2.000000E+00    2.000000E+00    1.000000E+03    9.800000E+01   -1.000000E+01   -1.000000E+00   -9.499000E+00   -9.499630E+00
   1.300000E-10    7.000000E+00    1.580000E+00    7.200000E+01    1.398000E+00   -3.010000E-01   -1.000000E+01    4.061000E+00   -1.000000E+01    4.249000E+00   -1.000000E+01   -1.000000E+01    4.000000E+00    7.834000E+00    1.900000E+00    6.000000E+00    7.500000E+01    3.309000E+00    1.844000E-01    4.360000E+00    1.278000E+00    1.254000E+00    8.974000E-04   -9.667000E+00    2.000000E+00    1.000000E+00    1.700000E+03    8.200000E+01   -1.000000E+01   -1.000000E+00   -1.117000E+01   -1.109035E+01
   2.000000E-09    1.000000E+00    1.744000E+00    8.200000E+01    1.380000E+00   -5.918000E-01    1.146000E+00    3.279000E+00    3.328000E+00    3.785000E+00    1.831000E+00    3.016000E+00    7.500000E+00    1.045000E+01    2.660000E+00    5.000000E+00    5.300000E+01    3.375000E+00    2.903000E+00    3.850000E+00    1.170000E+00    6.544000E-02    9.199000E-04   -9.813000E+00    2.000000E+00    1.000000E+00    9.200000E+02    8.000000E+01   -1.000000E+01   -1.000000E+00   -1.048000E+01   -1.043636E+01
   2.100000E-10    7.000000E+00    1.580000E+00    7.200000E+01    1.398000E+00   -3.010000E-01   -1.000000E+01    4.061000E+00   -1.000000E+01    4.249000E+00   -1.000000E+01   -1.000000E+01    4.000000E+00    7.834000E+00    1.900000E+00    6.000000E+00    7.500000E+01    3.309000E+00    2.978000E-01    4.360000E+00    1.278000E+00    1.046000E+00    8.974000E-04   -9.667000E+00    2.000000E+00    1.000000E+00    1.300000E+03    8.200000E+01   -1.000000E+01   -1.000000E+00   -1.060000E+01   -1.061680E+01
   1.010000E-09    1.000000E+00    1.453000E+00    1.080000E+02    1.176000E+00   -1.000000E+01   -1.000000E+01   -1.000000E+01   -1.000000E+01   -1.000000E+01   -1.000000E+01   -1.000000E+01    6.055000E+00    5.139000E+00    9.300000E-01    3.000000E+00    1.100000E+01    1.777000E+00    7.958000E-01    2.890000E+00    1.580000E+00    3.488000E-01    1.162000E-03   -1.452000E+01    2.000000E+00    2.000000E+00    1.400000E+03    9.800000E+01   -1.000000E+01    1.000000E+00   -1.029000E+01   -1.033276E+01
   7.900000E-10    2.000000E+00    1.580000E+00    7.900000E+01    1.398000E+00   -1.000000E+00   -1.000000E+01    3.362000E+00   -1.000000E+01    3.550000E+00   -1.000000E+01   -1.000000E+01    1.200000E+01    5.695000E+00    9.500000E-01    5.000000E+00    3.800000E+01    2.491000E+00    8.436000E-01    3.850000E+00    1.318000E+00    4.703000E-01    8.974000E-04   -1.002000E+01    2.000000E+00    3.000000E+00    1.000000E+03    8.200000E+01   -1.000000E+01    2.000000E+00   -8.921000E+00   -8.957799E+00
   1.130000E-09    6.000000E+00    1.408000E+00    7.200000E+01    1.176000E+00   -9.208000E-01   -1.000000E+01    3.362000E+00   -1.000000E+01    3.550000E+00   -1.000000E+01   -1.000000E+01    5.600000E+00    6.767000E+00    1.660000E+00    4.000000E+00    2.400000E+01    2.434000E+00    1.220000E+00    3.450000E+00    1.449000E+00    3.000000E-01    1.162000E-03   -9.984000E+00    2.000000E+00    1.000000E+00    1.300000E+03    7.500000E+01   -1.000000E+01   -1.000000E+00   -1.025000E+01   -1.023857E+01
   9.230000E-10    4.000000E+00    1.744000E+00    8.200000E+01    1.362000E+00   -5.768000E-01    1.437000E+00    3.430000E+00    3.204000E+00    3.844000E+00    1.086000E+00    3.126000E+00    7.700000E+00    1.126000E+01    2.550000E+00    2.000000E+00    6.000000E+00    1.811000E+00    7.212000E-01    1.990000E+00    1.170000E+00    3.998000E-01    9.432000E-04   -9.806000E+00    2.000000E+00    1.000000E+00    1.610000E+03    8.000000E+01   -1.000000E+01   -2.000000E+00   -1.231000E+01   -1.221533E+01
   2.090000E-09    1.000000E+00    1.447000E+00    1.080000E+02    1.398000E+00   -1.000000E+01   -1.000000E+01   -1.000000E+01   -1.000000E+01   -1.000000E+01   -1.000000E+01   -1.000000E+01    1.100000E+01    3.894000E+00    7.900000E-01    6.000000E+00    5.500000E+01    2.333000E+00    2.090000E+00    4.360000E+00    1.586000E+00    4.778000E-02    8.974000E-04   -1.452000E+01    2.000000E+00    2.000000E+00    1.300000E+03    1.000000E+02   -1.000000E+01    1.000000E+00   -9.928000E+00   -9.925385E+00
   2.220000E-09    0.000000E+00    1.531000E+00    1.300000E+01    1.398000E+00   -4.510000E-01    1.806000E+00    3.749000E+00    2.949000E+00    3.984000E+00    1.477000E+00    3.368000E+00    7.680000E+00    1.360000E+01    2.200000E+00    1.000000E+00    1.000000E+00    8.499000E-01    8.088000E-01    8.500000E-01    5.825000E-01    2.158000E-02    8.974000E-04   -9.742000E+00    4.000000E+00    1.000000E+00    2.700000E+03    0.000000E+00   -1.000000E+01    0.000000E+00   -1.091000E+01   -1.106208E+01
   1.360000E-09    5.000000E+00    1.453000E+00    1.080000E+02    1.362000E+00   -1.301000E+00   -1.000000E+01    3.061000E+00   -1.000000E+01    3.249000E+00   -1.000000E+01   -1.000000E+01    9.000000E+00    6.266000E+00    1.360000E+00    7.000000E+00    9.300000E+01    3.387000E+00    1.988000E+00    4.990000E+00    1.580000E+00    2.315000E-01    9.432000E-04   -1.017000E+01    2.000000E+00    1.000000E+00    8.000000E+02    9.900000E+01   -1.000000E+01    1.000000E+00   -9.854000E+00   -9.936243E+00
   7.900000E-10    2.000000E+00    1.580000E+00    7.900000E+01    1.398000E+00   -1.000000E+00   -1.000000E+01    3.362000E+00   -1.000000E+01    3.550000E+00   -1.000000E+01   -1.000000E+01    6.600000E+00    5.695000E+00    9.500000E-01    5.000000E+00    3.800000E+01    2.491000E+00    8.436000E-01    3.850000E+00    1.318000E+00    4.703000E-01    8.974000E-04   -1.002000E+01    2.000000E+00    3.000000E+00    1.000000E+03    8.200000E+01   -1.000000E+01    2.000000E+00   -8.854000E+00   -8.902290E+00
   6.100000E-10    3.000000E+00    1.408000E+00    7.200000E+01    1.301000E+00   -4.765000E-01    1.717000E+00    3.897000E+00   -1.000000E+01    3.706000E+00    2.547000E+00    3.301000E+00    8.600000E+00    5.644000E+00    1.170000E+00    6.000000E+00    6.200000E+01    2.809000E+00    7.469000E-01    4.360000E+00    1.449000E+00    5.753000E-01    1.018000E-03   -9.758000E+00    2.000000E+00    1.000000E+00    1.300000E+03    7.500000E+01    1.477000E+00   -1.000000E+00   -1.021000E+01   -1.019092E+01
   2.090000E-09    1.000000E+00    1.580000E+00    7.870000E+01    1.398000E+00    0.000000E+00   -1.000000E+01    4.362000E+00   -1.000000E+01   -1.000000E+01   -1.000000E+01   -1.000000E+01    7.719000E+00    3.894000E+00    7.900000E-01    6.000000E+00    5.500000E+01    2.333000E+00    2.090000E+00    4.360000E+00    1.316000E+00    4.778000E-02    8.974000E-04   -9.516000E+00    2.000000E+00    1.000000E+00    1.600000E+03    8.200000E+01   -1.000000E+01    1.000000E+00   -1.008000E+01   -1.013764E+01
   1.180000E-09    1.000000E+00    1.453000E+00    1.080000E+02    6.990000E-01   -1.000000E+01   -1.000000E+01   -1.000000E+01   -1.000000E+01   -1.000000E+01   -1.000000E+01   -1.000000E+01    6.079000E+00    1.297000E+01    3.160000E+00    3.000000E+00    1.700000E+01    2.822000E+00    1.530000E+00    2.890000E+00    1.580000E+00    2.659000E-01    1.536000E-03   -1.453000E+01    2.000000E+00    2.000000E+00    8.000000E+02    9.800000E+01   -1.000000E+01   -1.000000E+00   -9.740000E+00   -9.743861E+00
   7.600000E-10    2.000000E+00    1.580000E+00    7.900000E+01    1.362000E+00   -1.166000E+00    2.934000E+00    2.265000E+00    2.882000E+00    3.027000E+00   -1.000000E+01    1.061000E+00    1.250000E+01    6.113000E+00    1.000000E+00    4.000000E+00    2.000000E+01    2.313000E+00    7.586000E-01    3.450000E+00    1.318000E+00    4.842000E-01    9.432000E-04   -1.010000E+01    2.000000E+00    1.000000E+00    2.000000E+03    8.200000E+01   -1.000000E+01    2.000000E+00   -9.523000E+00   -9.602509E+00
   2.000000E-09    7.000000E+00    1.744000E+00    8.200000E+01    1.380000E+00   -5.918000E-01    1.146000E+00    3.279000E+00    3.330000E+00    3.785000E+00    1.831000E+00    3.016000E+00    7.500000E+00    7.280000E+00    1.900000E+00    5.000000E+00    4.300000E+01    2.817000E+00    2.423000E+00    3.850000E+00    1.170000E+00    6.544000E-02    9.199000E-04   -9.813000E+00    2.000000E+00    1.000000E+00    1.080000E+03    8.000000E+01   -1.000000E+01   -1.000000E+00   -9.662000E+00   -9.659417E+00
   2.950000E-09    1.000000E+00    1.453000E+00    1.080000E+02    1.602000E+00   -1.000000E+00   -1.000000E+01    3.362000E+00   -1.000000E+01    3.550000E+00   -1.000000E+01   -1.000000E+01    6.418000E+00    1.297000E+01    3.160000E+00    3.000000E+00    1.700000E+01    2.822000E+00    3.397000E+00    2.890000E+00    1.580000E+00   -8.057000E-02    6.389000E-04   -1.001000E+01    2.000000E+00    2.000000E+00    1.000000E+03    9.800000E+01   -1.000000E+01   -1.000000E+00   -9.499000E+00   -9.481425E+00
   2.000000E-09    1.000000E+00    1.477000E+00    2.100000E+01    1.380000E+00   -6.576000E-01    2.000000E+00    2.230000E+00    2.544000E+00    3.090000E+00    2.000000E+00    2.230000E+00    7.200000E+00    1.297000E+01    3.160000E+00    3.000000E+00    1.700000E+01    2.822000E+00    2.427000E+00    2.890000E+00    8.451000E-01    6.544000E-02    9.199000E-04   -9.846000E+00    4.000000E+00    1.000000E+00    2.440000E+03    0.000000E+00   -1.000000E+01   -1.000000E+00   -1.105000E+01   -1.106738E+01
   8.500000E-10    2.000000E+00    6.021000E-01    6.700000E+01    1.398000E+00   -1.523000E+00   -1.000000E+01   -1.000000E+01   -1.000000E+01    2.851000E+00   -1.000000E+01   -1.000000E+01    6.500000E+00    5.212000E+00    8.900000E-01    6.000000E+00    5.600000E+01    2.699000E+00    9.833000E-01    4.360000E+00    2.224000E+00    4.385000E-01    8.974000E-04   -1.028000E+01    1.300000E+01    1.000000E+00    2.640000E+03    0.000000E+00   -1.000000E+01    2.000000E+00   -1.278000E+01   -1.264532E+01
   1.970000E-09    0.000000E+00    2.025000E+00    8.100000E+01    1.352000E+00    6.990000E-01   -1.000000E+01    5.061000E+00   -1.000000E+01    5.249000E+00   -1.000000E+01   -1.000000E+01    1.250000E+01    1.360000E+01    2.200000E+00    1.000000E+00    1.000000E+00    8.499000E-01    7.237000E-01    8.500000E-01    8.832000E-01    6.981000E-02    9.552000E-04   -9.169000E+00    2.500000E+01    1.000000E+00    1.650000E+03    0.000000E+00   -1.000000E+01    0.000000E+00   -1.068000E+01   -1.060363E+01
   2.140000E-09    0.000000E+00    1.580000E+00    7.900000E+01    1.362000E+00   -7.747000E-01    2.220000E+00    3.380000E+00    2.982000E+00    3.643000E+00   -1.000000E+01    2.294000E+00    1.160000E+01    1.360000E+01    2.200000E+00    1.000000E+00    1.000000E+00    8.499000E-01    7.849000E-01    8.500000E-01    1.318000E+00    3.459000E-02    9.432000E-04   -9.905000E+00    2.000000E+00    1.000000E+00    1.810000E+03    8.200000E+01    1.778000E+00    0.000000E+00   -1.024000E+01   -1.017135E+01
   2.000000E-09    1.000000E+00    1.580000E+00    7.900000E+01    1.398000E+00   -1.000000E+00   -1.000000E+01    3.362000E+00   -1.000000E+01   -1.000000E+01   -1.000000E+01   -1.000000E+01    8.200000E+00    1.297000E+01    3.160000E+00    3.000000E+00    1.700000E+01    2.822000E+00    2.419000E+00    2.890000E+00    1.318000E+00    6.690000E-02    8.974000E-04   -1.002000E+01    2.000000E+00    1.000000E+00    4.000000E+02    8.000000E+01   -1.000000E+01   -1.000000E+00   -9.173000E+00   -9.245918E+00
   4.300000E-10    6.000000E+00    1.279000E+00    9.300000E+01    1.398000E+00   -1.000000E+01   -1.000000E+01   -1.000000E+01   -1.000000E+01   -1.000000E+01   -1.000000E+01   -1.000000E+01    9.000000E+00    6.194000E+00    1.380000E+00    7.000000E+00    9.200000E+01    3.368000E+00    6.207000E-01    4.990000E+00    1.690000E+00    7.345000E-01    8.974000E-04   -1.452000E+01    2.000000E+00    2.000000E+00    1.710000E+03    4.750000E+01    1.602000E+00   -1.000000E+00   -1.053000E+01   -1.053614E+01
   4.300000E-10    4.000000E+00    1.279000E+00    9.300000E+01    1.398000E+00    0.000000E+00   -1.000000E+01   -1.000000E+01   -1.000000E+01   -1.000000E+01   -1.000000E+01   -1.000000E+01    9.000000E+00    6.194000E+00    1.380000E+00    7.000000E+00    9.200000E+01    3.368000E+00    6.207000E-01    4.990000E+00    1.690000E+00    7.345000E-01    8.974000E-04   -9.516000E+00    2.000000E+00    2.000000E+00    1.200000E+03    4.750000E+01   -1.000000E+01    0.000000E+00   -1.027000E+01   -1.028799E+01
   2.000000E-09    1.000000E+00    1.447000E+00    1.080000E+02    1.398000E+00   -2.000000E+00   -1.000000E+01    2.362000E+00   -1.000000E+01    2.550000E+00   -1.000000E+01   -1.000000E+01    6.300000E+00    1.045000E+01    2.660000E+00    5.000000E+00    5.300000E+01    3.375000E+00    2.893000E+00    3.850000E+00    1.586000E+00    6.690000E-02    8.974000E-04   -1.052000E+01    2.000000E+00    1.000000E+00    9.000000E+02    1.000000E+02   -1.000000E+01   -1.000000E+00   -1.119000E+01   -1.087403E+01
   2.000000E-09    7.000000E+00    6.232000E-01    6.700000E+01    1.398000E+00   -1.000000E+00   -1.000000E+01    3.362000E+00   -1.000000E+01   -1.000000E+01   -1.000000E+01   -1.000000E+01    7.000000E+00    7.280000E+00    1.900000E+00    5.000000E+00    4.300000E+01    2.817000E+00    2.415000E+00    3.850000E+00    2.203000E+00    6.690000E-02    8.974000E-04   -1.002000E+01    1.300000E+01    1.000000E+00    2.750000E+03    0.000000E+00   -1.000000E+01   -1.000000E+00   -1.194000E+01   -1.198851E+01
   4.300000E-10    4.000000E+00    1.447000E+00    1.080000E+02    1.398000E+00   -1.000000E+01   -1.000000E+01   -1.000000E+01   -1.000000E+01   -1.000000E+01   -1.000000E+01   -1.000000E+01    9.450000E+00    6.026000E+00    1.280000E+00    7.000000E+00    9.400000E+01    3.322000E+00    6.122000E-01    4.990000E+00    1.586000E+00    7.345000E-01    8.974000E-04   -1.452000E+01    2.000000E+00    2.000000E+00    2.000000E+02    9.990000E+01   -1.000000E+01   -4.000000E+00   -9.733000E+00   -9.943670E+00
   1.130000E-09    6.000000E+00    1.780000E+00    7.600000E+01    1.301000E+00   -3.010000E-01   -1.000000E+01    4.061000E+00   -1.000000E+01    4.249000E+00   -1.000000E+01   -1.000000E+01    7.500000E+00    6.767000E+00    1.660000E+00    4.000000E+00    2.400000E+01    2.434000E+00    1.199000E+00    3.450000E+00    1.100000E+00    3.075000E-01    1.018000E-03   -9.670000E+00    2.000000E+00    1.000000E+00    1.700000E+03    4.600000E+01   -1.000000E+01   -1.000000E+00   -1.096000E+01   -1.075336E+01
   1.350000E-09    1.000000E+00    1.453000E+00    1.080000E+02    1.398000E+00   -1.000000E+01   -1.000000E+01   -1.000000E+01   -1.000000E+01   -1.000000E+01   -1.000000E+01   -1.000000E+01    7.806000E+00    5.139000E+00    9.300000E-01    3.000000E+00    1.100000E+01    1.777000E+00    1.028000E+00    2.890000E+00    1.580000E+00    2.376000E-01    8.974000E-04   -1.452000E+01    2.000000E+00    2.000000E+00    8.000000E+02    9.800000E+01   -1.000000E+01    1.000000E+00   -9.682000E+00   -9.664903E+00
   8.100000E-10    2.000000E+00    1.279000E+00    9.300000E+01    1.352000E+00   -1.000000E+01   -1.000000E+01   -1.000000E+01   -1.000000E+01   -1.000000E+01   -1.000000E+01   -1.000000E+01    7.250000E+00    9.752000E+00    2.550000E+00    4.000000E+00    3.400000E+01    2.921000E+00    1.023000E+00    3.450000E+00    1.690000E+00    4.558000E-01    9.552000E-04   -1.452000E+01    2.000000E+00    2.000000E+00    1.600000E+03    4.750000E+01   -1.000000E+01   -1.000000E+00   -1.033000E+01   -1.037506E+01
   1.460000E-09    7.000000E+00    1.408000E+00    7.200000E+01    1.398000E+00   -1.184000E+00    1.199000E+00    3.079000E+00    2.103000E+00    2.783000E+00    1.919000E+00    2.732000E+00    8.300000E+00    7.834000E+00    1.900000E+00    6.000000E+00    7.500000E+01    3.309000E+00    2.071000E+00    4.360000E+00    1.449000E+00    2.036000E-01    8.974000E-04   -1.011000E+01    2.000000E+00    1.000000E+00    1.600000E+03    7.500000E+01   -1.000000E+01   -1.000000E+00   -1.072000E+01   -1.082167E+01
   2.000000E-09    1.000000E+00    1.453000E+00    1.080000E+02    1.565000E+00   -2.000000E+00   -1.000000E+01    2.362000E+00   -1.000000E+01    2.550000E+00   -1.000000E+01   -1.000000E+01    5.857000E+00    1.045000E+01    2.660000E+00    5.000000E+00    5.300000E+01    3.375000E+00    2.784000E+00    3.850000E+00    1.580000E+00    8.362000E-02    6.848000E-04   -1.051000E+01    2.000000E+00    2.000000E+00    1.410000E+03    9.999000E+01   -1.000000E+01   -1.000000E+00   -1.001000E+01   -9.980325E+00
   2.140000E-09    0.000000E+00    4.771000E-01    2.000000E+00    1.398000E+00   -1.000000E+01   -1.000000E+01   -1.000000E+01   -1.000000E+01   -1.000000E+01   -1.000000E+01   -1.000000E+01    6.000000E+00    1.360000E+01    2.200000E+00    1.000000E+00    1.000000E+00    8.499000E-01    7.796000E-01    8.500000E-01    8.239000E-01    3.752000E-02    8.974000E-04   -1.452000E+01    8.000000E+00    1.000000E+00    2.980000E+03    0.000000E+00   -1.000000E+01    0.000000E+00   -1.089000E+01   -1.110096E+01
   2.100000E-09    0.000000E+00    2.025000E+00    8.100000E+01    1.398000E+00    6.990000E-01   -1.000000E+01    5.061000E+00   -1.000000E+01    5.249000E+00   -1.000000E+01   -1.000000E+01    1.250000E+01    1.360000E+01    2.200000E+00    1.000000E+00    1.000000E+00    8.499000E-01    7.650000E-01    8.500000E-01    8.832000E-01    4.571000E-02    8.974000E-04   -9.167000E+00    2.500000E+01    1.000000E+00    1.650000E+03    0.000000E+00   -1.000000E+01    0.000000E+00   -1.028000E+01   -1.031588E+01
   1.560000E-09    1.000000E+00    1.453000E+00    1.080000E+02    1.176000E+00   -1.000000E+01   -1.000000E+01   -1.000000E+01   -1.000000E+01   -1.000000E+01   -1.000000E+01   -1.000000E+01    5.863000E+00    1.297000E+01    3.160000E+00    3.000000E+00    1.700000E+01    2.822000E+00    1.952000E+00    2.890000E+00    1.580000E+00    1.600000E-01    1.162000E-03   -1.452000E+01    2.000000E+00    2.000000E+00    7.000000E+02    9.800000E+01   -1.000000E+01   -1.000000E+00   -9.541000E+00   -9.542048E+00
   7.900000E-10    2.000000E+00    1.580000E+00    7.900000E+01    1.398000E+00   -1.000000E+00   -1.000000E+01    3.362000E+00   -1.000000E+01    3.550000E+00   -1.000000E+01   -1.000000E+01    7.000000E+00    5.695000E+00    9.500000E-01    5.000000E+00    3.800000E+01    2.491000E+00    8.436000E-01    3.850000E+00    1.318000E+00    4.703000E-01    8.974000E-04   -1.002000E+01    2.000000E+00    3.000000E+00    1.000000E+03    8.200000E+01   -1.000000E+01    2.000000E+00   -9.018000E+00   -8.976303E+00
   9.230000E-10    4.000000E+00    1.279000E+00    9.300000E+01    1.398000E+00   -3.010000E-01   -1.000000E+01    4.061000E+00   -1.000000E+01   -1.000000E+01   -1.000000E+01   -1.000000E+01    1.250000E+01    1.126000E+01    2.550000E+00    2.000000E+00    6.000000E+00    1.811000E+00    7.164000E-01    1.990000E+00    1.690000E+00    4.027000E-01    8.974000E-04   -9.667000E+00    2.000000E+00    1.000000E+00    1.600000E+03    4.750000E+01   -1.000000E+01   -2.000000E+00   -1.125000E+01   -1.112329E+01
   2.090000E-09    1.000000E+00    1.744000E+00    8.200000E+01    1.380000E+00   -6.108000E-01    1.176000E+00    3.262000E+00    3.292000E+00    3.770000E+00    1.447000E+00    3.051000E+00    7.200000E+00    3.894000E+00    7.900000E-01    6.000000E+00    5.500000E+01    2.333000E+00    2.097000E+00    4.360000E+00    1.170000E+00    4.632000E-02    9.199000E-04   -9.822000E+00    2.000000E+00    1.000000E+00    1.380000E+03    8.000000E+01   -1.000000E+01    1.000000E+00   -1.126000E+01   -1.100391E+01
   2.000000E-09    1.000000E+00    1.602000E+00    1.400000E+01    1.362000E+00   -2.000000E+00    9.345000E-01    2.362000E+00    5.328000E-01    2.338000E+00    2.387000E+00    1.904000E+00    8.300000E+00    1.045000E+01    2.660000E+00    5.000000E+00    5.300000E+01    3.375000E+00    2.913000E+00    3.850000E+00    5.441000E-01    6.398000E-02    9.432000E-04   -1.052000E+01    5.000000E+00    1.000000E+00    2.450000E+03    0.000000E+00   -1.000000E+01   -1.000000E+00   -1.211000E+01   -1.202632E+01
   2.970000E-09    1.000000E+00    1.477000E+00    6.010000E+01    1.602000E+00   -3.155000E+00   -1.000000E+01    1.207000E+00   -1.000000E+01   -1.000000E+01    1.631000E+00   -1.000000E+01    5.424000E+00    3.894000E+00    7.900000E-01    6.000000E+00    5.500000E+01    2.333000E+00    2.828000E+00    4.360000E+00    1.302000E+00   -8.351000E-02    6.389000E-04   -1.108000E+01    2.000000E+00    2.000000E+00    1.100000E+03    5.000000E+01   -1.000000E+01    1.000000E+00   -8.955000E+00   -8.945264E+00
   2.000000E-09    1.000000E+00    1.494000E+00    8.300000E+01    1.362000E+00   -8.239000E-01   -1.000000E+01   -1.000000E+01    3.302000E+00    3.550000E+00   -1.000000E+01   -1.000000E+01    7.135000E+00    1.045000E+01    2.660000E+00    5.000000E+00    5.300000E+01    3.375000E+00    2.913000E+00    3.850000E+00    1.425000E+00    6.398000E-02    9.432000E-04   -9.930000E+00    2.000000E+00    1.000000E+00    1.300000E+03    8.000000E+01   -1.000000E+01   -1.000000E+00   -1.054000E+01   -1.052309E+01
   2.570000E-09    1.000000E+00    1.453000E+00    1.080000E+02    1.699000E+00   -1.000000E+01   -1.000000E+01   -1.000000E+01   -1.000000E+01   -1.000000E+01   -1.000000E+01   -1.000000E+01    7.564000E+00    5.139000E+00    9.300000E-01    3.000000E+00    1.100000E+01    1.777000E+00    1.806000E+00    2.890000E+00    1.580000E+00   -7.034000E-03    5.279000E-04   -1.450000E+01    2.000000E+00    2.000000E+00    1.000000E+03    9.800000E+01   -1.000000E+01    1.000000E+00   -9.573000E+00   -9.561289E+00
   2.000000E-09    1.000000E+00    1.744000E+00    8.200000E+01    1.380000E+00   -5.918000E-01    1.146000E+00    3.279000E+00    3.328000E+00    3.785000E+00    1.831000E+00    3.016000E+00    7.500000E+00    1.045000E+01    2.660000E+00    5.000000E+00    5.300000E+01    3.375000E+00    2.903000E+00    3.850000E+00    1.170000E+00    6.544000E-02    9.199000E-04   -9.813000E+00    2.000000E+00    1.000000E+00    1.630000E+03    8.000000E+01   -1.000000E+01   -1.000000E+00   -1.117000E+01   -1.137197E+01
   1.350000E-09    1.000000E+00    1.453000E+00    1.080000E+02    1.398000E+00   -1.000000E+01   -1.000000E+01   -1.000000E+01   -1.000000E+01   -1.000000E+01   -1.000000E+01   -1.000000E+01    6.294000E+00    5.139000E+00    9.300000E-01    3.000000E+00    1.100000E+01    1.777000E+00    1.028000E+00    2.890000E+00    1.580000E+00    2.376000E-01    8.974000E-04   -1.452000E+01    2.000000E+00    2.000000E+00    1.800000E+03    9.800000E+01    1.447000E+00    1.000000E+00   -1.043000E+01   -1.044943E+01
   9.000000E-10    2.000000E+00    1.279000E+00    9.300000E+01    1.398000E+00    8.198000E-01   -1.000000E+01    5.178000E+00    3.983000E+00    5.366000E+00    2.086000E+00   -1.000000E+01    1.250000E+01    7.344000E+00    1.960000E+00    5.000000E+00    5.000000E+01    2.829000E+00    1.091000E+00    3.850000E+00    1.690000E+00    4.137000E-01    8.974000E-04   -9.106000E+00    2.000000E+00    2.000000E+00    1.800000E+03    4.750000E+01   -1.000000E+01    2.000000E+00   -1.049000E+01   -1.056015E+01
   2.000000E-09    1.000000E+00    1.580000E+00    7.900000E+01    1.398000E+00   -2.000000E+00   -1.000000E+01    2.362000E+00   -1.000000E+01   -1.000000E+01   -1.000000E+01   -1.000000E+01    8.200000E+00    1.045000E+01    2.660000E+00    5.000000E+00    5.300000E+01    3.375000E+00    2.893000E+00    3.850000E+00    1.318000E+00    6.690000E-02    8.974000E-04   -1.052000E+01    2.000000E+00    1.000000E+00    8.000000E+02    8.000000E+01   -1.000000E+01   -1.000000E+00   -9.449000E+00   -9.475786E+00
   2.000000E-09    1.000000E+00    1.744000E+00    8.200000E+01    1.380000E+00   -5.918000E-01    1.146000E+00    3.279000E+00    3.328000E+00    3.785000E+00    1.831000E+00    3.016000E+00    7.500000E+00    1.045000E+01    2.660000E+00    5.000000E+00    5.300000E+01    3.375000E+00    2.903000E+00    3.850000E+00    1.170000E+00    6.544000E-02    9.199000E-04   -9.813000E+00    2.000000E+00    2.000000E+00    1.510000E+03    8.000000E+01   -1.000000E+01   -1.000000E+00   -1.002000E+01   -1.021511E+01
   1.010000E-09    1.000000E+00    1.453000E+00    1.080000E+02    1.176000E+00   -1.000000E+01   -1.000000E+01   -1.000000E+01   -1.000000E+01   -1.000000E+01   -1.000000E+01   -1.000000E+01    6.134000E+00    5.139000E+00    9.300000E-01    3.000000E+00    1.100000E+01    1.777000E+00    7.958000E-01    2.890000E+00    1.580000E+00    3.488000E-01    1.162000E-03   -1.452000E+01    2.000000E+00    2.000000E+00    1.600000E+03    9.800000E+01   -1.000000E+01    1.000000E+00   -1.047000E+01   -1.057806E+01
   1.560000E-09    1.000000E+00    1.453000E+00    1.080000E+02    1.176000E+00   -3.010000E-01   -1.000000E+01    4.061000E+00   -1.000000E+01    4.249000E+00   -1.000000E+01   -1.000000E+01    5.604000E+00    1.297000E+01    3.160000E+00    3.000000E+00    1.700000E+01    2.822000E+00    1.952000E+00    2.890000E+00    1.580000E+00    1.600000E-01    1.162000E-03   -9.674000E+00    2.000000E+00    2.000000E+00    1.000000E+03    9.800000E+01   -1.000000E+01   -1.000000E+00   -9.775000E+00   -9.788385E+00
   2.000000E-09    7.000000E+00    2.477000E+00    5.000000E+01    1.380000E+00   -6.576000E-01    1.149000E+00    3.281000E+00    3.331000E+00    3.780000E+00    1.233000E+00    3.024000E+00    7.200000E+00    7.280000E+00    1.900000E+00    5.000000E+00    4.300000E+01    2.817000E+00    2.423000E+00    3.850000E+00    2.218000E-01    6.544000E-02    9.199000E-04   -9.846000E+00    2.600000E+01    2.000000E+00    1.100000E+03    3.500000E+01   -1.000000E+01   -1.000000E+00   -9.496000E+00   -9.444823E+00
   1.010000E-09    1.000000E+00    1.453000E+00    1.080000E+02    1.176000E+00   -1.000000E+01   -1.000000E+01   -1.000000E+01   -1.000000E+01   -1.000000E+01   -1.000000E+01   -1.000000E+01    6.917000E+00    5.139000E+00    9.300000E-01    3.000000E+00    1.100000E+01    1.777000E+00    7.958000E-01    2.890000E+00    1.580000E+00    3.488000E-01    1.162000E-03   -1.452000E+01    2.000000E+00    2.000000E+00    1.000000E+03    9.800000E+01   -1.000000E+01    1.000000E+00   -9.979000E+00   -9.969049E+00
   2.090000E-09    1.000000E+00    1.580000E+00    7.900000E+01    1.398000E+00   -9.281000E-01    3.799000E+00    3.174000E+00    1.955000E+00   -1.000000E+01   -1.000000E+01   -1.000000E+01    1.340000E+01    3.894000E+00    7.900000E-01    6.000000E+00    5.500000E+01    2.333000E+00    2.090000E+00    4.360000E+00    1.318000E+00    4.778000E-02    8.974000E-04   -9.980000E+00    2.000000E+00    2.000000E+00    2.000000E+03    8.000000E+01   -1.000000E+01    1.000000E+00   -1.049000E+01   -1.044027E+01
   2.000000E-09    1.000000E+00    1.279000E+00    9.300000E+01    1.352000E+00   -2.000000E+00   -1.000000E+01    1.362000E+00   -1.000000E+01   -1.000000E+01   -1.000000E+01   -1.000000E+01    1.250000E+01    1.297000E+01    3.160000E+00    3.000000E+00    1.700000E+01    2.822000E+00    2.440000E+00    2.890000E+00    1.690000E+00    6.324000E-02    9.552000E-04   -1.052000E+01    2.000000E+00    1.000000E+00    1.600000E+03    4.750000E+01   -1.000000E+01   -1.000000E+00   -1.139000E+01   -1.132831E+01
   8.050000E-10    2.000000E+00    1.580000E+00    7.870000E+01    1.398000E+00   -3.010000E-01   -1.000000E+01    4.061000E+00   -1.000000E+01   -1.000000E+01   -1.000000E+01   -1.000000E+01    7.587000E+00    5.695000E+00    9.500000E-01    5.000000E+00    3.800000E+01    2.491000E+00    8.596000E-01    3.850000E+00    1.316000E+00    4.621000E-01    8.974000E-04   -9.667000E+00    2.000000E+00    1.000000E+00    8.000000E+02    8.200000E+01   -1.000000E+01    2.000000E+00   -9.845000E+00   -9.820828E+00
   2.100000E-09    0.000000E+00    2.025000E+00    8.100000E+01    1.398000E+00    6.990000E-01   -1.000000E+01    5.061000E+00   -1.000000E+01    5.249000E+00   -1.000000E+01   -1.000000E+01    1.250000E+01    1.360000E+01    2.200000E+00    1.000000E+00    1.000000E+00    8.499000E-01    7.650000E-01    8.500000E-01    8.832000E-01    4.571000E-02    8.974000E-04   -9.167000E+00    2.500000E+01    1.000000E+00    1.650000E+03    0.000000E+00   -1.000000E+01    0.000000E+00   -1.042000E+01   -1.031588E+01
   2.100000E-09    1.000000E+00    1.453000E+00    1.080000E+02    1.565000E+00   -2.000000E+00   -1.000000E+01    2.362000E+00   -1.000000E+01    2.550000E+00   -1.000000E+01   -1.000000E+01    7.051000E+00    3.894000E+00    7.900000E-01    6.000000E+00    5.500000E+01    2.333000E+00    2.021000E+00    4.360000E+00    1.580000E+00    6.243000E-02    6.848000E-04   -1.051000E+01    2.000000E+00    2.000000E+00    1.410000E+03    9.999000E+01   -1.000000E+01    1.000000E+00   -9.991000E+00   -9.931736E+00
   2.000000E-09    1.000000E+00    1.602000E+00    1.400000E+01    1.362000E+00   -9.586000E-01    9.345000E-01    3.403000E+00    5.328000E-01    3.575000E+00    2.387000E+00    1.904000E+00    8.200000E+00    1.045000E+01    2.660000E+00    5.000000E+00    5.300000E+01    3.375000E+00    2.913000E+00    3.850000E+00    5.441000E-01    6.398000E-02    9.432000E-04   -9.997000E+00    5.000000E+00    1.000000E+00    2.450000E+03    0.000000E+00   -1.000000E+01   -1.000000E+00   -1.174000E+01   -1.177574E+01
   1.000000E-10    6.000000E+00    1.447000E+00    1.080000E+02    1.398000E+00   -1.000000E+01   -1.000000E+01   -1.000000E+01   -1.000000E+01   -1.000000E+01   -1.000000E+01   -1.000000E+01    9.000000E+00    6.194000E+00    1.380000E+00    7.000000E+00    9.200000E+01    3.368000E+00    1.443000E-01    4.990000E+00    1.586000E+00    1.368000E+00    8.974000E-04   -1.452000E+01    2.000000E+00    2.000000E+00    1.800000E+03    9.990000E+01   -1.000000E+01   -1.000000E+00   -1.167000E+01   -1.162202E+01
   8.050000E-10    2.000000E+00    1.580000E+00    7.870000E+01    1.398000E+00   -1.000000E+00   -1.000000E+01    3.362000E+00   -1.000000E+01   -1.000000E+01   -1.000000E+01   -1.000000E+01    7.555000E+00    5.695000E+00    9.500000E-01    5.000000E+00    3.800000E+01    2.491000E+00    8.596000E-01    3.850000E+00    1.316000E+00    4.621000E-01    8.974000E-04   -1.002000E+01    2.000000E+00    1.000000E+00    1.600000E+03    8.200000E+01   -1.000000E+01    2.000000E+00   -1.049000E+01   -1.039444E+01
   2.090000E-09    1.000000E+00    1.000000E+00    1.400000E+01    1.362000E+00   -1.356000E+00    1.990000E+00    2.225000E+00    2.512000E+00    3.094000E+00    2.354000E+00    2.238000E+00    7.800000E+00    3.894000E+00    7.900000E-01    6.000000E+00    5.500000E+01    2.333000E+00    2.104000E+00    4.360000E+00    1.146000E+00    4.486000E-02    9.432000E-04   -1.020000E+01    4.000000E+00    1.000000E+00    2.670000E+03    7.000000E+01   -1.000000E+01    1.000000E+00   -9.638000E+00   -9.685311E+00
   8.470000E-10    2.000000E+00    1.748000E+00    1.110000E+02    1.778000E+00   -7.282000E-01    1.596000E+00    3.415000E+00    2.736000E+00    3.353000E+00    1.827000E+00    3.670000E+00    7.560000E+00    5.212000E+00    8.900000E-01    6.000000E+00    5.600000E+01    2.699000E+00    8.769000E-01    4.360000E+00    1.297000E+00    4.883000E-01    4.494000E-04   -9.856000E+00    2.000000E+00    1.000000E+00    1.400000E+03    9.200000E+01   -1.000000E+01    2.000000E+00   -8.703000E+00   -8.811333E+00
   3.690000E-09    1.000000E+00    1.453000E+00    1.080000E+02    1.699000E+00   -1.000000E+01   -1.000000E+01   -1.000000E+01   -1.000000E+01   -1.000000E+01   -1.000000E+01   -1.000000E+01    6.159000E+00    1.297000E+01    3.160000E+00    3.000000E+00    1.700000E+01    2.822000E+00    4.118000E+00    2.890000E+00    1.580000E+00   -1.641000E-01    5.279000E-04   -1.450000E+01    2.000000E+00    2.000000E+00    1.600000E+03    9.800000E+01   -1.000000E+01   -1.000000E+00   -9.910000E+00   -9.981533E+00
   1.460000E-09    7.000000E+00    1.408000E+00    7.200000E+01    1.114000E+00   -1.018000E+00    1.176000E+00    3.069000E+00    2.685000E+00    3.064000E+00    1.708000E+00    3.353000E+00    4.000000E+00    7.834000E+00    1.900000E+00    6.000000E+00    7.500000E+01    3.309000E+00    2.158000E+00    4.360000E+00    1.449000E+00    1.857000E-01    1.226000E-03   -1.003000E+01    2.000000E+00    1.000000E+00    1.800000E+03    7.500000E+01   -1.000000E+01   -1.000000E+00   -1.152000E+01   -1.134899E+01
   2.000000E-09    1.000000E+00    1.744000E+00    8.200000E+01    1.380000E+00   -5.918000E-01    1.146000E+00    3.279000E+00    3.328000E+00    3.785000E+00    1.831000E+00    3.016000E+00    7.500000E+00    1.045000E+01    2.660000E+00    5.000000E+00    5.300000E+01    3.375000E+00    2.903000E+00    3.850000E+00    1.170000E+00    6.544000E-02    9.199000E-04   -9.813000E+00    2.000000E+00    1.000000E+00    1.460000E+03    8.000000E+01   -1.000000E+01   -1.000000E+00   -1.174000E+01   -1.157555E+01
   1.200000E-09    5.000000E+00    1.455000E+00    8.700000E+01    1.301000E+00   -2.297000E+00   -1.000000E+01   -1.000000E+01    2.603000E+00   -1.000000E+01   -1.000000E+01   -1.000000E+01    6.000000E+00    6.266000E+00    1.360000E+00    7.000000E+00    9.300000E+01    3.387000E+00    1.772000E+00    4.990000E+00    1.485000E+00    2.814000E-01    1.018000E-03   -1.067000E+01    3.000000E+00    2.000000E+00    7.800000E+02    1.000000E+02   -1.000000E+01    1.000000E+00   -9.682000E+00   -9.669737E+00
   1.300000E-09    2.000000E+00    2.155000E+00    8.300000E+01    1.398000E+00    0.000000E+00   -1.000000E+01    4.362000E+00   -1.000000E+01   -1.000000E+01   -1.000000E+01   -1.000000E+01    7.340000E+00    5.139000E+00    9.300000E-01    3.000000E+00    1.100000E+01    1.777000E+00    9.899000E-01    2.890000E+00    7.637000E-01    2.540000E-01    8.974000E-04   -9.516000E+00    3.000000E+00    1.000000E+00    1.950000E+03    1.000000E+02   -1.000000E+01    1.000000E+00   -1.042000E+01   -1.031509E+01
   2.032000E-10    1.000000E+00    1.833000E+00    7.100000E+01    1.505000E+00   -6.990000E-01   -1.000000E+01    2.061000E+00   -1.000000E+01    2.249000E+00   -1.000000E+01   -1.000000E+01    7.000000E+00    1.297000E+01    3.160000E+00    3.000000E+00    1.700000E+01    2.822000E+00    2.401000E-01    2.890000E+00    1.019000E+00    1.070000E+00    7.600000E-04   -9.861000E+00    6.000000E+00    1.000000E+00    1.500000E+03    0.000000E+00   -1.000000E+01   -1.000000E+00   -9.928000E+00   -1.002846E+01
   1.270000E-09    1.000000E+00    1.415000E+00    3.800000E+01    1.362000E+00   -5.986000E-01    1.740000E+00    3.254000E+00    3.293000E+00    3.805000E+00    1.108000E+00    3.062000E+00    7.700000E+00    5.139000E+00    9.300000E-01    3.000000E+00    1.100000E+01    1.777000E+00    9.736000E-01    2.890000E+00    1.165000E+00    2.612000E-01    9.432000E-04   -9.817000E+00    2.000000E+00    1.000000E+00    1.250000E+03    3.300000E+01   -1.000000E+01    1.000000E+00   -9.745000E+00   -9.869100E+00
   2.000000E-09    1.000000E+00    1.580000E+00    7.900000E+01    1.398000E+00   -1.000000E+00   -1.000000E+01    3.362000E+00   -1.000000E+01   -1.000000E+01   -1.000000E+01   -1.000000E+01    8.200000E+00    1.297000E+01    3.160000E+00    3.000000E+00    1.700000E+01    2.822000E+00    2.419000E+00    2.890000E+00    1.318000E+00    6.690000E-02    8.974000E-04   -1.002000E+01    2.000000E+00    1.000000E+00    1.800000E+03    8.000000E+01   -1.000000E+01   -1.000000E+00   -1.029000E+01   -1.032758E+01
   2.140000E-09    0.000000E+00    6.021000E-01    6.700000E+01    1.398000E+00   -6.108000E-01    9.079000E-01    3.322000E+00    3.276000E+00    3.800000E+00    1.000000E+00    2.748000E+00    7.500000E+00    1.360000E+01    2.200000E+00    1.000000E+00    1.000000E+00    8.499000E-01    7.796000E-01    8.500000E-01    2.224000E+00    3.752000E-02    8.974000E-04   -9.822000E+00    1.300000E+01    1.000000E+00    1.450000E+03    0.000000E+00   -1.000000E+01    0.000000E+00   -9.509000E+00   -9.296756E+00
   2.100000E-09    1.000000E+00    1.279000E+00    9.300000E+01    1.398000E+00    8.198000E-01   -1.000000E+01    5.178000E+00    3.983000E+00    5.366000E+00    2.086000E+00   -1.000000E+01    1.250000E+01    3.894000E+00    7.900000E-01    6.000000E+00    5.500000E+01    2.333000E+00    2.100000E+00    4.360000E+00    1.690000E+00    4.571000E-02    8.974000E-04   -9.106000E+00    2.000000E+00    2.000000E+00    1.800000E+03    4.750000E+01   -1.000000E+01    1.000000E+00   -1.012000E+01   -1.008575E+01
   2.220000E-09    0.000000E+00    1.602000E+00    1.400000E+01    1.362000E+00   -1.699000E+00    9.345000E-01    2.362000E+00    5.328000E-01    2.338000E+00    2.387000E+00    1.904000E+00    8.300000E+00    1.360000E+01    2.200000E+00    1.000000E+00    1.000000E+00    8.499000E-01    8.142000E-01    8.500000E-01    5.441000E-01    1.865000E-02    9.432000E-04   -1.037000E+01    5.000000E+00    1.000000E+00    2.450000E+03    0.000000E+00   -1.000000E+01    0.000000E+00   -1.063000E+01   -1.065397E+01
   8.100000E-10    2.000000E+00    1.279000E+00    9.300000E+01    1.778000E+00   -1.000000E+01   -1.000000E+01   -1.000000E+01   -1.000000E+01   -1.000000E+01   -1.000000E+01   -1.000000E+01    7.250000E+00    9.752000E+00    2.550000E+00    4.000000E+00    3.400000E+01    2.921000E+00    9.077000E-01    3.450000E+00    1.690000E+00    5.076000E-01    4.494000E-04   -1.449000E+01    2.000000E+00    2.000000E+00    1.600000E+03    4.750000E+01    1.477000E+00   -1.000000E+00   -1.020000E+01   -1.016960E+01
   2.000000E-09    1.000000E+00    1.744000E+00    8.200000E+01    1.380000E+00   -5.918000E-01    1.146000E+00    3.279000E+00    3.328000E+00    3.785000E+00    1.831000E+00    3.016000E+00    7.500000E+00    1.045000E+01    2.660000E+00    5.000000E+00    5.300000E+01    3.375000E+00    2.903000E+00    3.850000E+00    1.170000E+00    6.544000E-02    9.199000E-04   -9.813000E+00    2.000000E+00    1.000000E+00    1.340000E+03    8.000000E+01   -1.000000E+01   -1.000000E+00   -1.054000E+01   -1.080557E+01
   2.060000E-09    1.000000E+00    1.453000E+00    1.100000E+02    1.362000E+00   -3.010000E-01   -1.000000E+01    4.061000E+00   -1.000000E+01    4.249000E+00   -1.000000E+01   -1.000000E+01    7.000000E+00    3.894000E+00    7.900000E-01    6.000000E+00    5.500000E+01    2.333000E+00    2.074000E+00    4.360000E+00    1.588000E+00    5.114000E-02    9.432000E-04   -9.668000E+00    2.000000E+00    1.000000E+00    8.000000E+02    9.800000E+01   -1.000000E+01    1.000000E+00   -9.631000E+00   -9.617737E+00
   2.140000E-09    0.000000E+00    1.477000E+00    2.100000E+01    1.398000E+00   -6.576000E-01    2.000000E+00    2.230000E+00    2.544000E+00    3.090000E+00    2.000000E+00    2.230000E+00    7.200000E+00    1.360000E+01    2.200000E+00    1.000000E+00    1.000000E+00    8.499000E-01    7.796000E-01    8.500000E-01    8.451000E-01    3.752000E-02    8.974000E-04   -9.845000E+00    4.000000E+00    1.000000E+00    2.440000E+03    0.000000E+00   -1.000000E+01    0.000000E+00   -1.075000E+01   -1.046763E+01
   2.570000E-09    1.000000E+00    1.453000E+00    1.080000E+02    1.699000E+00   -1.000000E+01   -1.000000E+01   -1.000000E+01   -1.000000E+01   -1.000000E+01   -1.000000E+01   -1.000000E+01    7.011000E+00    5.139000E+00    9.300000E-01    3.000000E+00    1.100000E+01    1.777000E+00    1.806000E+00    2.890000E+00    1.580000E+00   -7.034000E-03    5.279000E-04   -1.450000E+01    2.000000E+00    2.000000E+00    1.800000E+03    9.800000E+01   -1.000000E+01    1.000000E+00   -1.031000E+01   -1.026207E+01
   2.140000E-09    0.000000E+00    1.279000E+00    9.300000E+01    1.362000E+00   -2.573000E-01   -1.000000E+01    4.072000E+00    2.903000E+00    4.260000E+00   -1.000000E+01   -1.000000E+01    1.250000E+01    1.360000E+01    2.200000E+00    1.000000E+00    1.000000E+00    8.499000E-01    7.849000E-01    8.500000E-01    1.690000E+00    3.459000E-02    9.432000E-04   -9.646000E+00    2.000000E+00    1.000000E+00    1.500000E+03    4.800000E+01   -1.000000E+01    0.000000E+00   -1.019000E+01   -1.010963E+01
   1.460000E-09    7.000000E+00    1.408000E+00    7.200000E+01    1.398000E+00   -1.184000E+00    1.199000E+00    3.079000E+00    2.103000E+00    2.783000E+00    1.919000E+00    2.732000E+00    8.300000E+00    7.834000E+00    1.900000E+00    6.000000E+00    7.500000E+01    3.309000E+00    2.071000E+00    4.360000E+00    1.449000E+00    2.036000E-01    8.974000E-04   -1.011000E+01    2.000000E+00    1.000000E+00    1.400000E+03    7.500000E+01   -1.000000E+01   -1.000000E+00   -1.048000E+01   -1.035813E+01
   2.010000E-09    1.000000E+00    1.453000E+00    1.080000E+02    1.602000E+00   -1.000000E+00   -1.000000E+01    3.362000E+00   -1.000000E+01    3.550000E+00   -1.000000E+01   -1.000000E+01    7.545000E+00    5.139000E+00    9.300000E-01    3.000000E+00    1.100000E+01    1.777000E+00    1.457000E+00    2.890000E+00    1.580000E+00    8.605000E-02    6.389000E-04   -1.001000E+01    2.000000E+00    2.000000E+00    1.000000E+03    9.800000E+01   -1.000000E+01    1.000000E+00   -9.666000E+00   -9.708188E+00
   6.020000E-10    3.000000E+00    1.580000E+00    7.900000E+01    1.398000E+00   -1.000000E+00   -1.000000E+01    3.362000E+00   -1.000000E+01    3.550000E+00   -1.000000E+01   -1.000000E+01    9.000000E+00    5.670000E+00    1.200000E+00    6.000000E+00    6.300000E+01    2.815000E+00    7.264000E-01    4.360000E+00    1.318000E+00    5.883000E-01    8.974000E-04   -1.002000E+01    2.000000E+00    3.000000E+00    1.000000E+03    8.200000E+01   -1.000000E+01    3.000000E+00   -9.481000E+00   -9.907654E+00
   9.230000E-10    4.000000E+00    1.279000E+00    9.300000E+01    1.352000E+00   -2.000000E+00   -1.000000E+01    1.362000E+00   -1.000000E+01   -1.000000E+01   -1.000000E+01   -1.000000E+01    1.250000E+01    1.126000E+01    2.550000E+00    2.000000E+00    6.000000E+00    1.811000E+00    7.224000E-01    1.990000E+00    1.690000E+00    3.991000E-01    9.552000E-04   -1.052000E+01    2.000000E+00    1.000000E+00    1.600000E+03    4.750000E+01   -1.000000E+01   -2.000000E+00   -1.219000E+01   -1.202028E+01
   2.032000E-10    1.000000E+00    1.602000E+00    1.400000E+01    1.362000E+00   -9.208000E-01    9.345000E-01    3.403000E+00    5.328000E-01    3.575000E+00    2.387000E+00    1.904000E+00    8.200000E+00    1.297000E+01    3.160000E+00    3.000000E+00    1.700000E+01    2.822000E+00    2.474000E-01    2.890000E+00    5.441000E-01    1.057000E+00    9.432000E-04   -9.978000E+00    5.000000E+00    1.000000E+00    2.450000E+03    0.000000E+00   -1.000000E+01   -1.000000E+00   -1.154000E+01   -1.162722E+01
   2.032000E-10    1.000000E+00    1.833000E+00    7.100000E+01    1.398000E+00    0.000000E+00   -1.000000E+01    4.362000E+00   -1.000000E+01   -1.000000E+01   -1.000000E+01   -1.000000E+01    5.000000E+00    1.297000E+01    3.160000E+00    3.000000E+00    1.700000E+01    2.822000E+00    2.458000E-01    2.890000E+00    1.019000E+00    1.060000E+00    8.974000E-04   -9.516000E+00    6.000000E+00    1.000000E+00    1.900000E+03    0.000000E+00   -1.000000E+01   -1.000000E+00   -9.222000E+00   -9.476409E+00
   6.100000E-10    3.000000E+00    1.279000E+00    9.300000E+01    1.391000E+00   -2.222000E+00   -1.000000E+01   -1.000000E+01   -1.000000E+01    2.027000E+00   -1.000000E+01   -1.000000E+01    1.074000E+01    5.644000E+00    1.170000E+00    6.000000E+00    6.200000E+01    2.809000E+00    7.353000E-01    4.360000E+00    1.690000E+00    5.820000E-01    9.063000E-04   -1.063000E+01    2.000000E+00    2.000000E+00    1.400000E+03    4.750000E+01   -1.000000E+01   -1.000000E+00   -1.027000E+01   -1.028069E+01
   7.900000E-10    2.000000E+00    1.279000E+00    9.300000E+01    1.398000E+00   -2.190000E-01   -1.000000E+01    4.105000E+00    2.983000E+00    2.697000E+00    2.086000E+00   -1.000000E+01    1.250000E+01    5.695000E+00    9.500000E-01    5.000000E+00    3.800000E+01    2.491000E+00    8.436000E-01    3.850000E+00    1.690000E+00    4.703000E-01    8.974000E-04   -9.626000E+00    2.000000E+00    2.000000E+00    1.200000E+03    4.750000E+01   -1.000000E+01    2.000000E+00   -1.000000E+01   -9.912524E+00
   2.100000E-09    1.000000E+00    6.128000E-01    1.090000E+01    1.398000E+00   -2.924000E-01   -1.000000E+01    4.069000E+00   -1.000000E+01    4.257000E+00   -1.000000E+01   -1.000000E+01    7.290000E+00    3.894000E+00    7.900000E-01    6.000000E+00    5.500000E+01    2.333000E+00    2.100000E+00    4.360000E+00    1.425000E+00    4.571000E-02    8.974000E-04   -9.662000E+00    2.800000E+01    2.000000E+00    2.250000E+03    0.000000E+00   -1.000000E+01    1.000000E+00   -9.975000E+00   -1.005721E+01
   2.032000E-10    1.000000E+00    1.748000E+00    1.110000E+02    1.398000E+00   -7.282000E-01    1.596000E+00    3.415000E+00    2.736000E+00    3.353000E+00    1.827000E+00    3.670000E+00    7.560000E+00    1.297000E+01    3.160000E+00    3.000000E+00    1.700000E+01    2.822000E+00    2.458000E-01    2.890000E+00    1.297000E+00    1.060000E+00    8.974000E-04   -9.880000E+00    2.000000E+00    1.000000E+00    1.400000E+03    9.200000E+01   -1.000000E+01   -1.000000E+00   -1.026000E+01   -1.009793E+01
   1.560000E-09    1.000000E+00    1.453000E+00    1.080000E+02    1.176000E+00   -1.000000E+00   -1.000000E+01    3.362000E+00   -1.000000E+01    3.550000E+00   -1.000000E+01   -1.000000E+01    5.251000E+00    1.297000E+01    3.160000E+00    3.000000E+00    1.700000E+01    2.822000E+00    1.952000E+00    2.890000E+00    1.580000E+00    1.600000E-01    1.162000E-03   -1.002000E+01    2.000000E+00    2.000000E+00    1.000000E+03    9.800000E+01   -1.000000E+01   -1.000000E+00   -9.775000E+00   -9.770148E+00
   1.550000E-09    4.000000E+00    1.408000E+00    7.200000E+01    1.342000E+00   -5.229000E-01   -1.000000E+01    3.839000E+00   -1.000000E+01    4.027000E+00   -1.000000E+01   -1.000000E+01    5.600000E+00    9.752000E+00    2.550000E+00    4.000000E+00    3.400000E+01    2.921000E+00    1.961000E+00    3.450000E+00    1.449000E+00    1.732000E-01    9.673000E-04   -9.780000E+00    2.000000E+00    1.000000E+00    1.300000E+03    7.500000E+01   -1.000000E+01   -1.000000E+00   -1.018000E+01   -1.015722E+01
   2.090000E-09    1.000000E+00   -1.549000E-01    1.000000E+01    1.398000E+00   -5.157000E-01    1.000000E+00    3.380000E+00    3.405000E+00    3.922000E+00    1.230000E+00    2.230000E+00    8.770000E+00    3.894000E+00    7.900000E-01    6.000000E+00    5.500000E+01    2.333000E+00    2.090000E+00    4.360000E+00    2.155000E+00    4.778000E-02    8.974000E-04   -9.774000E+00    1.400000E+01    1.000000E+00    2.610000E+03    0.000000E+00   -1.000000E+01    1.000000E+00   -1.092000E+01   -1.119643E+01
   1.010000E-09    1.000000E+00    1.453000E+00    1.080000E+02    1.176000E+00   -1.301000E+00   -1.000000E+01    3.061000E+00   -1.000000E+01    3.249000E+00   -1.000000E+01   -1.000000E+01    6.514000E+00    5.139000E+00    9.300000E-01    3.000000E+00    1.100000E+01    1.777000E+00    7.958000E-01    2.890000E+00    1.580000E+00    3.488000E-01    1.162000E-03   -1.017000E+01    2.000000E+00    2.000000E+00    1.000000E+03    9.800000E+01   -1.000000E+01    1.000000E+00   -9.963000E+00   -9.958401E+00
   1.550000E-09    4.000000E+00    6.232000E-01    6.700000E+01    1.491000E+00   -1.398000E+00    8.451000E-01    2.784000E+00    1.869000E+00    2.785000E+00   -1.000000E+01    2.785000E+00    6.200000E+00    9.752000E+00    2.550000E+00    4.000000E+00    3.400000E+01    2.921000E+00    1.903000E+00    3.450000E+00    2.203000E+00    1.863000E-01    7.777000E-04   -1.021000E+01    1.300000E+01    3.000000E+00    1.800000E+03    0.000000E+00   -1.000000E+01   -1.000000E+00   -1.011000E+01   -9.886417E+00
   7.400000E-10    4.000000E+00    4.771000E-01    2.000000E+00    1.389000E+00   -8.861000E-01   -1.000000E+01    3.441000E+00   -1.000000E+01   -1.000000E+01    3.785000E+00    2.983000E+00    9.350000E+00    6.026000E+00    1.280000E+00    7.000000E+00    9.400000E+01    3.322000E+00    1.055000E+00    4.990000E+00    8.239000E-01    4.980000E-01    9.086000E-04   -9.960000E+00    8.000000E+00    1.000000E+00    2.640000E+03    0.000000E+00   -1.000000E+01   -2.000000E+00   -1.256000E+01   -1.265701E+01
   9.230000E-10    4.000000E+00    1.279000E+00    9.300000E+01    1.398000E+00   -1.016000E+00   -1.000000E+01    3.353000E+00   -1.000000E+01   -1.000000E+01    3.541000E+00    2.956000E+00    1.040000E+01    1.126000E+01    2.550000E+00    2.000000E+00    6.000000E+00    1.811000E+00    7.164000E-01    1.990000E+00    1.690000E+00    4.027000E-01    8.974000E-04   -1.002000E+01    2.000000E+00    1.000000E+00    1.600000E+03    4.750000E+01    1.845000E+00   -2.000000E+00   -1.041000E+01   -1.039560E+01
   1.550000E-09    4.000000E+00    1.408000E+00    7.200000E+01    1.114000E+00   -1.018000E+00    1.176000E+00    3.069000E+00    2.685000E+00    3.064000E+00    1.708000E+00    3.353000E+00    4.000000E+00    9.752000E+00    2.550000E+00    4.000000E+00    3.400000E+01    2.921000E+00    2.022000E+00    3.450000E+00    1.449000E+00    1.598000E-01    1.226000E-03   -1.003000E+01    2.000000E+00    1.000000E+00    1.800000E+03    7.500000E+01   -1.000000E+01   -1.000000E+00   -1.135000E+01   -1.122655E+01
   1.200000E-09    5.000000E+00    1.455000E+00    8.700000E+01    1.301000E+00   -1.260000E+00   -1.000000E+01   -1.000000E+01    3.603000E+00   -1.000000E+01   -1.000000E+01   -1.000000E+01    6.000000E+00    6.266000E+00    1.360000E+00    7.000000E+00    9.300000E+01    3.387000E+00    1.772000E+00    4.990000E+00    1.485000E+00    2.814000E-01    1.018000E-03   -1.015000E+01    3.000000E+00    2.000000E+00    7.800000E+02    1.000000E+02   -1.000000E+01    1.000000E+00   -9.682000E+00   -9.670284E+00
   1.560000E-09    1.000000E+00    1.453000E+00    1.080000E+02    1.176000E+00   -1.301000E+00   -1.000000E+01    3.061000E+00   -1.000000E+01    3.249000E+00   -1.000000E+01   -1.000000E+01    5.409000E+00    1.297000E+01    3.160000E+00    3.000000E+00    1.700000E+01    2.822000E+00    1.952000E+00    2.890000E+00    1.580000E+00    1.600000E-01    1.162000E-03   -1.017000E+01    2.000000E+00    2.000000E+00    1.000000E+03    9.800000E+01   -1.000000E+01   -1.000000E+00   -9.775000E+00   -9.770916E+00
   1.560000E-09    1.000000E+00    1.453000E+00    1.080000E+02    1.176000E+00   -1.000000E+01   -1.000000E+01   -1.000000E+01   -1.000000E+01   -1.000000E+01   -1.000000E+01   -1.000000E+01    4.988000E+00    1.297000E+01    3.160000E+00    3.000000E+00    1.700000E+01    2.822000E+00    1.952000E+00    2.890000E+00    1.580000E+00    1.600000E-01    1.162000E-03   -1.452000E+01    2.000000E+00    2.000000E+00    1.200000E+03    9.800000E+01   -1.000000E+01   -1.000000E+00   -9.939000E+00   -9.937260E+00
   2.100000E-09    1.000000E+00    1.279000E+00    9.300000E+01    1.398000E+00   -2.190000E-01   -1.000000E+01    4.105000E+00    2.983000E+00    2.697000E+00    2.086000E+00   -1.000000E+01    1.250000E+01    3.894000E+00    7.900000E-01    6.000000E+00    5.500000E+01    2.333000E+00    2.100000E+00    4.360000E+00    1.690000E+00    4.571000E-02    8.974000E-04   -9.626000E+00    2.000000E+00    2.000000E+00    1.800000E+03    4.750000E+01   -1.000000E+01    1.000000E+00   -1.012000E+01   -1.008228E+01
   2.000000E-09    7.000000E+00    1.744000E+00    8.200000E+01    1.398000E+00   -5.918000E-01    1.146000E+00    3.279000E+00    3.330000E+00    3.785000E+00    1.831000E+00    3.016000E+00    7.500000E+00    7.280000E+00    1.900000E+00    5.000000E+00    4.300000E+01    2.817000E+00    2.415000E+00    3.850000E+00    1.170000E+00    6.690000E-02    8.974000E-04   -9.812000E+00    2.000000E+00    2.000000E+00    1.360000E+03    8.000000E+01   -1.000000E+01   -1.000000E+00   -9.886000E+00   -9.865781E+00
   1.560000E-09    1.000000E+00    1.453000E+00    1.080000E+02    1.176000E+00   -1.000000E+01   -1.000000E+01   -1.000000E+01   -1.000000E+01   -1.000000E+01   -1.000000E+01   -1.000000E+01    4.988000E+00    1.297000E+01    3.160000E+00    3.000000E+00    1.700000E+01    2.822000E+00    1.952000E+00    2.890000E+00    1.580000E+00    1.600000E-01    1.162000E-03   -1.452000E+01    2.000000E+00    2.000000E+00    1.200000E+03    9.800000E+01   -1.000000E+01   -1.000000E+00   -9.939000E+00   -9.937260E+00
   2.090000E-09    1.000000E+00    1.580000E+00    7.870000E+01    1.398000E+00   -1.857000E+00    5.922000E-01    2.448000E+00    1.256000E+00    2.603000E+00    2.086000E+00    9.825000E-01    8.565000E+00    3.894000E+00    7.900000E-01    6.000000E+00    5.500000E+01    2.333000E+00    2.090000E+00    4.360000E+00    1.316000E+00    4.778000E-02    8.974000E-04   -1.044000E+01    2.000000E+00    5.000000E+00    2.100000E+03    8.200000E+01   -1.000000E+01    1.000000E+00   -1.060000E+01   -1.051355E+01
   2.000000E-09    1.000000E+00    1.613000E+00    1.700000E+01    1.398000E+00    2.625000E-01   -1.000000E+01    4.624000E+00   -1.000000E+01    4.812000E+00   -1.000000E+01   -1.000000E+01    5.500000E+00    1.297000E+01    3.160000E+00    3.000000E+00    1.700000E+01    2.822000E+00    2.419000E+00    2.890000E+00    6.177000E-01    6.690000E-02    8.974000E-04   -9.385000E+00    1.700000E+01    1.000000E+00    2.780000E+03    0.000000E+00   -1.000000E+01   -1.000000E+00   -1.302000E+01   -1.302391E+01
   1.200000E-09    5.000000E+00    1.279000E+00    9.300000E+01    1.398000E+00   -1.000000E+01   -1.000000E+01   -1.000000E+01   -1.000000E+01   -1.000000E+01   -1.000000E+01   -1.000000E+01    8.600000E+00    6.266000E+00    1.360000E+00    7.000000E+00    9.300000E+01    3.387000E+00    1.742000E+00    4.990000E+00    1.690000E+00    2.887000E-01    8.974000E-04   -1.452000E+01    2.000000E+00    2.000000E+00    8.000000E+02    4.750000E+01   -1.000000E+01   -1.000000E+00   -9.553000E+00   -9.610434E+00
   2.000000E-09    1.000000E+00    1.580000E+00    7.900000E+01    1.398000E+00   -1.365000E+00    1.990000E+00    2.225000E+00    2.538000E+00    3.094000E+00   -1.000000E+01    2.238000E+00    7.800000E+00    4.341000E+00    8.200000E-01    4.000000E+00    1.900000E+01    1.949000E+00    1.671000E+00    3.450000E+00    1.318000E+00    6.690000E-02    8.974000E-04   -1.020000E+01    2.000000E+00    1.000000E+00    2.000000E+03    8.200000E+01   -1.000000E+01    1.000000E+00   -9.959000E+00   -9.933099E+00
   8.050000E-10    2.000000E+00    1.494000E+00    8.300000E+01    1.301000E+00   -5.951000E+00    1.906000E+00   -2.081000E+00   -1.887000E+00   -2.301000E+00   -1.000000E+01   -2.066000E+00    7.906000E+00    5.695000E+00    9.500000E-01    5.000000E+00    3.800000E+01    2.491000E+00    8.743000E-01    3.850000E+00    1.425000E+00    4.548000E-01    1.018000E-03   -1.250000E+01    2.000000E+00    1.000000E+00    1.200000E+03    8.000000E+01   -1.000000E+01    2.000000E+00   -1.076000E+01   -1.066171E+01
   2.000000E-09    1.000000E+00    1.580000E+00    7.900000E+01    1.398000E+00   -1.000000E+00   -1.000000E+01    3.362000E+00   -1.000000E+01   -1.000000E+01   -1.000000E+01   -1.000000E+01    8.200000E+00    1.297000E+01    3.160000E+00    3.000000E+00    1.700000E+01    2.822000E+00    2.419000E+00    2.890000E+00    1.318000E+00    6.690000E-02    8.974000E-04   -1.002000E+01    2.000000E+00    1.000000E+00    8.000000E+02    8.000000E+01   -1.000000E+01   -1.000000E+00   -9.449000E+00   -9.431463E+00
   1.350000E-09    1.000000E+00    1.453000E+00    1.080000E+02    1.398000E+00   -1.000000E+01   -1.000000E+01   -1.000000E+01   -1.000000E+01   -1.000000E+01   -1.000000E+01   -1.000000E+01    6.761000E+00    5.139000E+00    9.300000E-01    3.000000E+00    1.100000E+01    1.777000E+00    1.028000E+00    2.890000E+00    1.580000E+00    2.376000E-01    8.974000E-04   -1.452000E+01    2.000000E+00    2.000000E+00    1.600000E+03    9.800000E+01   -1.000000E+01    1.000000E+00   -1.035000E+01   -1.047117E+01
   2.100000E-09    1.000000E+00    1.453000E+00    1.080000E+02    1.342000E+00   -2.924000E-01   -1.000000E+01    4.069000E+00   -1.000000E+01    4.257000E+00   -1.000000E+01   -1.000000E+01    7.448000E+00    3.894000E+00    7.900000E-01    6.000000E+00    5.500000E+01    2.333000E+00    2.121000E+00    4.360000E+00    1.580000E+00    4.132000E-02    9.673000E-04   -9.665000E+00    2.000000E+00    2.000000E+00    1.060000E+03    9.999000E+01   -1.000000E+01    1.000000E+00   -9.699000E+00   -9.671407E+00
   9.000000E-10    2.000000E+00    1.279000E+00    9.300000E+01    1.398000E+00    8.198000E-01   -1.000000E+01    5.178000E+00    3.983000E+00    5.366000E+00    2.086000E+00   -1.000000E+01    1.250000E+01    7.344000E+00    1.960000E+00    5.000000E+00    5.000000E+01    2.829000E+00    1.091000E+00    3.850000E+00    1.690000E+00    4.137000E-01    8.974000E-04   -9.106000E+00    2.000000E+00    2.000000E+00    1.200000E+03    4.750000E+01   -1.000000E+01    2.000000E+00   -9.947000E+00   -9.927331E+00
   2.140000E-09    0.000000E+00    1.447000E+00    1.300000E+01    1.398000E+00   -6.990000E-01    2.228000E+00    3.538000E+00    2.462000E+00    3.754000E+00    1.279000E+00    2.983000E+00    7.900000E+00    1.360000E+01    2.200000E+00    1.000000E+00    1.000000E+00    8.499000E-01    7.796000E-01    8.500000E-01    6.668000E-01    3.752000E-02    8.974000E-04   -9.866000E+00    4.000000E+00    4.000000E+00    2.600000E+03    0.000000E+00   -1.000000E+01    0.000000E+00   -1.125000E+01   -1.120781E+01
   2.090000E-09    1.000000E+00    1.580000E+00    7.870000E+01    1.398000E+00   -1.000000E+00   -1.000000E+01    3.362000E+00   -1.000000E+01   -1.000000E+01   -1.000000E+01   -1.000000E+01    8.592000E+00    3.894000E+00    7.900000E-01    6.000000E+00    5.500000E+01    2.333000E+00    2.090000E+00    4.360000E+00    1.316000E+00    4.778000E-02    8.974000E-04   -1.002000E+01    2.000000E+00    1.000000E+00    1.800000E+03    8.200000E+01   -1.000000E+01    1.000000E+00   -1.027000E+01   -1.020067E+01
   6.600000E-10    2.000000E+00    1.279000E+00    9.300000E+01    1.398000E+00   -1.000000E+01   -1.000000E+01   -1.000000E+01   -1.000000E+01   -1.000000E+01   -1.000000E+01   -1.000000E+01    1.250000E+01    7.640000E+00    1.910000E+00    4.000000E+00    2.800000E+01    2.586000E+00    7.315000E-01    3.450000E+00    1.690000E+00    5.484000E-01    8.974000E-04   -1.452000E+01    2.000000E+00    2.000000E+00    1.800000E+03    4.750000E+01   -1.000000E+01    2.000000E+00   -1.063000E+01   -1.067939E+01
   1.350000E-09    1.000000E+00    1.453000E+00    1.080000E+02    1.398000E+00   -1.000000E+01   -1.000000E+01   -1.000000E+01   -1.000000E+01   -1.000000E+01   -1.000000E+01   -1.000000E+01    6.303000E+00    5.139000E+00    9.300000E-01    3.000000E+00    1.100000E+01    1.777000E+00    1.028000E+00    2.890000E+00    1.580000E+00    2.376000E-01    8.974000E-04   -1.452000E+01    2.000000E+00    2.000000E+00    1.800000E+03    9.800000E+01   -1.000000E+01    1.000000E+00   -1.059000E+01   -1.056649E+01
   1.460000E-09    7.000000E+00    1.474000E+00    7.600000E+01    1.301000E+00   -1.301000E+00   -1.000000E+01    3.061000E+00   -1.000000E+01    3.249000E+00   -1.000000E+01   -1.000000E+01    7.000000E+00    7.834000E+00    1.900000E+00    6.000000E+00    7.500000E+01    3.309000E+00    2.106000E+00    4.360000E+00    1.407000E+00    1.962000E-01    1.018000E-03   -1.017000E+01    2.000000E+00    1.000000E+00    1.200000E+03    8.130000E+01   -1.000000E+01   -1.000000E+00   -1.071000E+01   -1.061125E+01
   2.000000E-09    1.000000E+00   -1.549000E-01    1.000000E+01    1.398000E+00    2.625000E-01   -1.000000E+01    4.624000E+00   -1.000000E+01    4.812000E+00   -1.000000E+01   -1.000000E+01    5.500000E+00    1.297000E+01    3.160000E+00    3.000000E+00    1.700000E+01    2.822000E+00    2.419000E+00    2.890000E+00    2.155000E+00    6.690000E-02    8.974000E-04   -9.385000E+00    1.400000E+01    1.000000E+00    2.640000E+03    0.000000E+00   -1.000000E+01   -1.000000E+00   -1.229000E+01   -1.224092E+01
   1.550000E-09    4.000000E+00    1.408000E+00    7.200000E+01    1.342000E+00   -1.000000E+00   -1.000000E+01    3.362000E+00   -1.000000E+01    3.550000E+00   -1.000000E+01   -1.000000E+01    5.600000E+00    9.752000E+00    2.550000E+00    4.000000E+00    3.400000E+01    2.921000E+00    1.961000E+00    3.450000E+00    1.449000E+00    1.732000E-01    9.673000E-04   -1.002000E+01    2.000000E+00    1.000000E+00    1.300000E+03    7.500000E+01   -1.000000E+01   -1.000000E+00   -1.025000E+01   -1.021519E+01
   2.000000E-09    1.000000E+00    1.279000E+00    9.300000E+01    1.362000E+00   -1.000000E+00   -1.000000E+01    3.362000E+00   -1.000000E+01    3.550000E+00   -1.000000E+01   -1.000000E+01    1.250000E+01    1.045000E+01    2.660000E+00    5.000000E+00    5.300000E+01    3.375000E+00    2.913000E+00    3.850000E+00    1.690000E+00    6.398000E-02    9.432000E-04   -1.002000E+01    2.000000E+00    1.000000E+00    1.600000E+03    4.800000E+01    1.477000E+00   -1.000000E+00   -1.074000E+01   -1.072067E+01
   8.500000E-10    2.000000E+00    6.021000E-01    6.700000E+01    1.398000E+00   -1.523000E+00   -1.000000E+01   -1.000000E+01   -1.000000E+01    2.851000E+00   -1.000000E+01   -1.000000E+01    6.500000E+00    5.212000E+00    8.900000E-01    6.000000E+00    5.600000E+01    2.699000E+00    9.833000E-01    4.360000E+00    2.224000E+00    4.385000E-01    8.974000E-04   -1.028000E+01    1.300000E+01    1.000000E+00    2.640000E+03    0.000000E+00   -1.000000E+01    2.000000E+00   -1.271000E+01   -1.264532E+01
   2.100000E-09    1.000000E+00    6.128000E-01    1.090000E+01    1.398000E+00   -2.000000E+00   -1.000000E+01    2.362000E+00   -1.000000E+01    2.550000E+00   -1.000000E+01   -1.000000E+01    7.560000E+00    3.894000E+00    7.900000E-01    6.000000E+00    5.500000E+01    2.333000E+00    2.100000E+00    4.360000E+00    1.425000E+00    4.571000E-02    8.974000E-04   -1.052000E+01    2.800000E+01    2.000000E+00    2.250000E+03    0.000000E+00   -1.000000E+01    1.000000E+00   -9.967000E+00   -9.936871E+00
   9.000000E-10    4.000000E+00    1.279000E+00    9.300000E+01    1.398000E+00   -1.000000E+01   -1.000000E+01   -1.000000E+01   -1.000000E+01   -1.000000E+01   -1.000000E+01   -1.000000E+01    1.300000E+01    7.344000E+00    1.960000E+00    5.000000E+00    5.000000E+01    2.829000E+00    1.091000E+00    3.850000E+00    1.690000E+00    4.137000E-01    8.974000E-04   -1.452000E+01    2.000000E+00    2.000000E+00    4.000000E+02    4.750000E+01   -1.000000E+01    4.000000E+00   -9.453000E+00   -9.468788E+00
   7.900000E-10    2.000000E+00    1.279000E+00    9.300000E+01    1.398000E+00   -1.000000E+01   -1.000000E+01   -1.000000E+01   -1.000000E+01   -1.000000E+01   -1.000000E+01   -1.000000E+01    1.250000E+01    5.695000E+00    9.500000E-01    5.000000E+00    3.800000E+01    2.491000E+00    8.436000E-01    3.850000E+00    1.690000E+00    4.703000E-01    8.974000E-04   -1.452000E+01    2.000000E+00    2.000000E+00    1.600000E+03    4.750000E+01   -1.000000E+01    2.000000E+00   -1.047000E+01   -1.051487E+01
   1.550000E-09    1.000000E+00    1.453000E+00    1.080000E+02    1.477000E+00   -1.000000E+01   -1.000000E+01   -1.000000E+01   -1.000000E+01   -1.000000E+01   -1.000000E+01   -1.000000E+01    6.238000E+00    5.139000E+00    9.300000E-01    3.000000E+00    1.100000E+01    1.777000E+00    1.161000E+00    2.890000E+00    1.580000E+00    1.848000E-01    7.959000E-04   -1.451000E+01    2.000000E+00    2.000000E+00    1.800000E+03    9.800000E+01   -1.000000E+01    1.000000E+00   -1.047000E+01   -1.050871E+01
   3.690000E-09    1.000000E+00    1.453000E+00    1.080000E+02    1.699000E+00   -1.000000E+01   -1.000000E+01   -1.000000E+01   -1.000000E+01   -1.000000E+01   -1.000000E+01   -1.000000E+01    6.770000E+00    1.297000E+01    3.160000E+00    3.000000E+00    1.700000E+01    2.822000E+00    4.118000E+00    2.890000E+00    1.580000E+00   -1.641000E-01    5.279000E-04   -1.450000E+01    2.000000E+00    2.000000E+00    7.000000E+02    9.800000E+01   -1.000000E+01   -1.000000E+00   -9.167000E+00   -9.283491E+00
   9.560000E-10    4.000000E+00    1.447000E+00    1.080000E+02    1.398000E+00    6.990000E-01   -1.000000E+01    5.061000E+00   -1.000000E+01    5.249000E+00   -1.000000E+01   -1.000000E+01    1.250000E+01    1.126000E+01    2.550000E+00    2.000000E+00    6.000000E+00    1.811000E+00    7.420000E-01    1.990000E+00    1.586000E+00    3.875000E-01    8.974000E-04   -9.167000E+00    2.000000E+00    1.000000E+00    9.000000E+02    1.000000E+02   -1.000000E+01   -2.000000E+00   -1.082000E+01   -1.074120E+01
   7.900000E-10    2.000000E+00    1.279000E+00    9.300000E+01    1.398000E+00   -1.000000E+01   -1.000000E+01   -1.000000E+01   -1.000000E+01   -1.000000E+01   -1.000000E+01   -1.000000E+01    1.250000E+01    5.695000E+00    9.500000E-01    5.000000E+00    3.800000E+01    2.491000E+00    8.436000E-01    3.850000E+00    1.690000E+00    4.703000E-01    8.974000E-04   -1.452000E+01    2.000000E+00    2.000000E+00    1.200000E+03    4.750000E+01   -1.000000E+01    2.000000E+00   -1.000000E+01   -9.870556E+00
   1.010000E-09    1.000000E+00    1.453000E+00    1.080000E+02    1.176000E+00   -1.000000E+01   -1.000000E+01   -1.000000E+01   -1.000000E+01   -1.000000E+01   -1.000000E+01   -1.000000E+01    6.917000E+00    5.139000E+00    9.300000E-01    3.000000E+00    1.100000E+01    1.777000E+00    7.958000E-01    2.890000E+00    1.580000E+00    3.488000E-01    1.162000E-03   -1.452000E+01    2.000000E+00    2.000000E+00    1.000000E+03    9.800000E+01   -1.000000E+01    1.000000E+00   -9.979000E+00   -9.969049E+00
   2.570000E-09    1.000000E+00    1.453000E+00    1.080000E+02    1.699000E+00   -3.979000E-01   -1.000000E+01    3.964000E+00   -1.000000E+01    4.152000E+00   -1.000000E+01   -1.000000E+01    7.048000E+00    5.139000E+00    9.300000E-01    3.000000E+00    1.100000E+01    1.777000E+00    1.806000E+00    2.890000E+00    1.580000E+00   -7.034000E-03    5.279000E-04   -9.698000E+00    2.000000E+00    2.000000E+00    1.000000E+03    9.800000E+01   -1.000000E+01    1.000000E+00   -9.559000E+00   -9.560173E+00
   4.300000E-10    4.000000E+00    1.279000E+00    9.300000E+01    1.398000E+00    0.000000E+00   -1.000000E+01   -1.000000E+01   -1.000000E+01   -1.000000E+01   -1.000000E+01   -1.000000E+01    9.000000E+00    6.194000E+00    1.380000E+00    7.000000E+00    9.200000E+01    3.368000E+00    6.207000E-01    4.990000E+00    1.690000E+00    7.345000E-01    8.974000E-04   -9.516000E+00    2.000000E+00    2.000000E+00    1.000000E+03    4.750000E+01   -1.000000E+01    0.000000E+00   -1.012000E+01   -1.017971E+01
   8.480000E-10    2.000000E+00    4.771000E-01    2.000000E+00    1.398000E+00   -3.523000E+00   -1.000000E+01   -1.000000E+01    6.031000E-01    8.513000E-01   -1.000000E+01   -1.000000E+01    6.250000E+00    5.212000E+00    8.900000E-01    6.000000E+00    5.600000E+01    2.699000E+00    9.810000E-01    4.360000E+00    8.239000E-01    4.395000E-01    8.974000E-04   -1.128000E+01    8.000000E+00    1.000000E+00    2.640000E+03    0.000000E+00   -1.000000E+01    2.000000E+00   -1.224000E+01   -1.228951E+01
   1.010000E-09    1.000000E+00    1.453000E+00    1.080000E+02    1.176000E+00   -1.000000E+01   -1.000000E+01   -1.000000E+01   -1.000000E+01   -1.000000E+01   -1.000000E+01   -1.000000E+01    6.557000E+00    5.139000E+00    9.300000E-01    3.000000E+00    1.100000E+01    1.777000E+00    7.958000E-01    2.890000E+00    1.580000E+00    3.488000E-01    1.162000E-03   -1.452000E+01    2.000000E+00    2.000000E+00    9.000000E+02    9.800000E+01   -1.000000E+01    1.000000E+00   -9.886000E+00   -9.892458E+00
   2.000000E-09    1.000000E+00   -1.549000E-01    1.000000E+01    1.398000E+00   -5.157000E-01    1.000000E+00    3.380000E+00    3.405000E+00    3.922000E+00    1.230000E+00    2.230000E+00    8.770000E+00    1.297000E+01    3.160000E+00    3.000000E+00    1.700000E+01    2.822000E+00    2.419000E+00    2.890000E+00    2.155000E+00    6.690000E-02    8.974000E-04   -9.774000E+00    1.400000E+01    1.000000E+00    2.610000E+03    0.000000E+00   -1.000000E+01   -1.000000E+00   -1.108000E+01   -1.107733E+01
   1.550000E-09    4.000000E+00    6.232000E-01    6.700000E+01    1.491000E+00   -2.000000E+00   -1.000000E+01    2.362000E+00   -1.000000E+01   -1.000000E+01   -1.000000E+01   -1.000000E+01    7.580000E+00    9.752000E+00    2.550000E+00    4.000000E+00    3.400000E+01    2.921000E+00    1.903000E+00    3.450000E+00    2.203000E+00    1.863000E-01    7.777000E-04   -1.051000E+01    1.300000E+01    1.000000E+00    2.570000E+03    0.000000E+00   -1.000000E+01   -1.000000E+00   -1.308000E+01   -1.290600E+01
   1.840000E-09    1.000000E+00    1.477000E+00    6.010000E+01    1.301000E+00   -2.959000E+00   -1.000000E+01    1.403000E+00   -1.000000E+01   -1.000000E+01    1.827000E+00   -1.000000E+01    6.743000E+00    3.894000E+00    7.900000E-01    6.000000E+00    5.500000E+01    2.333000E+00    1.871000E+00    4.360000E+00    1.302000E+00    9.577000E-02    1.018000E-03   -1.100000E+01    2.000000E+00    2.000000E+00    1.100000E+03    5.000000E+01   -1.000000E+01    1.000000E+00   -9.163000E+00   -9.248243E+00
   1.460000E-09    7.000000E+00    1.408000E+00    7.200000E+01    1.398000E+00   -1.184000E+00    1.199000E+00    3.079000E+00    2.103000E+00    2.783000E+00    1.919000E+00    2.732000E+00    8.300000E+00    7.834000E+00    1.900000E+00    6.000000E+00    7.500000E+01    3.309000E+00    2.071000E+00    4.360000E+00    1.449000E+00    2.036000E-01    8.974000E-04   -1.011000E+01    2.000000E+00    1.000000E+00    1.800000E+03    7.500000E+01   -1.000000E+01   -1.000000E+00   -1.144000E+01   -1.123520E+01
   2.090000E-09    1.000000E+00    1.453000E+00    1.080000E+02    1.398000E+00   -3.010000E-01   -1.000000E+01    4.061000E+00   -1.000000E+01    4.249000E+00   -1.000000E+01   -1.000000E+01    6.622000E+00    1.297000E+01    3.160000E+00    3.000000E+00    1.700000E+01    2.822000E+00    2.528000E+00    2.890000E+00    1.580000E+00    4.778000E-02    8.974000E-04   -9.667000E+00    2.000000E+00    2.000000E+00    1.000000E+03    9.800000E+01   -1.000000E+01   -1.000000E+00   -9.648000E+00   -9.660030E+00
   2.010000E-09    1.000000E+00    1.453000E+00    1.080000E+02    1.602000E+00   -1.301000E+00   -1.000000E+01    3.061000E+00   -1.000000E+01    3.249000E+00   -1.000000E+01   -1.000000E+01    7.657000E+00    5.139000E+00    9.300000E-01    3.000000E+00    1.100000E+01    1.777000E+00    1.457000E+00    2.890000E+00    1.580000E+00    8.605000E-02    6.389000E-04   -1.016000E+01    2.000000E+00    2.000000E+00    1.000000E+03    9.800000E+01   -1.000000E+01    1.000000E+00   -9.666000E+00   -9.704920E+00
   2.000000E-09    1.000000E+00    1.279000E+00    9.300000E+01    1.398000E+00   -1.398000E+00   -1.000000E+01   -1.000000E+01    2.904000E+00   -1.000000E+01   -1.000000E+01   -1.000000E+01    1.250000E+01    1.045000E+01    2.660000E+00    5.000000E+00    5.300000E+01    3.375000E+00    2.893000E+00    3.850000E+00    1.690000E+00    6.690000E-02    8.974000E-04   -1.022000E+01    2.000000E+00    1.000000E+00    1.800000E+03    4.750000E+01   -1.000000E+01   -1.000000E+00   -1.121000E+01   -1.124217E+01
   1.350000E-09    1.000000E+00    1.453000E+00    1.080000E+02    1.398000E+00   -1.000000E+01   -1.000000E+01   -1.000000E+01   -1.000000E+01   -1.000000E+01   -1.000000E+01   -1.000000E+01    6.689000E+00    5.139000E+00    9.300000E-01    3.000000E+00    1.100000E+01    1.777000E+00    1.028000E+00    2.890000E+00    1.580000E+00    2.376000E-01    8.974000E-04   -1.452000E+01    2.000000E+00    2.000000E+00    1.400000E+03    9.800000E+01   -1.000000E+01    1.000000E+00   -1.017000E+01   -1.010394E+01
   1.550000E-09    4.000000E+00    6.232000E-01    6.700000E+01    1.544000E+00   -1.398000E+00    8.451000E-01    2.784000E+00    1.869000E+00    2.785000E+00   -1.000000E+01    2.785000E+00    4.400000E+00    9.752000E+00    2.550000E+00    4.000000E+00    3.400000E+01    2.921000E+00    1.878000E+00    3.450000E+00    2.203000E+00    1.919000E-01    7.106000E-04   -1.021000E+01    1.300000E+01    3.000000E+00    1.800000E+03    0.000000E+00   -1.000000E+01   -1.000000E+00   -9.573000E+00   -9.864696E+00
   2.140000E-09    0.000000E+00   -5.229000E-01    8.000000E-01    1.362000E+00   -1.470000E+00    2.204000E+00    2.529000E+00    2.672000E+00    1.623000E+00   -1.000000E+01    1.362000E+00    1.160000E+01    1.360000E+01    2.200000E+00    1.000000E+00    1.000000E+00    8.499000E-01    7.849000E-01    8.500000E-01    1.426000E+00    3.459000E-02    9.432000E-04   -1.025000E+01    1.600000E+01    1.000000E+00    2.100000E+03    0.000000E+00   -1.000000E+01    0.000000E+00   -9.770000E+00   -9.794962E+00
   9.230000E-10    4.000000E+00    1.744000E+00    8.200000E+01    1.362000E+00   -5.768000E-01    1.437000E+00    3.430000E+00    3.204000E+00    3.844000E+00    1.086000E+00    3.126000E+00    7.700000E+00    1.126000E+01    2.550000E+00    2.000000E+00    6.000000E+00    1.811000E+00    7.212000E-01    1.990000E+00    1.170000E+00    3.998000E-01    9.432000E-04   -9.806000E+00    2.000000E+00    1.000000E+00    1.410000E+03    8.000000E+01   -1.000000E+01   -2.000000E+00   -1.257000E+01   -1.219890E+01
   8.100000E-10    2.000000E+00    1.279000E+00    9.300000E+01    1.778000E+00   -1.000000E+01   -1.000000E+01   -1.000000E+01   -1.000000E+01   -1.000000E+01   -1.000000E+01   -1.000000E+01    7.250000E+00    9.752000E+00    2.550000E+00    4.000000E+00    3.400000E+01    2.921000E+00    9.077000E-01    3.450000E+00    1.690000E+00    5.076000E-01    4.494000E-04   -1.449000E+01    2.000000E+00    2.000000E+00    1.600000E+03    4.750000E+01   -1.000000E+01   -1.000000E+00   -1.033000E+01   -1.022692E+01
   8.050000E-10    2.000000E+00    2.155000E+00    8.300000E+01    1.398000E+00   -1.549000E-01   -1.000000E+01    4.207000E+00   -1.000000E+01   -1.000000E+01   -1.000000E+01   -1.000000E+01    7.796000E+00    5.695000E+00    9.500000E-01    5.000000E+00    3.800000E+01    2.491000E+00    8.596000E-01    3.850000E+00    7.637000E-01    4.621000E-01    8.974000E-04   -9.594000E+00    3.000000E+00    1.000000E+00    1.950000E+03    1.000000E+02   -1.000000E+01    2.000000E+00   -1.068000E+01   -1.065924E+01
   2.220000E-09    0.000000E+00    1.531000E+00    1.300000E+01    1.362000E+00   -4.510000E-01    1.806000E+00    3.749000E+00    2.949000E+00    3.984000E+00    1.477000E+00    3.368000E+00    7.680000E+00    1.360000E+01    2.200000E+00    1.000000E+00    1.000000E+00    8.499000E-01    8.142000E-01    8.500000E-01    5.825000E-01    1.865000E-02    9.432000E-04   -9.743000E+00    4.000000E+00    1.000000E+00    2.700000E+03    0.000000E+00   -1.000000E+01    0.000000E+00   -1.096000E+01   -1.105459E+01
   8.100000E-10    2.000000E+00    2.025000E+00    8.100000E+01    1.342000E+00   -1.000000E+00   -1.000000E+01    3.362000E+00   -1.000000E+01    3.550000E+00   -1.000000E+01   -1.000000E+01    1.100000E+01    9.752000E+00    2.550000E+00    4.000000E+00    3.400000E+01    2.921000E+00    1.025000E+00    3.450000E+00    8.832000E-01    4.551000E-01    9.673000E-04   -1.002000E+01    2.500000E+01    1.000000E+00    1.530000E+03    0.000000E+00   -1.000000E+01   -1.000000E+00   -1.121000E+01   -1.115031E+01
   2.020000E-09    1.000000E+00    2.025000E+00    8.100000E+01    1.398000E+00    6.990000E-01   -1.000000E+01    5.061000E+00   -1.000000E+01    5.249000E+00   -1.000000E+01   -1.000000E+01    1.250000E+01    1.045000E+01    2.660000E+00    5.000000E+00    5.300000E+01    3.375000E+00    2.922000E+00    3.850000E+00    8.832000E-01    6.258000E-02    8.974000E-04   -9.167000E+00    2.500000E+01    1.000000E+00    1.650000E+03    0.000000E+00   -1.000000E+01   -1.000000E+00   -1.086000E+01   -1.076190E+01
   6.240000E-10    3.000000E+00    1.279000E+00    9.300000E+01    1.398000E+00    7.918000E-02   -1.000000E+01    4.281000E+00   -1.000000E+01    2.401000E+00    4.248000E+00    4.062000E+00    2.000000E+00    5.974000E+00    1.300000E+00    7.000000E+00    9.500000E+01    3.307000E+00    8.845000E-01    4.990000E+00    1.690000E+00    5.727000E-01    8.974000E-04   -9.477000E+00    2.000000E+00    1.000000E+00    1.400000E+03    4.750000E+01   -1.000000E+01    3.000000E+00   -1.028000E+01   -1.021635E+01
   8.100000E-10    2.000000E+00   -1.549000E-01    1.000000E+01    1.342000E+00   -5.157000E-01    1.000000E+00    3.380000E+00    3.405000E+00    3.922000E+00    1.230000E+00    2.230000E+00    8.770000E+00    9.752000E+00    2.550000E+00    4.000000E+00    3.400000E+01    2.921000E+00    1.025000E+00    3.450000E+00    2.155000E+00    4.551000E-01    9.673000E-04   -9.776000E+00    1.400000E+01    1.000000E+00    2.610000E+03    0.000000E+00   -1.000000E+01   -1.000000E+00   -1.148000E+01   -1.151672E+01
   2.030000E-09    1.000000E+00    1.580000E+00    7.200000E+01    1.176000E+00   -3.010000E-01   -1.000000E+01    4.061000E+00   -1.000000E+01    4.249000E+00   -1.000000E+01   -1.000000E+01    6.800000E+00    1.045000E+01    2.660000E+00    5.000000E+00    5.300000E+01    3.375000E+00    3.039000E+00    3.850000E+00    1.278000E+00    4.562000E-02    1.162000E-03   -9.674000E+00    2.000000E+00    1.000000E+00    1.600000E+03    8.200000E+01   -1.000000E+01   -1.000000E+00   -1.016000E+01   -1.023182E+01
   2.000000E-09    1.000000E+00    1.436000E+00    5.870000E+01    1.176000E+00   -3.010000E-01   -1.000000E+01    4.061000E+00   -1.000000E+01    4.249000E+00   -1.000000E+01   -1.000000E+01    3.130000E+00    1.045000E+01    2.660000E+00    5.000000E+00    5.300000E+01    3.375000E+00    2.994000E+00    3.850000E+00    1.332000E+00    5.208000E-02    1.162000E-03   -9.674000E+00    2.000000E+00    1.000000E+00    1.500000E+03    7.800000E+01   -1.000000E+01   -1.000000E+00   -1.007000E+01   -1.006596E+01
   6.980000E-10    2.000000E+00    1.279000E+00    9.300000E+01    1.301000E+00   -4.252000E+00   -1.000000E+01    1.106000E-01   -1.000000E+01   -1.000000E+01    5.340000E-01   -1.000000E+01    5.000000E+00    5.695000E+00    9.500000E-01    5.000000E+00    3.800000E+01    2.491000E+00    7.581000E-01    3.850000E+00    1.690000E+00    5.167000E-01    1.018000E-03   -1.165000E+01    2.000000E+00    2.000000E+00    1.110000E+03    5.000000E+01   -1.000000E+01    2.000000E+00   -9.564000E+00   -9.788876E+00
   2.090000E-09    1.000000E+00    6.021000E-01    6.700000E+01    1.398000E+00   -6.108000E-01    9.079000E-01    3.322000E+00    3.276000E+00    3.800000E+00    1.000000E+00    2.748000E+00    7.500000E+00    3.894000E+00    7.900000E-01    6.000000E+00    5.500000E+01    2.333000E+00    2.090000E+00    4.360000E+00    2.224000E+00    4.778000E-02    8.974000E-04   -9.822000E+00    1.300000E+01    1.000000E+00    1.450000E+03    0.000000E+00   -1.000000E+01    1.000000E+00   -9.745000E+00   -9.882665E+00
   2.000000E-09    7.000000E+00    1.580000E+00    7.900000E+01    1.398000E+00   -1.000000E+00   -1.000000E+01    3.362000E+00   -1.000000E+01    3.550000E+00   -1.000000E+01   -1.000000E+01    8.000000E+00    7.280000E+00    1.900000E+00    5.000000E+00    4.300000E+01    2.817000E+00    2.415000E+00    3.850000E+00    1.318000E+00    6.690000E-02    8.974000E-04   -1.002000E+01    2.000000E+00    3.000000E+00    1.200000E+03    8.200000E+01   -1.000000E+01   -1.000000E+00   -9.602000E+00   -9.535401E+00
   9.000000E-10    2.000000E+00    1.279000E+00    9.300000E+01    1.398000E+00   -2.190000E-01   -1.000000E+01    4.105000E+00    2.983000E+00    2.697000E+00    2.086000E+00   -1.000000E+01    1.250000E+01    7.344000E+00    1.960000E+00    5.000000E+00    5.000000E+01    2.829000E+00    1.091000E+00    3.850000E+00    1.690000E+00    4.137000E-01    8.974000E-04   -9.626000E+00    2.000000E+00    2.000000E+00    1.800000E+03    4.750000E+01   -1.000000E+01    2.000000E+00   -1.049000E+01   -1.055921E+01
   2.000000E-09    7.000000E+00    1.744000E+00    8.200000E+01    1.903000E+00   -5.918000E-01    1.146000E+00    3.279000E+00    3.330000E+00    3.785000E+00    1.831000E+00    3.016000E+00    7.500000E+00    7.280000E+00    1.900000E+00    5.000000E+00    4.300000E+01    2.817000E+00    2.039000E+00    3.850000E+00    1.170000E+00    1.404000E-01    3.547000E-04   -9.775000E+00    2.000000E+00    2.000000E+00    1.150000E+03    8.000000E+01   -1.000000E+01   -1.000000E+00   -9.714000E+00   -9.660957E+00
   2.950000E-09    1.000000E+00    1.453000E+00    1.080000E+02    1.602000E+00   -1.000000E+01   -1.000000E+01   -1.000000E+01   -1.000000E+01   -1.000000E+01   -1.000000E+01   -1.000000E+01    6.075000E+00    1.297000E+01    3.160000E+00    3.000000E+00    1.700000E+01    2.822000E+00    3.397000E+00    2.890000E+00    1.580000E+00   -8.057000E-02    6.389000E-04   -1.451000E+01    2.000000E+00    2.000000E+00    1.400000E+03    9.800000E+01   -1.000000E+01   -1.000000E+00   -9.830000E+00   -9.758283E+00
   6.020000E-10    3.000000E+00    1.580000E+00    7.900000E+01    1.362000E+00   -1.285000E+00    7.966000E-01    2.777000E+00    2.283000E+00    3.193000E+00   -1.000000E+01   -1.000000E+01    7.700000E+00    5.670000E+00    1.200000E+00    6.000000E+00    6.300000E+01    2.815000E+00    7.313000E-01    4.360000E+00    1.318000E+00    5.854000E-01    9.432000E-04   -1.016000E+01    2.000000E+00    2.000000E+00    1.000000E+03    8.200000E+01   -1.000000E+01    3.000000E+00   -9.260000E+00   -9.550448E+00
   2.220000E-09    0.000000E+00    1.748000E+00    1.110000E+02    1.778000E+00   -7.282000E-01    1.596000E+00    3.415000E+00    2.736000E+00    3.353000E+00    1.827000E+00    3.670000E+00    7.560000E+00    1.360000E+01    2.200000E+00    1.000000E+00    1.000000E+00    8.499000E-01    7.238000E-01    8.500000E-01    1.297000E+00    6.978000E-02    4.494000E-04   -9.856000E+00    2.000000E+00    1.000000E+00    1.400000E+03    9.200000E+01   -1.000000E+01    0.000000E+00   -9.619000E+00   -9.562665E+00
   2.030000E-09    1.000000E+00    1.453000E+00    1.100000E+02    1.362000E+00   -1.000000E+00   -1.000000E+01    3.362000E+00   -1.000000E+01    3.550000E+00   -1.000000E+01   -1.000000E+01    7.000000E+00    1.045000E+01    2.660000E+00    5.000000E+00    5.300000E+01    3.375000E+00    2.956000E+00    3.850000E+00    1.588000E+00    5.751000E-02    9.432000E-04   -1.002000E+01    2.000000E+00    1.000000E+00    8.000000E+02    9.800000E+01   -1.000000E+01   -1.000000E+00   -1.118000E+01   -1.096111E+01
   1.350000E-09    1.000000E+00    1.453000E+00    1.080000E+02    1.398000E+00   -1.000000E+01   -1.000000E+01   -1.000000E+01   -1.000000E+01   -1.000000E+01   -1.000000E+01   -1.000000E+01    6.294000E+00    5.139000E+00    9.300000E-01    3.000000E+00    1.100000E+01    1.777000E+00    1.028000E+00    2.890000E+00    1.580000E+00    2.376000E-01    8.974000E-04   -1.452000E+01    2.000000E+00    2.000000E+00    1.800000E+03    9.800000E+01    1.447000E+00    1.000000E+00   -1.043000E+01   -1.044943E+01
   1.130000E-09    6.000000E+00    1.780000E+00    7.600000E+01    1.176000E+00   -3.010000E-01   -1.000000E+01    4.061000E+00   -1.000000E+01    4.249000E+00   -1.000000E+01   -1.000000E+01    5.600000E+00    6.767000E+00    1.660000E+00    4.000000E+00    2.400000E+01    2.434000E+00    1.220000E+00    3.450000E+00    1.100000E+00    3.000000E-01    1.162000E-03   -9.674000E+00    2.000000E+00    1.000000E+00    1.500000E+03    4.600000E+01   -1.000000E+01   -1.000000E+00   -1.042000E+01   -1.063562E+01
   8.050000E-10    2.000000E+00    1.580000E+00    7.870000E+01    1.398000E+00   -3.010000E-01   -1.000000E+01    4.061000E+00   -1.000000E+01   -1.000000E+01   -1.000000E+01   -1.000000E+01    7.392000E+00    5.695000E+00    9.500000E-01    5.000000E+00    3.800000E+01    2.491000E+00    8.596000E-01    3.850000E+00    1.316000E+00    4.621000E-01    8.974000E-04   -9.667000E+00    2.000000E+00    1.000000E+00    1.200000E+03    8.200000E+01   -1.000000E+01    2.000000E+00   -1.015000E+01   -1.016080E+01
   1.200000E-09    5.000000E+00    1.580000E+00    7.900000E+01    1.398000E+00   -3.000000E+00   -1.000000E+01   -1.000000E+01   -1.000000E+01   -1.000000E+01    2.086000E+00   -1.000000E+01    8.200000E+00    6.266000E+00    1.360000E+00    7.000000E+00    9.300000E+01    3.387000E+00    1.742000E+00    4.990000E+00    1.318000E+00    2.887000E-01    8.974000E-04   -1.102000E+01    2.000000E+00    2.000000E+00    2.000000E+03    8.000000E+01   -1.000000E+01    1.000000E+00   -1.073000E+01   -1.071072E+01
   1.010000E-09    1.000000E+00    1.453000E+00    1.080000E+02    1.176000E+00   -1.000000E+01   -1.000000E+01   -1.000000E+01   -1.000000E+01   -1.000000E+01   -1.000000E+01   -1.000000E+01    7.178000E+00    5.139000E+00    9.300000E-01    3.000000E+00    1.100000E+01    1.777000E+00    7.958000E-01    2.890000E+00    1.580000E+00    3.488000E-01    1.162000E-03   -1.452000E+01    2.000000E+00    2.000000E+00    7.000000E+02    9.800000E+01   -1.000000E+01    1.000000E+00   -9.730000E+00   -9.718040E+00
   7.900000E-10    2.000000E+00    1.580000E+00    7.900000E+01    1.398000E+00   -1.000000E+00   -1.000000E+01    3.362000E+00   -1.000000E+01    3.550000E+00   -1.000000E+01   -1.000000E+01    5.000000E+00    5.695000E+00    9.500000E-01    5.000000E+00    3.800000E+01    2.491000E+00    8.436000E-01    3.850000E+00    1.318000E+00    4.703000E-01    8.974000E-04   -1.002000E+01    2.000000E+00    3.000000E+00    1.000000E+03    8.200000E+01   -1.000000E+01    2.000000E+00   -8.886000E+00   -8.926383E+00
   1.180000E-09    1.000000E+00    1.453000E+00    1.080000E+02    6.990000E-01   -1.000000E+01   -1.000000E+01   -1.000000E+01   -1.000000E+01   -1.000000E+01   -1.000000E+01   -1.000000E+01    6.083000E+00    1.297000E+01    3.160000E+00    3.000000E+00    1.700000E+01    2.822000E+00    1.530000E+00    2.890000E+00    1.580000E+00    2.659000E-01    1.536000E-03   -1.453000E+01    2.000000E+00    2.000000E+00    8.000000E+02    9.800000E+01   -1.000000E+01   -1.000000E+00   -9.740000E+00   -9.743861E+00
   8.500000E-10    2.000000E+00    6.021000E-01    6.700000E+01    1.398000E+00   -3.523000E+00   -1.000000E+01   -1.000000E+01   -1.000000E+01    8.506000E-01   -1.000000E+01   -1.000000E+01    6.200000E+00    5.212000E+00    8.900000E-01    6.000000E+00    5.600000E+01    2.699000E+00    9.833000E-01    4.360000E+00    2.224000E+00    4.385000E-01    8.974000E-04   -1.128000E+01    1.300000E+01    1.000000E+00    2.640000E+03    0.000000E+00   -1.000000E+01    2.000000E+00   -1.213000E+01   -1.224762E+01
   7.900000E-10    2.000000E+00    1.491000E+00    8.300000E+01    1.362000E+00   -2.839000E+00    5.441000E-01    9.191000E-01    1.114000E+00    6.990000E-01   -1.000000E+01    9.345000E-01    7.000000E+00    5.695000E+00    9.500000E-01    5.000000E+00    3.800000E+01    2.491000E+00    8.493000E-01    3.850000E+00    1.428000E+00    4.674000E-01    9.432000E-04   -1.094000E+01    2.000000E+00    1.000000E+00    1.400000E+03    8.000000E+01    1.699000E+00    2.000000E+00   -1.106000E+01   -1.086413E+01
   4.300000E-10    6.000000E+00    1.279000E+00    9.300000E+01    1.398000E+00   -1.000000E+01   -1.000000E+01   -1.000000E+01   -1.000000E+01   -1.000000E+01   -1.000000E+01   -1.000000E+01    8.450000E+00    6.194000E+00    1.380000E+00    7.000000E+00    9.200000E+01    3.368000E+00    6.207000E-01    4.990000E+00    1.690000E+00    7.345000E-01    8.974000E-04   -1.452000E+01    2.000000E+00    2.000000E+00    1.000000E+03    4.750000E+01   -1.000000E+01   -4.000000E+00   -1.012000E+01   -1.014494E+01
   7.900000E-10    2.000000E+00    1.447000E+00    1.080000E+02    1.398000E+00   -1.301000E+00   -1.000000E+01    3.061000E+00   -1.000000E+01    3.248000E+00   -1.000000E+01   -1.000000E+01    6.300000E+00    5.695000E+00    9.500000E-01    5.000000E+00    3.800000E+01    2.491000E+00    8.436000E-01    3.850000E+00    1.586000E+00    4.703000E-01    8.974000E-04   -1.017000E+01    2.000000E+00    1.000000E+00    9.000000E+02    1.000000E+02   -1.000000E+01    2.000000E+00   -1.211000E+01   -1.150560E+01
   2.000000E-09    1.000000E+00    1.279000E+00    9.300000E+01    1.398000E+00   -2.000000E+00   -1.000000E+01    1.362000E+00   -1.000000E+01   -1.000000E+01   -1.000000E+01   -1.000000E+01    1.250000E+01    1.045000E+01    2.660000E+00    5.000000E+00    5.300000E+01    3.375000E+00    2.893000E+00    3.850000E+00    1.690000E+00    6.690000E-02    8.974000E-04   -1.052000E+01    2.000000E+00    1.000000E+00    1.600000E+03    4.750000E+01    1.699000E+00   -1.000000E+00   -1.070000E+01   -1.062367E+01
   2.000000E-09    1.000000E+00    6.232000E-01    6.700000E+01    1.602000E+00   -1.065000E+00    3.096000E+00    3.070000E+00    2.312000E+00    3.156000E+00    2.190000E+00    3.054000E+00    7.580000E+00    1.045000E+01    2.660000E+00    5.000000E+00    5.300000E+01    3.375000E+00    2.755000E+00    3.850000E+00    2.203000E+00    8.822000E-02    6.389000E-04   -1.004000E+01    1.300000E+01    1.000000E+00    2.640000E+03    0.000000E+00   -1.000000E+01   -1.000000E+00   -1.237000E+01   -1.237699E+01
   2.100000E-09    4.000000E+00    1.279000E+00    9.300000E+01    1.398000E+00   -2.190000E-01   -1.000000E+01    4.105000E+00    2.983000E+00    2.697000E+00    2.086000E+00   -1.000000E+01    1.250000E+01    6.634000E+00    1.330000E+00    5.000000E+00    4.000000E+01    2.689000E+00    2.420000E+00    3.850000E+00    1.690000E+00    4.571000E-02    8.974000E-04   -9.626000E+00    2.000000E+00    2.000000E+00    1.200000E+03    4.750000E+01   -1.000000E+01    0.000000E+00   -9.577000E+00   -9.582319E+00
   8.470000E-10    2.000000E+00    1.748000E+00    1.110000E+02    1.398000E+00   -7.282000E-01    1.596000E+00    3.415000E+00    2.736000E+00    3.353000E+00    1.827000E+00    3.670000E+00    7.560000E+00    5.212000E+00    8.900000E-01    6.000000E+00    5.600000E+01    2.699000E+00    9.799000E-01    4.360000E+00    1.297000E+00    4.400000E-01    8.974000E-04   -9.880000E+00    2.000000E+00    1.000000E+00    1.400000E+03    9.200000E+01   -1.000000E+01    2.000000E+00   -8.941000E+00   -9.020236E+00
   2.000000E-09    1.000000E+00    1.580000E+00    7.900000E+01    1.380000E+00   -1.470000E+00    2.204000E+00    2.529000E+00    2.672000E+00    1.623000E+00   -1.000000E+01    1.362000E+00    1.160000E+01    1.297000E+01    3.160000E+00    3.000000E+00    1.700000E+01    2.822000E+00    2.427000E+00    2.890000E+00    1.318000E+00    6.544000E-02    9.199000E-04   -1.025000E+01    2.000000E+00    1.000000E+00    1.930000E+03    8.200000E+01    1.954000E+00   -1.000000E+00   -1.243000E+01   -1.204194E+01
   2.000000E-09    1.000000E+00    1.279000E+00    9.300000E+01    1.398000E+00   -6.108000E-01   -1.000000E+01    3.760000E+00   -1.000000E+01   -1.000000E+01    3.941000E+00    3.363000E+00    1.050000E+01    1.045000E+01    2.660000E+00    5.000000E+00    5.300000E+01    3.375000E+00    2.893000E+00    3.850000E+00    1.690000E+00    6.690000E-02    8.974000E-04   -9.822000E+00    2.000000E+00    1.000000E+00    1.600000E+03    4.750000E+01   -1.000000E+01   -1.000000E+00   -1.046000E+01   -1.045230E+01
   2.090000E-09    1.000000E+00    1.453000E+00    1.080000E+02    1.398000E+00   -3.010000E-01   -1.000000E+01    4.061000E+00   -1.000000E+01    4.249000E+00   -1.000000E+01   -1.000000E+01    6.622000E+00    1.297000E+01    3.160000E+00    3.000000E+00    1.700000E+01    2.822000E+00    2.528000E+00    2.890000E+00    1.580000E+00    4.778000E-02    8.974000E-04   -9.667000E+00    2.000000E+00    2.000000E+00    1.000000E+03    9.800000E+01   -1.000000E+01   -1.000000E+00   -9.648000E+00   -9.660030E+00
   2.100000E-09    0.000000E+00    2.025000E+00    8.100000E+01    1.398000E+00   -1.000000E+00   -1.000000E+01    3.362000E+00   -1.000000E+01    3.550000E+00   -1.000000E+01   -1.000000E+01    1.250000E+01    1.360000E+01    2.200000E+00    1.000000E+00    1.000000E+00    8.499000E-01    7.650000E-01    8.500000E-01    8.832000E-01    4.571000E-02    8.974000E-04   -1.002000E+01    2.500000E+01    1.000000E+00    1.650000E+03    0.000000E+00   -1.000000E+01    0.000000E+00   -1.002000E+01   -1.004089E+01
   2.000000E-09    1.000000E+00    1.279000E+00    9.300000E+01    1.362000E+00    6.990000E-01   -1.000000E+01    5.061000E+00   -1.000000E+01   -1.000000E+01   -1.000000E+01   -1.000000E+01    1.250000E+01    1.045000E+01    2.660000E+00    5.000000E+00    5.300000E+01    3.375000E+00    2.913000E+00    3.850000E+00    1.690000E+00    6.398000E-02    9.432000E-04   -9.168000E+00    2.000000E+00    1.000000E+00    1.600000E+03    5.000000E+01    1.699000E+00   -1.000000E+00   -1.007000E+01   -1.016397E+01
   2.000000E-09    1.000000E+00    1.580000E+00    7.900000E+01    1.398000E+00   -1.000000E+00   -1.000000E+01    3.362000E+00   -1.000000E+01   -1.000000E+01   -1.000000E+01   -1.000000E+01    8.200000E+00    1.045000E+01    2.660000E+00    5.000000E+00    5.300000E+01    3.375000E+00    2.893000E+00    3.850000E+00    1.318000E+00    6.690000E-02    8.974000E-04   -1.002000E+01    2.000000E+00    1.000000E+00    4.000000E+02    8.000000E+01   -1.000000E+01   -1.000000E+00   -9.173000E+00   -9.227697E+00
   1.300000E-09    1.000000E+00   -2.218000E-01    1.730000E+01    1.398000E+00   -1.292000E+00   -6.990000E-01    9.823000E-01    7.497000E-01    2.967000E-01    1.348000E+00    9.581000E-01    8.920000E+00    5.139000E+00    9.300000E-01    3.000000E+00    1.100000E+01    1.777000E+00    9.899000E-01    2.890000E+00    2.460000E+00    2.540000E-01    8.974000E-04   -1.016000E+01    2.700000E+01    1.000000E+00    2.430000E+03    0.000000E+00   -1.000000E+01    1.000000E+00   -1.068000E+01   -1.075284E+01
   2.100000E-09    0.000000E+00    1.447000E+00    1.080000E+02    1.398000E+00   -3.010000E-01   -1.000000E+01    4.061000E+00   -1.000000E+01    4.248000E+00   -1.000000E+01   -1.000000E+01    6.300000E+00    1.360000E+01    2.200000E+00    1.000000E+00    1.000000E+00    8.499000E-01    7.650000E-01    8.500000E-01    1.586000E+00    4.571000E-02    8.974000E-04   -9.667000E+00    2.000000E+00    1.000000E+00    1.600000E+03    1.000000E+02   -1.000000E+01    0.000000E+00   -1.019000E+01   -1.016936E+01
   2.000000E-09    1.000000E+00    1.580000E+00    7.900000E+01    1.398000E+00   -1.000000E+00   -1.000000E+01    3.362000E+00   -1.000000E+01   -1.000000E+01   -1.000000E+01   -1.000000E+01    8.200000E+00    1.045000E+01    2.660000E+00    5.000000E+00    5.300000E+01    3.375000E+00    2.893000E+00    3.850000E+00    1.318000E+00    6.690000E-02    8.974000E-04   -1.002000E+01    2.000000E+00    1.000000E+00    1.200000E+03    8.000000E+01   -1.000000E+01   -1.000000E+00   -9.754000E+00   -9.713973E+00
   8.100000E-10    2.000000E+00   -1.549000E-01    1.000000E+01    1.342000E+00   -5.157000E-01    1.000000E+00    3.380000E+00    3.405000E+00    3.922000E+00    1.230000E+00    2.230000E+00    8.770000E+00    9.752000E+00    2.550000E+00    4.000000E+00    3.400000E+01    2.921000E+00    1.025000E+00    3.450000E+00    2.155000E+00    4.551000E-01    9.673000E-04   -9.776000E+00    1.400000E+01    1.000000E+00    2.610000E+03    0.000000E+00   -1.000000E+01   -1.000000E+00   -1.154000E+01   -1.151672E+01
   1.300000E-09    1.000000E+00    6.990000E-01    4.000000E+00    1.398000E+00    2.625000E-01   -1.000000E+01    4.624000E+00   -1.000000E+01    4.812000E+00   -1.000000E+01   -1.000000E+01    5.500000E+00    5.139000E+00    9.300000E-01    3.000000E+00    1.100000E+01    1.777000E+00    9.899000E-01    2.890000E+00    9.031000E-01    2.540000E-01    8.974000E-04   -9.385000E+00    1.000000E+00    1.000000E+00    2.750000E+03    0.000000E+00   -1.000000E+01    1.000000E+00   -1.366000E+01   -1.357905E+01
   1.200000E-09    4.000000E+00    1.279000E+00    9.300000E+01    1.477000E+00   -4.260000E-01   -1.000000E+01    3.880000E+00   -1.000000E+01   -1.000000E+01    4.263000E+00    3.460000E+00    9.000000E+00    6.266000E+00    1.360000E+00    7.000000E+00    9.300000E+01    3.387000E+00    1.713000E+00    4.990000E+00    1.690000E+00    2.960000E-01    7.959000E-04   -9.726000E+00    2.000000E+00    1.000000E+00    1.600000E+03    5.000000E+01    1.477000E+00   -2.000000E+00   -1.005000E+01   -1.009167E+01
   2.090000E-09    1.000000E+00    6.021000E-01    6.700000E+01    1.398000E+00   -6.108000E-01    9.079000E-01    3.322000E+00    3.276000E+00    3.800000E+00    1.000000E+00    2.748000E+00    7.500000E+00    3.894000E+00    7.900000E-01    6.000000E+00    5.500000E+01    2.333000E+00    2.090000E+00    4.360000E+00    2.224000E+00    4.778000E-02    8.974000E-04   -9.822000E+00    1.300000E+01    1.000000E+00    1.450000E+03    0.000000E+00   -1.000000E+01    1.000000E+00   -9.921000E+00   -9.882665E+00
   2.000000E-09    1.000000E+00    1.279000E+00    9.300000E+01    1.352000E+00    6.990000E-01   -1.000000E+01    5.061000E+00   -1.000000E+01   -1.000000E+01   -1.000000E+01   -1.000000E+01    1.250000E+01    1.297000E+01    3.160000E+00    3.000000E+00    1.700000E+01    2.822000E+00    2.440000E+00    2.890000E+00    1.690000E+00    6.324000E-02    9.552000E-04   -9.169000E+00    2.000000E+00    1.000000E+00    1.600000E+03    4.750000E+01   -1.000000E+01   -1.000000E+00   -1.064000E+01   -1.061386E+01
   2.040000E-09    1.000000E+00    1.744000E+00    8.200000E+01    1.380000E+00   -6.576000E-01    1.176000E+00    3.262000E+00    3.292000E+00    3.770000E+00    1.447000E+00    3.583000E+00    7.200000E+00    3.894000E+00    7.900000E-01    6.000000E+00    5.500000E+01    2.333000E+00    2.047000E+00    4.360000E+00    1.170000E+00    5.684000E-02    9.199000E-04   -9.846000E+00    2.000000E+00    1.000000E+00    1.330000E+03    8.000000E+01   -1.000000E+01    1.000000E+00   -9.879000E+00   -9.870962E+00
   2.000000E-09    1.000000E+00    1.447000E+00    1.300000E+01    1.380000E+00   -6.990000E-01    2.228000E+00    3.538000E+00    2.462000E+00    3.754000E+00    1.279000E+00    2.983000E+00    7.900000E+00    1.045000E+01    2.660000E+00    5.000000E+00    5.300000E+01    3.375000E+00    2.903000E+00    3.850000E+00    6.668000E-01    6.544000E-02    9.199000E-04   -9.866000E+00    4.000000E+00    4.000000E+00    2.600000E+03    0.000000E+00   -1.000000E+01   -1.000000E+00   -1.218000E+01   -1.203863E+01
   2.000000E-09    1.000000E+00    6.128000E-01    1.090000E+01    1.398000E+00   -2.812000E+00    3.655000E-01    1.640000E+00    3.444000E-01    1.305000E+00   -1.000000E+01    8.932000E-01    9.050000E+00    1.045000E+01    2.660000E+00    5.000000E+00    5.300000E+01    3.375000E+00    2.893000E+00    3.850000E+00    1.425000E+00    6.690000E-02    8.974000E-04   -1.092000E+01    2.800000E+01    1.000000E+00    2.250000E+03    0.000000E+00   -1.000000E+01   -1.000000E+00   -1.189000E+01   -1.123187E+01
   1.350000E-09    1.000000E+00    1.453000E+00    1.080000E+02    1.398000E+00   -1.000000E+01   -1.000000E+01   -1.000000E+01   -1.000000E+01   -1.000000E+01   -1.000000E+01   -1.000000E+01    6.244000E+00    5.139000E+00    9.300000E-01    3.000000E+00    1.100000E+01    1.777000E+00    1.028000E+00    2.890000E+00    1.580000E+00    2.376000E-01    8.974000E-04   -1.452000E+01    2.000000E+00    2.000000E+00    1.800000E+03    9.800000E+01    1.447000E+00    1.000000E+00   -1.043000E+01   -1.044932E+01
   1.550000E-09    1.000000E+00    1.453000E+00    1.080000E+02    1.477000E+00   -1.000000E+01   -1.000000E+01   -1.000000E+01   -1.000000E+01   -1.000000E+01   -1.000000E+01   -1.000000E+01    7.069000E+00    5.139000E+00    9.300000E-01    3.000000E+00    1.100000E+01    1.777000E+00    1.161000E+00    2.890000E+00    1.580000E+00    1.848000E-01    7.959000E-04   -1.451000E+01    2.000000E+00    2.000000E+00    1.000000E+03    9.800000E+01   -1.000000E+01    1.000000E+00   -9.793000E+00   -9.796056E+00
   7.900000E-10    2.000000E+00    1.580000E+00    7.900000E+01    1.398000E+00   -1.000000E+00   -1.000000E+01    3.362000E+00   -1.000000E+01    3.550000E+00   -1.000000E+01   -1.000000E+01    5.000000E+00    5.695000E+00    9.500000E-01    5.000000E+00    3.800000E+01    2.491000E+00    8.436000E-01    3.850000E+00    1.318000E+00    4.703000E-01    8.974000E-04   -1.002000E+01    2.000000E+00    3.000000E+00    1.000000E+03    8.200000E+01   -1.000000E+01    2.000000E+00   -8.886000E+00   -8.926383E+00
   2.950000E-09    1.000000E+00    1.453000E+00    1.080000E+02    1.602000E+00   -1.000000E+01   -1.000000E+01   -1.000000E+01   -1.000000E+01   -1.000000E+01   -1.000000E+01   -1.000000E+01    6.138000E+00    1.297000E+01    3.160000E+00    3.000000E+00    1.700000E+01    2.822000E+00    3.397000E+00    2.890000E+00    1.580000E+00   -8.057000E-02    6.389000E-04   -1.451000E+01    2.000000E+00    2.000000E+00    1.100000E+03    9.800000E+01   -1.000000E+01   -1.000000E+00   -9.578000E+00   -9.537031E+00
   6.020000E-10    3.000000E+00    1.580000E+00    7.900000E+01    1.398000E+00   -1.000000E+00   -1.000000E+01    3.362000E+00   -1.000000E+01    3.550000E+00   -1.000000E+01   -1.000000E+01    7.000000E+00    5.670000E+00    1.200000E+00    6.000000E+00    6.300000E+01    2.815000E+00    7.264000E-01    4.360000E+00    1.318000E+00    5.883000E-01    8.974000E-04   -1.002000E+01    2.000000E+00    3.000000E+00    1.000000E+03    8.200000E+01   -1.000000E+01    3.000000E+00   -1.003000E+01   -1.002003E+01
   2.000000E-09    1.000000E+00    1.447000E+00    1.080000E+02    1.398000E+00    6.990000E-01   -1.000000E+01    5.061000E+00   -1.000000E+01   -1.000000E+01   -1.000000E+01   -1.000000E+01    1.250000E+01    1.045000E+01    2.660000E+00    5.000000E+00    5.300000E+01    3.375000E+00    2.893000E+00    3.850000E+00    1.586000E+00    6.690000E-02    8.974000E-04   -9.167000E+00    2.000000E+00    1.000000E+00    9.000000E+02    9.990000E+01   -1.000000E+01   -1.000000E+00   -1.028000E+01   -1.016741E+01
   2.000000E-09    1.000000E+00    1.447000E+00    1.300000E+01    1.380000E+00   -6.990000E-01    2.228000E+00    3.538000E+00    2.462000E+00    3.754000E+00    1.279000E+00    2.983000E+00    7.900000E+00    1.297000E+01    3.160000E+00    3.000000E+00    1.700000E+01    2.822000E+00    2.427000E+00    2.890000E+00    6.668000E-01    6.544000E-02    9.199000E-04   -9.866000E+00    4.000000E+00    4.000000E+00    2.600000E+03    0.000000E+00   -1.000000E+01   -1.000000E+00   -1.204000E+01   -1.200817E+01
   2.220000E-09    0.000000E+00    1.602000E+00    1.400000E+02    1.398000E+00   -1.000000E+00   -1.000000E+01    3.362000E+00   -1.000000E+01   -1.000000E+01   -1.000000E+01   -1.000000E+01    5.000000E+00    1.360000E+01    2.200000E+00    1.000000E+00    1.000000E+00    8.499000E-01    8.088000E-01    8.500000E-01    1.544000E+00    2.158000E-02    8.974000E-04   -1.002000E+01    7.000000E+00    1.000000E+00    1.900000E+03    0.000000E+00   -1.000000E+01    0.000000E+00   -9.509000E+00   -9.626299E+00
   6.020000E-10    3.000000E+00    1.580000E+00    7.900000E+01    1.398000E+00   -1.000000E+00   -1.000000E+01    3.362000E+00   -1.000000E+01    3.550000E+00   -1.000000E+01   -1.000000E+01    5.000000E+00    5.670000E+00    1.200000E+00    6.000000E+00    6.300000E+01    2.815000E+00    7.264000E-01    4.360000E+00    1.318000E+00    5.883000E-01    8.974000E-04   -1.002000E+01    2.000000E+00    3.000000E+00    1.000000E+03    8.200000E+01   -1.000000E+01    3.000000E+00   -1.029000E+01   -1.002691E+01
   2.000000E-09    1.000000E+00    1.279000E+00    9.300000E+01    1.352000E+00   -2.000000E+00   -1.000000E+01    1.362000E+00   -1.000000E+01   -1.000000E+01   -1.000000E+01   -1.000000E+01    1.250000E+01    1.297000E+01    3.160000E+00    3.000000E+00    1.700000E+01    2.822000E+00    2.440000E+00    2.890000E+00    1.690000E+00    6.324000E-02    9.552000E-04   -1.052000E+01    2.000000E+00    1.000000E+00    1.600000E+03    4.750000E+01    1.699000E+00   -1.000000E+00   -1.089000E+01   -1.092454E+01
   1.200000E-09    5.000000E+00    1.833000E+00    7.100000E+01    1.301000E+00   -2.000000E+00   -1.000000E+01    2.362000E+00   -1.000000E+01   -1.000000E+01   -1.000000E+01   -1.000000E+01    6.000000E+00    6.266000E+00    1.360000E+00    7.000000E+00    9.300000E+01    3.387000E+00    1.772000E+00    4.990000E+00    1.019000E+00    2.814000E-01    1.018000E-03   -1.052000E+01    6.000000E+00    2.000000E+00    4.100000E+02    0.000000E+00   -1.000000E+01    1.000000E+00   -9.244000E+00   -9.243136E+00
   6.020000E-10    3.000000E+00    1.580000E+00    7.900000E+01    1.362000E+00   -1.285000E+00    7.966000E-01    2.777000E+00    2.283000E+00    3.193000E+00   -1.000000E+01   -1.000000E+01    7.700000E+00    5.670000E+00    1.200000E+00    6.000000E+00    6.300000E+01    2.815000E+00    7.313000E-01    4.360000E+00    1.318000E+00    5.854000E-01    9.432000E-04   -1.016000E+01    2.000000E+00    2.000000E+00    1.150000E+03    8.200000E+01   -1.000000E+01    3.000000E+00   -9.180000E+00   -9.558634E+00
   2.050000E-09    1.000000E+00    1.643000E+00    2.100000E+01    1.380000E+00   -2.072000E+00    8.567000E-01    2.555000E+00    3.010000E-01    1.415000E+00    9.440000E-01    3.424000E-01    8.500000E+00    3.894000E+00    7.900000E-01    6.000000E+00    5.500000E+01    2.333000E+00    2.057000E+00    4.360000E+00    6.788000E-01    5.472000E-02    9.199000E-04   -1.055000E+01    4.000000E+00    6.000000E+00    1.700000E+03    0.000000E+00   -1.000000E+01    1.000000E+00   -9.393000E+00   -9.199853E+00
   7.900000E-10    2.000000E+00    1.279000E+00    9.300000E+01    1.398000E+00   -1.000000E+01   -1.000000E+01   -1.000000E+01   -1.000000E+01   -1.000000E+01   -1.000000E+01   -1.000000E+01    1.250000E+01    5.695000E+00    9.500000E-01    5.000000E+00    3.800000E+01    2.491000E+00    8.436000E-01    3.850000E+00    1.690000E+00    4.703000E-01    8.974000E-04   -1.452000E+01    2.000000E+00    2.000000E+00    1.800000E+03    4.750000E+01   -1.000000E+01    2.000000E+00   -1.055000E+01   -1.061738E+01
   1.550000E-09    4.000000E+00    1.436000E+00    5.870000E+01    1.342000E+00   -3.010000E-01   -1.000000E+01    4.061000E+00   -1.000000E+01    4.249000E+00   -1.000000E+01   -1.000000E+01    3.100000E+00    9.752000E+00    2.550000E+00    4.000000E+00    3.400000E+01    2.921000E+00    1.961000E+00    3.450000E+00    1.332000E+00    1.732000E-01    9.673000E-04   -9.669000E+00    2.000000E+00    1.000000E+00    1.600000E+03    7.800000E+01   -1.000000E+01   -1.000000E+00   -1.052000E+01   -1.046724E+01
   6.600000E-10    2.000000E+00    6.990000E-01    4.000000E+00    1.398000E+00   -5.229000E-01   -1.000000E+01   -1.000000E+01   -1.000000E+01    3.851000E+00   -1.000000E+01   -1.000000E+01    7.100000E+00    7.640000E+00    1.910000E+00    4.000000E+00    2.800000E+01    2.586000E+00    7.315000E-01    3.450000E+00    9.031000E-01    5.484000E-01    8.974000E-04   -9.778000E+00    1.000000E+00    1.000000E+00    2.750000E+03    0.000000E+00   -1.000000E+01    2.000000E+00   -1.355000E+01   -1.350519E+01
   2.100000E-09    1.000000E+00    1.279000E+00    9.300000E+01    1.398000E+00    8.198000E-01   -1.000000E+01    5.178000E+00    3.983000E+00    5.366000E+00    2.086000E+00   -1.000000E+01    1.250000E+01    3.894000E+00    7.900000E-01    6.000000E+00    5.500000E+01    2.333000E+00    2.100000E+00    4.360000E+00    1.690000E+00    4.571000E-02    8.974000E-04   -9.106000E+00    2.000000E+00    2.000000E+00    1.800000E+03    4.750000E+01   -1.000000E+01    1.000000E+00   -1.012000E+01   -1.008575E+01
   2.040000E-09    1.000000E+00    1.744000E+00    8.200000E+01    1.380000E+00   -6.576000E-01    1.176000E+00    3.262000E+00    3.292000E+00    3.770000E+00    1.447000E+00    3.583000E+00    7.200000E+00    3.894000E+00    7.900000E-01    6.000000E+00    5.500000E+01    2.333000E+00    2.047000E+00    4.360000E+00    1.170000E+00    5.684000E-02    9.199000E-04   -9.846000E+00    2.000000E+00    2.000000E+00    1.250000E+03    8.000000E+01   -1.000000E+01    1.000000E+00   -9.810000E+00   -9.797576E+00
   1.180000E-09    1.000000E+00    1.453000E+00    1.080000E+02    6.990000E-01   -1.000000E+01   -1.000000E+01   -1.000000E+01   -1.000000E+01   -1.000000E+01   -1.000000E+01   -1.000000E+01    5.040000E+00    1.297000E+01    3.160000E+00    3.000000E+00    1.700000E+01    2.822000E+00    1.530000E+00    2.890000E+00    1.580000E+00    2.659000E-01    1.536000E-03   -1.453000E+01    2.000000E+00    2.000000E+00    1.800000E+03    9.800000E+01   -1.000000E+01   -1.000000E+00   -1.059000E+01   -1.058180E+01
   2.950000E-09    1.000000E+00    1.453000E+00    1.080000E+02    1.602000E+00   -3.010000E-01   -1.000000E+01    4.061000E+00   -1.000000E+01    4.249000E+00   -1.000000E+01   -1.000000E+01    6.026000E+00    1.297000E+01    3.160000E+00    3.000000E+00    1.700000E+01    2.822000E+00    3.397000E+00    2.890000E+00    1.580000E+00   -8.057000E-02    6.389000E-04   -9.656000E+00    2.000000E+00    2.000000E+00    1.000000E+03    9.800000E+01   -1.000000E+01   -1.000000E+00   -9.499000E+00   -9.484566E+00
   1.200000E-09    5.000000E+00    1.455000E+00    8.700000E+01    1.301000E+00   -2.297000E+00   -1.000000E+01   -1.000000E+01    2.603000E+00   -1.000000E+01   -1.000000E+01   -1.000000E+01    6.000000E+00    6.266000E+00    1.360000E+00    7.000000E+00    9.300000E+01    3.387000E+00    1.772000E+00    4.990000E+00    1.485000E+00    2.814000E-01    1.018000E-03   -1.067000E+01    3.000000E+00    2.000000E+00    7.800000E+02    1.000000E+02   -1.000000E+01    1.000000E+00   -9.682000E+00   -9.669737E+00
   2.570000E-09    1.000000E+00    1.453000E+00    1.080000E+02    1.699000E+00   -1.000000E+01   -1.000000E+01   -1.000000E+01   -1.000000E+01   -1.000000E+01   -1.000000E+01   -1.000000E+01    7.011000E+00    5.139000E+00    9.300000E-01    3.000000E+00    1.100000E+01    1.777000E+00    1.806000E+00    2.890000E+00    1.580000E+00   -7.034000E-03    5.279000E-04   -1.450000E+01    2.000000E+00    2.000000E+00    1.800000E+03    9.800000E+01   -1.000000E+01    1.000000E+00   -1.031000E+01   -1.026207E+01
   1.560000E-09    1.000000E+00    1.453000E+00    1.080000E+02    1.176000E+00   -1.000000E+01   -1.000000E+01   -1.000000E+01   -1.000000E+01   -1.000000E+01   -1.000000E+01   -1.000000E+01    5.108000E+00    1.297000E+01    3.160000E+00    3.000000E+00    1.700000E+01    2.822000E+00    1.952000E+00    2.890000E+00    1.580000E+00    1.600000E-01    1.162000E-03   -1.452000E+01    2.000000E+00    2.000000E+00    1.600000E+03    9.800000E+01   -1.000000E+01   -1.000000E+00   -1.028000E+01   -1.034680E+01
   8.100000E-10    4.000000E+00   -1.549000E-01    1.000000E+01    1.342000E+00   -3.037000E+00   -6.990000E-01    9.827000E-01    7.490000E-01    2.967000E-01    1.408000E+00    9.581000E-01    9.290000E+00    9.752000E+00    2.550000E+00    4.000000E+00    3.400000E+01    2.921000E+00    1.025000E+00    3.450000E+00    2.155000E+00    4.551000E-01    9.673000E-04   -1.104000E+01    1.400000E+01    1.000000E+00    2.730000E+03    0.000000E+00   -1.000000E+01   -2.000000E+00   -1.172000E+01   -1.165782E+01
   7.910000E-10    2.000000E+00    6.232000E-01    6.700000E+01    1.362000E+00   -5.229000E-01   -1.000000E+01    3.663000E+00   -1.000000E+01    3.974000E+00    2.086000E+00   -1.000000E+01    8.000000E+00    5.695000E+00    9.500000E-01    5.000000E+00    3.800000E+01    2.491000E+00    8.504000E-01    3.850000E+00    2.203000E+00    4.668000E-01    9.432000E-04   -9.779000E+00    1.300000E+01    7.000000E+00    2.700000E+03    0.000000E+00   -1.000000E+01    2.000000E+00   -1.248000E+01   -1.242994E+01
   6.020000E-10    3.000000E+00    1.580000E+00    7.900000E+01    1.362000E+00   -1.285000E+00    7.966000E-01    2.777000E+00    2.283000E+00    3.193000E+00   -1.000000E+01   -1.000000E+01    7.700000E+00    5.670000E+00    1.200000E+00    6.000000E+00    6.300000E+01    2.815000E+00    7.313000E-01    4.360000E+00    1.318000E+00    5.854000E-01    9.432000E-04   -1.016000E+01    2.000000E+00    2.000000E+00    1.000000E+03    8.200000E+01   -1.000000E+01    3.000000E+00   -9.585000E+00   -9.550448E+00
   1.200000E-09    4.000000E+00    1.279000E+00    9.300000E+01    1.398000E+00   -1.000000E+01   -1.000000E+01   -1.000000E+01   -1.000000E+01   -1.000000E+01   -1.000000E+01   -1.000000E+01    1.250000E+01    6.266000E+00    1.360000E+00    7.000000E+00    9.300000E+01    3.387000E+00    1.742000E+00    4.990000E+00    1.690000E+00    2.887000E-01    8.974000E-04   -1.452000E+01    2.000000E+00    2.000000E+00    1.600000E+03    4.750000E+01   -1.000000E+01    0.000000E+00   -1.016000E+01   -1.037007E+01
   7.600000E-10    2.000000E+00    1.744000E+00    8.200000E+01    1.362000E+00   -5.719000E-01    1.437000E+00    3.441000E+00    3.205000E+00    3.851000E+00    1.086000E+00    3.129000E+00    7.700000E+00    6.113000E+00    1.000000E+00    4.000000E+00    2.000000E+01    2.313000E+00    7.586000E-01    3.450000E+00    1.170000E+00    4.842000E-01    9.432000E-04   -9.804000E+00    2.000000E+00    1.000000E+00    1.250000E+03    8.000000E+01    1.699000E+00    2.000000E+00   -1.017000E+01   -1.031562E+01
   2.000000E-09    7.000000E+00    1.744000E+00    8.200000E+01    1.398000E+00   -5.918000E-01    1.146000E+00    3.279000E+00    3.330000E+00    3.785000E+00    1.831000E+00    3.016000E+00    7.500000E+00    7.280000E+00    1.900000E+00    5.000000E+00    4.300000E+01    2.817000E+00    2.415000E+00    3.850000E+00    1.170000E+00    6.690000E-02    8.974000E-04   -9.812000E+00    2.000000E+00    2.000000E+00    1.120000E+03    8.000000E+01   -1.000000E+01   -1.000000E+00   -9.690000E+00   -9.653215E+00
   2.000000E-09    1.000000E+00    2.477000E+00    5.000000E+01    1.380000E+00   -6.108000E-01    1.176000E+00    3.262000E+00    3.292000E+00    3.770000E+00    1.447000E+00    3.051000E+00    7.200000E+00    1.045000E+01    2.660000E+00    5.000000E+00    5.300000E+01    3.375000E+00    2.903000E+00    3.850000E+00    2.218000E-01    6.544000E-02    9.199000E-04   -9.822000E+00    2.600000E+01    1.000000E+00    1.380000E+03    3.500000E+01   -1.000000E+01   -1.000000E+00   -1.074000E+01   -1.089629E+01
   7.300000E-10    2.000000E+00    1.580000E+00    7.870000E+01    1.398000E+00   -1.000000E+00   -1.000000E+01    3.362000E+00   -1.000000E+01   -1.000000E+01   -1.000000E+01   -1.000000E+01    6.253000E+00    7.881000E+00    1.880000E+00    4.000000E+00    2.700000E+01    2.626000E+00    8.217000E-01    3.450000E+00    1.316000E+00    5.046000E-01    8.974000E-04   -1.002000E+01    2.000000E+00    1.000000E+00    8.000000E+02    8.200000E+01   -1.000000E+01    2.000000E+00   -9.886000E+00   -9.864256E+00
   2.000000E-09    1.000000E+00   -1.549000E-01    1.000000E+01    1.398000E+00   -5.157000E-01    1.000000E+00    3.380000E+00    3.405000E+00    3.922000E+00    1.230000E+00    2.230000E+00    8.700000E+00    1.297000E+01    3.160000E+00    3.000000E+00    1.700000E+01    2.822000E+00    2.419000E+00    2.890000E+00    2.155000E+00    6.690000E-02    8.974000E-04   -9.774000E+00    1.400000E+01    1.000000E+00    2.730000E+03    0.000000E+00   -1.000000E+01   -1.000000E+00   -1.132000E+01   -1.106627E+01
   4.300000E-10    4.000000E+00    1.279000E+00    9.300000E+01    1.398000E+00   -2.190000E-01   -1.000000E+01    4.105000E+00    2.983000E+00    2.697000E+00    2.086000E+00   -1.000000E+01    1.250000E+01    6.194000E+00    1.380000E+00    7.000000E+00    9.200000E+01    3.368000E+00    6.207000E-01    4.990000E+00    1.690000E+00    7.345000E-01    8.974000E-04   -9.626000E+00    2.000000E+00    2.000000E+00    1.200000E+03    4.750000E+01   -1.000000E+01    0.000000E+00   -1.026000E+01   -1.029291E+01
   1.200000E-09    5.000000E+00    1.580000E+00    7.900000E+01    1.398000E+00   -3.000000E+00   -1.000000E+01   -1.000000E+01   -1.000000E+01   -1.000000E+01    2.097000E+00   -1.000000E+01    8.200000E+00    6.266000E+00    1.360000E+00    7.000000E+00    9.300000E+01    3.387000E+00    1.742000E+00    4.990000E+00    1.318000E+00    2.887000E-01    8.974000E-04   -1.102000E+01    2.000000E+00    2.000000E+00    2.100000E+03    8.200000E+01   -1.000000E+01    1.000000E+00   -1.084000E+01   -1.084384E+01
   2.100000E-09    1.000000E+00    1.453000E+00    1.080000E+02    1.342000E+00   -2.000000E+00   -1.000000E+01    2.362000E+00   -1.000000E+01    2.550000E+00   -1.000000E+01   -1.000000E+01    6.889000E+00    3.894000E+00    7.900000E-01    6.000000E+00    5.500000E+01    2.333000E+00    2.121000E+00    4.360000E+00    1.580000E+00    4.132000E-02    9.673000E-04   -1.052000E+01    2.000000E+00    2.000000E+00    9.000000E+02    9.999000E+01   -1.000000E+01    1.000000E+00   -9.575000E+00   -9.576509E+00
   2.000000E-09    4.000000E+00    1.744000E+00    8.200000E+01    1.398000E+00   -5.918000E-01    1.146000E+00    3.279000E+00    3.330000E+00    3.785000E+00    1.831000E+00    3.016000E+00    7.500000E+00    7.280000E+00    1.900000E+00    5.000000E+00    4.300000E+01    2.817000E+00    2.415000E+00    3.850000E+00    1.170000E+00    6.690000E-02    8.974000E-04   -9.812000E+00    2.000000E+00    2.000000E+00    1.360000E+03    8.000000E+01   -1.000000E+01    0.000000E+00   -9.886000E+00   -9.879366E+00
   2.030000E-09    1.000000E+00    1.580000E+00    7.200000E+01    1.176000E+00   -3.010000E-01   -1.000000E+01    4.061000E+00   -1.000000E+01    4.249000E+00   -1.000000E+01   -1.000000E+01    6.800000E+00    1.045000E+01    2.660000E+00    5.000000E+00    5.300000E+01    3.375000E+00    3.039000E+00    3.850000E+00    1.278000E+00    4.562000E-02    1.162000E-03   -9.674000E+00    2.000000E+00    1.000000E+00    1.200000E+03    8.200000E+01   -1.000000E+01   -1.000000E+00   -9.991000E+00   -9.890862E+00
   2.020000E-09    1.000000E+00    2.025000E+00    8.100000E+01    1.398000E+00   -3.010000E-01   -1.000000E+01    4.061000E+00   -1.000000E+01    4.250000E+00   -1.000000E+01   -1.000000E+01    1.250000E+01    1.045000E+01    2.660000E+00    5.000000E+00    5.300000E+01    3.375000E+00    2.922000E+00    3.850000E+00    8.832000E-01    6.258000E-02    8.974000E-04   -9.667000E+00    2.500000E+01    1.000000E+00    1.650000E+03    0.000000E+00   -1.000000E+01   -1.000000E+00   -1.030000E+01   -1.045046E+01
   2.000000E-09    7.000000E+00    1.744000E+00    8.200000E+01    1.903000E+00   -5.918000E-01    1.146000E+00    3.279000E+00    3.330000E+00    3.785000E+00    1.831000E+00    3.016000E+00    7.500000E+00    7.280000E+00    1.900000E+00    5.000000E+00    4.300000E+01    2.817000E+00    2.039000E+00    3.850000E+00    1.170000E+00    1.404000E-01    3.547000E-04   -9.775000E+00    2.000000E+00    2.000000E+00    1.370000E+03    8.000000E+01   -1.000000E+01   -1.000000E+00   -9.896000E+00   -9.806824E+00
   7.570000E-10    2.000000E+00    2.477000E+00    5.000000E+01    1.362000E+00   -5.867000E-01    1.799000E+00    3.248000E+00    3.327000E+00    3.805000E+00    1.108000E+00    3.062000E+00    7.800000E+00    5.695000E+00    9.500000E-01    5.000000E+00    3.800000E+01    2.491000E+00    8.138000E-01    3.850000E+00    2.218000E-01    4.859000E-01    9.432000E-04   -9.811000E+00    2.600000E+01    1.000000E+00    1.250000E+03    3.500000E+01    1.699000E+00    2.000000E+00   -9.854000E+00   -1.021648E+01
   2.030000E-09    1.000000E+00    1.453000E+00    1.100000E+02    1.362000E+00   -3.010000E-01   -1.000000E+01    4.061000E+00   -1.000000E+01    4.249000E+00   -1.000000E+01   -1.000000E+01    7.000000E+00    1.045000E+01    2.660000E+00    5.000000E+00    5.300000E+01    3.375000E+00    2.956000E+00    3.850000E+00    1.588000E+00    5.751000E-02    9.432000E-04   -9.668000E+00    2.000000E+00    1.000000E+00    8.000000E+02    9.800000E+01   -1.000000E+01   -1.000000E+00   -1.067000E+01   -1.073212E+01
   7.420000E-10    1.000000E+00    1.453000E+00    1.080000E+02    6.990000E-01   -1.000000E+01   -1.000000E+01   -1.000000E+01   -1.000000E+01   -1.000000E+01   -1.000000E+01   -1.000000E+01    5.281000E+00    5.139000E+00    9.300000E-01    3.000000E+00    1.100000E+01    1.777000E+00    6.056000E-01    2.890000E+00    1.580000E+00    4.674000E-01    1.536000E-03   -1.453000E+01    2.000000E+00    2.000000E+00    1.400000E+03    9.800000E+01   -1.000000E+01    1.000000E+00   -1.043000E+01   -1.041660E+01
   2.090000E-09    1.000000E+00    1.453000E+00    1.080000E+02    1.398000E+00   -1.000000E+00   -1.000000E+01    3.362000E+00   -1.000000E+01    3.550000E+00   -1.000000E+01   -1.000000E+01    7.325000E+00    1.297000E+01    3.160000E+00    3.000000E+00    1.700000E+01    2.822000E+00    2.528000E+00    2.890000E+00    1.580000E+00    4.778000E-02    8.974000E-04   -1.002000E+01    2.000000E+00    2.000000E+00    1.000000E+03    9.800000E+01   -1.000000E+01   -1.000000E+00   -9.648000E+00   -9.659287E+00
   2.000000E-09    1.000000E+00    1.279000E+00    9.300000E+01    1.398000E+00   -2.000000E+00   -1.000000E+01    1.362000E+00   -1.000000E+01   -1.000000E+01   -1.000000E+01   -1.000000E+01    1.250000E+01    1.045000E+01    2.660000E+00    5.000000E+00    5.300000E+01    3.375000E+00    2.893000E+00    3.850000E+00    1.690000E+00    6.690000E-02    8.974000E-04   -1.052000E+01    2.000000E+00    1.000000E+00    1.600000E+03    4.750000E+01    1.699000E+00   -1.000000E+00   -1.074000E+01   -1.062367E+01
   1.300000E-09    2.000000E+00    2.155000E+00    8.300000E+01    1.398000E+00   -1.000000E+00   -1.000000E+01    3.362000E+00   -1.000000E+01   -1.000000E+01   -1.000000E+01   -1.000000E+01    6.582000E+00    5.139000E+00    9.300000E-01    3.000000E+00    1.100000E+01    1.777000E+00    9.899000E-01    2.890000E+00    7.637000E-01    2.540000E-01    8.974000E-04   -1.002000E+01    3.000000E+00    1.000000E+00    1.950000E+03    1.000000E+02   -1.000000E+01    1.000000E+00   -9.432000E+00   -9.702286E+00
   5.000000E-10    4.000000E+00    1.744000E+00    8.200000E+01    1.398000E+00   -5.834000E-01    1.146000E+00    3.281000E+00    3.328000E+00    3.810000E+00    1.831000E+00    3.016000E+00    9.402000E+00    6.026000E+00    1.280000E+00    7.000000E+00    9.400000E+01    3.322000E+00    7.118000E-01    4.990000E+00    1.170000E+00    6.690000E-01    8.974000E-04   -9.808000E+00    2.000000E+00    2.000000E+00    2.080000E+03    8.000000E+01    1.954000E+00    0.000000E+00   -1.040000E+01   -1.050980E+01
   3.880000E-09    1.000000E+00    1.744000E+00    8.200000E+01    1.778000E+00   -5.834000E-01    9.156000E-01    3.281000E+00    3.328000E+00    3.810000E+00    1.833000E+00    3.016000E+00    8.565000E+00    1.297000E+01    3.160000E+00    3.000000E+00    1.700000E+01    2.822000E+00    4.200000E+00    2.890000E+00    1.170000E+00   -1.727000E-01    4.494000E-04   -9.784000E+00    2.000000E+00    2.000000E+00    1.620000E+03    8.000000E+01    1.699000E+00   -1.000000E+00   -9.567000E+00   -9.505247E+00
   7.900000E-10    2.000000E+00    1.580000E+00    7.900000E+01    1.398000E+00   -1.000000E+00   -1.000000E+01    3.362000E+00   -1.000000E+01    3.550000E+00   -1.000000E+01   -1.000000E+01    6.600000E+00    5.695000E+00    9.500000E-01    5.000000E+00    3.800000E+01    2.491000E+00    8.436000E-01    3.850000E+00    1.318000E+00    4.703000E-01    8.974000E-04   -1.002000E+01    2.000000E+00    3.000000E+00    1.000000E+03    8.200000E+01   -1.000000E+01    2.000000E+00   -8.824000E+00   -8.902290E+00
   2.000000E-09    7.000000E+00    1.580000E+00    7.900000E+01    1.398000E+00   -1.000000E+00   -1.000000E+01    3.362000E+00   -1.000000E+01    3.550000E+00   -1.000000E+01   -1.000000E+01    8.000000E+00    7.280000E+00    1.900000E+00    5.000000E+00    4.300000E+01    2.817000E+00    2.415000E+00    3.850000E+00    1.318000E+00    6.690000E-02    8.974000E-04   -1.002000E+01    2.000000E+00    3.000000E+00    8.000000E+02    8.200000E+01   -1.000000E+01   -1.000000E+00   -9.409000E+00   -9.256767E+00
   2.060000E-09    1.000000E+00    6.232000E-01    6.700000E+01    1.398000E+00   -5.214000E-01   -1.000000E+01    3.663000E+00   -1.000000E+01    4.027000E+00    2.086000E+00   -1.000000E+01    8.000000E+00    3.894000E+00    7.900000E-01    6.000000E+00    5.500000E+01    2.333000E+00    2.060000E+00    4.360000E+00    2.203000E+00    5.406000E-02    8.974000E-04   -9.777000E+00    1.300000E+01    7.000000E+00    2.700000E+03    0.000000E+00   -1.000000E+01    1.000000E+00   -1.160000E+01   -1.169703E+01
   2.090000E-09    1.000000E+00    1.453000E+00    1.080000E+02    1.398000E+00   -1.000000E+01   -1.000000E+01   -1.000000E+01   -1.000000E+01   -1.000000E+01   -1.000000E+01   -1.000000E+01    7.866000E+00    1.297000E+01    3.160000E+00    3.000000E+00    1.700000E+01    2.822000E+00    2.528000E+00    2.890000E+00    1.580000E+00    4.778000E-02    8.974000E-04   -1.452000E+01    2.000000E+00    2.000000E+00    8.000000E+02    9.800000E+01   -1.000000E+01   -1.000000E+00   -9.491000E+00   -9.537696E+00
   2.020000E-09    1.000000E+00    2.025000E+00    8.100000E+01    1.398000E+00    0.000000E+00   -1.000000E+01    4.362000E+00   -1.000000E+01    4.550000E+00   -1.000000E+01   -1.000000E+01    1.250000E+01    1.045000E+01    2.660000E+00    5.000000E+00    5.300000E+01    3.375000E+00    2.922000E+00    3.850000E+00    8.832000E-01    6.258000E-02    8.974000E-04   -9.516000E+00    2.500000E+01    1.000000E+00    1.650000E+03    0.000000E+00   -1.000000E+01   -1.000000E+00   -1.050000E+01   -1.056336E+01
   2.570000E-09    1.000000E+00    1.453000E+00    1.080000E+02    1.699000E+00   -1.000000E+01   -1.000000E+01   -1.000000E+01   -1.000000E+01   -1.000000E+01   -1.000000E+01   -1.000000E+01    6.993000E+00    5.139000E+00    9.300000E-01    3.000000E+00    1.100000E+01    1.777000E+00    1.806000E+00    2.890000E+00    1.580000E+00   -7.034000E-03    5.279000E-04   -1.450000E+01    2.000000E+00    2.000000E+00    1.800000E+03    9.800000E+01   -1.000000E+01    1.000000E+00   -1.031000E+01   -1.026207E+01
   2.000000E-09    1.000000E+00    1.279000E+00    9.300000E+01    1.352000E+00    6.990000E-01   -1.000000E+01    5.061000E+00   -1.000000E+01   -1.000000E+01   -1.000000E+01   -1.000000E+01    1.250000E+01    1.297000E+01    3.160000E+00    3.000000E+00    1.700000E+01    2.822000E+00    2.440000E+00    2.890000E+00    1.690000E+00    6.324000E-02    9.552000E-04   -9.169000E+00    2.000000E+00    1.000000E+00    1.600000E+03    4.750000E+01    1.477000E+00   -1.000000E+00   -1.048000E+01   -1.043310E+01
   6.600000E-10    2.000000E+00    1.279000E+00    9.300000E+01    1.398000E+00    8.198000E-01   -1.000000E+01    5.178000E+00    3.983000E+00    5.366000E+00    2.086000E+00   -1.000000E+01    1.250000E+01    7.640000E+00    1.910000E+00    4.000000E+00    2.800000E+01    2.586000E+00    7.315000E-01    3.450000E+00    1.690000E+00    5.484000E-01    8.974000E-04   -9.106000E+00    2.000000E+00    2.000000E+00    1.200000E+03    4.750000E+01   -1.000000E+01    2.000000E+00   -1.008000E+01   -1.004842E+01
   1.330000E-09    1.000000E+00    1.833000E+00    7.100000E+01    1.398000E+00   -3.010000E-01   -1.000000E+01    4.061000E+00   -1.000000E+01   -1.000000E+01   -1.000000E+01   -1.000000E+01    5.000000E+00    5.139000E+00    9.300000E-01    3.000000E+00    1.100000E+01    1.777000E+00    1.013000E+00    2.890000E+00    1.019000E+00    2.441000E-01    8.974000E-04   -9.667000E+00    6.000000E+00    1.000000E+00    1.900000E+03    0.000000E+00   -1.000000E+01    1.000000E+00   -9.638000E+00   -9.539325E+00
   2.000000E-09    1.000000E+00    1.447000E+00    1.080000E+02    1.398000E+00   -1.398000E+00   -1.000000E+01   -1.000000E+01    2.904000E+00   -1.000000E+01   -1.000000E+01   -1.000000E+01    1.250000E+01    1.297000E+01    3.160000E+00    3.000000E+00    1.700000E+01    2.822000E+00    2.419000E+00    2.890000E+00    1.586000E+00    6.690000E-02    8.974000E-04   -1.022000E+01    2.000000E+00    1.000000E+00    1.600000E+03    9.800000E+01    1.699000E+00   -1.000000E+00   -1.038000E+01   -1.035819E+01
   2.000000E-09    1.000000E+00    1.279000E+00    9.300000E+01    1.362000E+00   -3.010000E-01   -1.000000E+01    4.061000E+00   -1.000000E+01    4.250000E+00   -1.000000E+01   -1.000000E+01    1.250000E+01    1.045000E+01    2.660000E+00    5.000000E+00    5.300000E+01    3.375000E+00    2.913000E+00    3.850000E+00    1.690000E+00    6.398000E-02    9.432000E-04   -9.668000E+00    2.000000E+00    1.000000E+00    1.600000E+03    4.800000E+01    1.477000E+00   -1.000000E+00   -1.040000E+01   -1.041999E+01
   1.970000E-09    1.000000E+00    1.744000E+00    8.200000E+01    1.380000E+00   -6.576000E-01    1.176000E+00    3.262000E+00    3.292000E+00    3.770000E+00    1.447000E+00    3.583000E+00    7.200000E+00    1.045000E+01    2.660000E+00    5.000000E+00    5.300000E+01    3.375000E+00    2.859000E+00    3.850000E+00    1.170000E+00    7.200000E-02    9.199000E-04   -9.846000E+00    2.000000E+00    2.000000E+00    1.320000E+03    8.000000E+01   -1.000000E+01   -1.000000E+00   -9.886000E+00   -9.844627E+00
   2.000000E-09    7.000000E+00    1.744000E+00    8.200000E+01    1.398000E+00   -5.918000E-01    1.146000E+00    3.279000E+00    3.330000E+00    3.785000E+00    1.831000E+00    3.016000E+00    7.500000E+00    7.280000E+00    1.900000E+00    5.000000E+00    4.300000E+01    2.817000E+00    2.415000E+00    3.850000E+00    1.170000E+00    6.690000E-02    8.974000E-04   -9.812000E+00    2.000000E+00    2.000000E+00    9.300000E+02    8.000000E+01   -1.000000E+01   -1.000000E+00   -9.544000E+00   -9.561952E+00
   1.350000E-09    1.000000E+00    1.453000E+00    1.080000E+02    1.398000E+00   -1.301000E+00   -1.000000E+01    3.061000E+00   -1.000000E+01    3.249000E+00   -1.000000E+01   -1.000000E+01    7.083000E+00    5.139000E+00    9.300000E-01    3.000000E+00    1.100000E+01    1.777000E+00    1.028000E+00    2.890000E+00    1.580000E+00    2.376000E-01    8.974000E-04   -1.017000E+01    2.000000E+00    2.000000E+00    1.000000E+03    9.800000E+01   -1.000000E+01    1.000000E+00   -9.839000E+00   -9.798548E+00
   5.740000E-09    1.000000E+00    1.744000E+00    8.200000E+01    1.954000E+00   -5.834000E-01    9.156000E-01    3.281000E+00    3.328000E+00    3.810000E+00    1.833000E+00    3.016000E+00    8.439000E+00    1.297000E+01    3.160000E+00    3.000000E+00    1.700000E+01    2.822000E+00    5.700000E+00    2.890000E+00    1.170000E+00   -3.053000E-01    3.270000E-04   -9.765000E+00    2.000000E+00    2.000000E+00    1.630000E+03    8.000000E+01    1.699000E+00   -1.000000E+00   -9.407000E+00   -9.460219E+00
   2.360000E-09    1.000000E+00    1.279000E+00    9.300000E+01    1.477000E+00   -4.260000E-01   -1.000000E+01    3.880000E+00   -1.000000E+01   -1.000000E+01    4.263000E+00    3.460000E+00    9.000000E+00    3.894000E+00    7.900000E-01    6.000000E+00    5.500000E+01    2.333000E+00    2.321000E+00    4.360000E+00    1.690000E+00    2.240000E-03    7.959000E-04   -9.726000E+00    2.000000E+00    1.000000E+00    1.600000E+03    5.000000E+01    1.477000E+00    1.000000E+00   -9.745000E+00   -9.710205E+00
   1.640000E-09    2.000000E+00    1.279000E+00    9.300000E+01    1.352000E+00   -1.807000E+00   -1.000000E+01    2.378000E+00   -1.000000E+01   -1.000000E+01   -1.000000E+01    2.699000E+00    7.250000E+00    9.752000E+00    2.550000E+00    4.000000E+00    3.400000E+01    2.921000E+00    2.071000E+00    3.450000E+00    1.690000E+00    1.494000E-01    9.552000E-04   -1.042000E+01    2.000000E+00    2.000000E+00    1.600000E+03    5.000000E+01   -1.000000E+01   -1.000000E+00   -1.004000E+01   -1.007023E+01
   2.040000E-09    1.000000E+00    1.744000E+00    8.200000E+01    1.380000E+00   -6.576000E-01    1.176000E+00    3.262000E+00    3.292000E+00    3.770000E+00    1.447000E+00    3.583000E+00    7.200000E+00    3.894000E+00    7.900000E-01    6.000000E+00    5.500000E+01    2.333000E+00    2.047000E+00    4.360000E+00    1.170000E+00    5.684000E-02    9.199000E-04   -9.846000E+00    2.000000E+00    2.000000E+00    1.370000E+03    8.000000E+01   -1.000000E+01    1.000000E+00   -9.914000E+00   -9.873514E+00
   2.000000E-09    1.000000E+00    1.580000E+00    7.900000E+01    1.380000E+00   -7.747000E-01    2.220000E+00    3.380000E+00    2.982000E+00    3.643000E+00   -1.000000E+01    2.294000E+00    1.160000E+01    1.297000E+01    3.160000E+00    3.000000E+00    1.700000E+01    2.822000E+00    2.427000E+00    2.890000E+00    1.318000E+00    6.544000E-02    9.199000E-04   -9.904000E+00    2.000000E+00    1.000000E+00    1.810000E+03    8.200000E+01    1.778000E+00   -1.000000E+00   -1.089000E+01   -1.101083E+01
   1.550000E-09    4.000000E+00    1.436000E+00    5.870000E+01    1.342000E+00   -3.010000E-01   -1.000000E+01    4.061000E+00   -1.000000E+01    4.249000E+00   -1.000000E+01   -1.000000E+01    3.100000E+00    9.752000E+00    2.550000E+00    4.000000E+00    3.400000E+01    2.921000E+00    1.961000E+00    3.450000E+00    1.332000E+00    1.732000E-01    9.673000E-04   -9.669000E+00    2.000000E+00    1.000000E+00    1.700000E+03    7.800000E+01   -1.000000E+01   -1.000000E+00   -1.070000E+01   -1.051330E+01
   2.140000E-09    0.000000E+00    1.279000E+00    9.300000E+01    1.778000E+00   -2.757000E-01    5.922000E-01    4.024000E+00    2.558000E+00    4.302000E+00   -1.000000E+01    4.065000E-01    8.300000E+00    1.360000E+01    2.200000E+00    1.000000E+00    1.000000E+00    8.499000E-01    6.977000E-01    8.500000E-01    1.690000E+00    8.572000E-02    4.494000E-04   -9.630000E+00    2.000000E+00    1.000000E+00    1.600000E+03    4.800000E+01    1.477000E+00    0.000000E+00   -9.458000E+00   -9.521030E+00
   7.420000E-10    1.000000E+00    1.453000E+00    1.080000E+02    6.990000E-01   -1.000000E+01   -1.000000E+01   -1.000000E+01   -1.000000E+01   -1.000000E+01   -1.000000E+01   -1.000000E+01    5.492000E+00    5.139000E+00    9.300000E-01    3.000000E+00    1.100000E+01    1.777000E+00    6.056000E-01    2.890000E+00    1.580000E+00    4.674000E-01    1.536000E-03   -1.453000E+01    2.000000E+00    2.000000E+00    1.100000E+03    9.800000E+01   -1.000000E+01    1.000000E+00   -1.018000E+01   -1.015578E+01
   2.090000E-09    1.000000E+00    1.491000E+00    8.300000E+01    1.362000E+00   -2.839000E+00    5.441000E-01    9.191000E-01    1.114000E+00    6.990000E-01   -1.000000E+01    9.345000E-01    7.000000E+00    3.894000E+00    7.900000E-01    6.000000E+00    5.500000E+01    2.333000E+00    2.104000E+00    4.360000E+00    1.428000E+00    4.486000E-02    9.432000E-04   -1.094000E+01    2.000000E+00    1.000000E+00    1.400000E+03    8.000000E+01    1.699000E+00    1.000000E+00   -1.096000E+01   -1.077951E+01
   2.950000E-09    1.000000E+00    1.453000E+00    1.080000E+02    1.602000E+00   -1.000000E+01   -1.000000E+01   -1.000000E+01   -1.000000E+01   -1.000000E+01   -1.000000E+01   -1.000000E+01    6.537000E+00    1.297000E+01    3.160000E+00    3.000000E+00    1.700000E+01    2.822000E+00    3.397000E+00    2.890000E+00    1.580000E+00   -8.057000E-02    6.389000E-04   -1.451000E+01    2.000000E+00    2.000000E+00    9.000000E+02    9.800000E+01   -1.000000E+01   -1.000000E+00   -9.419000E+00   -9.417831E+00
   2.090000E-09    1.000000E+00   -1.549000E-01    1.000000E+01    1.398000E+00   -5.157000E-01    1.000000E+00    3.380000E+00    3.405000E+00    3.922000E+00    1.230000E+00    2.230000E+00    8.700000E+00    3.894000E+00    7.900000E-01    6.000000E+00    5.500000E+01    2.333000E+00    2.090000E+00    4.360000E+00    2.155000E+00    4.778000E-02    8.974000E-04   -9.774000E+00    1.400000E+01    1.000000E+00    2.730000E+03    0.000000E+00   -1.000000E+01    1.000000E+00   -1.129000E+01   -1.121534E+01
   2.000000E-09    1.000000E+00    1.279000E+00    9.300000E+01    1.362000E+00   -2.000000E+00   -1.000000E+01    2.362000E+00   -1.000000E+01    2.550000E+00   -1.000000E+01   -1.000000E+01    1.250000E+01    1.297000E+01    3.160000E+00    3.000000E+00    1.700000E+01    2.822000E+00    2.435000E+00    2.890000E+00    1.690000E+00    6.398000E-02    9.432000E-04   -1.052000E+01    2.000000E+00    1.000000E+00    1.600000E+03    4.800000E+01   -1.000000E+01   -1.000000E+00   -1.139000E+01   -1.133860E+01
   8.100000E-10    2.000000E+00    2.025000E+00    8.100000E+01    1.342000E+00   -1.000000E+00   -1.000000E+01    3.362000E+00   -1.000000E+01    3.550000E+00   -1.000000E+01   -1.000000E+01    8.000000E+00    9.752000E+00    2.550000E+00    4.000000E+00    3.400000E+01    2.921000E+00    1.025000E+00    3.450000E+00    8.832000E-01    4.551000E-01    9.673000E-04   -1.002000E+01    2.500000E+01    1.000000E+00    1.530000E+03    0.000000E+00   -1.000000E+01   -1.000000E+00   -1.121000E+01   -1.115740E+01
   1.200000E-09    4.000000E+00    1.279000E+00    9.300000E+01    1.398000E+00   -2.815000E-01   -1.000000E+01    4.080000E+00   -1.000000E+01    4.259000E+00   -1.000000E+01   -1.000000E+01    7.000000E+00    6.266000E+00    1.360000E+00    7.000000E+00    9.300000E+01    3.387000E+00    1.742000E+00    4.990000E+00    1.690000E+00    2.887000E-01    8.974000E-04   -9.657000E+00    2.000000E+00    2.000000E+00    1.800000E+03    4.750000E+01   -1.000000E+01    0.000000E+00   -1.037000E+01   -1.038505E+01
   9.000000E-10    4.000000E+00    1.279000E+00    9.300000E+01    1.398000E+00   -1.000000E+01   -1.000000E+01   -1.000000E+01   -1.000000E+01   -1.000000E+01   -1.000000E+01   -1.000000E+01    1.300000E+01    7.344000E+00    1.960000E+00    5.000000E+00    5.000000E+01    2.829000E+00    1.091000E+00    3.850000E+00    1.690000E+00    4.137000E-01    8.974000E-04   -1.452000E+01    2.000000E+00    2.000000E+00    1.000000E+03    4.750000E+01   -1.000000E+01    4.000000E+00   -9.804000E+00   -9.702663E+00
   1.460000E-09    7.000000E+00    1.999000E+00    1.080000E+02    1.398000E+00   -9.508000E-01   -1.000000E+01    3.362000E+00   -1.000000E+01    3.550000E+00   -1.000000E+01   -1.000000E+01    7.000000E+00    7.834000E+00    1.900000E+00    6.000000E+00    7.500000E+01    3.309000E+00    2.071000E+00    4.360000E+00    1.034000E+00    2.036000E-01    8.974000E-04   -9.992000E+00    3.000000E+00    1.000000E+00    1.600000E+03    1.000000E+02   -1.000000E+01   -1.000000E+00   -1.072000E+01   -1.064793E+01
   4.300000E-10    6.000000E+00    1.580000E+00    7.900000E+01    1.398000E+00   -1.000000E+00   -1.000000E+01    3.362000E+00   -1.000000E+01    3.550000E+00   -1.000000E+01   -1.000000E+01    7.000000E+00    6.194000E+00    1.380000E+00    7.000000E+00    9.200000E+01    3.368000E+00    6.207000E-01    4.990000E+00    1.318000E+00    7.345000E-01    8.974000E-04   -1.002000E+01    2.000000E+00    3.000000E+00    9.800000E+02    8.200000E+01   -1.000000E+01    2.000000E+00   -1.022000E+01   -1.013673E+01
   1.000000E-10    6.000000E+00    1.447000E+00    1.080000E+02    1.398000E+00   -1.000000E+01   -1.000000E+01   -1.000000E+01   -1.000000E+01   -1.000000E+01   -1.000000E+01   -1.000000E+01    9.000000E+00    6.194000E+00    1.380000E+00    7.000000E+00    9.200000E+01    3.368000E+00    1.443000E-01    4.990000E+00    1.586000E+00    1.368000E+00    8.974000E-04   -1.452000E+01    2.000000E+00    2.000000E+00    1.400000E+03    9.990000E+01   -1.000000E+01   -1.000000E+00   -1.131000E+01   -1.128341E+01
   1.690000E-09    2.000000E+00    1.744000E+00    8.200000E+01    1.778000E+00   -5.834000E-01    9.156000E-01    3.281000E+00    3.328000E+00    3.810000E+00    1.833000E+00    3.016000E+00    8.172000E+00    5.695000E+00    9.500000E-01    5.000000E+00    3.800000E+01    2.491000E+00    1.615000E+00    3.850000E+00    1.170000E+00    1.882000E-01    4.494000E-04   -9.784000E+00    2.000000E+00    2.000000E+00    1.600000E+03    8.000000E+01    1.699000E+00    2.000000E+00   -9.910000E+00   -9.921664E+00
   2.000000E-09    1.000000E+00   -1.549000E-01    1.000000E+01    1.398000E+00   -3.037000E+00   -6.990000E-01    9.827000E-01    7.490000E-01    2.967000E-01    1.408000E+00    9.581000E-01    8.700000E+00    1.297000E+01    3.160000E+00    3.000000E+00    1.700000E+01    2.822000E+00    2.419000E+00    2.890000E+00    2.155000E+00    6.690000E-02    8.974000E-04   -1.103000E+01    1.400000E+01    1.000000E+00    2.730000E+03    0.000000E+00   -1.000000E+01   -1.000000E+00   -1.100000E+01   -1.121213E+01
   2.090000E-09    1.000000E+00    1.580000E+00    7.900000E+01    1.398000E+00   -6.990000E-01    1.893000E+00    3.508000E+00    2.904000E+00    3.754000E+00    1.785000E+00    2.584000E+00    7.700000E+00    3.894000E+00    7.900000E-01    6.000000E+00    5.500000E+01    2.333000E+00    2.090000E+00    4.360000E+00    1.318000E+00    4.778000E-02    8.974000E-04   -9.866000E+00    2.000000E+00    5.000000E+00    1.800000E+03    8.000000E+01   -1.000000E+01    1.000000E+00   -9.565000E+00   -9.553712E+00
   3.690000E-09    1.000000E+00    1.580000E+00    7.870000E+01    1.398000E+00    7.918000E-02   -1.000000E+01    4.441000E+00   -1.000000E+01    4.629000E+00   -1.000000E+01   -1.000000E+01    7.469000E+00    3.894000E+00    7.900000E-01    6.000000E+00    5.500000E+01    2.333000E+00    3.690000E+00    4.360000E+00    1.316000E+00   -1.991000E-01    8.974000E-04   -9.477000E+00    2.000000E+00    7.000000E+00    2.030000E+03    8.200000E+01   -1.000000E+01    1.000000E+00   -1.027000E+01   -1.031862E+01
   2.000000E-09    1.000000E+00    1.447000E+00    1.080000E+02    1.398000E+00   -1.000000E+00   -1.000000E+01    3.362000E+00   -1.000000E+01    3.550000E+00   -1.000000E+01   -1.000000E+01    6.300000E+00    1.045000E+01    2.660000E+00    5.000000E+00    5.300000E+01    3.375000E+00    2.893000E+00    3.850000E+00    1.586000E+00    6.690000E-02    8.974000E-04   -1.002000E+01    2.000000E+00    1.000000E+00    1.600000E+03    1.000000E+02   -1.000000E+01   -1.000000E+00   -1.160000E+01   -1.101764E+01
   2.000000E-09    7.000000E+00    1.580000E+00    7.900000E+01    1.398000E+00   -1.000000E+00   -1.000000E+01    3.362000E+00   -1.000000E+01    3.550000E+00   -1.000000E+01   -1.000000E+01    4.000000E+00    7.280000E+00    1.900000E+00    5.000000E+00    4.300000E+01    2.817000E+00    2.415000E+00    3.850000E+00    1.318000E+00    6.690000E-02    8.974000E-04   -1.002000E+01    2.000000E+00    3.000000E+00    1.020000E+03    8.200000E+01   -1.000000E+01   -1.000000E+00   -9.292000E+00   -9.269401E+00
   4.300000E-10    4.000000E+00    1.279000E+00    9.300000E+01    1.398000E+00   -2.190000E-01   -1.000000E+01    4.105000E+00    2.983000E+00    2.697000E+00    2.086000E+00   -1.000000E+01    1.250000E+01    6.194000E+00    1.380000E+00    7.000000E+00    9.200000E+01    3.368000E+00    6.207000E-01    4.990000E+00    1.690000E+00    7.345000E-01    8.974000E-04   -9.626000E+00    2.000000E+00    2.000000E+00    1.200000E+03    4.750000E+01   -1.000000E+01    0.000000E+00   -1.026000E+01   -1.029291E+01
   2.100000E-09    5.000000E+00    1.279000E+00    9.300000E+01    1.398000E+00    8.198000E-01   -1.000000E+01    5.178000E+00    3.983000E+00    5.366000E+00    2.086000E+00   -1.000000E+01    1.250000E+01    6.759000E+00    1.600000E+00    5.000000E+00    4.100000E+01    2.714000E+00    2.443000E+00    3.850000E+00    1.690000E+00    4.571000E-02    8.974000E-04   -9.106000E+00    2.000000E+00    2.000000E+00    1.200000E+03    4.750000E+01   -1.000000E+01   -1.000000E+00   -9.577000E+00   -9.592917E+00
   1.300000E-09    2.000000E+00    2.155000E+00    8.300000E+01    1.398000E+00   -2.000000E+00   -1.000000E+01    2.362000E+00   -1.000000E+01   -1.000000E+01   -1.000000E+01   -1.000000E+01    5.274000E+00    5.139000E+00    9.300000E-01    3.000000E+00    1.100000E+01    1.777000E+00    9.899000E-01    2.890000E+00    7.637000E-01    2.540000E-01    8.974000E-04   -1.052000E+01    3.000000E+00    1.000000E+00    1.950000E+03    1.000000E+02   -1.000000E+01    1.000000E+00   -8.854000E+00   -9.077466E+00
   2.000000E-09    1.000000E+00   -1.549000E-01    1.000000E+01    1.398000E+00   -5.157000E-01    1.000000E+00    3.380000E+00    3.405000E+00    3.922000E+00    1.230000E+00    2.230000E+00    8.700000E+00    1.297000E+01    3.160000E+00    3.000000E+00    1.700000E+01    2.822000E+00    2.419000E+00    2.890000E+00    2.155000E+00    6.690000E-02    8.974000E-04   -9.774000E+00    1.400000E+01    1.000000E+00    2.730000E+03    0.000000E+00   -1.000000E+01   -1.000000E+00   -1.077000E+01   -1.106627E+01
   1.010000E-09    1.000000E+00    1.453000E+00    1.080000E+02    1.176000E+00   -1.000000E+01   -1.000000E+01   -1.000000E+01   -1.000000E+01   -1.000000E+01   -1.000000E+01   -1.000000E+01    6.267000E+00    5.139000E+00    9.300000E-01    3.000000E+00    1.100000E+01    1.777000E+00    7.958000E-01    2.890000E+00    1.580000E+00    3.488000E-01    1.162000E-03   -1.452000E+01    2.000000E+00    2.000000E+00    1.100000E+03    9.800000E+01   -1.000000E+01    1.000000E+00   -1.004000E+01   -9.989197E+00
   2.090000E-09    1.000000E+00    1.447000E+00    1.080000E+02    1.398000E+00   -1.000000E+01   -1.000000E+01   -1.000000E+01   -1.000000E+01   -1.000000E+01   -1.000000E+01   -1.000000E+01    1.100000E+01    3.894000E+00    7.900000E-01    6.000000E+00    5.500000E+01    2.333000E+00    2.090000E+00    4.360000E+00    1.586000E+00    4.778000E-02    8.974000E-04   -1.452000E+01    2.000000E+00    2.000000E+00    1.190000E+03    1.000000E+02   -1.000000E+01    1.000000E+00   -9.830000E+00   -9.742111E+00
   2.000000E-09    1.000000E+00    1.744000E+00    8.200000E+01    1.380000E+00   -5.918000E-01    1.146000E+00    3.279000E+00    3.328000E+00    3.785000E+00    1.831000E+00    3.016000E+00    7.500000E+00    1.045000E+01    2.660000E+00    5.000000E+00    5.300000E+01    3.375000E+00    2.903000E+00    3.850000E+00    1.170000E+00    6.544000E-02    9.199000E-04   -9.813000E+00    2.000000E+00    2.000000E+00    8.800000E+02    8.000000E+01   -1.000000E+01   -1.000000E+00   -9.507000E+00   -9.612167E+00
   2.100000E-09    0.000000E+00    1.748000E+00    1.110000E+02    1.398000E+00   -2.361000E+00    4.139000E-02    1.176000E+00    1.671000E+00    1.079000E+00    2.170000E+00    1.146000E+00    8.300000E+00    1.360000E+01    2.200000E+00    1.000000E+00    1.000000E+00    8.499000E-01    7.650000E-01    8.500000E-01    1.297000E+00    4.571000E-02    8.974000E-04   -1.070000E+01    2.000000E+00    1.000000E+00    1.620000E+03    9.300000E+01   -1.000000E+01    0.000000E+00   -1.024000E+01   -1.029444E+01
   2.000000E-09    1.000000E+00    1.602000E+00    1.400000E+01    1.362000E+00   -9.586000E-01    9.345000E-01    3.403000E+00    5.328000E-01    3.575000E+00    2.387000E+00    1.904000E+00    8.200000E+00    1.045000E+01    2.660000E+00    5.000000E+00    5.300000E+01    3.375000E+00    2.913000E+00    3.850000E+00    5.441000E-01    6.398000E-02    9.432000E-04   -9.997000E+00    5.000000E+00    1.000000E+00    2.450000E+03    0.000000E+00   -1.000000E+01   -1.000000E+00   -1.171000E+01   -1.177574E+01
   2.000000E-09    1.000000E+00    1.447000E+00    1.080000E+02    1.362000E+00    6.990000E-01   -1.000000E+01    5.061000E+00   -1.000000E+01   -1.000000E+01   -1.000000E+01   -1.000000E+01    1.250000E+01    1.297000E+01    3.160000E+00    3.000000E+00    1.700000E+01    2.822000E+00    2.435000E+00    2.890000E+00    1.586000E+00    6.398000E-02    9.432000E-04   -9.168000E+00    2.000000E+00    1.000000E+00    9.000000E+02    1.000000E+02   -1.000000E+01   -1.000000E+00   -1.051000E+01   -1.032047E+01
   2.570000E-09    1.000000E+00    1.453000E+00    1.080000E+02    1.699000E+00   -1.000000E+01   -1.000000E+01   -1.000000E+01   -1.000000E+01   -1.000000E+01   -1.000000E+01   -1.000000E+01    6.917000E+00    5.139000E+00    9.300000E-01    3.000000E+00    1.100000E+01    1.777000E+00    1.806000E+00    2.890000E+00    1.580000E+00   -7.034000E-03    5.279000E-04   -1.450000E+01    2.000000E+00    2.000000E+00    1.800000E+03    9.800000E+01   -1.000000E+01    1.000000E+00   -1.031000E+01   -1.026207E+01
   2.000000E-09    7.000000E+00    1.744000E+00    8.200000E+01    1.380000E+00   -5.918000E-01    1.146000E+00    3.279000E+00    3.330000E+00    3.785000E+00    1.831000E+00    3.016000E+00    7.500000E+00    7.280000E+00    1.900000E+00    5.000000E+00    4.300000E+01    2.817000E+00    2.423000E+00    3.850000E+00    1.170000E+00    6.544000E-02    9.199000E-04   -9.813000E+00    2.000000E+00    1.000000E+00    1.100000E+03    8.000000E+01   -1.000000E+01   -1.000000E+00   -9.674000E+00   -9.696353E+00
   2.030000E-09    1.000000E+00    1.580000E+00    7.200000E+01    1.176000E+00   -3.010000E-01   -1.000000E+01    4.061000E+00   -1.000000E+01    4.249000E+00   -1.000000E+01   -1.000000E+01    6.800000E+00    1.045000E+01    2.660000E+00    5.000000E+00    5.300000E+01    3.375000E+00    3.039000E+00    3.850000E+00    1.278000E+00    4.562000E-02    1.162000E-03   -9.674000E+00    2.000000E+00    1.000000E+00    1.800000E+03    8.200000E+01   -1.000000E+01   -1.000000E+00   -1.055000E+01   -1.049966E+01
   2.090000E-09    1.000000E+00    1.453000E+00    1.080000E+02    1.398000E+00   -1.000000E+01   -1.000000E+01   -1.000000E+01   -1.000000E+01   -1.000000E+01   -1.000000E+01   -1.000000E+01    6.841000E+00    1.297000E+01    3.160000E+00    3.000000E+00    1.700000E+01    2.822000E+00    2.528000E+00    2.890000E+00    1.580000E+00    4.778000E-02    8.974000E-04   -1.452000E+01    2.000000E+00    2.000000E+00    1.200000E+03    9.800000E+01   -1.000000E+01   -1.000000E+00   -9.810000E+00   -9.791668E+00
   9.230000E-10    4.000000E+00    1.744000E+00    8.200000E+01    1.362000E+00   -5.768000E-01    1.437000E+00    3.430000E+00    3.204000E+00    3.844000E+00    1.086000E+00    3.126000E+00    7.700000E+00    1.126000E+01    2.550000E+00    2.000000E+00    6.000000E+00    1.811000E+00    7.212000E-01    1.990000E+00    1.170000E+00    3.998000E-01    9.432000E-04   -9.806000E+00    2.000000E+00    1.000000E+00    8.900000E+02    8.000000E+01   -1.000000E+01   -2.000000E+00   -1.102000E+01   -1.111237E+01
   7.600000E-10    2.000000E+00    1.415000E+00    3.800000E+01    1.362000E+00   -5.986000E-01    1.740000E+00    3.254000E+00    3.293000E+00    3.805000E+00    1.108000E+00    3.062000E+00    7.700000E+00    6.113000E+00    1.000000E+00    4.000000E+00    2.000000E+01    2.313000E+00    7.586000E-01    3.450000E+00    1.165000E+00    4.842000E-01    9.432000E-04   -9.817000E+00    2.000000E+00    1.000000E+00    1.250000E+03    3.300000E+01   -1.000000E+01    2.000000E+00   -9.886000E+00   -9.970128E+00
   1.350000E-09    1.000000E+00    1.453000E+00    1.080000E+02    1.398000E+00   -1.000000E+01   -1.000000E+01   -1.000000E+01   -1.000000E+01   -1.000000E+01   -1.000000E+01   -1.000000E+01    7.806000E+00    5.139000E+00    9.300000E-01    3.000000E+00    1.100000E+01    1.777000E+00    1.028000E+00    2.890000E+00    1.580000E+00    2.376000E-01    8.974000E-04   -1.452000E+01    2.000000E+00    2.000000E+00    8.000000E+02    9.800000E+01   -1.000000E+01    1.000000E+00   -9.682000E+00   -9.664903E+00
   1.180000E-09    1.000000E+00    1.453000E+00    1.080000E+02    6.990000E-01   -1.000000E+01   -1.000000E+01   -1.000000E+01   -1.000000E+01   -1.000000E+01   -1.000000E+01   -1.000000E+01    5.804000E+00    1.297000E+01    3.160000E+00    3.000000E+00    1.700000E+01    2.822000E+00    1.530000E+00    2.890000E+00    1.580000E+00    2.659000E-01    1.536000E-03   -1.453000E+01    2.000000E+00    2.000000E+00    1.000000E+03    9.800000E+01   -1.000000E+01   -1.000000E+00   -9.896000E+00   -9.857116E+00
   7.900000E-10    2.000000E+00    1.580000E+00    7.900000E+01    1.398000E+00   -1.000000E+00   -1.000000E+01    3.362000E+00   -1.000000E+01    3.550000E+00   -1.000000E+01   -1.000000E+01    9.000000E+00    5.695000E+00    9.500000E-01    5.000000E+00    3.800000E+01    2.491000E+00    8.436000E-01    3.850000E+00    1.318000E+00    4.703000E-01    8.974000E-04   -1.002000E+01    2.000000E+00    3.000000E+00    1.000000E+03    8.200000E+01   -1.000000E+01    2.000000E+00   -8.854000E+00   -8.962935E+00
   1.200000E-09    4.000000E+00    1.279000E+00    9.300000E+01    1.398000E+00   -2.190000E-01   -1.000000E+01    4.105000E+00    2.983000E+00    2.697000E+00    2.086000E+00   -1.000000E+01    1.250000E+01    6.266000E+00    1.360000E+00    7.000000E+00    9.300000E+01    3.387000E+00    1.742000E+00    4.990000E+00    1.690000E+00    2.887000E-01    8.974000E-04   -9.626000E+00    2.000000E+00    2.000000E+00    1.800000E+03    4.750000E+01   -1.000000E+01    0.000000E+00   -1.037000E+01   -1.046976E+01
   9.000000E-10    2.000000E+00    1.279000E+00    9.300000E+01    1.398000E+00   -2.190000E-01   -1.000000E+01    4.105000E+00    2.983000E+00    2.697000E+00    2.086000E+00   -1.000000E+01    1.250000E+01    7.344000E+00    1.960000E+00    5.000000E+00    5.000000E+01    2.829000E+00    1.091000E+00    3.850000E+00    1.690000E+00    4.137000E-01    8.974000E-04   -9.626000E+00    2.000000E+00    2.000000E+00    1.200000E+03    4.750000E+01   -1.000000E+01    2.000000E+00   -9.947000E+00   -9.912323E+00
   2.100000E-09    0.000000E+00    2.025000E+00    8.100000E+01    1.398000E+00    6.990000E-01   -1.000000E+01    5.061000E+00   -1.000000E+01    5.249000E+00   -1.000000E+01   -1.000000E+01    1.250000E+01    1.360000E+01    2.200000E+00    1.000000E+00    1.000000E+00    8.499000E-01    7.650000E-01    8.500000E-01    8.832000E-01    4.571000E-02    8.974000E-04   -9.167000E+00    2.500000E+01    1.000000E+00    1.650000E+03    0.000000E+00   -1.000000E+01    0.000000E+00   -1.030000E+01   -1.031588E+01
   2.100000E-09    0.000000E+00   -1.549000E-01    1.000000E+01    1.362000E+00   -3.037000E+00   -6.990000E-01    9.827000E-01    7.490000E-01    2.967000E-01    1.408000E+00    9.581000E-01    8.700000E+00    1.360000E+01    2.200000E+00    1.000000E+00    1.000000E+00    8.499000E-01    7.702000E-01    8.500000E-01    2.155000E+00    4.279000E-02    9.432000E-04   -1.104000E+01    1.400000E+01    1.000000E+00    2.730000E+03    0.000000E+00   -1.000000E+01    0.000000E+00   -1.128000E+01   -1.105321E+01
   9.230000E-10    4.000000E+00    1.279000E+00    9.300000E+01    1.398000E+00   -1.796000E+00   -1.000000E+01    2.867000E+00   -1.000000E+01   -1.000000E+01   -1.000000E+01   -1.000000E+01    1.250000E+01    1.126000E+01    2.550000E+00    2.000000E+00    6.000000E+00    1.811000E+00    7.164000E-01    1.990000E+00    1.690000E+00    4.027000E-01    8.974000E-04   -1.041000E+01    2.000000E+00    1.000000E+00    1.600000E+03    4.750000E+01    1.845000E+00   -2.000000E+00   -1.080000E+01   -1.090658E+01
   2.570000E-09    1.000000E+00    1.453000E+00    1.080000E+02    1.699000E+00   -1.000000E+01   -1.000000E+01   -1.000000E+01   -1.000000E+01   -1.000000E+01   -1.000000E+01   -1.000000E+01    6.917000E+00    5.139000E+00    9.300000E-01    3.000000E+00    1.100000E+01    1.777000E+00    1.806000E+00    2.890000E+00    1.580000E+00   -7.034000E-03    5.279000E-04   -1.450000E+01    2.000000E+00    2.000000E+00    1.800000E+03    9.800000E+01   -1.000000E+01    1.000000E+00   -1.031000E+01   -1.026207E+01
   2.000000E-09    1.000000E+00    1.453000E+00    1.080000E+02    1.342000E+00   -2.924000E-01   -1.000000E+01    4.069000E+00   -1.000000E+01    4.257000E+00   -1.000000E+01   -1.000000E+01    6.550000E+00    1.045000E+01    2.660000E+00    5.000000E+00    5.300000E+01    3.375000E+00    2.923000E+00    3.850000E+00    1.580000E+00    6.251000E-02    9.673000E-04   -9.665000E+00    2.000000E+00    2.000000E+00    1.400000E+03    9.999000E+01   -1.000000E+01   -1.000000E+00   -1.001000E+01   -1.005654E+01
   4.300000E-10    6.000000E+00    1.279000E+00    9.300000E+01    1.398000E+00   -1.000000E+01   -1.000000E+01   -1.000000E+01   -1.000000E+01   -1.000000E+01   -1.000000E+01   -1.000000E+01    8.450000E+00    6.194000E+00    1.380000E+00    7.000000E+00    9.200000E+01    3.368000E+00    6.207000E-01    4.990000E+00    1.690000E+00    7.345000E-01    8.974000E-04   -1.452000E+01    2.000000E+00    2.000000E+00    1.400000E+03    4.750000E+01   -1.000000E+01   -4.000000E+00   -1.043000E+01   -1.052894E+01
   8.480000E-10    2.000000E+00    4.771000E-01    2.000000E+00    1.398000E+00   -2.523000E+00   -1.000000E+01   -1.000000E+01    1.603000E+00    1.851000E+00   -1.000000E+01   -1.000000E+01    6.250000E+00    5.212000E+00    8.900000E-01    6.000000E+00    5.600000E+01    2.699000E+00    9.810000E-01    4.360000E+00    8.239000E-01    4.395000E-01    8.974000E-04   -1.078000E+01    8.000000E+00    1.000000E+00    2.640000E+03    0.000000E+00   -1.000000E+01    2.000000E+00   -1.270000E+01   -1.265045E+01
   2.100000E-09    0.000000E+00    2.025000E+00    8.100000E+01    1.398000E+00   -2.000000E+00   -1.000000E+01    2.362000E+00   -1.000000E+01    2.550000E+00   -1.000000E+01   -1.000000E+01    1.250000E+01    1.360000E+01    2.200000E+00    1.000000E+00    1.000000E+00    8.499000E-01    7.650000E-01    8.500000E-01    8.832000E-01    4.571000E-02    8.974000E-04   -1.052000E+01    2.500000E+01    1.000000E+00    1.650000E+03    0.000000E+00   -1.000000E+01    0.000000E+00   -1.004000E+01   -1.000585E+01
   2.000000E-09    1.000000E+00    1.447000E+00    1.080000E+02    1.398000E+00   -1.398000E+00   -1.000000E+01   -1.000000E+01    2.904000E+00   -1.000000E+01   -1.000000E+01   -1.000000E+01    1.250000E+01    1.297000E+01    3.160000E+00    3.000000E+00    1.700000E+01    2.822000E+00    2.419000E+00    2.890000E+00    1.586000E+00    6.690000E-02    8.974000E-04   -1.022000E+01    2.000000E+00    1.000000E+00    1.600000E+03    9.800000E+01    1.903000E+00   -1.000000E+00   -9.959000E+00   -1.004033E+01
   1.300000E-09    1.000000E+00   -1.549000E-01    1.000000E+01    1.398000E+00   -5.157000E-01    1.000000E+00    3.380000E+00    3.405000E+00    3.922000E+00    1.230000E+00    2.230000E+00    8.770000E+00    5.139000E+00    9.300000E-01    3.000000E+00    1.100000E+01    1.777000E+00    9.899000E-01    2.890000E+00    2.155000E+00    2.540000E-01    8.974000E-04   -9.774000E+00    1.400000E+01    1.000000E+00    2.610000E+03    0.000000E+00   -1.000000E+01    1.000000E+00   -1.137000E+01   -1.128169E+01
   1.550000E-09    4.000000E+00    1.408000E+00    7.200000E+01    1.114000E+00   -1.018000E+00    1.176000E+00    3.069000E+00    2.685000E+00    3.064000E+00    1.708000E+00    3.353000E+00    4.000000E+00    9.752000E+00    2.550000E+00    4.000000E+00    3.400000E+01    2.921000E+00    2.022000E+00    3.450000E+00    1.449000E+00    1.598000E-01    1.226000E-03   -1.003000E+01    2.000000E+00    1.000000E+00    1.600000E+03    7.500000E+01   -1.000000E+01   -1.000000E+00   -1.064000E+01   -1.087154E+01
   2.000000E-09    1.000000E+00   -2.218000E-01    1.730000E+01    1.398000E+00   -1.215000E+00   -6.990000E-01    9.823000E-01    7.497000E-01    2.967000E-01    1.348000E+00    9.581000E-01    8.920000E+00    1.297000E+01    3.160000E+00    3.000000E+00    1.700000E+01    2.822000E+00    2.419000E+00    2.890000E+00    2.460000E+00    6.690000E-02    8.974000E-04   -1.012000E+01    2.700000E+01    1.000000E+00    2.440000E+03    0.000000E+00   -1.000000E+01   -1.000000E+00   -1.074000E+01   -1.078913E+01
   1.550000E-09    4.000000E+00    6.232000E-01    6.700000E+01    1.653000E+00   -1.398000E+00    8.451000E-01    2.784000E+00    1.869000E+00    2.785000E+00   -1.000000E+01    2.785000E+00    7.100000E+00    9.752000E+00    2.550000E+00    4.000000E+00    3.400000E+01    2.921000E+00    1.819000E+00    3.450000E+00    2.203000E+00    2.058000E-01    5.786000E-04   -1.020000E+01    1.300000E+01    3.000000E+00    1.800000E+03    0.000000E+00   -1.000000E+01   -1.000000E+00   -1.005000E+01   -9.942823E+00
   1.970000E-09    1.000000E+00    1.744000E+00    8.200000E+01    1.380000E+00   -6.576000E-01    1.176000E+00    3.262000E+00    3.292000E+00    3.770000E+00    1.447000E+00    3.583000E+00    7.200000E+00    1.045000E+01    2.660000E+00    5.000000E+00    5.300000E+01    3.375000E+00    2.859000E+00    3.850000E+00    1.170000E+00    7.200000E-02    9.199000E-04   -9.846000E+00    2.000000E+00    1.000000E+00    1.340000E+03    8.000000E+01   -1.000000E+01   -1.000000E+00   -9.903000E+00   -9.970037E+00
   2.220000E-09    0.000000E+00   -1.549000E-01    1.000000E+01    1.362000E+00   -2.921000E+00   -8.239000E-01    1.200000E+00    7.168000E-01    7.536000E-01    1.409000E+00    7.388000E-01    9.500000E+00    1.360000E+01    2.200000E+00    1.000000E+00    1.000000E+00    8.499000E-01    8.142000E-01    8.500000E-01    2.155000E+00    1.865000E-02    9.432000E-04   -1.098000E+01    1.400000E+01    1.000000E+00    2.670000E+03    0.000000E+00   -1.000000E+01    0.000000E+00   -1.143000E+01   -1.122431E+01
   2.140000E-09    0.000000E+00    1.580000E+00    7.900000E+01    1.398000E+00   -1.166000E+00    2.934000E+00    2.265000E+00    2.882000E+00    3.027000E+00   -1.000000E+01    1.061000E+00    1.250000E+01    1.360000E+01    2.200000E+00    1.000000E+00    1.000000E+00    8.499000E-01    7.796000E-01    8.500000E-01    1.318000E+00    3.752000E-02    8.974000E-04   -1.010000E+01    2.000000E+00    1.000000E+00    2.000000E+03    8.200000E+01   -1.000000E+01    0.000000E+00   -1.055000E+01   -1.038349E+01
   7.940000E-10    2.000000E+00    1.744000E+00    8.200000E+01    1.398000E+00    1.335000E-01    1.469000E+00    3.704000E+00    4.176000E+00    4.535000E+00    1.000000E+00    2.898000E+00    7.725000E+00    5.695000E+00    9.500000E-01    5.000000E+00    3.800000E+01    2.491000E+00    8.479000E-01    3.850000E+00    1.170000E+00    4.681000E-01    8.974000E-04   -9.449000E+00    2.000000E+00    2.000000E+00    1.660000E+03    8.000000E+01    1.699000E+00    2.000000E+00   -1.029000E+01   -1.029588E+01
   8.100000E-10    2.000000E+00    2.025000E+00    8.100000E+01    1.362000E+00   -1.000000E+00   -1.000000E+01    3.362000E+00   -1.000000E+01    3.550000E+00   -1.000000E+01   -1.000000E+01    1.100000E+01    9.752000E+00    2.550000E+00    4.000000E+00    3.400000E+01    2.921000E+00    1.021000E+00    3.450000E+00    8.832000E-01    4.565000E-01    9.432000E-04   -1.002000E+01    2.500000E+01    1.000000E+00    1.500000E+03    0.000000E+00   -1.000000E+01   -1.000000E+00   -1.122000E+01   -1.116146E+01
   2.090000E-09    1.000000E+00    1.453000E+00    1.080000E+02    1.398000E+00   -1.000000E+01   -1.000000E+01   -1.000000E+01   -1.000000E+01   -1.000000E+01   -1.000000E+01   -1.000000E+01    7.253000E+00    1.297000E+01    3.160000E+00    3.000000E+00    1.700000E+01    2.822000E+00    2.528000E+00    2.890000E+00    1.580000E+00    4.778000E-02    8.974000E-04   -1.452000E+01    2.000000E+00    2.000000E+00    1.600000E+03    9.800000E+01   -1.000000E+01   -1.000000E+00   -1.016000E+01   -1.014460E+01
   1.350000E-09    1.000000E+00    1.453000E+00    1.080000E+02    1.398000E+00   -1.000000E+01   -1.000000E+01   -1.000000E+01   -1.000000E+01   -1.000000E+01   -1.000000E+01   -1.000000E+01    6.679000E+00    5.139000E+00    9.300000E-01    3.000000E+00    1.100000E+01    1.777000E+00    1.028000E+00    2.890000E+00    1.580000E+00    2.376000E-01    8.974000E-04   -1.452000E+01    2.000000E+00    2.000000E+00    1.200000E+03    9.800000E+01   -1.000000E+01    1.000000E+00   -1.000000E+01   -9.934107E+00
   2.950000E-09    1.000000E+00    1.453000E+00    1.080000E+02    1.602000E+00   -3.010000E-01   -1.000000E+01    4.061000E+00   -1.000000E+01    4.249000E+00   -1.000000E+01   -1.000000E+01    6.026000E+00    1.297000E+01    3.160000E+00    3.000000E+00    1.700000E+01    2.822000E+00    3.397000E+00    2.890000E+00    1.580000E+00   -8.057000E-02    6.389000E-04   -9.656000E+00    2.000000E+00    2.000000E+00    1.000000E+03    9.800000E+01   -1.000000E+01   -1.000000E+00   -9.499000E+00   -9.484566E+00
   1.640000E-09    2.000000E+00    1.279000E+00    9.300000E+01    1.352000E+00   -1.807000E+00   -1.000000E+01    2.378000E+00   -1.000000E+01   -1.000000E+01   -1.000000E+01    2.699000E+00    7.250000E+00    9.752000E+00    2.550000E+00    4.000000E+00    3.400000E+01    2.921000E+00    2.071000E+00    3.450000E+00    1.690000E+00    1.494000E-01    9.552000E-04   -1.042000E+01    2.000000E+00    2.000000E+00    1.600000E+03    5.000000E+01   -1.000000E+01   -1.000000E+00   -1.004000E+01   -1.007023E+01
   2.000000E-09    4.000000E+00    1.279000E+00    9.300000E+01    1.398000E+00   -2.301000E+00   -1.000000E+01    2.362000E+00   -1.000000E+01   -1.000000E+01   -1.000000E+01   -1.000000E+01    7.000000E+00    7.280000E+00    1.900000E+00    5.000000E+00    4.300000E+01    2.817000E+00    2.415000E+00    3.850000E+00    1.690000E+00    6.690000E-02    8.974000E-04   -1.067000E+01    2.000000E+00    2.000000E+00    1.400000E+03    4.750000E+01   -1.000000E+01    0.000000E+00   -9.757000E+00   -9.785256E+00
   1.180000E-09    1.000000E+00    1.453000E+00    1.080000E+02    6.990000E-01   -1.000000E+01   -1.000000E+01   -1.000000E+01   -1.000000E+01   -1.000000E+01   -1.000000E+01   -1.000000E+01    5.725000E+00    1.297000E+01    3.160000E+00    3.000000E+00    1.700000E+01    2.822000E+00    1.530000E+00    2.890000E+00    1.580000E+00    2.659000E-01    1.536000E-03   -1.453000E+01    2.000000E+00    2.000000E+00    9.000000E+02    9.800000E+01   -1.000000E+01   -1.000000E+00   -9.818000E+00   -9.797376E+00
   2.090000E-09    1.000000E+00    1.580000E+00    7.870000E+01    1.398000E+00   -1.000000E+00   -1.000000E+01    3.362000E+00   -1.000000E+01   -1.000000E+01   -1.000000E+01   -1.000000E+01    8.008000E+00    3.894000E+00    7.900000E-01    6.000000E+00    5.500000E+01    2.333000E+00    2.090000E+00    4.360000E+00    1.316000E+00    4.778000E-02    8.974000E-04   -1.002000E+01    2.000000E+00    1.000000E+00    4.000000E+02    8.200000E+01   -1.000000E+01    1.000000E+00   -9.154000E+00   -9.194085E+00
   6.100000E-10    3.000000E+00    1.279000E+00    9.300000E+01    1.389000E+00   -2.222000E+00   -1.000000E+01   -1.000000E+01   -1.000000E+01    2.027000E+00   -1.000000E+01   -1.000000E+01    7.630000E+00    5.644000E+00    1.170000E+00    6.000000E+00    6.200000E+01    2.809000E+00    7.356000E-01    4.360000E+00    1.690000E+00    5.819000E-01    9.086000E-04   -1.063000E+01    2.000000E+00    2.000000E+00    1.800000E+03    4.750000E+01   -1.000000E+01    1.000000E+00   -1.066000E+01   -1.063916E+01
   8.050000E-10    2.000000E+00    2.155000E+00    8.300000E+01    1.398000E+00   -1.549000E-01   -1.000000E+01    4.207000E+00   -1.000000E+01   -1.000000E+01   -1.000000E+01   -1.000000E+01    7.796000E+00    5.695000E+00    9.500000E-01    5.000000E+00    3.800000E+01    2.491000E+00    8.596000E-01    3.850000E+00    7.637000E-01    4.621000E-01    8.974000E-04   -9.594000E+00    3.000000E+00    1.000000E+00    1.950000E+03    1.000000E+02   -1.000000E+01    2.000000E+00   -1.092000E+01   -1.065924E+01
   3.690000E-09    1.000000E+00    1.580000E+00    7.870000E+01    1.398000E+00   -1.699000E+00   -1.000000E+01    2.663000E+00   -1.000000E+01    2.851000E+00   -1.000000E+01   -1.000000E+01    7.261000E+00    3.894000E+00    7.900000E-01    6.000000E+00    5.500000E+01    2.333000E+00    3.690000E+00    4.360000E+00    1.316000E+00   -1.991000E-01    8.974000E-04   -1.037000E+01    2.000000E+00    7.000000E+00    1.910000E+03    8.200000E+01   -1.000000E+01    1.000000E+00   -1.014000E+01   -1.017705E+01
   8.100000E-10    4.000000E+00    6.232000E-01    6.700000E+01    1.431000E+00   -1.398000E+00    8.451000E-01    2.784000E+00    1.869000E+00    2.785000E+00   -1.000000E+01    2.785000E+00    1.060000E+01    9.752000E+00    2.550000E+00    4.000000E+00    3.400000E+01    2.921000E+00    1.008000E+00    3.450000E+00    2.203000E+00    4.623000E-01    8.547000E-04   -1.021000E+01    1.300000E+01    3.000000E+00    1.800000E+03    0.000000E+00   -1.000000E+01   -2.000000E+00   -9.728000E+00   -9.736715E+00
   2.000000E-09    1.000000E+00    1.580000E+00    7.900000E+01    1.398000E+00   -1.000000E+00   -1.000000E+01    3.362000E+00   -1.000000E+01   -1.000000E+01   -1.000000E+01   -1.000000E+01    8.200000E+00    1.045000E+01    2.660000E+00    5.000000E+00    5.300000E+01    3.375000E+00    2.893000E+00    3.850000E+00    1.318000E+00    6.690000E-02    8.974000E-04   -1.002000E+01    2.000000E+00    1.000000E+00    1.600000E+03    8.000000E+01   -1.000000E+01   -1.000000E+00   -1.010000E+01   -1.027883E+01
   2.090000E-09    1.000000E+00    1.453000E+00    1.080000E+02    1.398000E+00   -1.000000E+00   -1.000000E+01    3.362000E+00   -1.000000E+01    3.550000E+00   -1.000000E+01   -1.000000E+01    7.287000E+00    1.297000E+01    3.160000E+00    3.000000E+00    1.700000E+01    2.822000E+00    2.528000E+00    2.890000E+00    1.580000E+00    4.778000E-02    8.974000E-04   -1.002000E+01    2.000000E+00    2.000000E+00    1.000000E+03    9.800000E+01   -1.000000E+01   -1.000000E+00   -9.648000E+00   -9.659287E+00
   1.690000E-09    2.000000E+00    1.744000E+00    8.200000E+01    1.778000E+00    1.335000E-01    1.469000E+00    3.704000E+00    4.176000E+00    4.535000E+00    1.000000E+00    2.898000E+00    7.784000E+00    5.695000E+00    9.500000E-01    5.000000E+00    3.800000E+01    2.491000E+00    1.615000E+00    3.850000E+00    1.170000E+00    1.882000E-01    4.494000E-04   -9.425000E+00    2.000000E+00    2.000000E+00    1.650000E+03    8.000000E+01    1.699000E+00    2.000000E+00   -9.955000E+00   -9.952147E+00
   4.300000E-10    4.000000E+00    1.279000E+00    9.300000E+01    1.398000E+00   -2.190000E-01   -1.000000E+01    4.105000E+00    2.983000E+00    2.697000E+00    2.086000E+00   -1.000000E+01    1.250000E+01    6.194000E+00    1.380000E+00    7.000000E+00    9.200000E+01    3.368000E+00    6.207000E-01    4.990000E+00    1.690000E+00    7.345000E-01    8.974000E-04   -9.626000E+00    2.000000E+00    2.000000E+00    1.200000E+03    4.750000E+01   -1.000000E+01    0.000000E+00   -1.026000E+01   -1.029291E+01
   1.330000E-09    1.000000E+00    1.453000E+00    1.100000E+02    1.362000E+00   -2.000000E+00   -1.000000E+01    2.362000E+00   -1.000000E+01    2.550000E+00   -1.000000E+01   -1.000000E+01    7.000000E+00    5.139000E+00    9.300000E-01    3.000000E+00    1.100000E+01    1.777000E+00    1.020000E+00    2.890000E+00    1.588000E+00    2.412000E-01    9.432000E-04   -1.052000E+01    2.000000E+00    1.000000E+00    8.000000E+02    9.800000E+01   -1.000000E+01    1.000000E+00   -8.818000E+00   -9.011313E+00
   1.550000E-09    4.000000E+00    1.408000E+00    3.750000E+01    1.398000E+00   -3.010000E-01   -1.000000E+01    4.061000E+00   -1.000000E+01    4.249000E+00   -1.000000E+01   -1.000000E+01    7.700000E+00    9.752000E+00    2.550000E+00    4.000000E+00    3.400000E+01    2.921000E+00    1.941000E+00    3.450000E+00    1.166000E+00    1.776000E-01    8.974000E-04   -9.667000E+00    2.000000E+00    1.000000E+00    1.200000E+03    3.300000E+01   -1.000000E+01   -1.000000E+00   -9.983000E+00   -9.945427E+00
   2.100000E-09    1.000000E+00    1.279000E+00    9.300000E+01    1.398000E+00   -2.190000E-01   -1.000000E+01    4.105000E+00    2.983000E+00    2.697000E+00    2.086000E+00   -1.000000E+01    1.250000E+01    3.894000E+00    7.900000E-01    6.000000E+00    5.500000E+01    2.333000E+00    2.100000E+00    4.360000E+00    1.690000E+00    4.571000E-02    8.974000E-04   -9.626000E+00    2.000000E+00    2.000000E+00    1.800000E+03    4.750000E+01   -1.000000E+01    1.000000E+00   -1.012000E+01   -1.008228E+01
   2.000000E-09    1.000000E+00    1.580000E+00    7.900000E+01    1.398000E+00   -1.000000E+00   -1.000000E+01    3.362000E+00   -1.000000E+01   -1.000000E+01   -1.000000E+01   -1.000000E+01    8.200000E+00    1.045000E+01    2.660000E+00    5.000000E+00    5.300000E+01    3.375000E+00    2.893000E+00    3.850000E+00    1.318000E+00    6.690000E-02    8.974000E-04   -1.002000E+01    2.000000E+00    1.000000E+00    1.200000E+03    8.000000E+01   -1.000000E+01   -1.000000E+00   -9.754000E+00   -9.713973E+00
   2.270000E-09    0.000000E+00    1.453000E+00    1.100000E+02    1.362000E+00   -2.000000E+00   -1.000000E+01    2.362000E+00   -1.000000E+01    2.550000E+00   -1.000000E+01   -1.000000E+01    7.000000E+00    1.360000E+01    2.200000E+00    1.000000E+00    1.000000E+00    8.499000E-01    8.326000E-01    8.500000E-01    1.588000E+00    8.980000E-03    9.432000E-04   -1.052000E+01    2.000000E+00    1.000000E+00    8.000000E+02    9.800000E+01   -1.000000E+01    0.000000E+00   -1.016000E+01   -1.003874E+01
   1.130000E-09    6.000000E+00    1.780000E+00    7.600000E+01    1.176000E+00   -3.010000E-01   -1.000000E+01    4.061000E+00   -1.000000E+01    4.249000E+00   -1.000000E+01   -1.000000E+01    5.600000E+00    6.767000E+00    1.660000E+00    4.000000E+00    2.400000E+01    2.434000E+00    1.220000E+00    3.450000E+00    1.100000E+00    3.000000E-01    1.162000E-03   -9.674000E+00    2.000000E+00    1.000000E+00    1.700000E+03    4.600000E+01   -1.000000E+01   -1.000000E+00   -1.092000E+01   -1.071022E+01
   2.032000E-10    1.000000E+00    1.748000E+00    1.110000E+02    1.602000E+00   -6.778000E-01    1.637000E+00    3.472000E+00    2.790000E+00    3.517000E+00    1.749000E+00    3.638000E+00    7.550000E+00    1.297000E+01    3.160000E+00    3.000000E+00    1.700000E+01    2.822000E+00    2.340000E-01    2.890000E+00    1.297000E+00    1.081000E+00    6.389000E-04   -9.844000E+00    2.000000E+00    1.000000E+00    1.650000E+03    9.200000E+01   -1.000000E+01   -1.000000E+00   -1.066000E+01   -1.052371E+01
   2.220000E-09    0.000000E+00    1.602000E+00    1.400000E+01    1.362000E+00   -9.586000E-01    9.345000E-01    3.403000E+00    5.328000E-01    3.575000E+00    2.387000E+00    1.904000E+00    8.200000E+00    1.360000E+01    2.200000E+00    1.000000E+00    1.000000E+00    8.499000E-01    8.142000E-01    8.500000E-01    5.441000E-01    1.865000E-02    9.432000E-04   -9.997000E+00    5.000000E+00    1.000000E+00    2.450000E+03    0.000000E+00   -1.000000E+01    0.000000E+00   -1.057000E+01   -1.061718E+01
   1.460000E-09    7.000000E+00    1.408000E+00    7.200000E+01    1.398000E+00   -1.184000E+00    1.199000E+00    3.079000E+00    2.103000E+00    2.783000E+00    1.919000E+00    2.732000E+00    8.300000E+00    7.834000E+00    1.900000E+00    6.000000E+00    7.500000E+01    3.309000E+00    2.071000E+00    4.360000E+00    1.449000E+00    2.036000E-01    8.974000E-04   -1.011000E+01    2.000000E+00    1.000000E+00    1.200000E+03    7.500000E+01   -1.000000E+01   -1.000000E+00   -1.023000E+01   -1.026096E+01
   8.890000E-10    4.000000E+00    2.025000E+00    8.100000E+01    1.352000E+00    6.990000E-01   -1.000000E+01    5.061000E+00   -1.000000E+01    5.249000E+00   -1.000000E+01   -1.000000E+01    1.250000E+01    1.126000E+01    2.550000E+00    2.000000E+00    6.000000E+00    1.811000E+00    6.958000E-01    1.990000E+00    8.832000E-01    4.154000E-01    9.552000E-04   -9.169000E+00    2.500000E+01    1.000000E+00    1.650000E+03    0.000000E+00   -1.000000E+01   -2.000000E+00   -1.152000E+01   -1.141121E+01
   1.330000E-09    1.000000E+00    1.531000E+00    1.300000E+01    1.362000E+00   -4.510000E-01    1.806000E+00    3.749000E+00    2.949000E+00    3.984000E+00    1.477000E+00    3.368000E+00    7.680000E+00    5.139000E+00    9.300000E-01    3.000000E+00    1.100000E+01    1.777000E+00    1.020000E+00    2.890000E+00    5.825000E-01    2.412000E-01    9.432000E-04   -9.743000E+00    4.000000E+00    1.000000E+00    2.700000E+03    0.000000E+00   -1.000000E+01    1.000000E+00   -1.102000E+01   -1.153116E+01
   2.100000E-09    0.000000E+00    1.474000E+00    7.600000E+01    1.362000E+00   -1.000000E+00   -1.000000E+01    3.362000E+00   -1.000000E+01    3.550000E+00   -1.000000E+01   -1.000000E+01    6.618000E+00    1.360000E+01    2.200000E+00    1.000000E+00    1.000000E+00    8.499000E-01    7.702000E-01    8.500000E-01    1.407000E+00    4.279000E-02    9.432000E-04   -1.002000E+01    2.000000E+00    1.000000E+00    1.300000E+03    8.000000E+01   -1.000000E+01    0.000000E+00   -1.011000E+01   -9.949007E+00
   2.220000E-09    0.000000E+00    1.748000E+00    1.110000E+02    1.903000E+00   -7.282000E-01    1.596000E+00    3.415000E+00    2.736000E+00    3.353000E+00    1.827000E+00    3.670000E+00    7.560000E+00    1.360000E+01    2.200000E+00    1.000000E+00    1.000000E+00    8.499000E-01    6.828000E-01    8.500000E-01    1.297000E+00    9.510000E-02    3.547000E-04   -9.844000E+00    2.000000E+00    1.000000E+00    1.400000E+03    9.200000E+01   -1.000000E+01    0.000000E+00   -9.544000E+00   -9.689729E+00
   2.000000E-09    1.000000E+00    1.744000E+00    8.200000E+01    1.362000E+00   -1.775000E+00    4.829000E-01    2.378000E+00    1.684000E+00    8.306000E-01    2.668000E+00    1.386000E+00    7.520000E+00    1.297000E+01    3.160000E+00    3.000000E+00    1.700000E+01    2.822000E+00    2.435000E+00    2.890000E+00    1.170000E+00    6.398000E-02    9.432000E-04   -1.041000E+01    2.000000E+00    1.000000E+00    1.200000E+03    8.000000E+01   -1.000000E+01   -1.000000E+00   -1.126000E+01   -1.102223E+01
   7.420000E-10    1.000000E+00    1.453000E+00    1.080000E+02    6.990000E-01   -1.000000E+01   -1.000000E+01   -1.000000E+01   -1.000000E+01   -1.000000E+01   -1.000000E+01   -1.000000E+01    6.410000E+00    5.139000E+00    9.300000E-01    3.000000E+00    1.100000E+01    1.777000E+00    6.056000E-01    2.890000E+00    1.580000E+00    4.674000E-01    1.536000E-03   -1.453000E+01    2.000000E+00    2.000000E+00    8.000000E+02    9.800000E+01   -1.000000E+01    1.000000E+00   -9.939000E+00   -9.984614E+00
   6.020000E-10    3.000000E+00    1.580000E+00    7.900000E+01    1.398000E+00   -1.000000E+00   -1.000000E+01    3.362000E+00   -1.000000E+01    3.550000E+00   -1.000000E+01   -1.000000E+01    8.000000E+00    5.670000E+00    1.200000E+00    6.000000E+00    6.300000E+01    2.815000E+00    7.264000E-01    4.360000E+00    1.318000E+00    5.883000E-01    8.974000E-04   -1.002000E+01    2.000000E+00    3.000000E+00    1.000000E+03    8.200000E+01   -1.000000E+01    3.000000E+00   -1.004000E+01   -1.000503E+01
   2.032000E-10    1.000000E+00    1.602000E+00    1.400000E+01    1.362000E+00   -1.699000E+00    9.345000E-01    2.362000E+00    5.328000E-01    2.338000E+00    2.387000E+00    1.904000E+00    8.300000E+00    1.297000E+01    3.160000E+00    3.000000E+00    1.700000E+01    2.822000E+00    2.474000E-01    2.890000E+00    5.441000E-01    1.057000E+00    9.432000E-04   -1.037000E+01    5.000000E+00    1.000000E+00    2.450000E+03    0.000000E+00   -1.000000E+01   -1.000000E+00   -1.181000E+01   -1.171558E+01
   2.220000E-09    0.000000E+00    1.833000E+00    7.100000E+01    1.491000E+00   -6.990000E-01   -1.000000E+01    2.061000E+00   -1.000000E+01    2.249000E+00   -1.000000E+01   -1.000000E+01    7.000000E+00    1.360000E+01    2.200000E+00    1.000000E+00    1.000000E+00    8.499000E-01    7.928000E-01    8.500000E-01    1.019000E+00    3.023000E-02    7.777000E-04   -9.861000E+00    6.000000E+00    1.000000E+00    1.500000E+03    0.000000E+00   -1.000000E+01    0.000000E+00   -9.721000E+00   -9.787169E+00
   2.000000E-09    7.000000E+00    6.232000E-01    6.700000E+01    1.398000E+00   -1.000000E+00   -1.000000E+01    3.362000E+00   -1.000000E+01   -1.000000E+01   -1.000000E+01   -1.000000E+01    4.000000E+00    7.280000E+00    1.900000E+00    5.000000E+00    4.300000E+01    2.817000E+00    2.415000E+00    3.850000E+00    2.203000E+00    6.690000E-02    8.974000E-04   -1.002000E+01    1.300000E+01    1.000000E+00    2.700000E+03    0.000000E+00   -1.000000E+01   -1.000000E+00   -1.201000E+01   -1.196469E+01
   2.000000E-09    1.000000E+00    1.279000E+00    9.300000E+01    1.362000E+00    0.000000E+00   -1.000000E+01    4.362000E+00   -1.000000E+01    4.550000E+00   -1.000000E+01   -1.000000E+01    1.250000E+01    1.045000E+01    2.660000E+00    5.000000E+00    5.300000E+01    3.375000E+00    2.913000E+00    3.850000E+00    1.690000E+00    6.398000E-02    9.432000E-04   -9.518000E+00    2.000000E+00    1.000000E+00    1.600000E+03    4.800000E+01    1.477000E+00   -1.000000E+00   -1.028000E+01   -1.041289E+01
   2.100000E-09    1.000000E+00    1.453000E+00    1.080000E+02    1.778000E+00   -2.924000E-01   -1.000000E+01    4.069000E+00   -1.000000E+01    4.257000E+00   -1.000000E+01   -1.000000E+01    7.685000E+00    3.894000E+00    7.900000E-01    6.000000E+00    5.500000E+01    2.333000E+00    1.879000E+00    4.360000E+00    1.580000E+00    9.392000E-02    4.494000E-04   -9.638000E+00    2.000000E+00    2.000000E+00    9.000000E+02    9.999000E+01   -1.000000E+01    1.000000E+00   -9.577000E+00   -9.599641E+00
   2.000000E-09    1.000000E+00    1.580000E+00    7.900000E+01    1.398000E+00   -2.000000E+00   -1.000000E+01    2.362000E+00   -1.000000E+01   -1.000000E+01   -1.000000E+01   -1.000000E+01    8.200000E+00    1.297000E+01    3.160000E+00    3.000000E+00    1.700000E+01    2.822000E+00    2.419000E+00    2.890000E+00    1.318000E+00    6.690000E-02    8.974000E-04   -1.052000E+01    2.000000E+00    1.000000E+00    1.800000E+03    8.000000E+01   -1.000000E+01   -1.000000E+00   -1.029000E+01   -1.046256E+01
   2.090000E-09    1.000000E+00    1.580000E+00    7.900000E+01    1.398000E+00   -6.990000E-01    1.893000E+00    3.508000E+00    2.904000E+00    3.754000E+00    1.785000E+00    2.584000E+00    7.700000E+00    3.894000E+00    7.900000E-01    6.000000E+00    5.500000E+01    2.333000E+00    2.090000E+00    4.360000E+00    1.318000E+00    4.778000E-02    8.974000E-04   -9.866000E+00    2.000000E+00    5.000000E+00    1.800000E+03    8.000000E+01   -1.000000E+01    1.000000E+00   -9.539000E+00   -9.553712E+00
   2.140000E-09    0.000000E+00    1.279000E+00    9.300000E+01    1.699000E+00   -2.757000E-01    5.922000E-01    4.024000E+00    2.558000E+00    4.302000E+00   -1.000000E+01    4.065000E-01    8.300000E+00    1.360000E+01    2.200000E+00    1.000000E+00    1.000000E+00    8.499000E-01    7.193000E-01    8.500000E-01    1.690000E+00    7.248000E-02    5.279000E-04   -9.637000E+00    2.000000E+00    1.000000E+00    1.600000E+03    4.800000E+01    1.477000E+00    0.000000E+00   -9.535000E+00   -9.602619E+00
   2.090000E-09    1.000000E+00   -2.218000E-01    1.730000E+01    1.398000E+00   -1.959000E+00   -6.990000E-01    9.823000E-01    7.497000E-01    2.967000E-01    1.348000E+00    9.581000E-01    8.920000E+00    3.894000E+00    7.900000E-01    6.000000E+00    5.500000E+01    2.333000E+00    2.090000E+00    4.360000E+00    2.460000E+00    4.778000E-02    8.974000E-04   -1.050000E+01    2.700000E+01    1.000000E+00    2.430000E+03    0.000000E+00   -1.000000E+01    1.000000E+00   -1.074000E+01   -1.069034E+01
   1.010000E-09    1.000000E+00    1.453000E+00    1.080000E+02    1.176000E+00   -1.000000E+01   -1.000000E+01   -1.000000E+01   -1.000000E+01   -1.000000E+01   -1.000000E+01   -1.000000E+01    5.692000E+00    5.139000E+00    9.300000E-01    3.000000E+00    1.100000E+01    1.777000E+00    7.958000E-01    2.890000E+00    1.580000E+00    3.488000E-01    1.162000E-03   -1.452000E+01    2.000000E+00    2.000000E+00    1.800000E+03    9.800000E+01   -1.000000E+01    1.000000E+00   -1.066000E+01   -1.067769E+01
   2.410000E-09    2.000000E+00    1.279000E+00    9.300000E+01    1.845000E+00   -2.538000E+00   -1.000000E+01    1.824000E+00   -1.000000E+01   -1.000000E+01    2.248000E+00   -1.000000E+01    9.100000E+00    5.695000E+00    9.500000E-01    5.000000E+00    3.800000E+01    2.491000E+00    2.236000E+00    3.850000E+00    1.690000E+00    4.696000E-02    3.939000E-04   -1.075000E+01    2.000000E+00    2.000000E+00    1.050000E+03    5.000000E+01   -1.000000E+01    2.000000E+00   -9.025000E+00   -9.256473E+00
   2.000000E-09    1.000000E+00    6.021000E-01    6.700000E+01    1.398000E+00   -1.523000E+00   -1.000000E+01   -1.000000E+01   -1.000000E+01    2.851000E+00   -1.000000E+01   -1.000000E+01    6.500000E+00    1.045000E+01    2.660000E+00    5.000000E+00    5.300000E+01    3.375000E+00    2.893000E+00    3.850000E+00    2.224000E+00    6.690000E-02    8.974000E-04   -1.028000E+01    1.300000E+01    1.000000E+00    2.640000E+03    0.000000E+00   -1.000000E+01   -1.000000E+00   -1.221000E+01   -1.215781E+01
   2.000000E-09    1.000000E+00    1.279000E+00    9.300000E+01    1.362000E+00   -2.000000E+00   -1.000000E+01    2.362000E+00   -1.000000E+01    2.550000E+00   -1.000000E+01   -1.000000E+01    1.250000E+01    1.045000E+01    2.660000E+00    5.000000E+00    5.300000E+01    3.375000E+00    2.913000E+00    3.850000E+00    1.690000E+00    6.398000E-02    9.432000E-04   -1.052000E+01    2.000000E+00    1.000000E+00    1.600000E+03    4.800000E+01   -1.000000E+01   -1.000000E+00   -1.146000E+01   -1.135953E+01
   9.000000E-10    2.000000E+00    1.279000E+00    9.300000E+01    1.398000E+00    8.198000E-01   -1.000000E+01    5.178000E+00    3.983000E+00    5.366000E+00    2.086000E+00   -1.000000E+01    1.250000E+01    7.344000E+00    1.960000E+00    5.000000E+00    5.000000E+01    2.829000E+00    1.091000E+00    3.850000E+00    1.690000E+00    4.137000E-01    8.974000E-04   -9.106000E+00    2.000000E+00    2.000000E+00    1.200000E+03    4.750000E+01   -1.000000E+01    2.000000E+00   -9.947000E+00   -9.927331E+00
   2.030000E-09    1.000000E+00    1.744000E+00    8.200000E+01    1.398000E+00   -5.834000E-01    9.156000E-01    3.281000E+00    3.328000E+00    3.810000E+00    1.833000E+00    3.016000E+00    8.868000E+00    1.297000E+01    3.160000E+00    3.000000E+00    1.700000E+01    2.822000E+00    2.455000E+00    2.890000E+00    1.170000E+00    6.043000E-02    8.974000E-04   -9.808000E+00    2.000000E+00    2.000000E+00    1.610000E+03    8.000000E+01    1.699000E+00   -1.000000E+00   -9.839000E+00   -9.993393E+00
   2.090000E-09    1.000000E+00    1.477000E+00    2.100000E+01    1.362000E+00   -1.356000E+00    1.990000E+00    2.225000E+00    2.512000E+00    3.094000E+00    2.354000E+00    2.238000E+00    7.800000E+00    3.894000E+00    7.900000E-01    6.000000E+00    5.500000E+01    2.333000E+00    2.104000E+00    4.360000E+00    8.451000E-01    4.486000E-02    9.432000E-04   -1.020000E+01    4.000000E+00    1.000000E+00    2.670000E+03    5.000000E+01   -1.000000E+01    1.000000E+00   -9.569000E+00   -9.665930E+00
   2.032000E-10    1.000000E+00    1.531000E+00    1.300000E+01    1.362000E+00   -4.510000E-01    1.806000E+00    3.749000E+00    2.949000E+00    3.984000E+00    1.477000E+00    3.368000E+00    7.680000E+00    1.297000E+01    3.160000E+00    3.000000E+00    1.700000E+01    2.822000E+00    2.474000E-01    2.890000E+00    5.825000E-01    1.057000E+00    9.432000E-04   -9.743000E+00    4.000000E+00    1.000000E+00    2.700000E+03    0.000000E+00   -1.000000E+01   -1.000000E+00   -1.130000E+01   -1.178656E+01
   4.300000E-10    4.000000E+00    1.447000E+00    1.080000E+02    1.398000E+00    0.000000E+00   -1.000000E+01   -1.000000E+01   -1.000000E+01   -1.000000E+01   -1.000000E+01   -1.000000E+01    9.000000E+00    6.194000E+00    1.380000E+00    7.000000E+00    9.200000E+01    3.368000E+00    6.207000E-01    4.990000E+00    1.586000E+00    7.345000E-01    8.974000E-04   -9.516000E+00    2.000000E+00    2.000000E+00    1.200000E+03    9.990000E+01   -1.000000E+01    0.000000E+00   -1.050000E+01   -1.042483E+01
   2.000000E-09    1.000000E+00    1.447000E+00    1.080000E+02    1.398000E+00   -1.301000E+00   -1.000000E+01    3.061000E+00   -1.000000E+01    3.248000E+00   -1.000000E+01   -1.000000E+01    6.300000E+00    1.045000E+01    2.660000E+00    5.000000E+00    5.300000E+01    3.375000E+00    2.893000E+00    3.850000E+00    1.586000E+00    6.690000E-02    8.974000E-04   -1.017000E+01    2.000000E+00    1.000000E+00    9.000000E+02    1.000000E+02   -1.000000E+01   -1.000000E+00   -1.080000E+01   -1.086625E+01
   4.300000E-10    4.000000E+00    1.279000E+00    9.300000E+01    1.398000E+00   -2.190000E-01   -1.000000E+01    4.105000E+00    2.983000E+00    2.697000E+00    2.086000E+00   -1.000000E+01    1.250000E+01    6.194000E+00    1.380000E+00    7.000000E+00    9.200000E+01    3.368000E+00    6.207000E-01    4.990000E+00    1.690000E+00    7.345000E-01    8.974000E-04   -9.626000E+00    2.000000E+00    2.000000E+00    1.800000E+03    4.750000E+01   -1.000000E+01    0.000000E+00   -1.082000E+01   -1.073115E+01
   1.350000E-09    1.000000E+00    1.453000E+00    1.080000E+02    1.398000E+00   -1.000000E+01   -1.000000E+01   -1.000000E+01   -1.000000E+01   -1.000000E+01   -1.000000E+01   -1.000000E+01    6.229000E+00    5.139000E+00    9.300000E-01    3.000000E+00    1.100000E+01    1.777000E+00    1.028000E+00    2.890000E+00    1.580000E+00    2.376000E-01    8.974000E-04   -1.452000E+01    2.000000E+00    2.000000E+00    1.800000E+03    9.800000E+01    1.591000E+00    1.000000E+00   -1.037000E+01   -1.035702E+01
   2.100000E-09    0.000000E+00    1.279000E+00    9.300000E+01    1.398000E+00   -1.000000E+01   -1.000000E+01   -1.000000E+01   -1.000000E+01   -1.000000E+01   -1.000000E+01   -1.000000E+01    1.250000E+01    1.360000E+01    2.200000E+00    1.000000E+00    1.000000E+00    8.499000E-01    7.650000E-01    8.500000E-01    1.690000E+00    4.571000E-02    8.974000E-04   -1.452000E+01    2.000000E+00    2.000000E+00    1.800000E+03    4.750000E+01   -1.000000E+01    0.000000E+00   -1.012000E+01   -1.008756E+01
   7.900000E-10    2.000000E+00    1.580000E+00    7.900000E+01    1.362000E+00   -6.615000E-01    1.893000E+00    3.508000E+00    2.904000E+00    3.805000E+00    1.785000E+00    2.584000E+00    7.700000E+00    5.695000E+00    9.500000E-01    5.000000E+00    3.800000E+01    2.491000E+00    8.493000E-01    3.850000E+00    1.318000E+00    4.674000E-01    9.432000E-04   -9.848000E+00    2.000000E+00    1.000000E+00    1.800000E+03    8.500000E+01    1.176000E+00    2.000000E+00   -9.676000E+00   -9.797285E+00
   1.130000E-09    6.000000E+00    1.408000E+00    7.200000E+01    1.176000E+00   -4.949000E-01   -1.000000E+01    3.839000E+00   -1.000000E+01    4.027000E+00   -1.000000E+01   -1.000000E+01    5.600000E+00    6.767000E+00    1.660000E+00    4.000000E+00    2.400000E+01    2.434000E+00    1.220000E+00    3.450000E+00    1.449000E+00    3.000000E-01    1.162000E-03   -9.771000E+00    2.000000E+00    1.000000E+00    1.300000E+03    7.500000E+01   -1.000000E+01   -1.000000E+00   -1.019000E+01   -1.020285E+01
   1.300000E-09    1.000000E+00   -1.549000E-01    1.000000E+01    1.398000E+00   -5.157000E-01    1.000000E+00    3.380000E+00    3.405000E+00    3.922000E+00    1.230000E+00    2.230000E+00    8.700000E+00    5.139000E+00    9.300000E-01    3.000000E+00    1.100000E+01    1.777000E+00    9.899000E-01    2.890000E+00    2.155000E+00    2.540000E-01    8.974000E-04   -9.774000E+00    1.400000E+01    1.000000E+00    2.730000E+03    0.000000E+00   -1.000000E+01    1.000000E+00   -1.119000E+01   -1.131473E+01
   1.550000E-09    1.000000E+00    1.453000E+00    1.080000E+02    1.477000E+00   -1.000000E+01   -1.000000E+01   -1.000000E+01   -1.000000E+01   -1.000000E+01   -1.000000E+01   -1.000000E+01    6.317000E+00    5.139000E+00    9.300000E-01    3.000000E+00    1.100000E+01    1.777000E+00    1.161000E+00    2.890000E+00    1.580000E+00    1.848000E-01    7.959000E-04   -1.451000E+01    2.000000E+00    2.000000E+00    1.800000E+03    9.800000E+01   -1.000000E+01    1.000000E+00   -1.053000E+01   -1.050882E+01
   1.550000E-09    4.000000E+00    6.232000E-01    6.700000E+01    1.431000E+00   -1.146000E+00    1.301000E+00    3.024000E+00    2.243000E+00    3.027000E+00    2.556000E+00    2.970000E+00    7.580000E+00    9.752000E+00    2.550000E+00    4.000000E+00    3.400000E+01    2.921000E+00    1.928000E+00    3.450000E+00    2.203000E+00    1.805000E-01    8.547000E-04   -1.009000E+01    1.300000E+01    1.000000E+00    2.610000E+03    0.000000E+00   -1.000000E+01   -1.000000E+00   -1.250000E+01   -1.283995E+01
   2.000000E-09    1.000000E+00    1.447000E+00    1.080000E+02    1.398000E+00   -1.383000E+00   -1.000000E+01    2.985000E+00   -1.000000E+01   -1.000000E+01    3.178000E+00    2.585000E+00    1.020000E+01    1.297000E+01    3.160000E+00    3.000000E+00    1.700000E+01    2.822000E+00    2.419000E+00    2.890000E+00    1.586000E+00    6.690000E-02    8.974000E-04   -1.021000E+01    2.000000E+00    1.000000E+00    1.600000E+03    9.800000E+01    1.954000E+00   -1.000000E+00   -9.699000E+00   -9.921994E+00
   4.300000E-10    4.000000E+00    1.279000E+00    9.300000E+01    1.398000E+00   -2.190000E-01   -1.000000E+01    4.105000E+00    2.983000E+00    2.697000E+00    2.086000E+00   -1.000000E+01    1.250000E+01    6.194000E+00    1.380000E+00    7.000000E+00    9.200000E+01    3.368000E+00    6.207000E-01    4.990000E+00    1.690000E+00    7.345000E-01    8.974000E-04   -9.626000E+00    2.000000E+00    2.000000E+00    1.800000E+03    4.750000E+01   -1.000000E+01    0.000000E+00   -1.082000E+01   -1.073115E+01
   2.090000E-09    1.000000E+00    6.021000E-01    6.700000E+01    1.398000E+00   -6.108000E-01    9.079000E-01    3.322000E+00    3.276000E+00    3.800000E+00    1.000000E+00    2.748000E+00    7.500000E+00    3.894000E+00    7.900000E-01    6.000000E+00    5.500000E+01    2.333000E+00    2.090000E+00    4.360000E+00    2.224000E+00    4.778000E-02    8.974000E-04   -9.822000E+00    1.300000E+01    1.000000E+00    1.450000E+03    0.000000E+00   -1.000000E+01    1.000000E+00   -1.033000E+01   -9.882665E+00
   1.460000E-09    7.000000E+00    1.474000E+00    7.600000E+01    1.301000E+00   -1.301000E+00   -1.000000E+01    3.061000E+00   -1.000000E+01    3.249000E+00   -1.000000E+01   -1.000000E+01    7.000000E+00    7.834000E+00    1.900000E+00    6.000000E+00    7.500000E+01    3.309000E+00    2.106000E+00    4.360000E+00    1.407000E+00    1.962000E-01    1.018000E-03   -1.017000E+01    2.000000E+00    1.000000E+00    1.400000E+03    8.130000E+01   -1.000000E+01   -1.000000E+00   -1.094000E+01   -1.090556E+01
   1.300000E-10    7.000000E+00    1.580000E+00    7.200000E+01    1.398000E+00   -3.010000E-01   -1.000000E+01    4.061000E+00   -1.000000E+01    4.249000E+00   -1.000000E+01   -1.000000E+01    4.000000E+00    7.834000E+00    1.900000E+00    6.000000E+00    7.500000E+01    3.309000E+00    1.844000E-01    4.360000E+00    1.278000E+00    1.254000E+00    8.974000E-04   -9.667000E+00    2.000000E+00    1.000000E+00    1.600000E+03    8.200000E+01   -1.000000E+01   -1.000000E+00   -1.096000E+01   -1.104686E+01
   2.220000E-09    0.000000E+00    1.531000E+00    1.300000E+01    1.398000E+00   -4.510000E-01    1.806000E+00    3.749000E+00    2.949000E+00    3.984000E+00    1.477000E+00    3.368000E+00    7.680000E+00    1.360000E+01    2.200000E+00    1.000000E+00    1.000000E+00    8.499000E-01    8.088000E-01    8.500000E-01    5.825000E-01    2.158000E-02    8.974000E-04   -9.742000E+00    4.000000E+00    1.000000E+00    2.700000E+03    0.000000E+00   -1.000000E+01    0.000000E+00   -1.109000E+01   -1.106208E+01
   1.130000E-09    6.000000E+00    1.999000E+00    1.080000E+02    1.362000E+00   -3.010000E-01   -1.000000E+01    4.061000E+00   -1.000000E+01    4.249000E+00   -1.000000E+01   -1.000000E+01    8.600000E+00    6.767000E+00    1.660000E+00    4.000000E+00    2.400000E+01    2.434000E+00    1.187000E+00    3.450000E+00    1.034000E+00    3.119000E-01    9.432000E-04   -9.668000E+00    3.000000E+00    1.000000E+00    1.700000E+03    1.000000E+02    1.301000E+00   -1.000000E+00   -1.052000E+01   -1.066411E+01
   7.570000E-10    2.000000E+00    2.477000E+00    5.000000E+01    1.362000E+00   -5.867000E-01    1.799000E+00    3.248000E+00    3.327000E+00    3.805000E+00    1.108000E+00    3.062000E+00    7.800000E+00    5.695000E+00    9.500000E-01    5.000000E+00    3.800000E+01    2.491000E+00    8.138000E-01    3.850000E+00    2.218000E-01    4.859000E-01    9.432000E-04   -9.811000E+00    2.600000E+01    1.000000E+00    1.600000E+03    3.500000E+01    1.699000E+00    2.000000E+00   -1.064000E+01   -1.037769E+01
   2.000000E-09    1.000000E+00    2.025000E+00    8.100000E+01    1.398000E+00   -1.000000E+00   -1.000000E+01    3.362000E+00   -1.000000E+01    3.550000E+00   -1.000000E+01   -1.000000E+01    9.540000E+00    1.297000E+01    3.160000E+00    3.000000E+00    1.700000E+01    2.822000E+00    2.419000E+00    2.890000E+00    8.832000E-01    6.690000E-02    8.974000E-04   -1.002000E+01    2.500000E+01    1.000000E+00    1.530000E+03    0.000000E+00   -1.000000E+01   -1.000000E+00   -1.080000E+01   -1.077409E+01
   1.010000E-09    1.000000E+00    1.453000E+00    1.080000E+02    1.176000E+00   -1.000000E+01   -1.000000E+01   -1.000000E+01   -1.000000E+01   -1.000000E+01   -1.000000E+01   -1.000000E+01    5.663000E+00    5.139000E+00    9.300000E-01    3.000000E+00    1.100000E+01    1.777000E+00    7.958000E-01    2.890000E+00    1.580000E+00    3.488000E-01    1.162000E-03   -1.452000E+01    2.000000E+00    2.000000E+00    1.800000E+03    9.800000E+01   -1.000000E+01    1.000000E+00   -1.071000E+01   -1.067769E+01
   9.560000E-10    4.000000E+00    1.279000E+00    9.300000E+01    1.398000E+00    6.990000E-01   -1.000000E+01    5.061000E+00   -1.000000E+01    5.249000E+00   -1.000000E+01   -1.000000E+01    1.250000E+01    1.126000E+01    2.550000E+00    2.000000E+00    6.000000E+00    1.811000E+00    7.420000E-01    1.990000E+00    1.690000E+00    3.875000E-01    8.974000E-04   -9.167000E+00    2.000000E+00    1.000000E+00    1.600000E+03    5.000000E+01   -1.000000E+01   -2.000000E+00   -1.096000E+01   -1.114104E+01
   2.140000E-09    0.000000E+00   -1.549000E-01    1.000000E+01    1.362000E+00   -5.157000E-01    1.000000E+00    3.380000E+00    3.405000E+00    3.922000E+00    1.230000E+00    2.230000E+00    8.770000E+00    1.360000E+01    2.200000E+00    1.000000E+00    1.000000E+00    8.499000E-01    7.849000E-01    8.500000E-01    2.155000E+00    3.459000E-02    9.432000E-04   -9.776000E+00    1.400000E+01    1.000000E+00    2.610000E+03    0.000000E+00   -1.000000E+01    0.000000E+00   -1.074000E+01   -1.085005E+01
   1.200000E-09    4.000000E+00    1.279000E+00    9.300000E+01    1.398000E+00   -2.301000E+00   -1.000000E+01    2.362000E+00   -1.000000E+01   -1.000000E+01   -1.000000E+01   -1.000000E+01    7.000000E+00    6.266000E+00    1.360000E+00    7.000000E+00    9.300000E+01    3.387000E+00    1.742000E+00    4.990000E+00    1.690000E+00    2.887000E-01    8.974000E-04   -1.067000E+01    2.000000E+00    2.000000E+00    1.800000E+03    4.750000E+01   -1.000000E+01    0.000000E+00   -1.037000E+01   -1.038593E+01
   1.200000E-09    4.000000E+00    1.279000E+00    9.300000E+01    1.398000E+00   -2.190000E-01   -1.000000E+01    4.105000E+00    2.983000E+00    2.697000E+00    2.086000E+00   -1.000000E+01    1.250000E+01    6.266000E+00    1.360000E+00    7.000000E+00    9.300000E+01    3.387000E+00    1.742000E+00    4.990000E+00    1.690000E+00    2.887000E-01    8.974000E-04   -9.626000E+00    2.000000E+00    2.000000E+00    1.200000E+03    4.750000E+01   -1.000000E+01    0.000000E+00   -9.821000E+00   -9.847726E+00
   1.200000E-09    5.000000E+00    1.602000E+00    1.400000E+02    1.301000E+00   -2.297000E+00   -1.000000E+01   -1.000000E+01    2.603000E+00   -1.000000E+01   -1.000000E+01   -1.000000E+01    6.000000E+00    6.266000E+00    1.360000E+00    7.000000E+00    9.300000E+01    3.387000E+00    1.772000E+00    4.990000E+00    1.544000E+00    2.814000E-01    1.018000E-03   -1.067000E+01    7.000000E+00    2.000000E+00    1.190000E+03    0.000000E+00   -1.000000E+01    1.000000E+00   -9.442000E+00   -9.463478E+00
   3.690000E-09    1.000000E+00    1.453000E+00    1.080000E+02    1.699000E+00   -1.000000E+01   -1.000000E+01   -1.000000E+01   -1.000000E+01   -1.000000E+01   -1.000000E+01   -1.000000E+01    6.829000E+00    1.297000E+01    3.160000E+00    3.000000E+00    1.700000E+01    2.822000E+00    4.118000E+00    2.890000E+00    1.580000E+00   -1.641000E-01    5.279000E-04   -1.450000E+01    2.000000E+00    2.000000E+00    8.000000E+02    9.800000E+01   -1.000000E+01   -1.000000E+00   -9.244000E+00   -9.370763E+00
   7.420000E-10    1.000000E+00    1.453000E+00    1.080000E+02    6.990000E-01   -1.000000E+01   -1.000000E+01   -1.000000E+01   -1.000000E+01   -1.000000E+01   -1.000000E+01   -1.000000E+01    5.778000E+00    5.139000E+00    9.300000E-01    3.000000E+00    1.100000E+01    1.777000E+00    6.056000E-01    2.890000E+00    1.580000E+00    4.674000E-01    1.536000E-03   -1.453000E+01    2.000000E+00    2.000000E+00    9.000000E+02    9.800000E+01   -1.000000E+01    1.000000E+00   -1.002000E+01   -1.006940E+01
   2.000000E-09    4.000000E+00    1.279000E+00    9.300000E+01    1.398000E+00   -2.301000E+00   -1.000000E+01    2.362000E+00   -1.000000E+01   -1.000000E+01   -1.000000E+01   -1.000000E+01    7.000000E+00    7.280000E+00    1.900000E+00    5.000000E+00    4.300000E+01    2.817000E+00    2.415000E+00    3.850000E+00    1.690000E+00    6.690000E-02    8.974000E-04   -1.067000E+01    2.000000E+00    2.000000E+00    1.400000E+03    4.750000E+01   -1.000000E+01    0.000000E+00   -9.757000E+00   -9.785256E+00
   2.000000E-09    1.000000E+00    2.477000E+00    5.000000E+01    1.380000E+00   -6.108000E-01    1.176000E+00    3.262000E+00    3.292000E+00    3.770000E+00    1.447000E+00    3.051000E+00    7.200000E+00    1.045000E+01    2.660000E+00    5.000000E+00    5.300000E+01    3.375000E+00    2.903000E+00    3.850000E+00    2.218000E-01    6.544000E-02    9.199000E-04   -9.822000E+00    2.600000E+01    1.000000E+00    1.360000E+03    3.500000E+01   -1.000000E+01   -1.000000E+00   -1.092000E+01   -1.089261E+01
   1.270000E-09    1.000000E+00    1.744000E+00    8.200000E+01    1.362000E+00   -5.719000E-01    1.437000E+00    3.441000E+00    3.205000E+00    3.851000E+00    1.086000E+00    3.129000E+00    7.700000E+00    5.139000E+00    9.300000E-01    3.000000E+00    1.100000E+01    1.777000E+00    9.736000E-01    2.890000E+00    1.170000E+00    2.612000E-01    9.432000E-04   -9.804000E+00    2.000000E+00    1.000000E+00    1.250000E+03    8.000000E+01    1.699000E+00    1.000000E+00   -1.000000E+01   -1.009184E+01
   2.140000E-09    0.000000E+00    1.744000E+00    8.200000E+01    1.362000E+00   -1.775000E+00    4.829000E-01    2.378000E+00    1.684000E+00    8.306000E-01    2.668000E+00    1.386000E+00    7.520000E+00    1.360000E+01    2.200000E+00    1.000000E+00    1.000000E+00    8.499000E-01    7.849000E-01    8.500000E-01    1.170000E+00    3.459000E-02    9.432000E-04   -1.041000E+01    2.000000E+00    1.000000E+00    1.200000E+03    8.000000E+01   -1.000000E+01    0.000000E+00   -9.979000E+00   -1.004540E+01
   1.200000E-09    5.000000E+00    1.602000E+00    1.400000E+02    1.301000E+00   -2.297000E+00   -1.000000E+01   -1.000000E+01    2.603000E+00   -1.000000E+01   -1.000000E+01   -1.000000E+01    6.000000E+00    6.266000E+00    1.360000E+00    7.000000E+00    9.300000E+01    3.387000E+00    1.772000E+00    4.990000E+00    1.544000E+00    2.814000E-01    1.018000E-03   -1.067000E+01    7.000000E+00    2.000000E+00    1.190000E+03    0.000000E+00   -1.000000E+01    1.000000E+00   -9.442000E+00   -9.463478E+00
   8.050000E-10    2.000000E+00    1.474000E+00    7.600000E+01    1.362000E+00   -1.000000E+00   -1.000000E+01    3.362000E+00   -1.000000E+01    3.550000E+00   -1.000000E+01   -1.000000E+01    8.045000E+00    5.695000E+00    9.500000E-01    5.000000E+00    3.800000E+01    2.491000E+00    8.654000E-01    3.850000E+00    1.407000E+00    4.592000E-01    9.432000E-04   -1.002000E+01    2.000000E+00    1.000000E+00    1.300000E+03    8.000000E+01   -1.000000E+01    2.000000E+00   -1.062000E+01   -1.040020E+01
   2.570000E-09    1.000000E+00    1.453000E+00    1.080000E+02    1.699000E+00   -1.000000E+01   -1.000000E+01   -1.000000E+01   -1.000000E+01   -1.000000E+01   -1.000000E+01   -1.000000E+01    7.611000E+00    5.139000E+00    9.300000E-01    3.000000E+00    1.100000E+01    1.777000E+00    1.806000E+00    2.890000E+00    1.580000E+00   -7.034000E-03    5.279000E-04   -1.450000E+01    2.000000E+00    2.000000E+00    1.000000E+03    9.800000E+01   -1.000000E+01    1.000000E+00   -9.573000E+00   -9.560478E+00
   7.420000E-10    1.000000E+00    1.453000E+00    1.080000E+02    6.990000E-01   -1.000000E+01   -1.000000E+01   -1.000000E+01   -1.000000E+01   -1.000000E+01   -1.000000E+01   -1.000000E+01    5.909000E+00    5.139000E+00    9.300000E-01    3.000000E+00    1.100000E+01    1.777000E+00    6.056000E-01    2.890000E+00    1.580000E+00    4.674000E-01    1.536000E-03   -1.453000E+01    2.000000E+00    2.000000E+00    1.000000E+03    9.800000E+01   -1.000000E+01    1.000000E+00   -1.011000E+01   -1.013485E+01
   2.100000E-09    1.000000E+00   -1.549000E-01    1.000000E+01    1.398000E+00   -3.037000E+00   -6.990000E-01    9.827000E-01    7.490000E-01    2.967000E-01    1.408000E+00    9.581000E-01    8.770000E+00    3.894000E+00    7.900000E-01    6.000000E+00    5.500000E+01    2.333000E+00    2.100000E+00    4.360000E+00    2.155000E+00    4.571000E-02    8.974000E-04   -1.103000E+01    1.400000E+01    1.000000E+00    2.610000E+03    0.000000E+00   -1.000000E+01    1.000000E+00   -1.092000E+01   -1.113707E+01
   1.350000E-09    1.000000E+00    1.453000E+00    1.080000E+02    1.398000E+00   -1.000000E+01   -1.000000E+01   -1.000000E+01   -1.000000E+01   -1.000000E+01   -1.000000E+01   -1.000000E+01    6.278000E+00    5.139000E+00    9.300000E-01    3.000000E+00    1.100000E+01    1.777000E+00    1.028000E+00    2.890000E+00    1.580000E+00    2.376000E-01    8.974000E-04   -1.452000E+01    2.000000E+00    2.000000E+00    1.800000E+03    9.800000E+01   -1.000000E+01    1.000000E+00   -1.059000E+01   -1.056649E+01
   2.100000E-09    1.000000E+00    1.453000E+00    1.080000E+02    1.602000E+00   -2.000000E+00   -1.000000E+01    2.362000E+00   -1.000000E+01    2.550000E+00   -1.000000E+01   -1.000000E+01    7.727000E+00    3.894000E+00    7.900000E-01    6.000000E+00    5.500000E+01    2.333000E+00    1.999000E+00    4.360000E+00    1.580000E+00    6.703000E-02    6.389000E-04   -1.051000E+01    2.000000E+00    2.000000E+00    1.410000E+03    9.999000E+01   -1.000000E+01    1.000000E+00   -9.996000E+00   -9.922890E+00
   2.000000E-09    1.000000E+00    1.279000E+00    9.300000E+01    1.398000E+00   -1.398000E+00   -1.000000E+01   -1.000000E+01    2.904000E+00   -1.000000E+01   -1.000000E+01   -1.000000E+01    1.250000E+01    1.045000E+01    2.660000E+00    5.000000E+00    5.300000E+01    3.375000E+00    2.893000E+00    3.850000E+00    1.690000E+00    6.690000E-02    8.974000E-04   -1.022000E+01    2.000000E+00    1.000000E+00    1.800000E+03    4.750000E+01   -1.000000E+01   -1.000000E+00   -1.149000E+01   -1.124217E+01
   1.550000E-09    4.000000E+00    6.232000E-01    6.700000E+01    1.398000E+00   -1.398000E+00    8.451000E-01    2.784000E+00    1.869000E+00    2.785000E+00   -1.000000E+01    2.785000E+00    8.500000E+00    9.752000E+00    2.550000E+00    4.000000E+00    3.400000E+01    2.921000E+00    1.941000E+00    3.450000E+00    2.203000E+00    1.776000E-01    8.974000E-04   -1.022000E+01    1.300000E+01    3.000000E+00    1.800000E+03    0.000000E+00   -1.000000E+01   -1.000000E+00   -9.947000E+00   -1.001840E+01
   2.000000E-09    1.000000E+00    1.744000E+00    8.200000E+01    1.362000E+00   -1.775000E+00    4.829000E-01    2.378000E+00    1.684000E+00    8.306000E-01    2.668000E+00    1.386000E+00    7.520000E+00    1.045000E+01    2.660000E+00    5.000000E+00    5.300000E+01    3.375000E+00    2.913000E+00    3.850000E+00    1.170000E+00    6.398000E-02    9.432000E-04   -1.041000E+01    2.000000E+00    1.000000E+00    1.200000E+03    8.000000E+01   -1.000000E+01   -1.000000E+00   -1.073000E+01   -1.092342E+01
   7.420000E-10    1.000000E+00    1.453000E+00    1.080000E+02    6.990000E-01   -1.000000E+01   -1.000000E+01   -1.000000E+01   -1.000000E+01   -1.000000E+01   -1.000000E+01   -1.000000E+01    5.492000E+00    5.139000E+00    9.300000E-01    3.000000E+00    1.100000E+01    1.777000E+00    6.056000E-01    2.890000E+00    1.580000E+00    4.674000E-01    1.536000E-03   -1.453000E+01    2.000000E+00    2.000000E+00    1.100000E+03    9.800000E+01   -1.000000E+01    1.000000E+00   -1.018000E+01   -1.015578E+01
   2.140000E-09    0.000000E+00    1.000000E+00    1.400000E+01    1.362000E+00   -1.356000E+00    1.990000E+00    2.225000E+00    2.512000E+00    3.094000E+00    2.354000E+00    2.238000E+00    7.800000E+00    1.360000E+01    2.200000E+00    1.000000E+00    1.000000E+00    8.499000E-01    7.849000E-01    8.500000E-01    1.146000E+00    3.459000E-02    9.432000E-04   -1.020000E+01    4.000000E+00    1.000000E+00    2.670000E+03    7.000000E+01   -1.000000E+01    0.000000E+00   -1.074000E+01   -1.066340E+01
   2.100000E-09    1.000000E+00    1.279000E+00    9.300000E+01    1.398000E+00    8.198000E-01   -1.000000E+01    5.178000E+00    3.983000E+00    5.366000E+00    2.086000E+00   -1.000000E+01    1.250000E+01    3.894000E+00    7.900000E-01    6.000000E+00    5.500000E+01    2.333000E+00    2.100000E+00    4.360000E+00    1.690000E+00    4.571000E-02    8.974000E-04   -9.106000E+00    2.000000E+00    2.000000E+00    1.200000E+03    4.750000E+01   -1.000000E+01    1.000000E+00   -9.577000E+00   -9.610740E+00
   4.300000E-10    6.000000E+00    1.279000E+00    9.300000E+01    1.398000E+00   -1.000000E+01   -1.000000E+01   -1.000000E+01   -1.000000E+01   -1.000000E+01   -1.000000E+01   -1.000000E+01    9.000000E+00    6.194000E+00    1.380000E+00    7.000000E+00    9.200000E+01    3.368000E+00    6.207000E-01    4.990000E+00    1.690000E+00    7.345000E-01    8.974000E-04   -1.452000E+01    2.000000E+00    2.000000E+00    1.610000E+03    4.750000E+01   -1.000000E+01   -1.000000E+00   -1.061000E+01   -1.067445E+01
   8.100000E-10    2.000000E+00    1.279000E+00    9.300000E+01    1.778000E+00   -1.000000E+01   -1.000000E+01   -1.000000E+01   -1.000000E+01   -1.000000E+01   -1.000000E+01   -1.000000E+01    7.250000E+00    9.752000E+00    2.550000E+00    4.000000E+00    3.400000E+01    2.921000E+00    9.077000E-01    3.450000E+00    1.690000E+00    5.076000E-01    4.494000E-04   -1.449000E+01    2.000000E+00    2.000000E+00    1.600000E+03    4.750000E+01   -1.000000E+01   -1.000000E+00   -1.033000E+01   -1.022692E+01
   2.000000E-09    1.000000E+00    1.447000E+00    1.080000E+02    1.398000E+00   -1.398000E+00   -1.000000E+01   -1.000000E+01    2.904000E+00   -1.000000E+01   -1.000000E+01   -1.000000E+01    1.250000E+01    1.297000E+01    3.160000E+00    3.000000E+00    1.700000E+01    2.822000E+00    2.419000E+00    2.890000E+00    1.586000E+00    6.690000E-02    8.974000E-04   -1.022000E+01    2.000000E+00    1.000000E+00    1.600000E+03    9.800000E+01    1.845000E+00   -1.000000E+00   -1.023000E+01   -1.015308E+01
   8.500000E-10    2.000000E+00    6.021000E-01    6.700000E+01    1.398000E+00   -2.523000E+00   -1.000000E+01   -1.000000E+01   -1.000000E+01    1.851000E+00   -1.000000E+01   -1.000000E+01    6.100000E+00    5.212000E+00    8.900000E-01    6.000000E+00    5.600000E+01    2.699000E+00    9.833000E-01    4.360000E+00    2.224000E+00    4.385000E-01    8.974000E-04   -1.078000E+01    1.300000E+01    1.000000E+00    2.640000E+03    0.000000E+00   -1.000000E+01    2.000000E+00   -1.254000E+01   -1.260327E+01
   2.220000E-09    0.000000E+00    1.748000E+00    1.110000E+02    1.903000E+00   -7.620000E-01    1.567000E+00    3.375000E+00    2.707000E+00    3.224000E+00    1.850000E+00    3.685000E+00    7.570000E+00    1.360000E+01    2.200000E+00    1.000000E+00    1.000000E+00    8.499000E-01    6.828000E-01    8.500000E-01    1.297000E+00    9.510000E-02    3.547000E-04   -9.860000E+00    2.000000E+00    1.000000E+00    1.200000E+03    9.200000E+01   -1.000000E+01    0.000000E+00   -9.274000E+00   -9.520030E+00
   1.300000E-09    1.000000E+00    6.990000E-01    4.000000E+00    1.398000E+00    2.625000E-01   -1.000000E+01    4.624000E+00   -1.000000E+01    4.812000E+00   -1.000000E+01   -1.000000E+01    5.500000E+00    5.139000E+00    9.300000E-01    3.000000E+00    1.100000E+01    1.777000E+00    9.899000E-01    2.890000E+00    9.031000E-01    2.540000E-01    8.974000E-04   -9.385000E+00    1.000000E+00    1.000000E+00    2.750000E+03    0.000000E+00   -1.000000E+01    1.000000E+00   -1.366000E+01   -1.357905E+01
   8.100000E-10    4.000000E+00   -1.549000E-01    1.000000E+01    1.342000E+00   -3.037000E+00   -6.990000E-01    9.827000E-01    7.490000E-01    2.967000E-01    1.408000E+00    9.581000E-01    9.330000E+00    9.752000E+00    2.550000E+00    4.000000E+00    3.400000E+01    2.921000E+00    1.025000E+00    3.450000E+00    2.155000E+00    4.551000E-01    9.673000E-04   -1.104000E+01    1.400000E+01    1.000000E+00    2.610000E+03    0.000000E+00   -1.000000E+01   -2.000000E+00   -1.154000E+01   -1.162340E+01
   4.300000E-10    6.000000E+00    1.531000E+00    1.300000E+01    1.398000E+00   -4.437000E-01    1.799000E+00    3.742000E+00    3.018000E+00    4.027000E+00    1.462000E+00    3.129000E+00    7.600000E+00    6.194000E+00    1.380000E+00    7.000000E+00    9.200000E+01    3.368000E+00    6.207000E-01    4.990000E+00    5.825000E-01    7.345000E-01    8.974000E-04   -9.738000E+00    4.000000E+00    1.000000E+00    2.421000E+03    0.000000E+00   -1.000000E+01    0.000000E+00   -1.152000E+01   -1.133015E+01
   2.032000E-10    1.000000E+00    1.531000E+00    1.300000E+01    1.362000E+00   -4.510000E-01    1.806000E+00    3.749000E+00    2.949000E+00    3.984000E+00    1.477000E+00    3.368000E+00    7.680000E+00    1.297000E+01    3.160000E+00    3.000000E+00    1.700000E+01    2.822000E+00    2.474000E-01    2.890000E+00    5.825000E-01    1.057000E+00    9.432000E-04   -9.743000E+00    4.000000E+00    1.000000E+00    2.700000E+03    0.000000E+00   -1.000000E+01   -1.000000E+00   -1.170000E+01   -1.178656E+01
   2.000000E-09    1.000000E+00    6.128000E-01    1.090000E+01    1.398000E+00   -2.812000E+00    3.655000E-01    1.640000E+00    3.444000E-01    1.305000E+00   -1.000000E+01    8.932000E-01    9.050000E+00    1.045000E+01    2.660000E+00    5.000000E+00    5.300000E+01    3.375000E+00    2.893000E+00    3.850000E+00    1.425000E+00    6.690000E-02    8.974000E-04   -1.092000E+01    2.800000E+01    1.000000E+00    2.250000E+03    0.000000E+00   -1.000000E+01   -1.000000E+00   -1.085000E+01   -1.123187E+01
   1.130000E-09    6.000000E+00    1.780000E+00    7.600000E+01    1.301000E+00   -3.010000E-01   -1.000000E+01    4.061000E+00   -1.000000E+01    4.249000E+00   -1.000000E+01   -1.000000E+01    7.500000E+00    6.767000E+00    1.660000E+00    4.000000E+00    2.400000E+01    2.434000E+00    1.199000E+00    3.450000E+00    1.100000E+00    3.075000E-01    1.018000E-03   -9.670000E+00    2.000000E+00    1.000000E+00    1.300000E+03    4.600000E+01   -1.000000E+01   -1.000000E+00   -1.019000E+01   -1.022571E+01
   2.000000E-09    7.000000E+00    1.744000E+00    8.200000E+01    1.380000E+00   -5.918000E-01    1.146000E+00    3.279000E+00    3.330000E+00    3.785000E+00    1.831000E+00    3.016000E+00    7.500000E+00    7.280000E+00    1.900000E+00    5.000000E+00    4.300000E+01    2.817000E+00    2.423000E+00    3.850000E+00    1.170000E+00    6.544000E-02    9.199000E-04   -9.813000E+00    2.000000E+00    1.000000E+00    1.150000E+03    8.000000E+01   -1.000000E+01   -1.000000E+00   -9.714000E+00   -9.704233E+00
   1.300000E-09    1.000000E+00    1.580000E+00    7.870000E+01    1.398000E+00   -1.000000E+00   -1.000000E+01    3.362000E+00   -1.000000E+01   -1.000000E+01   -1.000000E+01   -1.000000E+01    6.492000E+00    5.139000E+00    9.300000E-01    3.000000E+00    1.100000E+01    1.777000E+00    9.899000E-01    2.890000E+00    1.316000E+00    2.540000E-01    8.974000E-04   -1.002000E+01    2.000000E+00    1.000000E+00    1.800000E+03    8.200000E+01   -1.000000E+01    1.000000E+00   -1.048000E+01   -1.021511E+01
   6.240000E-10    3.000000E+00    1.279000E+00    9.300000E+01    1.398000E+00   -1.000000E+01   -1.000000E+01   -1.000000E+01   -1.000000E+01   -1.000000E+01   -1.000000E+01   -1.000000E+01    1.250000E+01    5.974000E+00    1.300000E+00    7.000000E+00    9.500000E+01    3.307000E+00    8.845000E-01    4.990000E+00    1.690000E+00    5.727000E-01    8.974000E-04   -1.452000E+01    2.000000E+00    2.000000E+00    1.800000E+03    4.750000E+01   -1.000000E+01    3.000000E+00   -1.066000E+01   -1.070467E+01
   1.970000E-09    0.000000E+00    2.025000E+00    8.100000E+01    1.352000E+00   -3.010000E-01   -1.000000E+01    4.061000E+00   -1.000000E+01    4.250000E+00   -1.000000E+01   -1.000000E+01    1.250000E+01    1.360000E+01    2.200000E+00    1.000000E+00    1.000000E+00    8.499000E-01    7.237000E-01    8.500000E-01    8.832000E-01    6.981000E-02    9.552000E-04   -9.669000E+00    2.500000E+01    1.000000E+00    1.650000E+03    0.000000E+00   -1.000000E+01    0.000000E+00   -1.022000E+01   -1.032639E+01
   2.220000E-09    0.000000E+00    1.833000E+00    7.100000E+01    1.398000E+00   -2.301000E+00   -1.000000E+01    2.061000E+00   -1.000000E+01    2.249000E+00   -1.000000E+01   -1.000000E+01    7.000000E+00    1.360000E+01    2.200000E+00    1.000000E+00    1.000000E+00    8.499000E-01    8.088000E-01    8.500000E-01    1.019000E+00    2.158000E-02    8.974000E-04   -1.067000E+01    6.000000E+00    1.000000E+00    1.500000E+03    0.000000E+00   -1.000000E+01    0.000000E+00   -9.866000E+00   -9.805566E+00
   8.050000E-10    2.000000E+00    1.580000E+00    7.870000E+01    1.398000E+00   -2.218000E-01   -1.000000E+01    4.140000E+00   -1.000000E+01    4.328000E+00   -1.000000E+01   -1.000000E+01    7.293000E+00    5.695000E+00    9.500000E-01    5.000000E+00    3.800000E+01    2.491000E+00    8.596000E-01    3.850000E+00    1.316000E+00    4.621000E-01    8.974000E-04   -9.627000E+00    2.000000E+00    7.000000E+00    1.740000E+03    8.200000E+01   -1.000000E+01    2.000000E+00   -1.063000E+01   -1.037194E+01
   2.000000E-09    1.000000E+00    1.279000E+00    9.300000E+01    1.352000E+00   -2.000000E+00   -1.000000E+01    1.362000E+00   -1.000000E+01   -1.000000E+01   -1.000000E+01   -1.000000E+01    1.250000E+01    1.297000E+01    3.160000E+00    3.000000E+00    1.700000E+01    2.822000E+00    2.440000E+00    2.890000E+00    1.690000E+00    6.324000E-02    9.552000E-04   -1.052000E+01    2.000000E+00    1.000000E+00    1.600000E+03    4.750000E+01   -1.000000E+01   -1.000000E+00   -1.139000E+01   -1.132831E+01
   7.420000E-10    1.000000E+00    1.453000E+00    1.080000E+02    6.990000E-01   -1.000000E+01   -1.000000E+01   -1.000000E+01   -1.000000E+01   -1.000000E+01   -1.000000E+01   -1.000000E+01    5.236000E+00    5.139000E+00    9.300000E-01    3.000000E+00    1.100000E+01    1.777000E+00    6.056000E-01    2.890000E+00    1.580000E+00    4.674000E-01    1.536000E-03   -1.453000E+01    2.000000E+00    2.000000E+00    1.400000E+03    9.800000E+01   -1.000000E+01    1.000000E+00   -1.043000E+01   -1.041660E+01
   2.100000E-09    0.000000E+00    2.025000E+00    8.100000E+01    1.398000E+00   -2.000000E+00   -1.000000E+01    2.362000E+00   -1.000000E+01    2.550000E+00   -1.000000E+01   -1.000000E+01    1.250000E+01    1.360000E+01    2.200000E+00    1.000000E+00    1.000000E+00    8.499000E-01    7.650000E-01    8.500000E-01    8.832000E-01    4.571000E-02    8.974000E-04   -1.052000E+01    2.500000E+01    1.000000E+00    1.650000E+03    0.000000E+00   -1.000000E+01    0.000000E+00   -9.991000E+00   -1.000585E+01
   2.100000E-09    1.000000E+00    1.279000E+00    9.300000E+01    1.398000E+00   -1.000000E+01   -1.000000E+01   -1.000000E+01   -1.000000E+01   -1.000000E+01   -1.000000E+01   -1.000000E+01    1.250000E+01    3.894000E+00    7.900000E-01    6.000000E+00    5.500000E+01    2.333000E+00    2.100000E+00    4.360000E+00    1.690000E+00    4.571000E-02    8.974000E-04   -1.452000E+01    2.000000E+00    2.000000E+00    1.800000E+03    4.750000E+01   -1.000000E+01    1.000000E+00   -1.013000E+01   -1.012399E+01
   1.330000E-09    1.000000E+00   -1.549000E-01    1.000000E+01    1.362000E+00   -2.921000E+00   -8.239000E-01    1.200000E+00    7.168000E-01    7.536000E-01    1.409000E+00    7.388000E-01    9.500000E+00    5.139000E+00    9.300000E-01    3.000000E+00    1.100000E+01    1.777000E+00    1.020000E+00    2.890000E+00    2.155000E+00    2.412000E-01    9.432000E-04   -1.098000E+01    1.400000E+01    1.000000E+00    2.670000E+03    0.000000E+00   -1.000000E+01    1.000000E+00   -1.109000E+01   -1.135628E+01
   2.000000E-09    1.000000E+00    6.021000E-01    6.700000E+01    1.398000E+00   -2.523000E+00   -1.000000E+01   -1.000000E+01   -1.000000E+01    1.851000E+00   -1.000000E+01   -1.000000E+01    6.100000E+00    1.045000E+01    2.660000E+00    5.000000E+00    5.300000E+01    3.375000E+00    2.893000E+00    3.850000E+00    2.224000E+00    6.690000E-02    8.974000E-04   -1.078000E+01    1.300000E+01    1.000000E+00    2.640000E+03    0.000000E+00   -1.000000E+01   -1.000000E+00   -1.218000E+01   -1.214649E+01
   4.740000E-09    0.000000E+00    1.279000E+00    9.300000E+01    1.778000E+00   -2.757000E-01    5.922000E-01    4.024000E+00    2.558000E+00    4.302000E+00   -1.000000E+01    4.065000E-01    8.300000E+00    1.360000E+01    2.200000E+00    1.000000E+00    1.000000E+00    8.499000E-01    1.545000E+00    8.500000E-01    1.690000E+00   -2.596000E-01    4.494000E-04   -9.630000E+00    2.000000E+00    1.000000E+00    1.600000E+03    4.750000E+01    1.477000E+00    0.000000E+00   -9.553000E+00   -9.408403E+00
   2.100000E-09    0.000000E+00    1.447000E+00    1.080000E+02    1.398000E+00   -2.000000E+00   -1.000000E+01    2.362000E+00   -1.000000E+01    2.550000E+00   -1.000000E+01   -1.000000E+01    6.300000E+00    1.360000E+01    2.200000E+00    1.000000E+00    1.000000E+00    8.499000E-01    7.650000E-01    8.500000E-01    1.586000E+00    4.571000E-02    8.974000E-04   -1.052000E+01    2.000000E+00    1.000000E+00    9.000000E+02    1.000000E+02   -1.000000E+01    0.000000E+00   -1.010000E+01   -9.974273E+00
   4.300000E-10    6.000000E+00    1.279000E+00    9.300000E+01    1.398000E+00   -1.000000E+01   -1.000000E+01   -1.000000E+01   -1.000000E+01   -1.000000E+01   -1.000000E+01   -1.000000E+01    9.000000E+00    6.194000E+00    1.380000E+00    7.000000E+00    9.200000E+01    3.368000E+00    6.207000E-01    4.990000E+00    1.690000E+00    7.345000E-01    8.974000E-04   -1.452000E+01    2.000000E+00    2.000000E+00    1.820000E+03    4.750000E+01   -1.000000E+01   -1.000000E+00   -1.084000E+01   -1.080929E+01
   1.200000E-09    5.000000E+00    1.602000E+00    1.400000E+02    1.301000E+00   -2.297000E+00   -1.000000E+01   -1.000000E+01    2.603000E+00   -1.000000E+01   -1.000000E+01   -1.000000E+01    6.000000E+00    6.266000E+00    1.360000E+00    7.000000E+00    9.300000E+01    3.387000E+00    1.772000E+00    4.990000E+00    1.544000E+00    2.814000E-01    1.018000E-03   -1.067000E+01    7.000000E+00    2.000000E+00    1.190000E+03    0.000000E+00   -1.000000E+01    1.000000E+00   -9.442000E+00   -9.463478E+00
   2.100000E-09    1.000000E+00    6.990000E-01    4.000000E+00    1.398000E+00   -1.000000E+00   -1.000000E+01   -1.000000E+01   -1.000000E+01    3.550000E+00   -1.000000E+01   -1.000000E+01    7.100000E+00    3.894000E+00    7.900000E-01    6.000000E+00    5.500000E+01    2.333000E+00    2.100000E+00    4.360000E+00    9.031000E-01    4.571000E-02    8.974000E-04   -1.002000E+01    1.000000E+00    1.000000E+00    2.750000E+03    0.000000E+00   -1.000000E+01    1.000000E+00   -1.282000E+01   -1.288993E+01
   1.550000E-09    4.000000E+00    6.232000E-01    6.700000E+01    1.602000E+00   -1.398000E+00    8.451000E-01    2.784000E+00    1.869000E+00    2.785000E+00   -1.000000E+01    2.785000E+00    6.400000E+00    9.752000E+00    2.550000E+00    4.000000E+00    3.400000E+01    2.921000E+00    1.848000E+00    3.450000E+00    2.203000E+00    1.989000E-01    6.389000E-04   -1.020000E+01    1.300000E+01    3.000000E+00    1.800000E+03    0.000000E+00   -1.000000E+01   -1.000000E+00   -9.750000E+00   -9.910259E+00
   2.000000E-09    1.000000E+00    1.279000E+00    9.300000E+01    1.352000E+00   -2.000000E+00   -1.000000E+01    1.362000E+00   -1.000000E+01   -1.000000E+01   -1.000000E+01   -1.000000E+01    1.250000E+01    1.297000E+01    3.160000E+00    3.000000E+00    1.700000E+01    2.822000E+00    2.440000E+00    2.890000E+00    1.690000E+00    6.324000E-02    9.552000E-04   -1.052000E+01    2.000000E+00    1.000000E+00    1.600000E+03    4.750000E+01    1.477000E+00   -1.000000E+00   -1.108000E+01   -1.107055E+01
   5.000000E-10    3.000000E+00    1.436000E+00    5.870000E+01    1.176000E+00   -2.218000E-01   -1.000000E+01    4.140000E+00   -1.000000E+01    4.328000E+00   -1.000000E+01   -1.000000E+01    5.300000E+00    5.670000E+00    1.200000E+00    6.000000E+00    6.300000E+01    2.815000E+00    6.243000E-01    4.360000E+00    1.332000E+00    6.541000E-01    1.162000E-03   -9.635000E+00    2.000000E+00    1.000000E+00    1.700000E+03    7.800000E+01   -1.000000E+01   -1.000000E+00   -1.089000E+01   -1.083440E+01
   8.050000E-10    2.000000E+00    1.494000E+00    8.300000E+01    1.362000E+00   -8.239000E-01   -1.000000E+01   -1.000000E+01    3.302000E+00    3.550000E+00   -1.000000E+01   -1.000000E+01    7.928000E+00    5.695000E+00    9.500000E-01    5.000000E+00    3.800000E+01    2.491000E+00    8.654000E-01    3.850000E+00    1.425000E+00    4.592000E-01    9.432000E-04   -9.930000E+00    2.000000E+00    1.000000E+00    1.300000E+03    8.000000E+01   -1.000000E+01    2.000000E+00   -9.824000E+00   -1.005222E+01
   2.000000E-09    1.000000E+00    1.279000E+00    9.300000E+01    1.398000E+00   -1.398000E+00   -1.000000E+01   -1.000000E+01    2.904000E+00   -1.000000E+01   -1.000000E+01   -1.000000E+01    1.250000E+01    1.045000E+01    2.660000E+00    5.000000E+00    5.300000E+01    3.375000E+00    2.893000E+00    3.850000E+00    1.690000E+00    6.690000E-02    8.974000E-04   -1.022000E+01    2.000000E+00    1.000000E+00    1.600000E+03    4.750000E+01    1.845000E+00   -1.000000E+00   -1.022000E+01   -1.021568E+01
   1.010000E-09    1.000000E+00    1.453000E+00    1.080000E+02    1.176000E+00   -1.000000E+01   -1.000000E+01   -1.000000E+01   -1.000000E+01   -1.000000E+01   -1.000000E+01   -1.000000E+01    6.650000E+00    5.139000E+00    9.300000E-01    3.000000E+00    1.100000E+01    1.777000E+00    7.958000E-01    2.890000E+00    1.580000E+00    3.488000E-01    1.162000E-03   -1.452000E+01    2.000000E+00    2.000000E+00    1.000000E+03    9.800000E+01   -1.000000E+01    1.000000E+00   -9.979000E+00   -9.969049E+00
   2.000000E-09    1.000000E+00   -1.549000E-01    1.000000E+01    1.398000E+00   -5.157000E-01    1.000000E+00    3.380000E+00    3.405000E+00    3.922000E+00    1.230000E+00    2.230000E+00    8.700000E+00    1.297000E+01    3.160000E+00    3.000000E+00    1.700000E+01    2.822000E+00    2.419000E+00    2.890000E+00    2.155000E+00    6.690000E-02    8.974000E-04   -9.774000E+00    1.400000E+01    1.000000E+00    2.730000E+03    0.000000E+00   -1.000000E+01   -1.000000E+00   -1.100000E+01   -1.106627E+01
   8.470000E-10    2.000000E+00    1.748000E+00    1.110000E+02    1.602000E+00   -6.778000E-01    1.637000E+00    3.472000E+00    2.790000E+00    3.517000E+00    1.749000E+00    3.638000E+00    7.550000E+00    5.212000E+00    8.900000E-01    6.000000E+00    5.600000E+01    2.699000E+00    9.329000E-01    4.360000E+00    1.297000E+00    4.614000E-01    6.389000E-04   -9.844000E+00    2.000000E+00    1.000000E+00    1.650000E+03    9.200000E+01   -1.000000E+01    2.000000E+00   -9.157000E+00   -9.115475E+00
   1.550000E-09    1.000000E+00    1.453000E+00    1.080000E+02    1.477000E+00   -1.000000E+01   -1.000000E+01   -1.000000E+01   -1.000000E+01   -1.000000E+01   -1.000000E+01   -1.000000E+01    7.069000E+00    5.139000E+00    9.300000E-01    3.000000E+00    1.100000E+01    1.777000E+00    1.161000E+00    2.890000E+00    1.580000E+00    1.848000E-01    7.959000E-04   -1.451000E+01    2.000000E+00    2.000000E+00    1.000000E+03    9.800000E+01   -1.000000E+01    1.000000E+00   -9.793000E+00   -9.796056E+00
   7.900000E-10    2.000000E+00    1.580000E+00    7.900000E+01    1.398000E+00   -1.000000E+00   -1.000000E+01    3.362000E+00   -1.000000E+01    3.550000E+00   -1.000000E+01   -1.000000E+01    3.000000E+00    5.695000E+00    9.500000E-01    5.000000E+00    3.800000E+01    2.491000E+00    8.436000E-01    3.850000E+00    1.318000E+00    4.703000E-01    8.974000E-04   -1.002000E+01    2.000000E+00    3.000000E+00    1.000000E+03    8.200000E+01   -1.000000E+01    2.000000E+00   -8.886000E+00   -8.944342E+00
   1.300000E-09    1.000000E+00   -1.549000E-01    1.000000E+01    1.398000E+00   -5.157000E-01    1.000000E+00    3.380000E+00    3.405000E+00    3.922000E+00    1.230000E+00    2.230000E+00    8.700000E+00    5.139000E+00    9.300000E-01    3.000000E+00    1.100000E+01    1.777000E+00    9.899000E-01    2.890000E+00    2.155000E+00    2.540000E-01    8.974000E-04   -9.774000E+00    1.400000E+01    1.000000E+00    2.730000E+03    0.000000E+00   -1.000000E+01    1.000000E+00   -1.128000E+01   -1.131473E+01
   3.690000E-09    1.000000E+00    1.453000E+00    1.080000E+02    1.699000E+00   -1.000000E+01   -1.000000E+01   -1.000000E+01   -1.000000E+01   -1.000000E+01   -1.000000E+01   -1.000000E+01    6.038000E+00    1.297000E+01    3.160000E+00    3.000000E+00    1.700000E+01    2.822000E+00    4.118000E+00    2.890000E+00    1.580000E+00   -1.641000E-01    5.279000E-04   -1.450000E+01    2.000000E+00    2.000000E+00    1.800000E+03    9.800000E+01   -1.000000E+01   -1.000000E+00   -1.010000E+01   -1.013790E+01
   2.000000E-09    1.000000E+00    1.453000E+00    1.080000E+02    1.602000E+00   -2.000000E+00   -1.000000E+01    2.362000E+00   -1.000000E+01    2.550000E+00   -1.000000E+01   -1.000000E+01    7.542000E+00    1.045000E+01    2.660000E+00    5.000000E+00    5.300000E+01    3.375000E+00    2.755000E+00    3.850000E+00    1.580000E+00    8.822000E-02    6.389000E-04   -1.051000E+01    2.000000E+00    2.000000E+00    1.050000E+03    9.999000E+01   -1.000000E+01   -1.000000E+00   -9.712000E+00   -9.707213E+00
   6.020000E-10    3.000000E+00    1.580000E+00    7.900000E+01    1.398000E+00   -1.000000E+00   -1.000000E+01    3.362000E+00   -1.000000E+01    3.550000E+00   -1.000000E+01   -1.000000E+01    7.000000E+00    5.670000E+00    1.200000E+00    6.000000E+00    6.300000E+01    2.815000E+00    7.264000E-01    4.360000E+00    1.318000E+00    5.883000E-01    8.974000E-04   -1.002000E+01    2.000000E+00    3.000000E+00    1.000000E+03    8.200000E+01   -1.000000E+01    3.000000E+00   -1.010000E+01   -1.002003E+01
   4.300000E-10    4.000000E+00    1.279000E+00    9.300000E+01    1.398000E+00   -2.190000E-01   -1.000000E+01    4.105000E+00    2.983000E+00    2.697000E+00    2.086000E+00   -1.000000E+01    1.250000E+01    6.194000E+00    1.380000E+00    7.000000E+00    9.200000E+01    3.368000E+00    6.207000E-01    4.990000E+00    1.690000E+00    7.345000E-01    8.974000E-04   -9.626000E+00    2.000000E+00    2.000000E+00    1.200000E+03    4.750000E+01   -1.000000E+01    0.000000E+00   -1.026000E+01   -1.029291E+01
   2.000000E-09    7.000000E+00    1.744000E+00    8.200000E+01    1.903000E+00   -5.918000E-01    1.146000E+00    3.279000E+00    3.330000E+00    3.785000E+00    1.831000E+00    3.016000E+00    7.500000E+00    7.280000E+00    1.900000E+00    5.000000E+00    4.300000E+01    2.817000E+00    2.039000E+00    3.850000E+00    1.170000E+00    1.404000E-01    3.547000E-04   -9.775000E+00    2.000000E+00    2.000000E+00    1.350000E+03    8.000000E+01   -1.000000E+01   -1.000000E+00   -9.879000E+00   -9.801908E+00
   2.100000E-09    1.000000E+00    1.453000E+00    1.080000E+02    1.342000E+00   -2.000000E+00   -1.000000E+01    2.362000E+00   -1.000000E+01    2.550000E+00   -1.000000E+01   -1.000000E+01    6.398000E+00    3.894000E+00    7.900000E-01    6.000000E+00    5.500000E+01    2.333000E+00    2.121000E+00    4.360000E+00    1.580000E+00    4.132000E-02    9.673000E-04   -1.052000E+01    2.000000E+00    2.000000E+00    1.410000E+03    9.999000E+01   -1.000000E+01    1.000000E+00   -9.991000E+00   -1.000286E+01
   8.500000E-10    2.000000E+00    6.021000E-01    6.700000E+01    1.398000E+00   -2.523000E+00   -1.000000E+01   -1.000000E+01   -1.000000E+01    1.851000E+00   -1.000000E+01   -1.000000E+01    6.100000E+00    5.212000E+00    8.900000E-01    6.000000E+00    5.600000E+01    2.699000E+00    9.833000E-01    4.360000E+00    2.224000E+00    4.385000E-01    8.974000E-04   -1.078000E+01    1.300000E+01    1.000000E+00    2.640000E+03    0.000000E+00   -1.000000E+01    2.000000E+00   -1.270000E+01   -1.260327E+01
   2.032000E-10    1.000000E+00    1.833000E+00    7.100000E+01    1.398000E+00   -3.010000E-01   -1.000000E+01    4.061000E+00   -1.000000E+01    4.249000E+00   -1.000000E+01   -1.000000E+01    7.000000E+00    1.297000E+01    3.160000E+00    3.000000E+00    1.700000E+01    2.822000E+00    2.458000E-01    2.890000E+00    1.019000E+00    1.060000E+00    8.974000E-04   -9.667000E+00    6.000000E+00    1.000000E+00    1.700000E+03    0.000000E+00   -1.000000E+01   -1.000000E+00   -1.019000E+01   -1.017530E+01
   1.460000E-09    7.000000E+00    1.474000E+00    7.600000E+01    1.301000E+00   -1.301000E+00   -1.000000E+01    3.061000E+00   -1.000000E+01    3.249000E+00   -1.000000E+01   -1.000000E+01    7.000000E+00    7.834000E+00    1.900000E+00    6.000000E+00    7.500000E+01    3.309000E+00    2.106000E+00    4.360000E+00    1.407000E+00    1.962000E-01    1.018000E-03   -1.017000E+01    2.000000E+00    1.000000E+00    1.600000E+03    8.130000E+01   -1.000000E+01   -1.000000E+00   -1.129000E+01   -1.120742E+01
   2.090000E-09    1.000000E+00    1.580000E+00    7.900000E+01    1.398000E+00   -9.281000E-01    3.799000E+00    3.174000E+00    1.955000E+00   -1.000000E+01   -1.000000E+01   -1.000000E+01    1.340000E+01    3.894000E+00    7.900000E-01    6.000000E+00    5.500000E+01    2.333000E+00    2.090000E+00    4.360000E+00    1.318000E+00    4.778000E-02    8.974000E-04   -9.980000E+00    2.000000E+00    2.000000E+00    2.000000E+03    8.000000E+01   -1.000000E+01    1.000000E+00   -1.049000E+01   -1.044027E+01
   1.350000E-09    1.000000E+00    1.453000E+00    1.080000E+02    1.398000E+00   -1.000000E+00   -1.000000E+01    3.362000E+00   -1.000000E+01    3.550000E+00   -1.000000E+01   -1.000000E+01    6.974000E+00    5.139000E+00    9.300000E-01    3.000000E+00    1.100000E+01    1.777000E+00    1.028000E+00    2.890000E+00    1.580000E+00    2.376000E-01    8.974000E-04   -1.002000E+01    2.000000E+00    2.000000E+00    1.000000E+03    9.800000E+01   -1.000000E+01    1.000000E+00   -9.839000E+00   -9.795815E+00
   9.230000E-10    4.000000E+00    1.279000E+00    9.300000E+01    1.398000E+00   -8.097000E-01   -1.000000E+01    3.566000E+00   -1.000000E+01   -1.000000E+01    3.740000E+00    3.159000E+00    1.040000E+01    1.126000E+01    2.550000E+00    2.000000E+00    6.000000E+00    1.811000E+00    7.164000E-01    1.990000E+00    1.690000E+00    4.027000E-01    8.974000E-04   -9.921000E+00    2.000000E+00    1.000000E+00    1.600000E+03    4.750000E+01    1.653000E+00   -2.000000E+00   -1.051000E+01   -1.053806E+01
   2.100000E-09    0.000000E+00    1.279000E+00    9.300000E+01    1.398000E+00   -1.000000E+01   -1.000000E+01   -1.000000E+01   -1.000000E+01   -1.000000E+01   -1.000000E+01   -1.000000E+01    1.250000E+01    1.360000E+01    2.200000E+00    1.000000E+00    1.000000E+00    8.499000E-01    7.650000E-01    8.500000E-01    1.690000E+00    4.571000E-02    8.974000E-04   -1.452000E+01    2.000000E+00    2.000000E+00    1.600000E+03    4.750000E+01   -1.000000E+01    0.000000E+00   -9.738000E+00   -9.945847E+00
   1.200000E-09    4.000000E+00    1.279000E+00    9.300000E+01    1.398000E+00   -2.301000E+00   -1.000000E+01    2.362000E+00   -1.000000E+01   -1.000000E+01   -1.000000E+01   -1.000000E+01    7.000000E+00    6.266000E+00    1.360000E+00    7.000000E+00    9.300000E+01    3.387000E+00    1.742000E+00    4.990000E+00    1.690000E+00    2.887000E-01    8.974000E-04   -1.067000E+01    2.000000E+00    2.000000E+00    1.400000E+03    4.750000E+01   -1.000000E+01    0.000000E+00   -9.979000E+00   -9.940476E+00
   2.000000E-09    7.000000E+00    6.232000E-01    6.700000E+01    1.398000E+00   -2.578000E+00   -1.550000E-01    1.756000E+00    8.701000E-01    1.225000E+00   -1.000000E+01    1.403000E+00    8.060000E+00    7.280000E+00    1.900000E+00    5.000000E+00    4.300000E+01    2.817000E+00    2.415000E+00    3.850000E+00    2.203000E+00    6.690000E-02    8.974000E-04   -1.081000E+01    1.300000E+01    1.000000E+00    1.450000E+03    0.000000E+00   -1.000000E+01   -1.000000E+00   -9.097000E+00   -9.234167E+00
   2.100000E-09    0.000000E+00    2.025000E+00    8.100000E+01    1.398000E+00   -3.010000E-01   -1.000000E+01    4.061000E+00   -1.000000E+01    4.250000E+00   -1.000000E+01   -1.000000E+01    1.250000E+01    1.360000E+01    2.200000E+00    1.000000E+00    1.000000E+00    8.499000E-01    7.650000E-01    8.500000E-01    8.832000E-01    4.571000E-02    8.974000E-04   -9.667000E+00    2.500000E+01    1.000000E+00    1.650000E+03    0.000000E+00   -1.000000E+01    0.000000E+00   -1.009000E+01   -1.006002E+01
   2.570000E-09    1.000000E+00    1.453000E+00    1.080000E+02    1.699000E+00   -1.000000E+01   -1.000000E+01   -1.000000E+01   -1.000000E+01   -1.000000E+01   -1.000000E+01   -1.000000E+01    7.562000E+00    5.139000E+00    9.300000E-01    3.000000E+00    1.100000E+01    1.777000E+00    1.806000E+00    2.890000E+00    1.580000E+00   -7.034000E-03    5.279000E-04   -1.450000E+01    2.000000E+00    2.000000E+00    1.000000E+03    9.800000E+01   -1.000000E+01    1.000000E+00   -9.573000E+00   -9.561289E+00
   1.550000E-09    4.000000E+00    6.232000E-01    6.700000E+01    1.398000E+00   -6.615000E-01    9.081000E-01    3.294000E+00    3.577000E+00    3.659000E+00    1.000000E+00    3.051000E+00    7.200000E+00    9.752000E+00    2.550000E+00    4.000000E+00    3.400000E+01    2.921000E+00    1.941000E+00    3.450000E+00    2.203000E+00    1.776000E-01    8.974000E-04   -9.847000E+00    1.300000E+01    1.000000E+00    1.450000E+03    0.000000E+00   -1.000000E+01   -1.000000E+00   -9.038000E+00   -9.408555E+00
   2.000000E-09    1.000000E+00    1.580000E+00    7.900000E+01    1.398000E+00   -3.768000E-01    1.041000E+00    3.454000E+00    3.583000E+00    4.045000E+00    1.041000E+00    2.714000E+00    8.500000E+00    1.045000E+01    2.660000E+00    5.000000E+00    5.300000E+01    3.375000E+00    2.893000E+00    3.850000E+00    1.318000E+00    6.690000E-02    8.974000E-04   -9.705000E+00    2.000000E+00    2.000000E+00    2.000000E+03    8.000000E+01   -1.000000E+01   -1.000000E+00   -1.050000E+01   -1.054483E+01
   2.450000E-09    0.000000E+00    1.744000E+00    8.200000E+01    1.362000E+00   -5.719000E-01    1.437000E+00    3.441000E+00    3.205000E+00    3.851000E+00    1.086000E+00    3.129000E+00    7.700000E+00    1.360000E+01    2.200000E+00    1.000000E+00    1.000000E+00    8.499000E-01    8.986000E-01    8.500000E-01    1.170000E+00   -2.416000E-02    9.432000E-04   -9.804000E+00    2.000000E+00    1.000000E+00    1.600000E+03    8.000000E+01    1.699000E+00    0.000000E+00   -1.008000E+01   -1.004400E+01
   2.060000E-09    1.000000E+00    1.453000E+00    1.100000E+02    1.362000E+00   -1.000000E+00   -1.000000E+01    3.362000E+00   -1.000000E+01    3.550000E+00   -1.000000E+01   -1.000000E+01    7.000000E+00    3.894000E+00    7.900000E-01    6.000000E+00    5.500000E+01    2.333000E+00    2.074000E+00    4.360000E+00    1.588000E+00    5.114000E-02    9.432000E-04   -1.002000E+01    2.000000E+00    1.000000E+00    8.000000E+02    9.800000E+01   -1.000000E+01    1.000000E+00   -9.192000E+00   -9.296533E+00
   1.010000E-09    1.000000E+00    1.453000E+00    1.080000E+02    1.176000E+00   -1.000000E+01   -1.000000E+01   -1.000000E+01   -1.000000E+01   -1.000000E+01   -1.000000E+01   -1.000000E+01    5.672000E+00    5.139000E+00    9.300000E-01    3.000000E+00    1.100000E+01    1.777000E+00    7.958000E-01    2.890000E+00    1.580000E+00    3.488000E-01    1.162000E-03   -1.452000E+01    2.000000E+00    2.000000E+00    1.800000E+03    9.800000E+01   -1.000000E+01    1.000000E+00   -1.071000E+01   -1.067769E+01
   1.350000E-09    1.000000E+00    1.453000E+00    1.080000E+02    1.398000E+00   -1.000000E+01   -1.000000E+01   -1.000000E+01   -1.000000E+01   -1.000000E+01   -1.000000E+01   -1.000000E+01    6.303000E+00    5.139000E+00    9.300000E-01    3.000000E+00    1.100000E+01    1.777000E+00    1.028000E+00    2.890000E+00    1.580000E+00    2.376000E-01    8.974000E-04   -1.452000E+01    2.000000E+00    2.000000E+00    1.800000E+03    9.800000E+01   -1.000000E+01    1.000000E+00   -1.053000E+01   -1.056649E+01
   1.200000E-09    4.000000E+00    1.279000E+00    9.300000E+01    1.398000E+00   -1.000000E+01   -1.000000E+01   -1.000000E+01   -1.000000E+01   -1.000000E+01   -1.000000E+01   -1.000000E+01    1.250000E+01    6.266000E+00    1.360000E+00    7.000000E+00    9.300000E+01    3.387000E+00    1.742000E+00    4.990000E+00    1.690000E+00    2.887000E-01    8.974000E-04   -1.452000E+01    2.000000E+00    2.000000E+00    1.600000E+03    4.750000E+01   -1.000000E+01    0.000000E+00   -1.029000E+01   -1.037007E+01
   2.000000E-09    1.000000E+00    1.279000E+00    9.300000E+01    1.362000E+00   -2.000000E+00   -1.000000E+01    2.362000E+00   -1.000000E+01    2.550000E+00   -1.000000E+01   -1.000000E+01    1.250000E+01    1.045000E+01    2.660000E+00    5.000000E+00    5.300000E+01    3.375000E+00    2.913000E+00    3.850000E+00    1.690000E+00    6.398000E-02    9.432000E-04   -1.052000E+01    2.000000E+00    1.000000E+00    1.600000E+03    4.800000E+01    1.477000E+00   -1.000000E+00   -1.119000E+01   -1.111289E+01
   1.550000E-09    1.000000E+00    1.453000E+00    1.080000E+02    1.477000E+00   -1.000000E+01   -1.000000E+01   -1.000000E+01   -1.000000E+01   -1.000000E+01   -1.000000E+01   -1.000000E+01    6.234000E+00    5.139000E+00    9.300000E-01    3.000000E+00    1.100000E+01    1.777000E+00    1.161000E+00    2.890000E+00    1.580000E+00    1.848000E-01    7.959000E-04   -1.451000E+01    2.000000E+00    2.000000E+00    1.800000E+03    9.800000E+01   -1.000000E+01    1.000000E+00   -1.053000E+01   -1.050871E+01
   2.000000E-09    7.000000E+00    1.744000E+00    8.200000E+01    1.380000E+00   -5.918000E-01    1.146000E+00    3.279000E+00    3.330000E+00    3.785000E+00    1.831000E+00    3.016000E+00    7.500000E+00    7.280000E+00    1.900000E+00    5.000000E+00    4.300000E+01    2.817000E+00    2.423000E+00    3.850000E+00    1.170000E+00    6.544000E-02    9.199000E-04   -9.813000E+00    2.000000E+00    1.000000E+00    1.300000E+03    8.000000E+01   -1.000000E+01   -1.000000E+00   -9.836000E+00   -9.893439E+00
   2.020000E-09    1.000000E+00    2.025000E+00    8.100000E+01    1.398000E+00   -1.000000E+00   -1.000000E+01    3.362000E+00   -1.000000E+01    3.550000E+00   -1.000000E+01   -1.000000E+01    1.250000E+01    1.045000E+01    2.660000E+00    5.000000E+00    5.300000E+01    3.375000E+00    2.922000E+00    3.850000E+00    8.832000E-01    6.258000E-02    8.974000E-04   -1.002000E+01    2.500000E+01    1.000000E+00    1.650000E+03    0.000000E+00   -1.000000E+01   -1.000000E+00   -1.041000E+01   -1.046420E+01
   2.000000E-09    1.000000E+00    1.279000E+00    9.300000E+01    1.362000E+00    6.990000E-01   -1.000000E+01    5.061000E+00   -1.000000E+01   -1.000000E+01   -1.000000E+01   -1.000000E+01    1.250000E+01    1.045000E+01    2.660000E+00    5.000000E+00    5.300000E+01    3.375000E+00    2.913000E+00    3.850000E+00    1.690000E+00    6.398000E-02    9.432000E-04   -9.168000E+00    2.000000E+00    1.000000E+00    1.600000E+03    4.800000E+01    1.477000E+00   -1.000000E+00   -1.015000E+01   -1.030287E+01
   1.300000E-09    2.000000E+00    2.155000E+00    8.300000E+01    1.398000E+00   -1.549000E-01   -1.000000E+01    4.207000E+00   -1.000000E+01   -1.000000E+01   -1.000000E+01   -1.000000E+01    7.366000E+00    5.139000E+00    9.300000E-01    3.000000E+00    1.100000E+01    1.777000E+00    9.899000E-01    2.890000E+00    7.637000E-01    2.540000E-01    8.974000E-04   -9.594000E+00    3.000000E+00    1.000000E+00    1.950000E+03    1.000000E+02   -1.000000E+01    1.000000E+00   -1.028000E+01   -1.031509E+01
   2.000000E-09    1.000000E+00    1.744000E+00    8.200000E+01    1.380000E+00   -5.918000E-01    1.146000E+00    3.279000E+00    3.328000E+00    3.785000E+00    1.831000E+00    3.016000E+00    7.500000E+00    1.045000E+01    2.660000E+00    5.000000E+00    5.300000E+01    3.375000E+00    2.903000E+00    3.850000E+00    1.170000E+00    6.544000E-02    9.199000E-04   -9.813000E+00    2.000000E+00    2.000000E+00    1.120000E+03    8.000000E+01   -1.000000E+01   -1.000000E+00   -9.690000E+00   -9.708609E+00
   1.200000E-09    5.000000E+00    1.455000E+00    8.700000E+01    1.301000E+00   -2.297000E+00   -1.000000E+01   -1.000000E+01    2.603000E+00   -1.000000E+01   -1.000000E+01   -1.000000E+01    6.000000E+00    6.266000E+00    1.360000E+00    7.000000E+00    9.300000E+01    3.387000E+00    1.772000E+00    4.990000E+00    1.485000E+00    2.814000E-01    1.018000E-03   -1.067000E+01    3.000000E+00    2.000000E+00    7.800000E+02    1.000000E+02   -1.000000E+01    1.000000E+00   -9.682000E+00   -9.669737E+00
   2.100000E-09    5.000000E+00    1.279000E+00    9.300000E+01    1.398000E+00   -2.190000E-01   -1.000000E+01    4.105000E+00    2.983000E+00    2.697000E+00    2.086000E+00   -1.000000E+01    1.250000E+01    6.759000E+00    1.600000E+00    5.000000E+00    4.100000E+01    2.714000E+00    2.443000E+00    3.850000E+00    1.690000E+00    4.571000E-02    8.974000E-04   -9.626000E+00    2.000000E+00    2.000000E+00    1.200000E+03    4.750000E+01   -1.000000E+01   -1.000000E+00   -9.577000E+00   -9.577227E+00
   2.000000E-09    1.000000E+00    1.453000E+00    1.080000E+02    1.602000E+00   -2.924000E-01   -1.000000E+01    4.069000E+00   -1.000000E+01    4.257000E+00   -1.000000E+01   -1.000000E+01    5.928000E+00    1.045000E+01    2.660000E+00    5.000000E+00    5.300000E+01    3.375000E+00    2.755000E+00    3.850000E+00    1.580000E+00    8.822000E-02    6.389000E-04   -9.652000E+00    2.000000E+00    2.000000E+00    1.400000E+03    9.999000E+01   -1.000000E+01   -1.000000E+00   -1.001000E+01   -9.976263E+00
   1.970000E-09    1.000000E+00    1.744000E+00    8.200000E+01    1.380000E+00   -6.576000E-01    1.176000E+00    3.262000E+00    3.292000E+00    3.770000E+00    1.447000E+00    3.583000E+00    7.200000E+00    1.045000E+01    2.660000E+00    5.000000E+00    5.300000E+01    3.375000E+00    2.859000E+00    3.850000E+00    1.170000E+00    7.200000E-02    9.199000E-04   -9.846000E+00    2.000000E+00    1.000000E+00    1.340000E+03    8.000000E+01   -1.000000E+01   -1.000000E+00   -9.903000E+00   -9.970037E+00
   8.100000E-10    4.000000E+00    2.025000E+00    8.100000E+01    1.342000E+00   -1.000000E+00   -1.000000E+01    3.362000E+00   -1.000000E+01    3.550000E+00   -1.000000E+01   -1.000000E+01    7.900000E+00    9.752000E+00    2.550000E+00    4.000000E+00    3.400000E+01    2.921000E+00    1.025000E+00    3.450000E+00    8.832000E-01    4.551000E-01    9.673000E-04   -1.002000E+01    2.500000E+01    1.000000E+00    1.530000E+03    0.000000E+00   -1.000000E+01   -2.000000E+00   -1.106000E+01   -1.129292E+01
   2.000000E-09    1.000000E+00    1.580000E+00    7.900000E+01    1.398000E+00   -1.000000E+00   -1.000000E+01    3.362000E+00   -1.000000E+01   -1.000000E+01   -1.000000E+01   -1.000000E+01    8.200000E+00    1.045000E+01    2.660000E+00    5.000000E+00    5.300000E+01    3.375000E+00    2.893000E+00    3.850000E+00    1.318000E+00    6.690000E-02    8.974000E-04   -1.002000E+01    2.000000E+00    1.000000E+00    1.800000E+03    8.000000E+01   -1.000000E+01   -1.000000E+00   -1.029000E+01   -1.039818E+01
   2.090000E-09    1.000000E+00    1.447000E+00    1.080000E+02    1.398000E+00   -1.000000E+01   -1.000000E+01   -1.000000E+01   -1.000000E+01   -1.000000E+01   -1.000000E+01   -1.000000E+01    1.150000E+01    3.894000E+00    7.900000E-01    6.000000E+00    5.500000E+01    2.333000E+00    2.090000E+00    4.360000E+00    1.586000E+00    4.778000E-02    8.974000E-04   -1.452000E+01    2.000000E+00    2.000000E+00    1.210000E+03    1.000000E+02   -1.000000E+01    1.000000E+00   -9.848000E+00   -9.842165E+00
   2.040000E-09    1.000000E+00    1.744000E+00    8.200000E+01    1.380000E+00   -6.576000E-01    1.176000E+00    3.262000E+00    3.292000E+00    3.770000E+00    1.447000E+00    3.583000E+00    7.200000E+00    3.894000E+00    7.900000E-01    6.000000E+00    5.500000E+01    2.333000E+00    2.047000E+00    4.360000E+00    1.170000E+00    5.684000E-02    9.199000E-04   -9.846000E+00    2.000000E+00    2.000000E+00    1.250000E+03    8.000000E+01   -1.000000E+01    1.000000E+00   -9.810000E+00   -9.797576E+00
   2.100000E-09    0.000000E+00    1.447000E+00    1.080000E+02    1.398000E+00   -1.000000E+00   -1.000000E+01    3.362000E+00   -1.000000E+01    3.550000E+00   -1.000000E+01   -1.000000E+01    6.300000E+00    1.360000E+01    2.200000E+00    1.000000E+00    1.000000E+00    8.499000E-01    7.650000E-01    8.500000E-01    1.586000E+00    4.571000E-02    8.974000E-04   -1.002000E+01    2.000000E+00    1.000000E+00    1.600000E+03    1.000000E+02   -1.000000E+01    0.000000E+00   -1.005000E+01   -1.016021E+01
   2.000000E-09    7.000000E+00    1.744000E+00    8.200000E+01    1.398000E+00   -5.918000E-01    1.146000E+00    3.279000E+00    3.330000E+00    3.785000E+00    1.831000E+00    3.016000E+00    7.500000E+00    7.280000E+00    1.900000E+00    5.000000E+00    4.300000E+01    2.817000E+00    2.415000E+00    3.850000E+00    1.170000E+00    6.690000E-02    8.974000E-04   -9.812000E+00    2.000000E+00    2.000000E+00    1.130000E+03    8.000000E+01   -1.000000E+01   -1.000000E+00   -9.699000E+00   -9.661095E+00
   1.460000E-09    7.000000E+00    1.474000E+00    7.600000E+01    1.398000E+00   -9.788000E-01   -1.000000E+01    3.362000E+00   -1.000000E+01    3.550000E+00   -1.000000E+01   -1.000000E+01    7.000000E+00    7.834000E+00    1.900000E+00    6.000000E+00    7.500000E+01    3.309000E+00    2.071000E+00    4.360000E+00    1.407000E+00    2.036000E-01    8.974000E-04   -1.001000E+01    2.000000E+00    1.000000E+00    1.600000E+03    8.130000E+01   -1.000000E+01   -1.000000E+00   -1.077000E+01   -1.079747E+01
   2.000000E-09    1.000000E+00    1.453000E+00    1.080000E+02    1.342000E+00   -2.000000E+00   -1.000000E+01    2.362000E+00   -1.000000E+01    2.550000E+00   -1.000000E+01   -1.000000E+01    7.226000E+00    1.045000E+01    2.660000E+00    5.000000E+00    5.300000E+01    3.375000E+00    2.923000E+00    3.850000E+00    1.580000E+00    6.251000E-02    9.673000E-04   -1.052000E+01    2.000000E+00    2.000000E+00    9.000000E+02    9.999000E+01   -1.000000E+01   -1.000000E+00   -9.595000E+00   -9.718487E+00
   6.610000E-10    2.000000E+00    1.279000E+00    9.300000E+01    1.367000E+00    7.918000E-02   -1.000000E+01    4.281000E+00   -1.000000E+01    2.401000E+00    4.248000E+00    4.062000E+00    5.600000E+00    7.640000E+00    1.910000E+00    4.000000E+00    2.800000E+01    2.586000E+00    7.368000E-01    3.450000E+00    1.690000E+00    5.452000E-01    9.361000E-04   -9.478000E+00    2.000000E+00    1.000000E+00    1.800000E+03    4.750000E+01   -1.000000E+01    2.000000E+00   -1.059000E+01   -1.049321E+01
   2.140000E-09    0.000000E+00    1.580000E+00    7.900000E+01    1.398000E+00   -1.166000E+00    2.934000E+00    2.265000E+00    2.882000E+00    3.027000E+00   -1.000000E+01    1.061000E+00    1.250000E+01    1.360000E+01    2.200000E+00    1.000000E+00    1.000000E+00    8.499000E-01    7.796000E-01    8.500000E-01    1.318000E+00    3.752000E-02    8.974000E-04   -1.010000E+01    2.000000E+00    1.000000E+00    1.700000E+03    8.200000E+01   -1.000000E+01    0.000000E+00   -1.033000E+01   -1.016612E+01
   8.100000E-10    4.000000E+00    2.025000E+00    8.100000E+01    1.342000E+00   -1.000000E+00   -1.000000E+01    3.362000E+00   -1.000000E+01    3.550000E+00   -1.000000E+01   -1.000000E+01    1.100000E+01    9.752000E+00    2.550000E+00    4.000000E+00    3.400000E+01    2.921000E+00    1.025000E+00    3.450000E+00    8.832000E-01    4.551000E-01    9.673000E-04   -1.002000E+01    2.500000E+01    1.000000E+00    1.530000E+03    0.000000E+00   -1.000000E+01   -2.000000E+00   -1.123000E+01   -1.129207E+01
   2.140000E-09    0.000000E+00    1.580000E+00    7.900000E+01    1.362000E+00   -1.470000E+00    2.204000E+00    2.529000E+00    2.672000E+00    1.623000E+00   -1.000000E+01    1.362000E+00    1.160000E+01    1.360000E+01    2.200000E+00    1.000000E+00    1.000000E+00    8.499000E-01    7.849000E-01    8.500000E-01    1.318000E+00    3.459000E-02    9.432000E-04   -1.025000E+01    2.000000E+00    1.000000E+00    1.930000E+03    8.200000E+01    1.954000E+00    0.000000E+00   -1.019000E+01   -1.041727E+01
   1.350000E-09    1.000000E+00    1.453000E+00    1.080000E+02    1.398000E+00   -1.000000E+01   -1.000000E+01   -1.000000E+01   -1.000000E+01   -1.000000E+01   -1.000000E+01   -1.000000E+01    7.175000E+00    5.139000E+00    9.300000E-01    3.000000E+00    1.100000E+01    1.777000E+00    1.028000E+00    2.890000E+00    1.580000E+00    2.376000E-01    8.974000E-04   -1.452000E+01    2.000000E+00    2.000000E+00    9.000000E+02    9.800000E+01   -1.000000E+01    1.000000E+00   -9.759000E+00   -9.729434E+00
   1.300000E-09    1.000000E+00    1.580000E+00    7.900000E+01    1.362000E+00   -1.000000E+00   -1.000000E+01    3.362000E+00   -1.000000E+01    3.550000E+00   -1.000000E+01   -1.000000E+01    7.800000E+00    5.139000E+00    9.300000E-01    3.000000E+00    1.100000E+01    1.777000E+00    9.966000E-01    2.890000E+00    1.318000E+00    2.511000E-01    9.432000E-04   -1.002000E+01    2.000000E+00    1.000000E+00    1.600000E+03    8.000000E+01   -1.000000E+01    1.000000E+00   -9.745000E+00   -9.919522E+00
   1.550000E-09    4.000000E+00    1.408000E+00    3.750000E+01    1.398000E+00   -3.010000E-01   -1.000000E+01    4.061000E+00   -1.000000E+01    4.249000E+00   -1.000000E+01   -1.000000E+01    7.700000E+00    9.752000E+00    2.550000E+00    4.000000E+00    3.400000E+01    2.921000E+00    1.941000E+00    3.450000E+00    1.166000E+00    1.776000E-01    8.974000E-04   -9.667000E+00    2.000000E+00    1.000000E+00    1.400000E+03    3.300000E+01   -1.000000E+01   -1.000000E+00   -1.012000E+01   -1.003916E+01
   2.090000E-09    1.000000E+00   -2.218000E-01    1.730000E+01    1.398000E+00   -1.959000E+00   -6.990000E-01    9.823000E-01    7.497000E-01    2.967000E-01    1.348000E+00    9.581000E-01    8.920000E+00    3.894000E+00    7.900000E-01    6.000000E+00    5.500000E+01    2.333000E+00    2.090000E+00    4.360000E+00    2.460000E+00    4.778000E-02    8.974000E-04   -1.050000E+01    2.700000E+01    1.000000E+00    2.430000E+03    0.000000E+00   -1.000000E+01    1.000000E+00   -1.074000E+01   -1.069034E+01
   2.270000E-09    0.000000E+00    1.453000E+00    1.100000E+02    1.362000E+00   -2.000000E+00   -1.000000E+01    2.362000E+00   -1.000000E+01    2.550000E+00   -1.000000E+01   -1.000000E+01    7.000000E+00    1.360000E+01    2.200000E+00    1.000000E+00    1.000000E+00    8.499000E-01    8.326000E-01    8.500000E-01    1.588000E+00    8.980000E-03    9.432000E-04   -1.052000E+01    2.000000E+00    1.000000E+00    8.000000E+02    9.800000E+01   -1.000000E+01    0.000000E+00   -1.023000E+01   -1.003874E+01
   2.100000E-09    0.000000E+00    1.494000E+00    8.300000E+01    1.362000E+00   -8.239000E-01   -1.000000E+01   -1.000000E+01    3.302000E+00    3.550000E+00   -1.000000E+01   -1.000000E+01    6.799000E+00    1.360000E+01    2.200000E+00    1.000000E+00    1.000000E+00    8.499000E-01    7.702000E-01    8.500000E-01    1.425000E+00    4.279000E-02    9.432000E-04   -9.930000E+00    2.000000E+00    1.000000E+00    1.300000E+03    8.000000E+01   -1.000000E+01    0.000000E+00   -9.824000E+00   -9.900836E+00
   9.000000E-10    2.000000E+00    1.279000E+00    9.300000E+01    1.398000E+00   -1.000000E+01   -1.000000E+01   -1.000000E+01   -1.000000E+01   -1.000000E+01   -1.000000E+01   -1.000000E+01    1.250000E+01    7.344000E+00    1.960000E+00    5.000000E+00    5.000000E+01    2.829000E+00    1.091000E+00    3.850000E+00    1.690000E+00    4.137000E-01    8.974000E-04   -1.452000E+01    2.000000E+00    2.000000E+00    1.600000E+03    4.750000E+01   -1.000000E+01    2.000000E+00   -1.042000E+01   -1.050132E+01
   1.300000E-09    1.000000E+00   -1.549000E-01    1.000000E+01    1.398000E+00    2.625000E-01   -1.000000E+01    4.624000E+00   -1.000000E+01    4.812000E+00   -1.000000E+01   -1.000000E+01    5.500000E+00    5.139000E+00    9.300000E-01    3.000000E+00    1.100000E+01    1.777000E+00    9.899000E-01    2.890000E+00    2.155000E+00    2.540000E-01    8.974000E-04   -9.385000E+00    1.400000E+01    1.000000E+00    2.640000E+03    0.000000E+00   -1.000000E+01    1.000000E+00   -1.228000E+01   -1.240280E+01
   2.140000E-09    0.000000E+00    1.279000E+00    9.300000E+01    1.362000E+00   -2.573000E-01   -1.000000E+01    4.072000E+00    2.903000E+00    4.260000E+00   -1.000000E+01   -1.000000E+01    1.250000E+01    1.360000E+01    2.200000E+00    1.000000E+00    1.000000E+00    8.499000E-01    7.849000E-01    8.500000E-01    1.690000E+00    3.459000E-02    9.432000E-04   -9.646000E+00    2.000000E+00    1.000000E+00    1.800000E+03    4.800000E+01   -1.000000E+01    0.000000E+00   -1.027000E+01   -1.015677E+01
   2.032000E-10    1.000000E+00    1.531000E+00    1.300000E+01    1.362000E+00   -4.510000E-01    1.806000E+00    3.749000E+00    2.949000E+00    3.984000E+00    1.477000E+00    3.368000E+00    7.680000E+00    1.297000E+01    3.160000E+00    3.000000E+00    1.700000E+01    2.822000E+00    2.474000E-01    2.890000E+00    5.825000E-01    1.057000E+00    9.432000E-04   -9.743000E+00    4.000000E+00    1.000000E+00    2.700000E+03    0.000000E+00   -1.000000E+01   -1.000000E+00   -1.160000E+01   -1.178656E+01
   3.330000E-09    2.000000E+00    1.279000E+00    9.300000E+01    1.778000E+00   -1.807000E+00   -1.000000E+01    2.378000E+00   -1.000000E+01   -1.000000E+01   -1.000000E+01    2.699000E+00    7.250000E+00    9.752000E+00    2.550000E+00    4.000000E+00    3.400000E+01    2.921000E+00    3.732000E+00    3.450000E+00    1.690000E+00   -1.063000E-01    4.494000E-04   -1.040000E+01    2.000000E+00    2.000000E+00    1.600000E+03    5.000000E+01   -1.000000E+01   -1.000000E+00   -9.735000E+00   -9.650623E+00
   1.970000E-09    1.000000E+00    1.744000E+00    8.200000E+01    1.380000E+00   -6.576000E-01    1.176000E+00    3.262000E+00    3.292000E+00    3.770000E+00    1.447000E+00    3.583000E+00    7.200000E+00    1.045000E+01    2.660000E+00    5.000000E+00    5.300000E+01    3.375000E+00    2.859000E+00    3.850000E+00    1.170000E+00    7.200000E-02    9.199000E-04   -9.846000E+00    2.000000E+00    2.000000E+00    1.290000E+03    8.000000E+01   -1.000000E+01   -1.000000E+00   -9.857000E+00   -9.821383E+00
   2.000000E-09    7.000000E+00    1.744000E+00    8.200000E+01    1.903000E+00   -5.918000E-01    1.146000E+00    3.279000E+00    3.330000E+00    3.785000E+00    1.831000E+00    3.016000E+00    7.500000E+00    7.280000E+00    1.900000E+00    5.000000E+00    4.300000E+01    2.817000E+00    2.039000E+00    3.850000E+00    1.170000E+00    1.404000E-01    3.547000E-04   -9.775000E+00    2.000000E+00    2.000000E+00    9.400000E+02    8.000000E+01   -1.000000E+01   -1.000000E+00   -9.551000E+00   -9.551390E+00
   2.220000E-09    0.000000E+00    6.232000E-01    6.700000E+01    1.398000E+00   -6.615000E-01    9.081000E-01    3.294000E+00    3.577000E+00    3.659000E+00    1.000000E+00    3.051000E+00    7.200000E+00    1.360000E+01    2.200000E+00    1.000000E+00    1.000000E+00    8.499000E-01    8.088000E-01    8.500000E-01    2.203000E+00    2.158000E-02    8.974000E-04   -9.847000E+00    1.300000E+01    1.000000E+00    1.450000E+03    0.000000E+00   -1.000000E+01    0.000000E+00   -8.514000E+00   -9.030574E+00
   2.000000E-09    7.000000E+00    1.744000E+00    8.200000E+01    1.903000E+00   -5.918000E-01    1.146000E+00    3.279000E+00    3.330000E+00    3.785000E+00    1.831000E+00    3.016000E+00    7.500000E+00    7.280000E+00    1.900000E+00    5.000000E+00    4.300000E+01    2.817000E+00    2.039000E+00    3.850000E+00    1.170000E+00    1.404000E-01    3.547000E-04   -9.775000E+00    2.000000E+00    2.000000E+00    1.180000E+03    8.000000E+01   -1.000000E+01   -1.000000E+00   -9.738000E+00   -9.660957E+00
   7.900000E-10    2.000000E+00    1.279000E+00    9.300000E+01    1.398000E+00    8.198000E-01   -1.000000E+01    5.178000E+00    3.983000E+00    5.366000E+00    2.086000E+00   -1.000000E+01    1.250000E+01    5.695000E+00    9.500000E-01    5.000000E+00    3.800000E+01    2.491000E+00    8.436000E-01    3.850000E+00    1.690000E+00    4.703000E-01    8.974000E-04   -9.106000E+00    2.000000E+00    2.000000E+00    1.800000E+03    4.750000E+01   -1.000000E+01    2.000000E+00   -1.055000E+01   -1.056282E+01
   1.180000E-09    1.000000E+00    1.453000E+00    1.080000E+02    6.990000E-01   -1.000000E+01   -1.000000E+01   -1.000000E+01   -1.000000E+01   -1.000000E+01   -1.000000E+01   -1.000000E+01    4.951000E+00    1.297000E+01    3.160000E+00    3.000000E+00    1.700000E+01    2.822000E+00    1.530000E+00    2.890000E+00    1.580000E+00    2.659000E-01    1.536000E-03   -1.453000E+01    2.000000E+00    2.000000E+00    1.800000E+03    9.800000E+01   -1.000000E+01   -1.000000E+00   -1.059000E+01   -1.058180E+01
   2.000000E-09    1.000000E+00    1.279000E+00    9.300000E+01    1.352000E+00    6.990000E-01   -1.000000E+01    5.061000E+00   -1.000000E+01   -1.000000E+01   -1.000000E+01   -1.000000E+01    1.250000E+01    1.297000E+01    3.160000E+00    3.000000E+00    1.700000E+01    2.822000E+00    2.440000E+00    2.890000E+00    1.690000E+00    6.324000E-02    9.552000E-04   -9.169000E+00    2.000000E+00    1.000000E+00    1.600000E+03    4.750000E+01    1.699000E+00   -1.000000E+00   -1.037000E+01   -1.038951E+01
   2.140000E-09    0.000000E+00    1.580000E+00    7.900000E+01    1.398000E+00   -1.166000E+00    2.934000E+00    2.265000E+00    2.882000E+00    3.027000E+00   -1.000000E+01    1.061000E+00    1.250000E+01    1.360000E+01    2.200000E+00    1.000000E+00    1.000000E+00    8.499000E-01    7.796000E-01    8.500000E-01    1.318000E+00    3.752000E-02    8.974000E-04   -1.010000E+01    2.000000E+00    1.000000E+00    2.000000E+03    8.200000E+01   -1.000000E+01    0.000000E+00   -1.036000E+01   -1.038349E+01
   2.220000E-09    0.000000E+00    1.602000E+00    1.400000E+01    1.362000E+00   -2.000000E+00    9.345000E-01    2.362000E+00    5.328000E-01    2.338000E+00    2.387000E+00    1.904000E+00    8.300000E+00    1.360000E+01    2.200000E+00    1.000000E+00    1.000000E+00    8.499000E-01    8.142000E-01    8.500000E-01    5.441000E-01    1.865000E-02    9.432000E-04   -1.052000E+01    5.000000E+00    1.000000E+00    2.450000E+03    0.000000E+00   -1.000000E+01    0.000000E+00   -1.062000E+01   -1.065385E+01
   2.570000E-09    1.000000E+00    1.453000E+00    1.080000E+02    1.699000E+00   -1.000000E+01   -1.000000E+01   -1.000000E+01   -1.000000E+01   -1.000000E+01   -1.000000E+01   -1.000000E+01    7.562000E+00    5.139000E+00    9.300000E-01    3.000000E+00    1.100000E+01    1.777000E+00    1.806000E+00    2.890000E+00    1.580000E+00   -7.034000E-03    5.279000E-04   -1.450000E+01    2.000000E+00    2.000000E+00    1.000000E+03    9.800000E+01   -1.000000E+01    1.000000E+00   -9.573000E+00   -9.561289E+00
   5.000000E-10    4.000000E+00    1.744000E+00    8.200000E+01    1.398000E+00   -5.834000E-01    1.146000E+00    3.281000E+00    3.328000E+00    3.810000E+00    1.831000E+00    3.016000E+00    8.820000E+00    6.026000E+00    1.280000E+00    7.000000E+00    9.400000E+01    3.322000E+00    7.118000E-01    4.990000E+00    1.170000E+00    6.690000E-01    8.974000E-04   -9.808000E+00    2.000000E+00    2.000000E+00    2.300000E+03    8.000000E+01    1.954000E+00    0.000000E+00   -1.070000E+01   -1.074189E+01
   8.050000E-10    2.000000E+00    1.748000E+00    1.110000E+02    1.398000E+00   -2.361000E+00    4.139000E-02    1.176000E+00    1.671000E+00    1.079000E+00    2.170000E+00    1.146000E+00    8.300000E+00    5.695000E+00    9.500000E-01    5.000000E+00    3.800000E+01    2.491000E+00    8.596000E-01    3.850000E+00    1.297000E+00    4.621000E-01    8.974000E-04   -1.070000E+01    2.000000E+00    1.000000E+00    1.620000E+03    9.300000E+01   -1.000000E+01    2.000000E+00   -1.126000E+01   -1.100097E+01
   2.140000E-09    0.000000E+00    1.477000E+00    2.100000E+01    1.398000E+00   -6.576000E-01    2.000000E+00    2.230000E+00    2.544000E+00    3.090000E+00    2.000000E+00    2.230000E+00    7.200000E+00    1.360000E+01    2.200000E+00    1.000000E+00    1.000000E+00    8.499000E-01    7.796000E-01    8.500000E-01    8.451000E-01    3.752000E-02    8.974000E-04   -9.845000E+00    4.000000E+00    1.000000E+00    2.440000E+03    0.000000E+00   -1.000000E+01    0.000000E+00   -1.037000E+01   -1.046763E+01
   1.360000E-09    5.000000E+00    1.453000E+00    1.080000E+02    1.362000E+00   -3.010000E-01   -1.000000E+01    4.061000E+00   -1.000000E+01    4.249000E+00   -1.000000E+01   -1.000000E+01    9.000000E+00    6.266000E+00    1.360000E+00    7.000000E+00    9.300000E+01    3.387000E+00    1.988000E+00    4.990000E+00    1.580000E+00    2.315000E-01    9.432000E-04   -9.668000E+00    2.000000E+00    1.000000E+00    8.000000E+02    9.900000E+01   -1.000000E+01    1.000000E+00   -1.043000E+01   -1.012321E+01
   6.240000E-10    3.000000E+00    1.580000E+00    7.900000E+01    1.398000E+00   -1.456000E+00    1.041000E+00    2.824000E+00    8.202000E-01    2.121000E+00   -1.000000E+01    2.940000E+00    8.900000E+00    5.974000E+00    1.300000E+00    7.000000E+00    9.500000E+01    3.307000E+00    8.845000E-01    4.990000E+00    1.318000E+00    5.727000E-01    8.974000E-04   -1.024000E+01    2.000000E+00    2.000000E+00    2.000000E+03    8.000000E+01   -1.000000E+01    3.000000E+00   -1.101000E+01   -1.097662E+01
   1.550000E-09    4.000000E+00    1.408000E+00    7.200000E+01    1.602000E+00   -1.301000E+00   -1.000000E+01    3.061000E+00   -1.000000E+01   -1.000000E+01   -1.000000E+01   -1.000000E+01    8.000000E+00    9.752000E+00    2.550000E+00    4.000000E+00    3.400000E+01    2.921000E+00    1.848000E+00    3.450000E+00    1.449000E+00    1.989000E-01    6.389000E-04   -1.016000E+01    2.000000E+00    1.000000E+00    1.600000E+03    7.500000E+01   -1.000000E+01   -1.000000E+00   -1.092000E+01   -1.070333E+01
   9.230000E-10    4.000000E+00    1.279000E+00    9.300000E+01    1.398000E+00   -3.010000E-01   -1.000000E+01    4.061000E+00   -1.000000E+01   -1.000000E+01   -1.000000E+01   -1.000000E+01    1.250000E+01    1.126000E+01    2.550000E+00    2.000000E+00    6.000000E+00    1.811000E+00    7.164000E-01    1.990000E+00    1.690000E+00    4.027000E-01    8.974000E-04   -9.667000E+00    2.000000E+00    1.000000E+00    1.600000E+03    4.750000E+01    1.477000E+00   -2.000000E+00   -1.096000E+01   -1.091265E+01
   2.100000E-09    1.000000E+00    1.453000E+00    1.080000E+02    1.778000E+00   -2.000000E+00   -1.000000E+01    2.362000E+00   -1.000000E+01    2.550000E+00   -1.000000E+01   -1.000000E+01    8.066000E+00    3.894000E+00    7.900000E-01    6.000000E+00    5.500000E+01    2.333000E+00    1.879000E+00    4.360000E+00    1.580000E+00    9.392000E-02    4.494000E-04   -1.049000E+01    2.000000E+00    2.000000E+00    1.040000E+03    9.999000E+01   -1.000000E+01    1.000000E+00   -9.684000E+00   -9.650611E+00
   2.090000E-09    1.000000E+00    1.453000E+00    1.080000E+02    1.398000E+00   -1.301000E+00   -1.000000E+01    3.061000E+00   -1.000000E+01    3.249000E+00   -1.000000E+01   -1.000000E+01    7.396000E+00    1.297000E+01    3.160000E+00    3.000000E+00    1.700000E+01    2.822000E+00    2.528000E+00    2.890000E+00    1.580000E+00    4.778000E-02    8.974000E-04   -1.017000E+01    2.000000E+00    2.000000E+00    1.000000E+03    9.800000E+01   -1.000000E+01   -1.000000E+00   -9.648000E+00   -9.660404E+00
   2.000000E-09    1.000000E+00    1.580000E+00    7.900000E+01    1.380000E+00   -6.615000E-01    1.893000E+00    3.508000E+00    2.904000E+00    3.805000E+00    1.785000E+00    2.584000E+00    7.700000E+00    1.045000E+01    2.660000E+00    5.000000E+00    5.300000E+01    3.375000E+00    2.903000E+00    3.850000E+00    1.318000E+00    6.544000E-02    9.199000E-04   -9.848000E+00    2.000000E+00    1.000000E+00    1.800000E+03    8.500000E+01    1.176000E+00   -1.000000E+00   -1.103000E+01   -1.112892E+01
   2.000000E-09    1.000000E+00    6.232000E-01    6.700000E+01    1.477000E+00   -1.065000E+00    3.096000E+00    3.070000E+00    2.312000E+00    3.156000E+00    2.190000E+00    3.054000E+00    7.580000E+00    1.045000E+01    2.660000E+00    5.000000E+00    5.300000E+01    3.375000E+00    2.845000E+00    3.850000E+00    2.203000E+00    7.412000E-02    7.959000E-04   -1.005000E+01    1.300000E+01    1.000000E+00    2.680000E+03    0.000000E+00   -1.000000E+01   -1.000000E+00   -1.245000E+01   -1.240162E+01
   2.000000E-09    1.000000E+00    1.279000E+00    9.300000E+01    1.362000E+00    6.990000E-01   -1.000000E+01    5.061000E+00   -1.000000E+01   -1.000000E+01   -1.000000E+01   -1.000000E+01    1.250000E+01    1.297000E+01    3.160000E+00    3.000000E+00    1.700000E+01    2.822000E+00    2.435000E+00    2.890000E+00    1.690000E+00    6.398000E-02    9.432000E-04   -9.168000E+00    2.000000E+00    1.000000E+00    1.600000E+03    4.800000E+01   -1.000000E+01   -1.000000E+00   -1.062000E+01   -1.061242E+01
   5.740000E-09    1.000000E+00    1.744000E+00    8.200000E+01    1.954000E+00    1.335000E-01    1.469000E+00    3.704000E+00    4.176000E+00    4.535000E+00    1.000000E+00    2.898000E+00    9.233000E+00    1.297000E+01    3.160000E+00    3.000000E+00    1.700000E+01    2.822000E+00    5.700000E+00    2.890000E+00    1.170000E+00   -3.053000E-01    3.270000E-04   -9.407000E+00    2.000000E+00    2.000000E+00    1.660000E+03    8.000000E+01    1.699000E+00   -1.000000E+00   -9.434000E+00   -9.494843E+00
   2.100000E-09    0.000000E+00    6.021000E-01    6.700000E+01    1.398000E+00   -1.000000E+01   -1.000000E+01   -1.000000E+01   -1.000000E+01   -1.000000E+01   -1.000000E+01   -1.000000E+01    5.500000E+00    1.360000E+01    2.200000E+00    1.000000E+00    1.000000E+00    8.499000E-01    7.650000E-01    8.500000E-01    2.224000E+00    4.571000E-02    8.974000E-04   -1.452000E+01    1.300000E+01    1.000000E+00    2.640000E+03    0.000000E+00   -1.000000E+01    0.000000E+00   -1.219000E+01   -1.204498E+01
   4.300000E-10    4.000000E+00    1.279000E+00    9.300000E+01    1.398000E+00   -1.000000E+01   -1.000000E+01   -1.000000E+01   -1.000000E+01   -1.000000E+01   -1.000000E+01   -1.000000E+01    1.250000E+01    6.194000E+00    1.380000E+00    7.000000E+00    9.200000E+01    3.368000E+00    6.207000E-01    4.990000E+00    1.690000E+00    7.345000E-01    8.974000E-04   -1.452000E+01    2.000000E+00    2.000000E+00    1.600000E+03    4.750000E+01   -1.000000E+01    0.000000E+00   -1.074000E+01   -1.069164E+01
   6.600000E-10    2.000000E+00    1.613000E+00    1.700000E+01    1.398000E+00   -5.229000E-01   -1.000000E+01   -1.000000E+01   -1.000000E+01    3.851000E+00   -1.000000E+01   -1.000000E+01    6.000000E+00    7.640000E+00    1.910000E+00    4.000000E+00    2.800000E+01    2.586000E+00    7.315000E-01    3.450000E+00    6.177000E-01    5.484000E-01    8.974000E-04   -9.778000E+00    1.700000E+01    1.000000E+00    2.780000E+03    0.000000E+00   -1.000000E+01    2.000000E+00   -1.300000E+01   -1.300359E+01
   7.400000E-10    4.000000E+00    4.771000E-01    2.000000E+00    1.389000E+00   -8.861000E-01   -1.000000E+01    3.441000E+00   -1.000000E+01   -1.000000E+01    3.785000E+00    2.983000E+00    9.350000E+00    6.026000E+00    1.280000E+00    7.000000E+00    9.400000E+01    3.322000E+00    1.055000E+00    4.990000E+00    8.239000E-01    4.980000E-01    9.086000E-04   -9.960000E+00    8.000000E+00    1.000000E+00    2.640000E+03    0.000000E+00   -1.000000E+01   -2.000000E+00   -1.270000E+01   -1.265701E+01
   2.140000E-09    0.000000E+00    1.580000E+00    7.900000E+01    1.398000E+00   -1.365000E+00    1.990000E+00    2.225000E+00    2.538000E+00    3.094000E+00   -1.000000E+01    2.238000E+00    7.800000E+00    1.360000E+01    2.200000E+00    1.000000E+00    1.000000E+00    8.499000E-01    7.796000E-01    8.500000E-01    1.318000E+00    3.752000E-02    8.974000E-04   -1.020000E+01    2.000000E+00    1.000000E+00    2.000000E+03    8.200000E+01   -1.000000E+01    0.000000E+00   -1.036000E+01   -1.040120E+01
   1.200000E-09    5.000000E+00    1.602000E+00    1.400000E+02    1.301000E+00   -3.000000E+00   -1.000000E+01    1.362000E+00   -1.000000E+01   -1.000000E+01   -1.000000E+01   -1.000000E+01    6.000000E+00    6.266000E+00    1.360000E+00    7.000000E+00    9.300000E+01    3.387000E+00    1.772000E+00    4.990000E+00    1.544000E+00    2.814000E-01    1.018000E-03   -1.102000E+01    7.000000E+00    2.000000E+00    1.190000E+03    0.000000E+00   -1.000000E+01    1.000000E+00   -9.442000E+00   -9.456065E+00
