   2.090000E-09    1.000000E+00    1.447000E+00    1.080000E+02    1.398000E+00   -1.000000E+01   -1.000000E+01   -1.000000E+01   -1.000000E+01   -1.000000E+01   -1.000000E+01   -1.000000E+01    9.500000E+00    3.894000E+00    7.900000E-01    6.000000E+00    5.500000E+01    2.333000E+00    2.090000E+00    4.360000E+00    1.586000E+00    4.778000E-02    8.974000E-04   -1.452000E+01    2.000000E+00    2.000000E+00    1.000000E+03    1.000000E+02   -1.000000E+01    1.000000E+00    1.329121E+00   -9.672000E+00   -9.692982E+00
   3.690000E-09    1.000000E+00    1.453000E+00    1.080000E+02    1.699000E+00   -1.000000E+01   -1.000000E+01   -1.000000E+01   -1.000000E+01   -1.000000E+01   -1.000000E+01   -1.000000E+01    5.999000E+00    1.297000E+01    3.160000E+00    3.000000E+00    1.700000E+01    2.822000E+00    4.118000E+00    2.890000E+00    1.580000E+00   -1.641000E-01    5.279000E-04   -1.450000E+01    2.000000E+00    2.000000E+00    1.100000E+03    9.800000E+01   -1.000000E+01   -1.000000E+00    5.419620E-01   -9.481000E+00   -9.517882E+00
   2.000000E-09    1.000000E+00    1.279000E+00    9.300000E+01    1.362000E+00   -2.000000E+00   -1.000000E+01    2.362000E+00   -1.000000E+01    2.550000E+00   -1.000000E+01   -1.000000E+01    1.250000E+01    1.297000E+01    3.160000E+00    3.000000E+00    1.700000E+01    2.822000E+00    2.435000E+00    2.890000E+00    1.690000E+00    6.398000E-02    9.432000E-04   -1.052000E+01    2.000000E+00    1.000000E+00    1.600000E+03    4.800000E+01    1.477000E+00   -1.000000E+00    3.730663E-02   -1.108000E+01   -1.117103E+01
   1.560000E-09    1.000000E+00    1.453000E+00    1.080000E+02    1.176000E+00   -1.000000E+01   -1.000000E+01   -1.000000E+01   -1.000000E+01   -1.000000E+01   -1.000000E+01   -1.000000E+01    4.988000E+00    1.297000E+01    3.160000E+00    3.000000E+00    1.700000E+01    2.822000E+00    1.952000E+00    2.890000E+00    1.580000E+00    1.600000E-01    1.162000E-03   -1.452000E+01    2.000000E+00    2.000000E+00    1.200000E+03    9.800000E+01   -1.000000E+01   -1.000000E+00    1.535750E-01   -9.939000E+00   -9.917600E+00
   4.300000E-10    4.000000E+00    1.279000E+00    9.300000E+01    1.398000E+00    0.000000E+00   -1.000000E+01   -1.000000E+01   -1.000000E+01   -1.000000E+01   -1.000000E+01   -1.000000E+01    9.000000E+00    6.194000E+00    1.380000E+00    7.000000E+00    9.200000E+01    3.368000E+00    6.207000E-01    4.990000E+00    1.690000E+00    7.345000E-01    8.974000E-04   -9.516000E+00    2.000000E+00    2.000000E+00    2.000000E+03    4.750000E+01   -1.000000E+01    0.000000E+00    1.929988E+00   -1.106000E+01   -1.090588E+01
   2.000000E-09    1.000000E+00    1.744000E+00    8.200000E+01    1.380000E+00   -5.918000E-01    1.146000E+00    3.279000E+00    3.328000E+00    3.785000E+00    1.831000E+00    3.016000E+00    7.500000E+00    1.045000E+01    2.660000E+00    5.000000E+00    5.300000E+01    3.375000E+00    2.903000E+00    3.850000E+00    1.170000E+00    6.544000E-02    9.199000E-04   -9.813000E+00    2.000000E+00    2.000000E+00    1.100000E+03    8.000000E+01   -1.000000E+01   -1.000000E+00    2.755688E-01   -9.674000E+00   -9.754400E+00
   1.300000E-09    1.000000E+00   -1.549000E-01    1.000000E+01    1.398000E+00    2.625000E-01   -1.000000E+01    4.624000E+00   -1.000000E+01    4.812000E+00   -1.000000E+01   -1.000000E+01    5.500000E+00    5.139000E+00    9.300000E-01    3.000000E+00    1.100000E+01    1.777000E+00    9.899000E-01    2.890000E+00    2.155000E+00    2.540000E-01    8.974000E-04   -9.385000E+00    1.400000E+01    1.000000E+00    2.640000E+03    0.000000E+00   -1.000000E+01    1.000000E+00    2.176206E-02   -1.236000E+01   -1.239017E+01
   2.100000E-09    1.000000E+00    1.279000E+00    9.300000E+01    1.398000E+00   -1.000000E+01   -1.000000E+01   -1.000000E+01   -1.000000E+01   -1.000000E+01   -1.000000E+01   -1.000000E+01    1.250000E+01    3.894000E+00    7.900000E-01    6.000000E+00    5.500000E+01    2.333000E+00    2.100000E+00    4.360000E+00    1.690000E+00    4.571000E-02    8.974000E-04   -1.452000E+01    2.000000E+00    2.000000E+00    1.800000E+03    4.750000E+01   -1.000000E+01    1.000000E+00    4.669943E-01   -1.013000E+01   -1.006547E+01
   2.220000E-09    0.000000E+00    1.833000E+00    7.100000E+01    1.398000E+00   -1.000000E+00   -1.000000E+01    3.362000E+00   -1.000000E+01   -1.000000E+01   -1.000000E+01   -1.000000E+01    5.000000E+00    1.360000E+01    2.200000E+00    1.000000E+00    1.000000E+00    8.499000E-01    8.088000E-01    8.500000E-01    1.019000E+00    2.158000E-02    8.974000E-04   -1.002000E+01    6.000000E+00    1.000000E+00    1.900000E+03    0.000000E+00   -1.000000E+01    0.000000E+00    6.763371E-02   -9.886000E+00   -9.577599E+00
   2.570000E-09    1.000000E+00    1.453000E+00    1.080000E+02    1.699000E+00   -1.000000E+01   -1.000000E+01   -1.000000E+01   -1.000000E+01   -1.000000E+01   -1.000000E+01   -1.000000E+01    7.564000E+00    5.139000E+00    9.300000E-01    3.000000E+00    1.100000E+01    1.777000E+00    1.806000E+00    2.890000E+00    1.580000E+00   -7.034000E-03    5.279000E-04   -1.450000E+01    2.000000E+00    2.000000E+00    1.000000E+03    9.800000E+01   -1.000000E+01    1.000000E+00    8.993727E-02   -9.573000E+00   -9.565488E+00
   2.090000E-09    1.000000E+00    1.580000E+00    7.870000E+01    1.398000E+00   -1.857000E+00    5.922000E-01    2.448000E+00    1.256000E+00    2.603000E+00    2.086000E+00    9.825000E-01    6.811000E+00    3.894000E+00    7.900000E-01    6.000000E+00    5.500000E+01    2.333000E+00    2.090000E+00    4.360000E+00    1.316000E+00    4.778000E-02    8.974000E-04   -1.044000E+01    2.000000E+00    5.000000E+00    1.590000E+03    8.200000E+01   -1.000000E+01    1.000000E+00    5.316298E-01   -1.007000E+01   -9.960143E+00
   1.550000E-09    1.000000E+00    1.453000E+00    1.080000E+02    1.477000E+00   -1.000000E+01   -1.000000E+01   -1.000000E+01   -1.000000E+01   -1.000000E+01   -1.000000E+01   -1.000000E+01    6.317000E+00    5.139000E+00    9.300000E-01    3.000000E+00    1.100000E+01    1.777000E+00    1.161000E+00    2.890000E+00    1.580000E+00    1.848000E-01    7.959000E-04   -1.451000E+01    2.000000E+00    2.000000E+00    1.800000E+03    9.800000E+01   -1.000000E+01    1.000000E+00    1.853319E-01   -1.053000E+01   -1.051505E+01
   2.220000E-09    0.000000E+00    1.602000E+00    1.400000E+01    1.362000E+00   -2.000000E+00    9.345000E-01    2.362000E+00    5.328000E-01    2.338000E+00    2.387000E+00    1.904000E+00    8.300000E+00    1.360000E+01    2.200000E+00    1.000000E+00    1.000000E+00    8.499000E-01    8.142000E-01    8.500000E-01    5.441000E-01    1.865000E-02    9.432000E-04   -1.052000E+01    5.000000E+00    1.000000E+00    2.450000E+03    0.000000E+00   -1.000000E+01    0.000000E+00    2.058411E-02   -1.060000E+01   -1.070043E+01
   2.000000E-09    7.000000E+00    6.232000E-01    6.700000E+01    1.398000E+00   -1.000000E+00   -1.000000E+01    3.362000E+00   -1.000000E+01   -1.000000E+01   -1.000000E+01   -1.000000E+01    9.000000E+00    7.280000E+00    1.900000E+00    5.000000E+00    4.300000E+01    2.817000E+00    2.415000E+00    3.850000E+00    2.203000E+00    6.690000E-02    8.974000E-04   -1.002000E+01    1.300000E+01    1.000000E+00    2.720000E+03    0.000000E+00   -1.000000E+01   -1.000000E+00    1.597910E-01   -1.190000E+01   -1.184221E+01
   6.240000E-10    3.000000E+00    1.279000E+00    9.300000E+01    1.398000E+00   -1.000000E+01   -1.000000E+01   -1.000000E+01   -1.000000E+01   -1.000000E+01   -1.000000E+01   -1.000000E+01    1.250000E+01    5.974000E+00    1.300000E+00    7.000000E+00    9.500000E+01    3.307000E+00    8.845000E-01    4.990000E+00    1.690000E+00    5.727000E-01    8.974000E-04   -1.452000E+01    2.000000E+00    2.000000E+00    1.600000E+03    4.750000E+01   -1.000000E+01    3.000000E+00    2.858641E+01   -1.058000E+01   -1.057576E+01
   1.330000E-09    1.000000E+00    1.531000E+00    1.300000E+01    1.362000E+00   -4.510000E-01    1.806000E+00    3.749000E+00    2.949000E+00    3.984000E+00    1.477000E+00    3.368000E+00    7.680000E+00    5.139000E+00    9.300000E-01    3.000000E+00    1.100000E+01    1.777000E+00    1.020000E+00    2.890000E+00    5.825000E-01    2.412000E-01    9.432000E-04   -9.743000E+00    4.000000E+00    1.000000E+00    2.700000E+03    0.000000E+00   -1.000000E+01    1.000000E+00    7.959335E-02   -1.198000E+01   -1.178412E+01
   2.140000E-09    0.000000E+00    1.279000E+00    9.300000E+01    1.602000E+00   -2.757000E-01    5.922000E-01    4.024000E+00    2.558000E+00    4.302000E+00   -1.000000E+01    4.065000E-01    8.300000E+00    1.360000E+01    2.200000E+00    1.000000E+00    1.000000E+00    8.499000E-01    7.423000E-01    8.500000E-01    1.690000E+00    5.883000E-02    6.389000E-04   -9.643000E+00    2.000000E+00    1.000000E+00    1.600000E+03    4.800000E+01    1.477000E+00    0.000000E+00    1.894709E-02   -9.609000E+00   -9.747759E+00
   2.032000E-10    1.000000E+00    1.833000E+00    7.100000E+01    1.398000E+00    0.000000E+00   -1.000000E+01    4.362000E+00   -1.000000E+01   -1.000000E+01   -1.000000E+01   -1.000000E+01    5.000000E+00    1.297000E+01    3.160000E+00    3.000000E+00    1.700000E+01    2.822000E+00    2.458000E-01    2.890000E+00    1.019000E+00    1.060000E+00    8.974000E-04   -9.516000E+00    6.000000E+00    1.000000E+00    1.900000E+03    0.000000E+00   -1.000000E+01   -1.000000E+00    1.273577E+00   -9.222000E+00   -1.005753E+01
   2.220000E-09    0.000000E+00    1.602000E+00    1.400000E+01    1.362000E+00   -2.000000E+00    9.345000E-01    2.362000E+00    5.328000E-01    2.338000E+00    2.387000E+00    1.904000E+00    8.300000E+00    1.360000E+01    2.200000E+00    1.000000E+00    1.000000E+00    8.499000E-01    8.142000E-01    8.500000E-01    5.441000E-01    1.865000E-02    9.432000E-04   -1.052000E+01    5.000000E+00    1.000000E+00    2.450000E+03    0.000000E+00   -1.000000E+01    0.000000E+00    2.058411E-02   -1.060000E+01   -1.070043E+01
   2.000000E-09    1.000000E+00    1.453000E+00    1.080000E+02    1.342000E+00   -2.924000E-01   -1.000000E+01    4.069000E+00   -1.000000E+01    4.257000E+00   -1.000000E+01   -1.000000E+01    6.580000E+00    1.045000E+01    2.660000E+00    5.000000E+00    5.300000E+01    3.375000E+00    2.923000E+00    3.850000E+00    1.580000E+00    6.251000E-02    9.673000E-04   -9.665000E+00    2.000000E+00    2.000000E+00    1.060000E+03    9.999000E+01   -1.000000E+01   -1.000000E+00    2.933190E-01   -9.721000E+00   -9.802279E+00
   2.220000E-09    0.000000E+00    1.833000E+00    7.100000E+01    1.398000E+00   -2.301000E+00   -1.000000E+01    2.061000E+00   -1.000000E+01    2.249000E+00   -1.000000E+01   -1.000000E+01    7.000000E+00    1.360000E+01    2.200000E+00    1.000000E+00    1.000000E+00    8.499000E-01    8.088000E-01    8.500000E-01    1.019000E+00    2.158000E-02    8.974000E-04   -1.067000E+01    6.000000E+00    1.000000E+00    1.500000E+03    0.000000E+00   -1.000000E+01    0.000000E+00    8.136891E-02   -9.866000E+00   -9.681899E+00
   1.350000E-09    1.000000E+00    1.453000E+00    1.080000E+02    1.398000E+00   -1.301000E+00   -1.000000E+01    3.061000E+00   -1.000000E+01    3.249000E+00   -1.000000E+01   -1.000000E+01    7.083000E+00    5.139000E+00    9.300000E-01    3.000000E+00    1.100000E+01    1.777000E+00    1.028000E+00    2.890000E+00    1.580000E+00    2.376000E-01    8.974000E-04   -1.017000E+01    2.000000E+00    2.000000E+00    1.000000E+03    9.800000E+01   -1.000000E+01    1.000000E+00    2.235269E-01   -9.839000E+00   -9.808348E+00
   1.460000E-09    7.000000E+00    1.408000E+00    7.200000E+01    1.000000E+00   -1.268000E+00   -1.000000E+01    3.094000E+00   -1.000000E+01   -1.000000E+01   -1.000000E+01   -1.000000E+01    6.000000E+00    7.834000E+00    1.900000E+00    6.000000E+00    7.500000E+01    3.309000E+00    2.180000E+00    4.360000E+00    1.449000E+00    1.812000E-01    1.332000E-03   -1.016000E+01    2.000000E+00    1.000000E+00    1.600000E+03    7.500000E+01   -1.000000E+01   -1.000000E+00    5.322809E-01   -1.066000E+01   -1.058622E+01
   2.000000E-09    7.000000E+00    1.744000E+00    8.200000E+01    1.380000E+00   -5.918000E-01    1.146000E+00    3.279000E+00    3.330000E+00    3.785000E+00    1.831000E+00    3.016000E+00    7.500000E+00    7.280000E+00    1.900000E+00    5.000000E+00    4.300000E+01    2.817000E+00    2.423000E+00    3.850000E+00    1.170000E+00    6.544000E-02    9.199000E-04   -9.813000E+00    2.000000E+00    1.000000E+00    9.200000E+02    8.000000E+01   -1.000000E+01   -1.000000E+00    1.250384E-01   -9.538000E+00   -9.627954E+00
   2.140000E-09    0.000000E+00   -1.549000E-01    1.000000E+01    1.362000E+00   -5.157000E-01    1.000000E+00    3.380000E+00    3.405000E+00    3.922000E+00    1.230000E+00    2.230000E+00    8.700000E+00    1.360000E+01    2.200000E+00    1.000000E+00    1.000000E+00    8.499000E-01    7.849000E-01    8.500000E-01    2.155000E+00    3.459000E-02    9.432000E-04   -9.776000E+00    1.400000E+01    1.000000E+00    2.730000E+03    0.000000E+00   -1.000000E+01    0.000000E+00    3.281667E-03   -1.128000E+01   -1.116654E+01
   4.300000E-10    4.000000E+00    1.279000E+00    9.300000E+01    1.398000E+00   -2.190000E-01   -1.000000E+01    4.105000E+00    2.983000E+00    2.697000E+00    2.086000E+00   -1.000000E+01    1.250000E+01    6.194000E+00    1.380000E+00    7.000000E+00    9.200000E+01    3.368000E+00    6.207000E-01    4.990000E+00    1.690000E+00    7.345000E-01    8.974000E-04   -9.626000E+00    2.000000E+00    2.000000E+00    1.200000E+03    4.750000E+01   -1.000000E+01    0.000000E+00    4.805253E+00   -1.026000E+01   -1.031307E+01
   1.200000E-09    5.000000E+00    1.771000E+00    9.200000E+01    1.301000E+00   -2.000000E+00   -1.000000E+01    2.362000E+00   -1.000000E+01   -1.000000E+01   -1.000000E+01   -1.000000E+01    6.000000E+00    6.266000E+00    1.360000E+00    7.000000E+00    9.300000E+01    3.387000E+00    1.772000E+00    4.990000E+00    1.193000E+00    2.814000E-01    1.018000E-03   -1.052000E+01    3.000000E+00    2.000000E+00    7.800000E+02    9.800000E+01   -1.000000E+01    1.000000E+00    3.286547E-02   -9.682000E+00   -9.648364E+00
   1.550000E-09    4.000000E+00    1.547000E+00    7.000000E+01    1.301000E+00   -3.010000E-01   -1.000000E+01    4.061000E+00   -1.000000E+01    4.249000E+00   -1.000000E+01   -1.000000E+01    7.000000E+00    9.752000E+00    2.550000E+00    4.000000E+00    3.400000E+01    2.921000E+00    1.974000E+00    3.450000E+00    1.299000E+00    1.703000E-01    1.018000E-03   -9.670000E+00    2.000000E+00    1.000000E+00    1.500000E+03    3.680000E+01   -1.000000E+01   -1.000000E+00    5.624409E-02   -1.032000E+01   -1.036682E+01
   1.200000E-09    5.000000E+00    1.833000E+00    7.100000E+01    1.301000E+00   -2.297000E+00   -1.000000E+01   -1.000000E+01    2.603000E+00   -1.000000E+01   -1.000000E+01   -1.000000E+01    6.000000E+00    6.266000E+00    1.360000E+00    7.000000E+00    9.300000E+01    3.387000E+00    1.772000E+00    4.990000E+00    1.019000E+00    2.814000E-01    1.018000E-03   -1.067000E+01    6.000000E+00    2.000000E+00    9.200000E+02    0.000000E+00   -1.000000E+01    1.000000E+00    5.148193E-02   -9.378000E+00   -9.301821E+00
   4.300000E-10    4.000000E+00    1.447000E+00    1.080000E+02    1.398000E+00   -1.000000E+01   -1.000000E+01   -1.000000E+01   -1.000000E+01   -1.000000E+01   -1.000000E+01   -1.000000E+01    9.450000E+00    6.026000E+00    1.280000E+00    7.000000E+00    9.400000E+01    3.322000E+00    6.122000E-01    4.990000E+00    1.586000E+00    7.345000E-01    8.974000E-04   -1.452000E+01    2.000000E+00    2.000000E+00    2.000000E+02    9.990000E+01   -1.000000E+01   -4.000000E+00    2.448772E+01   -9.733000E+00   -1.008494E+01
   7.420000E-10    1.000000E+00    1.453000E+00    1.080000E+02    6.990000E-01   -1.000000E+01   -1.000000E+01   -1.000000E+01   -1.000000E+01   -1.000000E+01   -1.000000E+01   -1.000000E+01    5.871000E+00    5.139000E+00    9.300000E-01    3.000000E+00    1.100000E+01    1.777000E+00    6.056000E-01    2.890000E+00    1.580000E+00    4.674000E-01    1.536000E-03   -1.453000E+01    2.000000E+00    2.000000E+00    1.000000E+03    9.800000E+01   -1.000000E+01    1.000000E+00    2.378617E-01   -1.011000E+01   -1.010519E+01
   2.000000E-09    7.000000E+00    1.744000E+00    8.200000E+01    1.380000E+00   -5.918000E-01    1.146000E+00    3.279000E+00    3.330000E+00    3.785000E+00    1.831000E+00    3.016000E+00    7.500000E+00    7.280000E+00    1.900000E+00    5.000000E+00    4.300000E+01    2.817000E+00    2.423000E+00    3.850000E+00    1.170000E+00    6.544000E-02    9.199000E-04   -9.813000E+00    2.000000E+00    1.000000E+00    1.100000E+03    8.000000E+01   -1.000000E+01   -1.000000E+00    1.250384E-01   -9.674000E+00   -9.728130E+00
   2.010000E-09    1.000000E+00    1.453000E+00    1.080000E+02    1.602000E+00   -3.979000E-01   -1.000000E+01    3.964000E+00   -1.000000E+01    4.152000E+00   -1.000000E+01   -1.000000E+01    7.490000E+00    5.139000E+00    9.300000E-01    3.000000E+00    1.100000E+01    1.777000E+00    1.457000E+00    2.890000E+00    1.580000E+00    8.605000E-02    6.389000E-04   -9.705000E+00    2.000000E+00    2.000000E+00    1.000000E+03    9.800000E+01   -1.000000E+01    1.000000E+00    5.288744E-02   -9.666000E+00   -9.701102E+00
   1.460000E-09    7.000000E+00    1.780000E+00    7.600000E+01    1.301000E+00   -3.010000E-01   -1.000000E+01    4.061000E+00   -1.000000E+01    4.249000E+00   -1.000000E+01   -1.000000E+01    7.000000E+00    7.834000E+00    1.900000E+00    6.000000E+00    7.500000E+01    3.309000E+00    2.106000E+00    4.360000E+00    1.100000E+00    1.962000E-01    1.018000E-03   -9.670000E+00    2.000000E+00    1.000000E+00    1.500000E+03    4.600000E+01   -1.000000E+01   -1.000000E+00    5.498648E-01   -1.037000E+01   -1.043767E+01
   2.090000E-09    1.000000E+00    1.580000E+00    7.900000E+01    1.398000E+00   -6.990000E-01    1.893000E+00    3.508000E+00    2.904000E+00    3.754000E+00    1.785000E+00    2.584000E+00    7.700000E+00    3.894000E+00    7.900000E-01    6.000000E+00    5.500000E+01    2.333000E+00    2.090000E+00    4.360000E+00    1.318000E+00    4.778000E-02    8.974000E-04   -9.866000E+00    2.000000E+00    5.000000E+00    1.800000E+03    8.000000E+01   -1.000000E+01    1.000000E+00    1.157698E-01   -9.565000E+00   -9.556730E+00
   2.000000E-09    1.000000E+00    1.447000E+00    1.300000E+01    1.380000E+00   -6.990000E-01    2.228000E+00    3.538000E+00    2.462000E+00    3.754000E+00    1.279000E+00    2.983000E+00    7.900000E+00    1.045000E+01    2.660000E+00    5.000000E+00    5.300000E+01    3.375000E+00    2.903000E+00    3.850000E+00    6.668000E-01    6.544000E-02    9.199000E-04   -9.866000E+00    4.000000E+00    4.000000E+00    2.600000E+03    0.000000E+00   -1.000000E+01   -1.000000E+00    4.191965E-01   -1.230000E+01   -1.204852E+01
   2.570000E-09    1.000000E+00    1.453000E+00    1.080000E+02    1.699000E+00   -1.000000E+01   -1.000000E+01   -1.000000E+01   -1.000000E+01   -1.000000E+01   -1.000000E+01   -1.000000E+01    6.859000E+00    5.139000E+00    9.300000E-01    3.000000E+00    1.100000E+01    1.777000E+00    1.806000E+00    2.890000E+00    1.580000E+00   -7.034000E-03    5.279000E-04   -1.450000E+01    2.000000E+00    2.000000E+00    1.200000E+03    9.800000E+01   -1.000000E+01    1.000000E+00    1.374394E-01   -9.721000E+00   -9.691544E+00
   1.550000E-09    1.000000E+00    1.453000E+00    1.080000E+02    1.477000E+00   -1.000000E+01   -1.000000E+01   -1.000000E+01   -1.000000E+01   -1.000000E+01   -1.000000E+01   -1.000000E+01    7.073000E+00    5.139000E+00    9.300000E-01    3.000000E+00    1.100000E+01    1.777000E+00    1.161000E+00    2.890000E+00    1.580000E+00    1.848000E-01    7.959000E-04   -1.451000E+01    2.000000E+00    2.000000E+00    1.000000E+03    9.800000E+01   -1.000000E+01    1.000000E+00    1.638733E-01   -9.793000E+00   -9.797635E+00
   2.000000E-09    1.000000E+00    1.580000E+00    7.900000E+01    1.380000E+00   -7.747000E-01    2.220000E+00    3.380000E+00    2.982000E+00    3.643000E+00   -1.000000E+01    2.294000E+00    1.160000E+01    1.297000E+01    3.160000E+00    3.000000E+00    1.700000E+01    2.822000E+00    2.427000E+00    2.890000E+00    1.318000E+00    6.544000E-02    9.199000E-04   -9.904000E+00    2.000000E+00    1.000000E+00    1.810000E+03    8.200000E+01    1.778000E+00   -1.000000E+00    6.422350E-02   -1.080000E+01   -1.119403E+01
   2.000000E-09    7.000000E+00    6.232000E-01    6.700000E+01    1.398000E+00   -1.000000E+00   -1.000000E+01    3.362000E+00   -1.000000E+01   -1.000000E+01   -1.000000E+01   -1.000000E+01    3.000000E+00    7.280000E+00    1.900000E+00    5.000000E+00    4.300000E+01    2.817000E+00    2.415000E+00    3.850000E+00    2.203000E+00    6.690000E-02    8.974000E-04   -1.002000E+01    1.300000E+01    1.000000E+00    2.670000E+03    0.000000E+00   -1.000000E+01   -1.000000E+00    2.605171E-01   -1.197000E+01   -1.196457E+01
   2.000000E-09    7.000000E+00    1.580000E+00    7.900000E+01    1.398000E+00   -1.000000E+00   -1.000000E+01    3.362000E+00   -1.000000E+01    3.550000E+00   -1.000000E+01   -1.000000E+01    1.000000E+01    7.280000E+00    1.900000E+00    5.000000E+00    4.300000E+01    2.817000E+00    2.415000E+00    3.850000E+00    1.318000E+00    6.690000E-02    8.974000E-04   -1.002000E+01    2.000000E+00    3.000000E+00    1.020000E+03    8.200000E+01   -1.000000E+01   -1.000000E+00    3.652985E-01   -9.409000E+00   -9.317121E+00
   2.000000E-09    1.000000E+00    6.990000E-01    4.000000E+00    1.398000E+00    2.625000E-01   -1.000000E+01    4.624000E+00   -1.000000E+01    4.812000E+00   -1.000000E+01   -1.000000E+01    5.500000E+00    1.297000E+01    3.160000E+00    3.000000E+00    1.700000E+01    2.822000E+00    2.419000E+00    2.890000E+00    9.031000E-01    6.690000E-02    8.974000E-04   -9.385000E+00    1.000000E+00    1.000000E+00    2.750000E+03    0.000000E+00   -1.000000E+01   -1.000000E+00    2.468768E+00   -1.424000E+01   -1.363827E+01
   1.560000E-09    1.000000E+00    1.453000E+00    1.080000E+02    1.176000E+00   -1.000000E+00   -1.000000E+01    3.362000E+00   -1.000000E+01    3.550000E+00   -1.000000E+01   -1.000000E+01    5.251000E+00    1.297000E+01    3.160000E+00    3.000000E+00    1.700000E+01    2.822000E+00    1.952000E+00    2.890000E+00    1.580000E+00    1.600000E-01    1.162000E-03   -1.002000E+01    2.000000E+00    2.000000E+00    1.000000E+03    9.800000E+01   -1.000000E+01   -1.000000E+00    1.070180E-01   -9.775000E+00   -9.775494E+00
   2.090000E-09    1.000000E+00    1.580000E+00    7.900000E+01    1.398000E+00   -1.857000E+00    5.922000E-01    2.449000E+00    1.255000E+00    2.603000E+00    1.785000E+00    9.827000E-01    8.100000E+00    3.894000E+00    7.900000E-01    6.000000E+00    5.500000E+01    2.333000E+00    2.090000E+00    4.360000E+00    1.318000E+00    4.778000E-02    8.974000E-04   -1.044000E+01    2.000000E+00    5.000000E+00    1.800000E+03    8.000000E+01   -1.000000E+01    1.000000E+00    3.399204E-01   -9.050000E+00   -9.458089E+00
   2.100000E-09    0.000000E+00    1.279000E+00    9.300000E+01    1.398000E+00   -1.000000E+01   -1.000000E+01   -1.000000E+01   -1.000000E+01   -1.000000E+01   -1.000000E+01   -1.000000E+01    1.250000E+01    1.360000E+01    2.200000E+00    1.000000E+00    1.000000E+00    8.499000E-01    7.650000E-01    8.500000E-01    1.690000E+00    4.571000E-02    8.974000E-04   -1.452000E+01    2.000000E+00    2.000000E+00    1.800000E+03    4.750000E+01   -1.000000E+01    0.000000E+00    8.027817E-03   -1.012000E+01   -1.005639E+01
   2.000000E-09    1.000000E+00    1.744000E+00    8.200000E+01    1.380000E+00   -5.918000E-01    1.146000E+00    3.279000E+00    3.328000E+00    3.785000E+00    1.831000E+00    3.016000E+00    7.500000E+00    1.045000E+01    2.660000E+00    5.000000E+00    5.300000E+01    3.375000E+00    2.903000E+00    3.850000E+00    1.170000E+00    6.544000E-02    9.199000E-04   -9.813000E+00    2.000000E+00    1.000000E+00    1.080000E+03    8.000000E+01   -1.000000E+01   -1.000000E+00    2.755688E-01   -1.034000E+01   -1.032889E+01
   2.100000E-09    0.000000E+00    2.025000E+00    8.100000E+01    1.398000E+00    0.000000E+00   -1.000000E+01    4.362000E+00   -1.000000E+01    4.550000E+00   -1.000000E+01   -1.000000E+01    1.250000E+01    1.360000E+01    2.200000E+00    1.000000E+00    1.000000E+00    8.499000E-01    7.650000E-01    8.500000E-01    8.832000E-01    4.571000E-02    8.974000E-04   -9.516000E+00    2.500000E+01    1.000000E+00    1.650000E+03    0.000000E+00   -1.000000E+01    0.000000E+00    7.058802E-02   -1.004000E+01   -1.015078E+01
   2.000000E-09    1.000000E+00    1.453000E+00    1.080000E+02    1.602000E+00   -2.924000E-01   -1.000000E+01    4.069000E+00   -1.000000E+01    4.257000E+00   -1.000000E+01   -1.000000E+01    5.888000E+00    1.045000E+01    2.660000E+00    5.000000E+00    5.300000E+01    3.375000E+00    2.755000E+00    3.850000E+00    1.580000E+00    8.822000E-02    6.389000E-04   -9.652000E+00    2.000000E+00    2.000000E+00    1.380000E+03    9.999000E+01   -1.000000E+01   -1.000000E+00    7.433993E-01   -9.987000E+00   -9.935917E+00
   2.140000E-09    0.000000E+00    1.580000E+00    7.900000E+01    1.398000E+00   -1.166000E+00    2.934000E+00    2.265000E+00    2.882000E+00    3.027000E+00   -1.000000E+01    1.061000E+00    1.250000E+01    1.360000E+01    2.200000E+00    1.000000E+00    1.000000E+00    8.499000E-01    7.796000E-01    8.500000E-01    1.318000E+00    3.752000E-02    8.974000E-04   -1.010000E+01    2.000000E+00    1.000000E+00    1.700000E+03    8.200000E+01   -1.000000E+01    0.000000E+00    5.337413E-03   -1.033000E+01   -1.010440E+01
   2.570000E-09    1.000000E+00    1.453000E+00    1.080000E+02    1.699000E+00   -1.000000E+01   -1.000000E+01   -1.000000E+01   -1.000000E+01   -1.000000E+01   -1.000000E+01   -1.000000E+01    7.562000E+00    5.139000E+00    9.300000E-01    3.000000E+00    1.100000E+01    1.777000E+00    1.806000E+00    2.890000E+00    1.580000E+00   -7.034000E-03    5.279000E-04   -1.450000E+01    2.000000E+00    2.000000E+00    1.000000E+03    9.800000E+01   -1.000000E+01    1.000000E+00    8.993727E-02   -9.573000E+00   -9.565488E+00
   2.000000E-09    1.000000E+00    1.580000E+00    7.900000E+01    1.380000E+00   -7.747000E-01    2.220000E+00    3.380000E+00    2.982000E+00    3.643000E+00   -1.000000E+01    2.294000E+00    1.160000E+01    1.297000E+01    3.160000E+00    3.000000E+00    1.700000E+01    2.822000E+00    2.427000E+00    2.890000E+00    1.318000E+00    6.544000E-02    9.199000E-04   -9.904000E+00    2.000000E+00    1.000000E+00    1.810000E+03    8.200000E+01    1.778000E+00   -1.000000E+00    6.422350E-02   -1.089000E+01   -1.119403E+01
   1.200000E-09    5.000000E+00    1.602000E+00    1.400000E+02    1.301000E+00   -2.297000E+00   -1.000000E+01   -1.000000E+01    2.603000E+00   -1.000000E+01   -1.000000E+01   -1.000000E+01    6.000000E+00    6.266000E+00    1.360000E+00    7.000000E+00    9.300000E+01    3.387000E+00    1.772000E+00    4.990000E+00    1.544000E+00    2.814000E-01    1.018000E-03   -1.067000E+01    7.000000E+00    2.000000E+00    1.190000E+03    0.000000E+00   -1.000000E+01    1.000000E+00    2.740243E-02   -9.442000E+00   -9.452065E+00
   2.000000E-09    1.000000E+00    1.580000E+00    7.900000E+01    1.398000E+00   -3.768000E-01    1.041000E+00    3.454000E+00    3.583000E+00    4.045000E+00    1.041000E+00    2.714000E+00    8.500000E+00    1.045000E+01    2.660000E+00    5.000000E+00    5.300000E+01    3.375000E+00    2.893000E+00    3.850000E+00    1.318000E+00    6.690000E-02    8.974000E-04   -9.705000E+00    2.000000E+00    2.000000E+00    2.000000E+03    8.000000E+01   -1.000000E+01   -1.000000E+00    7.195952E-01   -1.050000E+01   -1.071115E+01
   1.550000E-09    4.000000E+00    1.436000E+00    5.870000E+01    1.301000E+00   -3.010000E-01   -1.000000E+01    4.061000E+00   -1.000000E+01    4.249000E+00   -1.000000E+01   -1.000000E+01    7.600000E+00    9.752000E+00    2.550000E+00    4.000000E+00    3.400000E+01    2.921000E+00    1.974000E+00    3.450000E+00    1.332000E+00    1.703000E-01    1.018000E-03   -9.670000E+00    2.000000E+00    1.000000E+00    1.400000E+03    7.800000E+01   -1.000000E+01   -1.000000E+00    4.994858E-02   -1.027000E+01   -1.030431E+01
   3.690000E-09    1.000000E+00    1.453000E+00    1.080000E+02    1.699000E+00   -1.301000E+00   -1.000000E+01    3.061000E+00   -1.000000E+01    3.249000E+00   -1.000000E+01   -1.000000E+01    6.359000E+00    1.297000E+01    3.160000E+00    3.000000E+00    1.700000E+01    2.822000E+00    4.118000E+00    2.890000E+00    1.580000E+00   -1.641000E-01    5.279000E-04   -1.015000E+01    2.000000E+00    2.000000E+00    1.000000E+03    9.800000E+01   -1.000000E+01   -1.000000E+00    5.809911E-01   -9.401000E+00   -9.438521E+00
   6.100000E-10    3.000000E+00    1.408000E+00    7.200000E+01    1.301000E+00   -4.765000E-01    1.717000E+00    3.897000E+00   -1.000000E+01    3.706000E+00    2.547000E+00    3.301000E+00    8.600000E+00    5.644000E+00    1.170000E+00    6.000000E+00    6.200000E+01    2.809000E+00    7.469000E-01    4.360000E+00    1.449000E+00    5.753000E-01    1.018000E-03   -9.758000E+00    2.000000E+00    1.000000E+00    1.300000E+03    7.500000E+01    1.477000E+00   -1.000000E+00    9.292596E-01   -1.021000E+01   -1.011912E+01
   1.000000E-10    6.000000E+00    1.279000E+00    9.300000E+01    1.398000E+00   -1.000000E+01   -1.000000E+01   -1.000000E+01   -1.000000E+01   -1.000000E+01   -1.000000E+01   -1.000000E+01    9.000000E+00    6.194000E+00    1.380000E+00    7.000000E+00    9.200000E+01    3.368000E+00    1.443000E-01    4.990000E+00    1.690000E+00    1.368000E+00    8.974000E-04   -1.452000E+01    2.000000E+00    2.000000E+00    1.400000E+03    4.750000E+01   -1.000000E+01   -1.000000E+00    2.314472E+00   -1.106000E+01   -1.082944E+01
   1.010000E-09    1.000000E+00    1.453000E+00    1.080000E+02    1.176000E+00   -1.000000E+01   -1.000000E+01   -1.000000E+01   -1.000000E+01   -1.000000E+01   -1.000000E+01   -1.000000E+01    5.663000E+00    5.139000E+00    9.300000E-01    3.000000E+00    1.100000E+01    1.777000E+00    7.958000E-01    2.890000E+00    1.580000E+00    3.488000E-01    1.162000E-03   -1.452000E+01    2.000000E+00    2.000000E+00    1.800000E+03    9.800000E+01   -1.000000E+01    1.000000E+00    2.117062E-01   -1.071000E+01   -1.067334E+01
   2.570000E-09    1.000000E+00    1.453000E+00    1.080000E+02    1.699000E+00   -1.000000E+01   -1.000000E+01   -1.000000E+01   -1.000000E+01   -1.000000E+01   -1.000000E+01   -1.000000E+01    7.011000E+00    5.139000E+00    9.300000E-01    3.000000E+00    1.100000E+01    1.777000E+00    1.806000E+00    2.890000E+00    1.580000E+00   -7.034000E-03    5.279000E-04   -1.450000E+01    2.000000E+00    2.000000E+00    1.800000E+03    9.800000E+01   -1.000000E+01    1.000000E+00    1.435339E-01   -1.031000E+01   -1.023844E+01
   2.000000E-09    7.000000E+00    1.580000E+00    7.900000E+01    1.398000E+00   -1.000000E+00   -1.000000E+01    3.362000E+00   -1.000000E+01    3.550000E+00   -1.000000E+01   -1.000000E+01    8.000000E+00    7.280000E+00    1.900000E+00    5.000000E+00    4.300000E+01    2.817000E+00    2.415000E+00    3.850000E+00    1.318000E+00    6.690000E-02    8.974000E-04   -1.002000E+01    2.000000E+00    3.000000E+00    8.000000E+02    8.200000E+01   -1.000000E+01   -1.000000E+00    5.704410E-01   -9.409000E+00   -9.316176E+00
   1.940000E-09    1.000000E+00    1.744000E+00    8.200000E+01    1.362000E+00   -5.719000E-01    1.437000E+00    3.441000E+00    3.205000E+00    3.851000E+00    1.086000E+00    3.129000E+00    7.700000E+00    1.045000E+01    2.660000E+00    5.000000E+00    5.300000E+01    3.375000E+00    2.825000E+00    3.850000E+00    1.170000E+00    7.720000E-02    9.432000E-04   -9.804000E+00    2.000000E+00    1.000000E+00    1.250000E+03    8.000000E+01    1.699000E+00   -1.000000E+00    4.052922E-01   -1.092000E+01   -1.021484E+01
   2.090000E-09    1.000000E+00    1.447000E+00    1.080000E+02    1.398000E+00   -1.000000E+01   -1.000000E+01   -1.000000E+01   -1.000000E+01   -1.000000E+01   -1.000000E+01   -1.000000E+01    1.180000E+01    3.894000E+00    7.900000E-01    6.000000E+00    5.500000E+01    2.333000E+00    2.090000E+00    4.360000E+00    1.586000E+00    4.778000E-02    8.974000E-04   -1.452000E+01    2.000000E+00    2.000000E+00    1.260000E+03    1.000000E+02   -1.000000E+01    1.000000E+00    1.165965E+00   -9.893000E+00   -9.987287E+00
   1.550000E-09    4.000000E+00    6.232000E-01    6.700000E+01    1.672000E+00   -1.398000E+00    8.451000E-01    2.784000E+00    1.869000E+00    2.785000E+00   -1.000000E+01    2.785000E+00    7.400000E+00    9.752000E+00    2.550000E+00    4.000000E+00    3.400000E+01    2.921000E+00    1.808000E+00    3.450000E+00    2.203000E+00    2.085000E-01    5.572000E-04   -1.020000E+01    1.300000E+01    3.000000E+00    1.800000E+03    0.000000E+00   -1.000000E+01   -1.000000E+00    3.507482E-02   -1.002000E+01   -9.937933E+00
   2.000000E-09    1.000000E+00    1.744000E+00    8.200000E+01    1.380000E+00   -5.918000E-01    1.146000E+00    3.279000E+00    3.328000E+00    3.785000E+00    1.831000E+00    3.016000E+00    7.500000E+00    1.045000E+01    2.660000E+00    5.000000E+00    5.300000E+01    3.375000E+00    2.903000E+00    3.850000E+00    1.170000E+00    6.544000E-02    9.199000E-04   -9.813000E+00    2.000000E+00    1.000000E+00    1.460000E+03    8.000000E+01   -1.000000E+01   -1.000000E+00    2.755688E-01   -1.174000E+01   -1.144506E+01
   7.420000E-10    1.000000E+00    1.453000E+00    1.080000E+02    6.990000E-01   -1.000000E+01   -1.000000E+01   -1.000000E+01   -1.000000E+01   -1.000000E+01   -1.000000E+01   -1.000000E+01    5.274000E+00    5.139000E+00    9.300000E-01    3.000000E+00    1.100000E+01    1.777000E+00    6.056000E-01    2.890000E+00    1.580000E+00    4.674000E-01    1.536000E-03   -1.453000E+01    2.000000E+00    2.000000E+00    1.400000E+03    9.800000E+01   -1.000000E+01    1.000000E+00    1.372037E-01   -1.043000E+01   -1.043002E+01
   2.090000E-09    1.000000E+00    1.447000E+00    1.080000E+02    1.398000E+00   -1.000000E+01   -1.000000E+01   -1.000000E+01   -1.000000E+01   -1.000000E+01   -1.000000E+01   -1.000000E+01    8.500000E+00    3.894000E+00    7.900000E-01    6.000000E+00    5.500000E+01    2.333000E+00    2.090000E+00    4.360000E+00    1.586000E+00    4.778000E-02    8.974000E-04   -1.452000E+01    2.000000E+00    2.000000E+00    9.700000E+02    1.000000E+02   -1.000000E+01    1.000000E+00    1.369511E+00   -9.646000E+00   -9.693115E+00
   4.530000E-09    1.000000E+00    1.580000E+00    7.900000E+01    1.398000E+00   -3.768000E-01    1.041000E+00    3.454000E+00    3.583000E+00    4.045000E+00    1.041000E+00    2.714000E+00    8.500000E+00    3.894000E+00    7.900000E-01    6.000000E+00    5.500000E+01    2.333000E+00    4.530000E+00    4.360000E+00    1.318000E+00   -2.882000E-01    8.974000E-04   -9.705000E+00    2.000000E+00    2.000000E+00    2.000000E+03    8.000000E+01   -1.000000E+01    1.000000E+00    2.324607E-01   -1.015000E+01   -1.003006E+01
   2.140000E-09    0.000000E+00   -1.549000E-01    1.000000E+01    1.362000E+00   -5.157000E-01    1.000000E+00    3.380000E+00    3.405000E+00    3.922000E+00    1.230000E+00    2.230000E+00    8.770000E+00    1.360000E+01    2.200000E+00    1.000000E+00    1.000000E+00    8.499000E-01    7.849000E-01    8.500000E-01    2.155000E+00    3.459000E-02    9.432000E-04   -9.776000E+00    1.400000E+01    1.000000E+00    2.610000E+03    0.000000E+00   -1.000000E+01    0.000000E+00    3.241104E-03   -1.070000E+01   -1.088339E+01
   8.100000E-10    2.000000E+00    1.279000E+00    9.300000E+01    1.352000E+00   -1.000000E+01   -1.000000E+01   -1.000000E+01   -1.000000E+01   -1.000000E+01   -1.000000E+01   -1.000000E+01    7.250000E+00    9.752000E+00    2.550000E+00    4.000000E+00    3.400000E+01    2.921000E+00    1.023000E+00    3.450000E+00    1.690000E+00    4.558000E-01    9.552000E-04   -1.452000E+01    2.000000E+00    2.000000E+00    1.600000E+03    4.750000E+01   -1.000000E+01   -1.000000E+00    1.410170E-02   -1.033000E+01   -1.027868E+01
   6.240000E-10    3.000000E+00    1.279000E+00    9.300000E+01    1.398000E+00   -1.000000E+01   -1.000000E+01   -1.000000E+01   -1.000000E+01   -1.000000E+01   -1.000000E+01   -1.000000E+01    1.250000E+01    5.974000E+00    1.300000E+00    7.000000E+00    9.500000E+01    3.307000E+00    8.845000E-01    4.990000E+00    1.690000E+00    5.727000E-01    8.974000E-04   -1.452000E+01    2.000000E+00    2.000000E+00    1.600000E+03    4.750000E+01   -1.000000E+01    3.000000E+00    2.858641E+01   -1.058000E+01   -1.057576E+01
   2.950000E-09    1.000000E+00    1.453000E+00    1.080000E+02    1.602000E+00   -1.000000E+01   -1.000000E+01   -1.000000E+01   -1.000000E+01   -1.000000E+01   -1.000000E+01   -1.000000E+01    6.904000E+00    1.297000E+01    3.160000E+00    3.000000E+00    1.700000E+01    2.822000E+00    3.397000E+00    2.890000E+00    1.580000E+00   -8.057000E-02    6.389000E-04   -1.451000E+01    2.000000E+00    2.000000E+00    8.000000E+02    9.800000E+01   -1.000000E+01   -1.000000E+00    6.145168E-01   -9.341000E+00   -9.435868E+00
   1.010000E-09    1.000000E+00    1.453000E+00    1.080000E+02    1.176000E+00   -1.000000E+01   -1.000000E+01   -1.000000E+01   -1.000000E+01   -1.000000E+01   -1.000000E+01   -1.000000E+01    6.909000E+00    5.139000E+00    9.300000E-01    3.000000E+00    1.100000E+01    1.777000E+00    7.958000E-01    2.890000E+00    1.580000E+00    3.488000E-01    1.162000E-03   -1.452000E+01    2.000000E+00    2.000000E+00    1.000000E+03    9.800000E+01   -1.000000E+01    1.000000E+00    2.852694E-01   -9.979000E+00   -9.963594E+00
   2.000000E-09    7.000000E+00    1.580000E+00    7.900000E+01    1.398000E+00   -3.768000E-01    1.041000E+00    3.454000E+00    3.583000E+00    4.045000E+00    1.041000E+00    2.714000E+00    8.500000E+00    7.280000E+00    1.900000E+00    5.000000E+00    4.300000E+01    2.817000E+00    2.415000E+00    3.850000E+00    1.318000E+00    6.690000E-02    8.974000E-04   -9.705000E+00    2.000000E+00    2.000000E+00    2.000000E+03    8.000000E+01   -1.000000E+01   -1.000000E+00    4.538804E-01   -1.050000E+01   -1.036613E+01
   1.330000E-09    1.000000E+00    1.833000E+00    7.100000E+01    1.398000E+00   -3.010000E-01   -1.000000E+01    4.061000E+00   -1.000000E+01   -1.000000E+01   -1.000000E+01   -1.000000E+01    5.000000E+00    5.139000E+00    9.300000E-01    3.000000E+00    1.100000E+01    1.777000E+00    1.013000E+00    2.890000E+00    1.019000E+00    2.441000E-01    8.974000E-04   -9.667000E+00    6.000000E+00    1.000000E+00    1.900000E+03    0.000000E+00   -1.000000E+01    1.000000E+00    3.806008E-02   -9.638000E+00   -9.923206E+00
   4.300000E-10    4.000000E+00    1.447000E+00    1.080000E+02    1.398000E+00   -1.000000E+01   -1.000000E+01   -1.000000E+01   -1.000000E+01   -1.000000E+01   -1.000000E+01   -1.000000E+01    9.450000E+00    6.026000E+00    1.280000E+00    7.000000E+00    9.400000E+01    3.322000E+00    6.122000E-01    4.990000E+00    1.586000E+00    7.345000E-01    8.974000E-04   -1.452000E+01    2.000000E+00    2.000000E+00    6.000000E+02    9.990000E+01   -1.000000E+01   -4.000000E+00    2.448772E+01   -1.003000E+01   -1.010405E+01
   6.020000E-10    3.000000E+00    1.580000E+00    7.900000E+01    1.398000E+00   -1.000000E+00   -1.000000E+01    3.362000E+00   -1.000000E+01    3.550000E+00   -1.000000E+01   -1.000000E+01    6.000000E+00    5.670000E+00    1.200000E+00    6.000000E+00    6.300000E+01    2.815000E+00    7.264000E-01    4.360000E+00    1.318000E+00    5.883000E-01    8.974000E-04   -1.002000E+01    2.000000E+00    3.000000E+00    1.000000E+03    8.200000E+01   -1.000000E+01    3.000000E+00    3.289864E+00   -1.021000E+01   -9.862012E+00
   1.560000E-09    1.000000E+00    1.453000E+00    1.080000E+02    1.176000E+00   -1.000000E+01   -1.000000E+01   -1.000000E+01   -1.000000E+01   -1.000000E+01   -1.000000E+01   -1.000000E+01    5.893000E+00    1.297000E+01    3.160000E+00    3.000000E+00    1.700000E+01    2.822000E+00    1.952000E+00    2.890000E+00    1.580000E+00    1.600000E-01    1.162000E-03   -1.452000E+01    2.000000E+00    2.000000E+00    7.000000E+02    9.800000E+01   -1.000000E+01   -1.000000E+00    1.199826E-01   -9.541000E+00   -9.532227E+00
   1.300000E-09    1.000000E+00    1.580000E+00    7.900000E+01    1.398000E+00   -1.166000E+00    2.934000E+00    2.265000E+00    2.882000E+00    3.027000E+00   -1.000000E+01    1.061000E+00    1.250000E+01    5.139000E+00    9.300000E-01    3.000000E+00    1.100000E+01    1.777000E+00    9.899000E-01    2.890000E+00    1.318000E+00    2.540000E-01    8.974000E-04   -1.010000E+01    2.000000E+00    1.000000E+00    1.700000E+03    8.200000E+01   -1.000000E+01    1.000000E+00    6.245730E-02   -9.699000E+00   -9.929530E+00
   2.000000E-09    1.000000E+00    2.477000E+00    5.000000E+01    1.380000E+00   -6.108000E-01    1.176000E+00    3.262000E+00    3.292000E+00    3.770000E+00    1.447000E+00    3.051000E+00    7.200000E+00    1.045000E+01    2.660000E+00    5.000000E+00    5.300000E+01    3.375000E+00    2.903000E+00    3.850000E+00    2.218000E-01    6.544000E-02    9.199000E-04   -9.822000E+00    2.600000E+01    1.000000E+00    1.360000E+03    3.500000E+01   -1.000000E+01   -1.000000E+00    3.228880E-01   -1.066000E+01   -1.078968E+01
   2.100000E-09    0.000000E+00   -2.218000E-01    1.730000E+01    1.362000E+00   -3.000000E+00   -6.990000E-01    9.823000E-01    7.497000E-01    2.967000E-01    1.348000E+00    9.581000E-01    8.920000E+00    1.360000E+01    2.200000E+00    1.000000E+00    1.000000E+00    8.499000E-01    7.702000E-01    8.500000E-01    2.460000E+00    4.279000E-02    9.432000E-04   -1.102000E+01    2.700000E+01    1.000000E+00    2.440000E+03    0.000000E+00   -1.000000E+01    0.000000E+00    7.564695E-03   -1.062000E+01   -1.062210E+01
   1.550000E-09    4.000000E+00    1.547000E+00    7.000000E+01    1.301000E+00   -3.010000E-01   -1.000000E+01    4.061000E+00   -1.000000E+01    4.249000E+00   -1.000000E+01   -1.000000E+01    7.000000E+00    9.752000E+00    2.550000E+00    4.000000E+00    3.400000E+01    2.921000E+00    1.974000E+00    3.450000E+00    1.299000E+00    1.703000E-01    1.018000E-03   -9.670000E+00    2.000000E+00    1.000000E+00    1.800000E+03    3.680000E+01   -1.000000E+01   -1.000000E+00    5.624409E-02   -1.049000E+01   -1.063019E+01
   9.000000E-10    4.000000E+00    1.279000E+00    9.300000E+01    1.398000E+00   -1.000000E+01   -1.000000E+01   -1.000000E+01   -1.000000E+01   -1.000000E+01   -1.000000E+01   -1.000000E+01    1.300000E+01    7.344000E+00    1.960000E+00    5.000000E+00    5.000000E+01    2.829000E+00    1.091000E+00    3.850000E+00    1.690000E+00    4.137000E-01    8.974000E-04   -1.452000E+01    2.000000E+00    2.000000E+00    1.000000E+03    4.750000E+01   -1.000000E+01    4.000000E+00    1.950346E+00   -9.804000E+00   -9.735351E+00
   8.890000E-10    2.000000E+00    1.477000E+00    6.010000E+01    1.398000E+00   -2.899000E-01   -1.000000E+01    4.072000E+00   -1.000000E+01    4.260000E+00   -1.000000E+01   -1.000000E+01    9.351000E+00    5.278000E+00    9.000000E-01    7.000000E+00    8.800000E+01    3.109000E+00    1.185000E+00    4.990000E+00    1.302000E+00    4.190000E-01    8.974000E-04   -9.661000E+00    2.000000E+00    2.000000E+00    1.800000E+03    4.750000E+01   -1.000000E+01    2.000000E+00    5.500942E-02   -1.050000E+01   -1.050855E+01
   3.330000E-09    2.000000E+00    1.279000E+00    9.300000E+01    1.778000E+00   -1.807000E+00   -1.000000E+01    2.378000E+00   -1.000000E+01   -1.000000E+01   -1.000000E+01    2.699000E+00    7.250000E+00    9.752000E+00    2.550000E+00    4.000000E+00    3.400000E+01    2.921000E+00    3.732000E+00    3.450000E+00    1.690000E+00   -1.063000E-01    4.494000E-04   -1.040000E+01    2.000000E+00    2.000000E+00    1.600000E+03    5.000000E+01   -1.000000E+01   -1.000000E+00    1.816927E-01   -9.735000E+00   -9.711988E+00
   2.000000E-09    1.000000E+00    1.447000E+00    1.300000E+01    1.380000E+00   -6.990000E-01    2.228000E+00    3.538000E+00    2.462000E+00    3.754000E+00    1.279000E+00    2.983000E+00    7.900000E+00    1.297000E+01    3.160000E+00    3.000000E+00    1.700000E+01    2.822000E+00    2.427000E+00    2.890000E+00    6.668000E-01    6.544000E-02    9.199000E-04   -9.866000E+00    4.000000E+00    4.000000E+00    2.600000E+03    0.000000E+00   -1.000000E+01   -1.000000E+00    3.013237E-01   -1.215000E+01   -1.197597E+01
   1.300000E-09    1.000000E+00   -1.549000E-01    1.000000E+01    1.398000E+00   -5.157000E-01    1.000000E+00    3.380000E+00    3.405000E+00    3.922000E+00    1.230000E+00    2.230000E+00    8.700000E+00    5.139000E+00    9.300000E-01    3.000000E+00    1.100000E+01    1.777000E+00    9.899000E-01    2.890000E+00    2.155000E+00    2.540000E-01    8.974000E-04   -9.774000E+00    1.400000E+01    1.000000E+00    2.730000E+03    0.000000E+00   -1.000000E+01    1.000000E+00    1.770861E-02   -1.119000E+01   -1.132547E+01
   9.230000E-10    4.000000E+00    1.279000E+00    9.300000E+01    1.398000E+00   -1.796000E+00   -1.000000E+01    2.867000E+00   -1.000000E+01   -1.000000E+01   -1.000000E+01   -1.000000E+01    1.250000E+01    1.126000E+01    2.550000E+00    2.000000E+00    6.000000E+00    1.811000E+00    7.164000E-01    1.990000E+00    1.690000E+00    4.027000E-01    8.974000E-04   -1.041000E+01    2.000000E+00    1.000000E+00    1.600000E+03    4.750000E+01   -1.000000E+01   -2.000000E+00    4.194529E-02   -1.200000E+01   -1.105145E+01
   3.690000E-09    1.000000E+00    1.453000E+00    1.080000E+02    1.699000E+00   -1.000000E+01   -1.000000E+01   -1.000000E+01   -1.000000E+01   -1.000000E+01   -1.000000E+01   -1.000000E+01    6.793000E+00    1.297000E+01    3.160000E+00    3.000000E+00    1.700000E+01    2.822000E+00    4.118000E+00    2.890000E+00    1.580000E+00   -1.641000E-01    5.279000E-04   -1.450000E+01    2.000000E+00    2.000000E+00    1.000000E+03    9.800000E+01   -1.000000E+01   -1.000000E+00    4.336710E-01   -9.401000E+00   -9.448826E+00
   2.090000E-09    1.000000E+00    1.580000E+00    7.870000E+01    1.398000E+00   -1.000000E+00   -1.000000E+01    3.362000E+00   -1.000000E+01   -1.000000E+01   -1.000000E+01   -1.000000E+01    8.592000E+00    3.894000E+00    7.900000E-01    6.000000E+00    5.500000E+01    2.333000E+00    2.090000E+00    4.360000E+00    1.316000E+00    4.778000E-02    8.974000E-04   -1.002000E+01    2.000000E+00    1.000000E+00    1.800000E+03    8.200000E+01   -1.000000E+01    1.000000E+00    4.864269E-01   -1.027000E+01   -1.002819E+01
   8.100000E-10    2.000000E+00   -1.549000E-01    1.000000E+01    1.342000E+00   -5.157000E-01    1.000000E+00    3.380000E+00    3.405000E+00    3.922000E+00    1.230000E+00    2.230000E+00    8.700000E+00    9.752000E+00    2.550000E+00    4.000000E+00    3.400000E+01    2.921000E+00    1.025000E+00    3.450000E+00    2.155000E+00    4.551000E-01    9.673000E-04   -9.776000E+00    1.400000E+01    1.000000E+00    2.730000E+03    0.000000E+00   -1.000000E+01   -1.000000E+00    5.175673E-03   -1.172000E+01   -1.164919E+01
   1.460000E-09    7.000000E+00    1.547000E+00    7.000000E+01    1.301000E+00   -3.010000E-01   -1.000000E+01    4.061000E+00   -1.000000E+01    4.249000E+00   -1.000000E+01   -1.000000E+01    7.000000E+00    7.834000E+00    1.900000E+00    6.000000E+00    7.500000E+01    3.309000E+00    2.106000E+00    4.360000E+00    1.299000E+00    1.962000E-01    1.018000E-03   -9.670000E+00    2.000000E+00    1.000000E+00    1.700000E+03    3.680000E+01   -1.000000E+01   -1.000000E+00    4.457583E-01   -1.024000E+01   -1.027601E+01
   2.000000E-09    1.000000E+00    1.580000E+00    7.900000E+01    1.398000E+00   -1.000000E+00   -1.000000E+01    3.362000E+00   -1.000000E+01   -1.000000E+01   -1.000000E+01   -1.000000E+01    8.200000E+00    1.297000E+01    3.160000E+00    3.000000E+00    1.700000E+01    2.822000E+00    2.419000E+00    2.890000E+00    1.318000E+00    6.690000E-02    8.974000E-04   -1.002000E+01    2.000000E+00    1.000000E+00    8.000000E+02    8.000000E+01   -1.000000E+01   -1.000000E+00    3.235663E-01   -9.449000E+00   -9.384256E+00
   2.000000E-09    1.000000E+00    6.021000E-01    6.700000E+01    1.398000E+00   -1.000000E+00    3.592000E+00   -1.000000E+01   -1.000000E+01   -1.000000E+01   -1.000000E+01   -1.000000E+01    6.000000E+00    1.045000E+01    2.660000E+00    5.000000E+00    5.300000E+01    3.375000E+00    2.893000E+00    3.850000E+00    2.224000E+00    6.690000E-02    8.974000E-04   -1.002000E+01    1.300000E+01    1.000000E+00    2.640000E+03    0.000000E+00   -1.000000E+01   -1.000000E+00    2.459752E-01   -1.224000E+01   -1.220366E+01
   6.240000E-10    3.000000E+00    1.279000E+00    9.300000E+01    1.398000E+00   -2.190000E-01   -1.000000E+01    4.105000E+00    2.983000E+00    2.697000E+00    2.086000E+00   -1.000000E+01    1.250000E+01    5.974000E+00    1.300000E+00    7.000000E+00    9.500000E+01    3.307000E+00    8.845000E-01    4.990000E+00    1.690000E+00    5.727000E-01    8.974000E-04   -9.626000E+00    2.000000E+00    2.000000E+00    1.800000E+03    4.750000E+01   -1.000000E+01    3.000000E+00    2.335150E+01   -1.065000E+01   -1.067972E+01
   2.000000E-09    1.000000E+00    1.744000E+00    8.200000E+01    1.380000E+00   -5.918000E-01    1.146000E+00    3.279000E+00    3.328000E+00    3.785000E+00    1.831000E+00    3.016000E+00    7.500000E+00    1.045000E+01    2.660000E+00    5.000000E+00    5.300000E+01    3.375000E+00    2.903000E+00    3.850000E+00    1.170000E+00    6.544000E-02    9.199000E-04   -9.813000E+00    2.000000E+00    1.000000E+00    1.450000E+03    8.000000E+01   -1.000000E+01   -1.000000E+00    2.755688E-01   -1.174000E+01   -1.090503E+01
   2.270000E-09    0.000000E+00    1.453000E+00    1.100000E+02    1.362000E+00   -1.000000E+00   -1.000000E+01    3.362000E+00   -1.000000E+01    3.550000E+00   -1.000000E+01   -1.000000E+01    7.000000E+00    1.360000E+01    2.200000E+00    1.000000E+00    1.000000E+00    8.499000E-01    8.326000E-01    8.500000E-01    1.588000E+00    8.980000E-03    9.432000E-04   -1.002000E+01    2.000000E+00    1.000000E+00    8.000000E+02    9.800000E+01   -1.000000E+01    0.000000E+00    4.020049E-02   -1.020000E+01   -1.001182E+01
   5.000000E-10    4.000000E+00    1.744000E+00    8.200000E+01    1.398000E+00   -5.834000E-01    1.146000E+00    3.281000E+00    3.328000E+00    3.810000E+00    1.831000E+00    3.016000E+00    9.402000E+00    6.026000E+00    1.280000E+00    7.000000E+00    9.400000E+01    3.322000E+00    7.118000E-01    4.990000E+00    1.170000E+00    6.690000E-01    8.974000E-04   -9.808000E+00    2.000000E+00    2.000000E+00    2.330000E+03    8.000000E+01    1.954000E+00    0.000000E+00    3.813547E+00   -1.076000E+01   -1.100816E+01
   7.570000E-10    2.000000E+00    1.744000E+00    8.200000E+01    1.362000E+00   -5.719000E-01    1.437000E+00    3.441000E+00    3.205000E+00    3.851000E+00    1.086000E+00    3.129000E+00    7.700000E+00    5.695000E+00    9.500000E-01    5.000000E+00    3.800000E+01    2.491000E+00    8.138000E-01    3.850000E+00    1.170000E+00    4.859000E-01    9.432000E-04   -9.804000E+00    2.000000E+00    1.000000E+00    1.250000E+03    8.000000E+01    1.699000E+00    2.000000E+00    1.205406E-01   -1.010000E+01   -1.046613E+01
   5.000000E-10    2.000000E+00    1.408000E+00    7.200000E+01    1.301000E+00   -6.990000E-01   -1.000000E+01    3.663000E+00   -1.000000E+01    3.851000E+00   -1.000000E+01   -1.000000E+01    6.800000E+00    7.881000E+00    1.880000E+00    4.000000E+00    2.700000E+01    2.626000E+00    5.724000E-01    3.450000E+00    1.449000E+00    6.616000E-01    1.018000E-03   -9.869000E+00    2.000000E+00    1.000000E+00    1.600000E+03    7.500000E+01   -1.000000E+01   -2.000000E+00    1.204801E+00   -1.119000E+01   -1.113062E+01
   1.300000E-09    1.000000E+00    1.580000E+00    7.900000E+01    1.398000E+00   -1.166000E+00    2.934000E+00    2.265000E+00    2.882000E+00    3.027000E+00   -1.000000E+01    1.061000E+00    1.250000E+01    5.139000E+00    9.300000E-01    3.000000E+00    1.100000E+01    1.777000E+00    9.899000E-01    2.890000E+00    1.318000E+00    2.540000E-01    8.974000E-04   -1.010000E+01    2.000000E+00    1.000000E+00    2.000000E+03    8.200000E+01   -1.000000E+01    1.000000E+00    6.245730E-02   -1.000000E+01   -1.012357E+01
   2.100000E-09    0.000000E+00    1.447000E+00    1.080000E+02    1.398000E+00   -2.000000E+00   -1.000000E+01    2.362000E+00   -1.000000E+01    2.550000E+00   -1.000000E+01   -1.000000E+01    6.300000E+00    1.360000E+01    2.200000E+00    1.000000E+00    1.000000E+00    8.499000E-01    7.650000E-01    8.500000E-01    1.586000E+00    4.571000E-02    8.974000E-04   -1.052000E+01    2.000000E+00    1.000000E+00    9.000000E+02    1.000000E+02   -1.000000E+01    0.000000E+00    2.500205E-02   -1.010000E+01   -1.006806E+01
   2.000000E-09    1.000000E+00    6.232000E-01    6.700000E+01    1.477000E+00   -1.065000E+00    3.096000E+00    3.070000E+00    2.312000E+00    3.156000E+00    2.190000E+00    3.054000E+00    7.580000E+00    1.045000E+01    2.660000E+00    5.000000E+00    5.300000E+01    3.375000E+00    2.845000E+00    3.850000E+00    2.203000E+00    7.412000E-02    7.959000E-04   -1.005000E+01    1.300000E+01    1.000000E+00    2.680000E+03    0.000000E+00   -1.000000E+01   -1.000000E+00    3.871069E-01   -1.245000E+01   -1.235389E+01
   2.040000E-09    1.000000E+00    1.744000E+00    8.200000E+01    1.380000E+00   -6.576000E-01    1.176000E+00    3.262000E+00    3.292000E+00    3.770000E+00    1.447000E+00    3.583000E+00    7.200000E+00    3.894000E+00    7.900000E-01    6.000000E+00    5.500000E+01    2.333000E+00    2.047000E+00    4.360000E+00    1.170000E+00    5.684000E-02    9.199000E-04   -9.846000E+00    2.000000E+00    1.000000E+00    1.330000E+03    8.000000E+01   -1.000000E+01    1.000000E+00    3.547409E-02   -9.879000E+00   -9.952912E+00
   6.240000E-10    3.000000E+00    1.279000E+00    9.300000E+01    1.398000E+00    7.918000E-02   -1.000000E+01    4.281000E+00   -1.000000E+01    2.401000E+00    4.248000E+00    4.062000E+00    2.000000E+00    5.974000E+00    1.300000E+00    7.000000E+00    9.500000E+01    3.307000E+00    8.845000E-01    4.990000E+00    1.690000E+00    5.727000E-01    8.974000E-04   -9.477000E+00    2.000000E+00    1.000000E+00    8.000000E+02    4.750000E+01   -1.000000E+01    3.000000E+00    2.913547E-02   -1.013000E+01   -1.042494E+01
   1.200000E-09    4.000000E+00    1.279000E+00    9.300000E+01    1.398000E+00   -2.301000E+00   -1.000000E+01    2.362000E+00   -1.000000E+01   -1.000000E+01   -1.000000E+01   -1.000000E+01    7.000000E+00    6.266000E+00    1.360000E+00    7.000000E+00    9.300000E+01    3.387000E+00    1.742000E+00    4.990000E+00    1.690000E+00    2.887000E-01    8.974000E-04   -1.067000E+01    2.000000E+00    2.000000E+00    1.400000E+03    4.750000E+01   -1.000000E+01    0.000000E+00    2.232663E-02   -9.979000E+00   -9.982034E+00
   2.000000E-09    1.000000E+00    1.453000E+00    1.080000E+02    1.565000E+00   -2.924000E-01   -1.000000E+01    4.069000E+00   -1.000000E+01    4.257000E+00   -1.000000E+01   -1.000000E+01    5.763000E+00    1.045000E+01    2.660000E+00    5.000000E+00    5.300000E+01    3.375000E+00    2.784000E+00    3.850000E+00    1.580000E+00    8.362000E-02    6.848000E-04   -9.654000E+00    2.000000E+00    2.000000E+00    1.400000E+03    9.999000E+01   -1.000000E+01   -1.000000E+00    7.601362E-01   -1.000000E+01   -9.955588E+00
   1.460000E-09    7.000000E+00    1.408000E+00    3.750000E+01    1.398000E+00   -1.260000E+00   -1.000000E+01    3.061000E+00   -1.000000E+01    3.249000E+00   -1.000000E+01   -1.000000E+01    7.000000E+00    7.834000E+00    1.900000E+00    6.000000E+00    7.500000E+01    3.309000E+00    2.071000E+00    4.360000E+00    1.166000E+00    2.036000E-01    8.974000E-04   -1.015000E+01    2.000000E+00    1.000000E+00    1.600000E+03    3.300000E+01   -1.000000E+01   -1.000000E+00    2.332763E-01   -1.042000E+01   -1.029415E+01
   3.690000E-09    1.000000E+00    1.453000E+00    1.080000E+02    1.699000E+00   -3.010000E-01   -1.000000E+01    4.061000E+00   -1.000000E+01    4.249000E+00   -1.000000E+01   -1.000000E+01    5.865000E+00    1.297000E+01    3.160000E+00    3.000000E+00    1.700000E+01    2.822000E+00    4.118000E+00    2.890000E+00    1.580000E+00   -1.641000E-01    5.279000E-04   -9.649000E+00    2.000000E+00    2.000000E+00    1.000000E+03    9.800000E+01   -1.000000E+01   -1.000000E+00    8.501629E-01   -9.401000E+00   -9.347353E+00
   1.460000E-09    7.000000E+00    1.408000E+00    7.200000E+01    1.114000E+00   -1.018000E+00    1.176000E+00    3.069000E+00    2.685000E+00    3.064000E+00    1.708000E+00    3.353000E+00    4.000000E+00    7.834000E+00    1.900000E+00    6.000000E+00    7.500000E+01    3.309000E+00    2.158000E+00    4.360000E+00    1.449000E+00    1.857000E-01    1.226000E-03   -1.003000E+01    2.000000E+00    1.000000E+00    1.800000E+03    7.500000E+01   -1.000000E+01   -1.000000E+00    1.341257E-01   -1.152000E+01   -1.097663E+01
   2.140000E-09    0.000000E+00    1.580000E+00    7.900000E+01    1.398000E+00   -1.166000E+00    2.934000E+00    2.265000E+00    2.882000E+00    3.027000E+00   -1.000000E+01    1.061000E+00    1.250000E+01    1.360000E+01    2.200000E+00    1.000000E+00    1.000000E+00    8.499000E-01    7.796000E-01    8.500000E-01    1.318000E+00    3.752000E-02    8.974000E-04   -1.010000E+01    2.000000E+00    1.000000E+00    2.000000E+03    8.200000E+01   -1.000000E+01    0.000000E+00    5.337413E-03   -1.064000E+01   -1.039047E+01
   2.000000E-09    4.000000E+00    1.744000E+00    8.200000E+01    1.398000E+00   -5.918000E-01    1.146000E+00    3.279000E+00    3.330000E+00    3.785000E+00    1.831000E+00    3.016000E+00    7.500000E+00    7.280000E+00    1.900000E+00    5.000000E+00    4.300000E+01    2.817000E+00    2.415000E+00    3.850000E+00    1.170000E+00    6.690000E-02    8.974000E-04   -9.812000E+00    2.000000E+00    2.000000E+00    1.300000E+03    8.000000E+01   -1.000000E+01    0.000000E+00    1.267710E+00   -9.836000E+00   -9.819766E+00
   2.090000E-09    1.000000E+00   -1.549000E-01    1.000000E+01    1.398000E+00   -5.157000E-01    1.000000E+00    3.380000E+00    3.405000E+00    3.922000E+00    1.230000E+00    2.230000E+00    8.770000E+00    3.894000E+00    7.900000E-01    6.000000E+00    5.500000E+01    2.333000E+00    2.090000E+00    4.360000E+00    2.155000E+00    4.778000E-02    8.974000E-04   -9.774000E+00    1.400000E+01    1.000000E+00    2.610000E+03    0.000000E+00   -1.000000E+01    1.000000E+00    1.105294E-02   -1.092000E+01   -1.108914E+01
   4.530000E-09    1.000000E+00    1.279000E+00    9.300000E+01    1.778000E+00   -2.757000E-01    5.922000E-01    4.024000E+00    2.558000E+00    4.302000E+00   -1.000000E+01    4.065000E-01    8.300000E+00    3.894000E+00    7.900000E-01    6.000000E+00    5.500000E+01    2.333000E+00    4.054000E+00    4.360000E+00    1.690000E+00   -2.400000E-01    4.494000E-04   -9.630000E+00    2.000000E+00    1.000000E+00    1.600000E+03    4.750000E+01    1.477000E+00    1.000000E+00    2.762506E-01   -9.097000E+00   -9.175509E+00
   1.200000E-09    4.000000E+00    6.021000E-01    6.700000E+01    1.415000E+00    6.070000E-02   -1.000000E+01    4.403000E+00   -1.000000E+01   -1.000000E+01    4.785000E+00   -1.000000E+01    8.900000E+00    6.266000E+00    1.360000E+00    7.000000E+00    9.300000E+01    3.387000E+00    1.736000E+00    4.990000E+00    2.224000E+00    2.902000E-01    8.757000E-04   -9.485000E+00    1.300000E+01    1.000000E+00    2.640000E+03    0.000000E+00   -1.000000E+01   -4.000000E+00    7.933348E-02   -1.227000E+01   -1.238391E+01
   1.910000E-09    1.000000E+00    2.025000E+00    8.100000E+01    1.352000E+00    6.990000E-01   -1.000000E+01    5.061000E+00   -1.000000E+01    5.249000E+00   -1.000000E+01   -1.000000E+01    1.250000E+01    1.297000E+01    3.160000E+00    3.000000E+00    1.700000E+01    2.822000E+00    2.330000E+00    2.890000E+00    8.832000E-01    8.324000E-02    9.552000E-04   -9.169000E+00    2.500000E+01    1.000000E+00    1.650000E+03    0.000000E+00   -1.000000E+01   -1.000000E+00    3.424979E-02   -1.126000E+01   -1.102200E+01
   8.050000E-10    2.000000E+00    1.748000E+00    1.110000E+02    1.398000E+00   -2.361000E+00    4.139000E-02    1.176000E+00    1.671000E+00    1.079000E+00    2.170000E+00    1.146000E+00    8.300000E+00    5.695000E+00    9.500000E-01    5.000000E+00    3.800000E+01    2.491000E+00    8.596000E-01    3.850000E+00    1.297000E+00    4.621000E-01    8.974000E-04   -1.070000E+01    2.000000E+00    1.000000E+00    1.620000E+03    9.300000E+01   -1.000000E+01    2.000000E+00    6.420860E-02   -1.126000E+01   -1.052164E+01
   2.010000E-09    1.000000E+00    1.453000E+00    1.080000E+02    1.602000E+00   -3.979000E-01   -1.000000E+01    3.964000E+00   -1.000000E+01    4.152000E+00   -1.000000E+01   -1.000000E+01    7.467000E+00    5.139000E+00    9.300000E-01    3.000000E+00    1.100000E+01    1.777000E+00    1.457000E+00    2.890000E+00    1.580000E+00    8.605000E-02    6.389000E-04   -9.705000E+00    2.000000E+00    2.000000E+00    1.000000E+03    9.800000E+01   -1.000000E+01    1.000000E+00    5.260915E-02   -9.666000E+00   -9.701102E+00
   2.032000E-10    1.000000E+00    1.833000E+00    7.100000E+01    1.398000E+00   -1.000000E+00   -1.000000E+01    3.362000E+00   -1.000000E+01   -1.000000E+01   -1.000000E+01   -1.000000E+01    5.000000E+00    1.297000E+01    3.160000E+00    3.000000E+00    1.700000E+01    2.822000E+00    2.458000E-01    2.890000E+00    1.019000E+00    1.060000E+00    8.974000E-04   -1.002000E+01    6.000000E+00    1.000000E+00    1.900000E+03    0.000000E+00   -1.000000E+01   -1.000000E+00    1.550714E+00   -9.553000E+00   -9.977683E+00
   2.090000E-09    1.000000E+00    1.447000E+00    1.080000E+02    1.398000E+00   -1.000000E+01   -1.000000E+01   -1.000000E+01   -1.000000E+01   -1.000000E+01   -1.000000E+01   -1.000000E+01    8.400000E+00    3.894000E+00    7.900000E-01    6.000000E+00    5.500000E+01    2.333000E+00    2.090000E+00    4.360000E+00    1.586000E+00    4.778000E-02    8.974000E-04   -1.452000E+01    2.000000E+00    2.000000E+00    1.200000E+03    1.000000E+02   -1.000000E+01    1.000000E+00    1.147943E+00   -9.839000E+00   -9.834784E+00
   2.950000E-09    1.000000E+00    1.453000E+00    1.080000E+02    1.602000E+00   -3.010000E-01   -1.000000E+01    4.061000E+00   -1.000000E+01    4.249000E+00   -1.000000E+01   -1.000000E+01    6.026000E+00    1.297000E+01    3.160000E+00    3.000000E+00    1.700000E+01    2.822000E+00    3.397000E+00    2.890000E+00    1.580000E+00   -8.057000E-02    6.389000E-04   -9.656000E+00    2.000000E+00    2.000000E+00    1.000000E+03    9.800000E+01   -1.000000E+01   -1.000000E+00    6.278964E-01   -9.499000E+00   -9.487401E+00
   2.100000E-09    1.000000E+00    6.128000E-01    1.090000E+01    1.398000E+00   -2.924000E-01   -1.000000E+01    4.069000E+00   -1.000000E+01    4.257000E+00   -1.000000E+01   -1.000000E+01    7.290000E+00    3.894000E+00    7.900000E-01    6.000000E+00    5.500000E+01    2.333000E+00    2.100000E+00    4.360000E+00    1.425000E+00    4.571000E-02    8.974000E-04   -9.662000E+00    2.800000E+01    2.000000E+00    2.250000E+03    0.000000E+00   -1.000000E+01    1.000000E+00    6.606620E-02   -9.975000E+00   -1.004926E+01
   2.100000E-09    0.000000E+00   -1.549000E-01    1.000000E+01    1.362000E+00   -3.037000E+00   -6.990000E-01    9.827000E-01    7.490000E-01    2.967000E-01    1.408000E+00    9.581000E-01    8.770000E+00    1.360000E+01    2.200000E+00    1.000000E+00    1.000000E+00    8.499000E-01    7.702000E-01    8.500000E-01    2.155000E+00    4.279000E-02    9.432000E-04   -1.104000E+01    1.400000E+01    1.000000E+00    2.610000E+03    0.000000E+00   -1.000000E+01    0.000000E+00    5.779116E-03   -1.074000E+01   -1.113299E+01
   8.050000E-10    2.000000E+00    1.494000E+00    8.300000E+01    1.362000E+00   -8.239000E-01   -1.000000E+01   -1.000000E+01    3.302000E+00    3.550000E+00   -1.000000E+01   -1.000000E+01    7.928000E+00    5.695000E+00    9.500000E-01    5.000000E+00    3.800000E+01    2.491000E+00    8.654000E-01    3.850000E+00    1.425000E+00    4.592000E-01    9.432000E-04   -9.930000E+00    2.000000E+00    1.000000E+00    1.300000E+03    8.000000E+01   -1.000000E+01    2.000000E+00    1.555364E-01   -9.824000E+00   -1.068152E+01
   1.200000E-09    5.000000E+00    1.455000E+00    8.700000E+01    1.301000E+00   -1.260000E+00   -1.000000E+01   -1.000000E+01    3.603000E+00   -1.000000E+01   -1.000000E+01   -1.000000E+01    6.000000E+00    6.266000E+00    1.360000E+00    7.000000E+00    9.300000E+01    3.387000E+00    1.772000E+00    4.990000E+00    1.485000E+00    2.814000E-01    1.018000E-03   -1.015000E+01    3.000000E+00    2.000000E+00    7.800000E+02    1.000000E+02   -1.000000E+01    1.000000E+00    3.014383E-02   -9.682000E+00   -9.707943E+00
   1.010000E-09    1.000000E+00    1.453000E+00    1.080000E+02    1.176000E+00   -1.000000E+01   -1.000000E+01   -1.000000E+01   -1.000000E+01   -1.000000E+01   -1.000000E+01   -1.000000E+01    6.917000E+00    5.139000E+00    9.300000E-01    3.000000E+00    1.100000E+01    1.777000E+00    7.958000E-01    2.890000E+00    1.580000E+00    3.488000E-01    1.162000E-03   -1.452000E+01    2.000000E+00    2.000000E+00    1.000000E+03    9.800000E+01   -1.000000E+01    1.000000E+00    2.852694E-01   -9.979000E+00   -9.963594E+00
   9.000000E-10    4.000000E+00    1.279000E+00    9.300000E+01    1.398000E+00   -1.000000E+01   -1.000000E+01   -1.000000E+01   -1.000000E+01   -1.000000E+01   -1.000000E+01   -1.000000E+01    1.300000E+01    7.344000E+00    1.960000E+00    5.000000E+00    5.000000E+01    2.829000E+00    1.091000E+00    3.850000E+00    1.690000E+00    4.137000E-01    8.974000E-04   -1.452000E+01    2.000000E+00    2.000000E+00    4.000000E+02    4.750000E+01   -1.000000E+01    4.000000E+00    1.950346E+00   -9.453000E+00   -9.500521E+00
   3.690000E-09    1.000000E+00    1.453000E+00    1.080000E+02    1.699000E+00   -1.000000E+01   -1.000000E+01   -1.000000E+01   -1.000000E+01   -1.000000E+01   -1.000000E+01   -1.000000E+01    6.166000E+00    1.297000E+01    3.160000E+00    3.000000E+00    1.700000E+01    2.822000E+00    4.118000E+00    2.890000E+00    1.580000E+00   -1.641000E-01    5.279000E-04   -1.450000E+01    2.000000E+00    2.000000E+00    1.600000E+03    9.800000E+01   -1.000000E+01   -1.000000E+00    4.035713E-01   -9.910000E+00   -9.981002E+00
   2.060000E-09    1.000000E+00    1.453000E+00    1.100000E+02    1.362000E+00   -1.000000E+00   -1.000000E+01    3.362000E+00   -1.000000E+01    3.550000E+00   -1.000000E+01   -1.000000E+01    7.000000E+00    3.894000E+00    7.900000E-01    6.000000E+00    5.500000E+01    2.333000E+00    2.074000E+00    4.360000E+00    1.588000E+00    5.114000E-02    9.432000E-04   -1.002000E+01    2.000000E+00    1.000000E+00    8.000000E+02    9.800000E+01   -1.000000E+01    1.000000E+00    3.092121E-01   -9.135000E+00   -9.260603E+00
   1.560000E-09    1.000000E+00    1.453000E+00    1.080000E+02    1.176000E+00   -1.000000E+01   -1.000000E+01   -1.000000E+01   -1.000000E+01   -1.000000E+01   -1.000000E+01   -1.000000E+01    4.927000E+00    1.297000E+01    3.160000E+00    3.000000E+00    1.700000E+01    2.822000E+00    1.952000E+00    2.890000E+00    1.580000E+00    1.600000E-01    1.162000E-03   -1.452000E+01    2.000000E+00    2.000000E+00    1.800000E+03    9.800000E+01   -1.000000E+01   -1.000000E+00    1.668733E-01   -1.047000E+01   -1.045723E+01
   2.000000E-09    1.000000E+00    1.744000E+00    8.200000E+01    1.380000E+00   -5.918000E-01    1.146000E+00    3.279000E+00    3.328000E+00    3.785000E+00    1.831000E+00    3.016000E+00    7.500000E+00    1.045000E+01    2.660000E+00    5.000000E+00    5.300000E+01    3.375000E+00    2.903000E+00    3.850000E+00    1.170000E+00    6.544000E-02    9.199000E-04   -9.813000E+00    2.000000E+00    2.000000E+00    1.500000E+03    8.000000E+01   -1.000000E+01   -1.000000E+00    2.755688E-01   -1.001000E+01   -1.093878E+01
   2.140000E-09    0.000000E+00   -1.549000E-01    1.000000E+01    1.362000E+00   -5.157000E-01    1.000000E+00    3.380000E+00    3.405000E+00    3.922000E+00    1.230000E+00    2.230000E+00    8.700000E+00    1.360000E+01    2.200000E+00    1.000000E+00    1.000000E+00    8.499000E-01    7.849000E-01    8.500000E-01    2.155000E+00    3.459000E-02    9.432000E-04   -9.776000E+00    1.400000E+01    1.000000E+00    2.730000E+03    0.000000E+00   -1.000000E+01    0.000000E+00    3.281667E-03   -1.132000E+01   -1.116654E+01
   1.330000E-09    1.000000E+00    1.453000E+00    1.100000E+02    1.362000E+00   -2.000000E+00   -1.000000E+01    2.362000E+00   -1.000000E+01    2.550000E+00   -1.000000E+01   -1.000000E+01    7.000000E+00    5.139000E+00    9.300000E-01    3.000000E+00    1.100000E+01    1.777000E+00    1.020000E+00    2.890000E+00    1.588000E+00    2.412000E-01    9.432000E-04   -1.052000E+01    2.000000E+00    1.000000E+00    8.000000E+02    9.800000E+01   -1.000000E+01    1.000000E+00    2.318538E-01   -8.724000E+00   -9.183347E+00
   2.100000E-09    1.000000E+00    1.453000E+00    1.080000E+02    1.778000E+00   -2.924000E-01   -1.000000E+01    4.069000E+00   -1.000000E+01    4.257000E+00   -1.000000E+01   -1.000000E+01    7.685000E+00    3.894000E+00    7.900000E-01    6.000000E+00    5.500000E+01    2.333000E+00    1.879000E+00    4.360000E+00    1.580000E+00    9.392000E-02    4.494000E-04   -9.638000E+00    2.000000E+00    2.000000E+00    9.000000E+02    9.999000E+01   -1.000000E+01    1.000000E+00    6.652065E-02   -9.577000E+00   -9.540341E+00
   7.900000E-10    2.000000E+00    1.491000E+00    8.300000E+01    1.301000E+00   -2.839000E+00    5.441000E-01    9.191000E-01    1.114000E+00    6.990000E-01   -1.000000E+01    9.345000E-01    7.000000E+00    5.695000E+00    9.500000E-01    5.000000E+00    3.800000E+01    2.491000E+00    8.580000E-01    3.850000E+00    1.428000E+00    4.630000E-01    1.018000E-03   -1.094000E+01    2.000000E+00    1.000000E+00    1.200000E+03    8.000000E+01   -1.000000E+01    2.000000E+00    3.515735E-01   -1.076000E+01   -1.077518E+01
   9.560000E-10    4.000000E+00    1.279000E+00    9.300000E+01    1.398000E+00   -2.000000E+00   -1.000000E+01    2.362000E+00   -1.000000E+01    2.550000E+00   -1.000000E+01   -1.000000E+01    1.250000E+01    1.126000E+01    2.550000E+00    2.000000E+00    6.000000E+00    1.811000E+00    7.420000E-01    1.990000E+00    1.690000E+00    3.875000E-01    8.974000E-04   -1.052000E+01    2.000000E+00    1.000000E+00    1.600000E+03    5.000000E+01   -1.000000E+01   -2.000000E+00    2.915164E-02   -1.219000E+01   -1.137427E+01
   2.410000E-09    2.000000E+00    1.279000E+00    9.300000E+01    1.845000E+00   -1.000000E+01   -1.000000E+01   -1.000000E+01   -1.000000E+01   -1.000000E+01   -1.000000E+01   -1.000000E+01    5.000000E+00    5.695000E+00    9.500000E-01    5.000000E+00    3.800000E+01    2.491000E+00    2.236000E+00    3.850000E+00    1.690000E+00    4.696000E-02    3.939000E-04   -1.449000E+01    2.000000E+00    2.000000E+00    1.100000E+03    5.000000E+01   -1.000000E+01    2.000000E+00    9.637866E-01   -9.046000E+00   -9.255568E+00
   2.140000E-09    0.000000E+00    1.580000E+00    7.900000E+01    1.398000E+00   -1.166000E+00    2.934000E+00    2.265000E+00    2.882000E+00    3.027000E+00   -1.000000E+01    1.061000E+00    1.250000E+01    1.360000E+01    2.200000E+00    1.000000E+00    1.000000E+00    8.499000E-01    7.796000E-01    8.500000E-01    1.318000E+00    3.752000E-02    8.974000E-04   -1.010000E+01    2.000000E+00    1.000000E+00    2.000000E+03    8.200000E+01   -1.000000E+01    0.000000E+00    5.337413E-03   -1.049000E+01   -1.039047E+01
   5.000000E-10    3.000000E+00    1.547000E+00    7.000000E+01    1.301000E+00   -3.010000E-01   -1.000000E+01    4.061000E+00   -1.000000E+01    4.249000E+00   -1.000000E+01   -1.000000E+01    5.100000E+00    5.539000E+00    1.120000E+00    6.000000E+00    5.800000E+01    2.782000E+00    6.065000E-01    4.360000E+00    1.299000E+00    6.616000E-01    1.018000E-03   -9.670000E+00    2.000000E+00    1.000000E+00    1.700000E+03    3.680000E+01   -1.000000E+01   -1.000000E+00    9.311489E-02   -1.096000E+01   -1.081663E+01
   3.330000E-09    2.000000E+00    1.279000E+00    9.300000E+01    1.778000E+00   -1.807000E+00   -1.000000E+01    2.378000E+00   -1.000000E+01   -1.000000E+01   -1.000000E+01    2.699000E+00    7.250000E+00    9.752000E+00    2.550000E+00    4.000000E+00    3.400000E+01    2.921000E+00    3.732000E+00    3.450000E+00    1.690000E+00   -1.063000E-01    4.494000E-04   -1.040000E+01    2.000000E+00    2.000000E+00    1.600000E+03    5.000000E+01   -1.000000E+01   -1.000000E+00    1.816927E-01   -9.735000E+00   -9.711988E+00
   1.200000E-09    5.000000E+00    1.580000E+00    7.900000E+01    1.398000E+00   -1.456000E+00    1.041000E+00    2.824000E+00    8.202000E-01    2.121000E+00   -1.000000E+01    2.940000E+00    8.900000E+00    6.266000E+00    1.360000E+00    7.000000E+00    9.300000E+01    3.387000E+00    1.742000E+00    4.990000E+00    1.318000E+00    2.887000E-01    8.974000E-04   -1.024000E+01    2.000000E+00    2.000000E+00    2.000000E+03    8.000000E+01   -1.000000E+01    1.000000E+00    1.343262E-01   -1.073000E+01   -1.074413E+01
   5.000000E-10    4.000000E+00    1.744000E+00    8.200000E+01    1.398000E+00   -5.834000E-01    1.146000E+00    3.281000E+00    3.328000E+00    3.810000E+00    1.831000E+00    3.016000E+00    8.830000E+00    6.026000E+00    1.280000E+00    7.000000E+00    9.400000E+01    3.322000E+00    7.118000E-01    4.990000E+00    1.170000E+00    6.690000E-01    8.974000E-04   -9.808000E+00    2.000000E+00    2.000000E+00    1.630000E+03    8.000000E+01    1.699000E+00    0.000000E+00    4.721230E+00   -1.047000E+01   -1.048055E+01
   2.220000E-09    0.000000E+00    1.748000E+00    1.110000E+02    1.903000E+00   -6.778000E-01    1.637000E+00    3.472000E+00    2.790000E+00    3.517000E+00    1.749000E+00    3.638000E+00    7.550000E+00    1.360000E+01    2.200000E+00    1.000000E+00    1.000000E+00    8.499000E-01    6.828000E-01    8.500000E-01    1.297000E+00    9.510000E-02    3.547000E-04   -9.818000E+00    2.000000E+00    1.000000E+00    1.650000E+03    9.200000E+01   -1.000000E+01    0.000000E+00    3.594011E-02   -9.846000E+00   -1.006187E+01
   2.000000E-09    1.000000E+00    1.436000E+00    5.870000E+01    1.176000E+00   -3.010000E-01   -1.000000E+01    4.061000E+00   -1.000000E+01    4.249000E+00   -1.000000E+01   -1.000000E+01    3.130000E+00    1.045000E+01    2.660000E+00    5.000000E+00    5.300000E+01    3.375000E+00    2.994000E+00    3.850000E+00    1.332000E+00    5.208000E-02    1.162000E-03   -9.674000E+00    2.000000E+00    1.000000E+00    1.600000E+03    7.800000E+01   -1.000000E+01   -1.000000E+00    6.450850E-01   -1.021000E+01   -1.035148E+01
   1.130000E-09    6.000000E+00    1.999000E+00    1.080000E+02    1.362000E+00   -3.010000E-01   -1.000000E+01    4.061000E+00   -1.000000E+01    4.249000E+00   -1.000000E+01   -1.000000E+01    8.600000E+00    6.767000E+00    1.660000E+00    4.000000E+00    2.400000E+01    2.434000E+00    1.187000E+00    3.450000E+00    1.034000E+00    3.119000E-01    9.432000E-04   -9.668000E+00    3.000000E+00    1.000000E+00    1.700000E+03    1.000000E+02    1.602000E+00   -1.000000E+00    3.762564E-02   -1.043000E+01   -1.057821E+01
   7.900000E-10    2.000000E+00    1.447000E+00    1.080000E+02    1.398000E+00   -3.010000E-01   -1.000000E+01    4.061000E+00   -1.000000E+01    4.248000E+00   -1.000000E+01   -1.000000E+01    6.300000E+00    5.695000E+00    9.500000E-01    5.000000E+00    3.800000E+01    2.491000E+00    8.436000E-01    3.850000E+00    1.586000E+00    4.703000E-01    8.974000E-04   -9.667000E+00    2.000000E+00    1.000000E+00    1.600000E+03    1.000000E+02   -1.000000E+01    2.000000E+00    1.859962E-02   -1.072000E+01   -1.077959E+01
   2.030000E-09    1.000000E+00    1.453000E+00    1.100000E+02    1.362000E+00   -3.010000E-01   -1.000000E+01    4.061000E+00   -1.000000E+01    4.249000E+00   -1.000000E+01   -1.000000E+01    7.000000E+00    1.045000E+01    2.660000E+00    5.000000E+00    5.300000E+01    3.375000E+00    2.956000E+00    3.850000E+00    1.588000E+00    5.751000E-02    9.432000E-04   -9.668000E+00    2.000000E+00    1.000000E+00    8.000000E+02    9.800000E+01   -1.000000E+01   -1.000000E+00    4.477602E-01   -1.070000E+01   -1.066998E+01
   1.350000E-09    1.000000E+00    1.453000E+00    1.080000E+02    1.398000E+00   -1.000000E+01   -1.000000E+01   -1.000000E+01   -1.000000E+01   -1.000000E+01   -1.000000E+01   -1.000000E+01    6.303000E+00    5.139000E+00    9.300000E-01    3.000000E+00    1.100000E+01    1.777000E+00    1.028000E+00    2.890000E+00    1.580000E+00    2.376000E-01    8.974000E-04   -1.452000E+01    2.000000E+00    2.000000E+00    1.800000E+03    9.800000E+01   -1.000000E+01    1.000000E+00    1.670167E-01   -1.059000E+01   -1.052182E+01
   2.032000E-10    1.000000E+00    1.531000E+00    1.300000E+01    1.362000E+00   -4.510000E-01    1.806000E+00    3.749000E+00    2.949000E+00    3.984000E+00    1.477000E+00    3.368000E+00    7.680000E+00    1.297000E+01    3.160000E+00    3.000000E+00    1.700000E+01    2.822000E+00    2.474000E-01    2.890000E+00    5.825000E-01    1.057000E+00    9.432000E-04   -9.743000E+00    4.000000E+00    1.000000E+00    2.700000E+03    0.000000E+00   -1.000000E+01   -1.000000E+00    3.233427E+00   -1.130000E+01   -1.191010E+01
   1.550000E-09    1.000000E+00    1.453000E+00    1.080000E+02    1.477000E+00   -1.000000E+01   -1.000000E+01   -1.000000E+01   -1.000000E+01   -1.000000E+01   -1.000000E+01   -1.000000E+01    6.488000E+00    5.139000E+00    9.300000E-01    3.000000E+00    1.100000E+01    1.777000E+00    1.161000E+00    2.890000E+00    1.580000E+00    1.848000E-01    7.959000E-04   -1.451000E+01    2.000000E+00    2.000000E+00    1.200000E+03    9.800000E+01   -1.000000E+01    1.000000E+00    2.048804E-01   -9.939000E+00   -9.921703E+00
   1.550000E-09    4.000000E+00    1.999000E+00    1.080000E+02    1.398000E+00   -1.097000E+00   -1.000000E+01    2.759000E+00   -1.000000E+01   -1.000000E+01   -1.000000E+01   -1.000000E+01    7.000000E+00    9.752000E+00    2.550000E+00    4.000000E+00    3.400000E+01    2.921000E+00    1.941000E+00    3.450000E+00    1.034000E+00    1.776000E-01    8.974000E-04   -1.006000E+01    3.000000E+00    1.000000E+00    1.600000E+03    1.000000E+02   -1.000000E+01   -1.000000E+00    1.391132E-02   -1.039000E+01   -1.038137E+01
   7.420000E-10    1.000000E+00    1.453000E+00    1.080000E+02    6.990000E-01   -1.000000E+01   -1.000000E+01   -1.000000E+01   -1.000000E+01   -1.000000E+01   -1.000000E+01   -1.000000E+01    5.256000E+00    5.139000E+00    9.300000E-01    3.000000E+00    1.100000E+01    1.777000E+00    6.056000E-01    2.890000E+00    1.580000E+00    4.674000E-01    1.536000E-03   -1.453000E+01    2.000000E+00    2.000000E+00    1.200000E+03    9.800000E+01   -1.000000E+01    1.000000E+00    1.364413E-01   -1.026000E+01   -1.021874E+01
   2.000000E-09    7.000000E+00    1.580000E+00    7.900000E+01    1.398000E+00   -1.000000E+00   -1.000000E+01    3.362000E+00   -1.000000E+01    3.550000E+00   -1.000000E+01   -1.000000E+01    8.000000E+00    7.280000E+00    1.900000E+00    5.000000E+00    4.300000E+01    2.817000E+00    2.415000E+00    3.850000E+00    1.318000E+00    6.690000E-02    8.974000E-04   -1.002000E+01    2.000000E+00    3.000000E+00    1.200000E+03    8.200000E+01   -1.000000E+01   -1.000000E+00    5.704410E-01   -9.602000E+00   -9.525681E+00
   7.200000E-10    4.000000E+00    1.279000E+00    9.300000E+01    1.398000E+00   -2.815000E-01   -1.000000E+01    4.080000E+00   -1.000000E+01    4.259000E+00   -1.000000E+01   -1.000000E+01    7.000000E+00    6.194000E+00    1.380000E+00    7.000000E+00    9.200000E+01    3.368000E+00    1.039000E+00    4.990000E+00    1.690000E+00    5.106000E-01    8.974000E-04   -9.657000E+00    2.000000E+00    2.000000E+00    1.800000E+03    4.750000E+01   -1.000000E+01    0.000000E+00    6.553239E-01   -1.059000E+01   -1.051680E+01
   1.460000E-09    7.000000E+00    1.408000E+00    7.200000E+01    1.398000E+00   -1.184000E+00    1.199000E+00    3.079000E+00    2.103000E+00    2.783000E+00    1.919000E+00    2.732000E+00    8.300000E+00    7.834000E+00    1.900000E+00    6.000000E+00    7.500000E+01    3.309000E+00    2.071000E+00    4.360000E+00    1.449000E+00    2.036000E-01    8.974000E-04   -1.011000E+01    2.000000E+00    1.000000E+00    1.700000E+03    7.500000E+01   -1.000000E+01   -1.000000E+00    2.713870E-01   -1.102000E+01   -1.078839E+01
   2.000000E-09    1.000000E+00    1.580000E+00    7.900000E+01    1.398000E+00   -1.000000E+00   -1.000000E+01    3.362000E+00   -1.000000E+01   -1.000000E+01   -1.000000E+01   -1.000000E+01    8.200000E+00    1.297000E+01    3.160000E+00    3.000000E+00    1.700000E+01    2.822000E+00    2.419000E+00    2.890000E+00    1.318000E+00    6.690000E-02    8.974000E-04   -1.002000E+01    2.000000E+00    1.000000E+00    1.200000E+03    8.000000E+01   -1.000000E+01   -1.000000E+00    3.235663E-01   -9.754000E+00   -9.748671E+00
   2.000000E-09    1.000000E+00   -1.549000E-01    1.000000E+01    1.398000E+00   -5.157000E-01    1.000000E+00    3.380000E+00    3.405000E+00    3.922000E+00    1.230000E+00    2.230000E+00    8.770000E+00    1.297000E+01    3.160000E+00    3.000000E+00    1.700000E+01    2.822000E+00    2.419000E+00    2.890000E+00    2.155000E+00    6.690000E-02    8.974000E-04   -9.774000E+00    1.400000E+01    1.000000E+00    2.610000E+03    0.000000E+00   -1.000000E+01   -1.000000E+00    8.379554E-02   -1.108000E+01   -1.102851E+01
   3.330000E-09    2.000000E+00    1.279000E+00    9.300000E+01    1.778000E+00   -1.807000E+00   -1.000000E+01    2.378000E+00   -1.000000E+01   -1.000000E+01   -1.000000E+01    2.699000E+00    7.250000E+00    9.752000E+00    2.550000E+00    4.000000E+00    3.400000E+01    2.921000E+00    3.732000E+00    3.450000E+00    1.690000E+00   -1.063000E-01    4.494000E-04   -1.040000E+01    2.000000E+00    2.000000E+00    1.600000E+03    5.000000E+01   -1.000000E+01   -1.000000E+00    1.816927E-01   -9.735000E+00   -9.711988E+00
   2.100000E-09    1.000000E+00    1.453000E+00    1.080000E+02    1.778000E+00   -2.000000E+00   -1.000000E+01    2.362000E+00   -1.000000E+01    2.550000E+00   -1.000000E+01   -1.000000E+01    8.330000E+00    3.894000E+00    7.900000E-01    6.000000E+00    5.500000E+01    2.333000E+00    1.879000E+00    4.360000E+00    1.580000E+00    9.392000E-02    4.494000E-04   -1.049000E+01    2.000000E+00    2.000000E+00    9.000000E+02    9.999000E+01   -1.000000E+01    1.000000E+00    9.438555E-01   -9.577000E+00   -9.504000E+00
   2.100000E-09    1.000000E+00    6.128000E-01    1.090000E+01    1.398000E+00   -2.924000E-01   -1.000000E+01    4.069000E+00   -1.000000E+01    4.257000E+00   -1.000000E+01   -1.000000E+01    7.840000E+00    3.894000E+00    7.900000E-01    6.000000E+00    5.500000E+01    2.333000E+00    2.100000E+00    4.360000E+00    1.425000E+00    4.571000E-02    8.974000E-04   -9.662000E+00    2.800000E+01    2.000000E+00    2.250000E+03    0.000000E+00   -1.000000E+01    1.000000E+00    5.826904E-02   -9.975000E+00   -1.006424E+01
   1.550000E-09    4.000000E+00    6.232000E-01    6.700000E+01    1.568000E+00   -1.398000E+00    8.451000E-01    2.784000E+00    1.869000E+00    2.785000E+00   -1.000000E+01    2.785000E+00    5.100000E+00    9.752000E+00    2.550000E+00    4.000000E+00    3.400000E+01    2.921000E+00    1.866000E+00    3.450000E+00    2.203000E+00    1.947000E-01    6.804000E-04   -1.021000E+01    1.300000E+01    3.000000E+00    1.800000E+03    0.000000E+00   -1.000000E+01   -1.000000E+00    5.053055E-02   -9.815000E+00   -9.845590E+00
   3.690000E-09    1.000000E+00    1.453000E+00    1.080000E+02    1.699000E+00   -3.010000E-01   -1.000000E+01    4.061000E+00   -1.000000E+01    4.249000E+00   -1.000000E+01   -1.000000E+01    5.907000E+00    1.297000E+01    3.160000E+00    3.000000E+00    1.700000E+01    2.822000E+00    4.118000E+00    2.890000E+00    1.580000E+00   -1.641000E-01    5.279000E-04   -9.649000E+00    2.000000E+00    2.000000E+00    1.000000E+03    9.800000E+01   -1.000000E+01   -1.000000E+00    8.333466E-01   -9.401000E+00   -9.428632E+00
   9.230000E-10    4.000000E+00    1.279000E+00    9.300000E+01    1.352000E+00   -2.000000E+00   -1.000000E+01    1.362000E+00   -1.000000E+01   -1.000000E+01   -1.000000E+01   -1.000000E+01    1.250000E+01    1.126000E+01    2.550000E+00    2.000000E+00    6.000000E+00    1.811000E+00    7.224000E-01    1.990000E+00    1.690000E+00    3.991000E-01    9.552000E-04   -1.052000E+01    2.000000E+00    1.000000E+00    1.600000E+03    4.750000E+01    1.477000E+00   -2.000000E+00    2.202828E-02   -1.174000E+01   -1.141883E+01
   2.000000E-09    1.000000E+00    2.477000E+00    5.000000E+01    1.380000E+00   -6.576000E-01    1.149000E+00    3.281000E+00    3.331000E+00    3.780000E+00    1.233000E+00    3.024000E+00    7.200000E+00    1.045000E+01    2.660000E+00    5.000000E+00    5.300000E+01    3.375000E+00    2.903000E+00    3.850000E+00    2.218000E-01    6.544000E-02    9.199000E-04   -9.846000E+00    2.600000E+01    2.000000E+00    2.000000E+03    8.750000E+00   -1.000000E+01   -1.000000E+00    3.379428E-01   -9.812000E+00   -9.969829E+00
   2.000000E-09    4.000000E+00    1.279000E+00    9.300000E+01    1.398000E+00   -2.301000E+00   -1.000000E+01    2.362000E+00   -1.000000E+01   -1.000000E+01   -1.000000E+01   -1.000000E+01    7.000000E+00    7.280000E+00    1.900000E+00    5.000000E+00    4.300000E+01    2.817000E+00    2.415000E+00    3.850000E+00    1.690000E+00    6.690000E-02    8.974000E-04   -1.067000E+01    2.000000E+00    2.000000E+00    1.400000E+03    4.750000E+01   -1.000000E+01    0.000000E+00    2.761270E+00   -9.757000E+00   -9.788520E+00
   4.300000E-10    6.000000E+00    1.279000E+00    9.300000E+01    1.398000E+00   -1.000000E+01   -1.000000E+01   -1.000000E+01   -1.000000E+01   -1.000000E+01   -1.000000E+01   -1.000000E+01    9.000000E+00    6.194000E+00    1.380000E+00    7.000000E+00    9.200000E+01    3.368000E+00    6.207000E-01    4.990000E+00    1.690000E+00    7.345000E-01    8.974000E-04   -1.452000E+01    2.000000E+00    2.000000E+00    1.610000E+03    4.750000E+01   -1.000000E+01   -1.000000E+00    2.675988E+00   -1.061000E+01   -1.070880E+01
   2.570000E-09    1.000000E+00    1.453000E+00    1.080000E+02    1.699000E+00   -1.000000E+01   -1.000000E+01   -1.000000E+01   -1.000000E+01   -1.000000E+01   -1.000000E+01   -1.000000E+01    6.917000E+00    5.139000E+00    9.300000E-01    3.000000E+00    1.100000E+01    1.777000E+00    1.806000E+00    2.890000E+00    1.580000E+00   -7.034000E-03    5.279000E-04   -1.450000E+01    2.000000E+00    2.000000E+00    1.800000E+03    9.800000E+01   -1.000000E+01    1.000000E+00    1.856121E-01   -1.031000E+01   -1.023953E+01
   2.000000E-09    1.000000E+00    1.580000E+00    7.900000E+01    1.398000E+00   -1.000000E+00   -1.000000E+01    3.362000E+00   -1.000000E+01   -1.000000E+01   -1.000000E+01   -1.000000E+01    8.200000E+00    1.045000E+01    2.660000E+00    5.000000E+00    5.300000E+01    3.375000E+00    2.893000E+00    3.850000E+00    1.318000E+00    6.690000E-02    8.974000E-04   -1.002000E+01    2.000000E+00    1.000000E+00    1.200000E+03    8.000000E+01   -1.000000E+01   -1.000000E+00    1.108058E+00   -9.754000E+00   -9.708275E+00
   2.100000E-09    0.000000E+00    1.494000E+00    8.300000E+01    1.362000E+00   -8.239000E-01   -1.000000E+01   -1.000000E+01    3.302000E+00    3.550000E+00   -1.000000E+01   -1.000000E+01    6.799000E+00    1.360000E+01    2.200000E+00    1.000000E+00    1.000000E+00    8.499000E-01    7.702000E-01    8.500000E-01    1.425000E+00    4.279000E-02    9.432000E-04   -9.930000E+00    2.000000E+00    1.000000E+00    1.300000E+03    8.000000E+01   -1.000000E+01    0.000000E+00    3.748697E-02   -9.824000E+00   -1.026378E+01
   2.000000E-09    7.000000E+00    1.744000E+00    8.200000E+01    1.398000E+00   -5.918000E-01    1.146000E+00    3.279000E+00    3.330000E+00    3.785000E+00    1.831000E+00    3.016000E+00    7.500000E+00    7.280000E+00    1.900000E+00    5.000000E+00    4.300000E+01    2.817000E+00    2.415000E+00    3.850000E+00    1.170000E+00    6.690000E-02    8.974000E-04   -9.812000E+00    2.000000E+00    2.000000E+00    1.130000E+03    8.000000E+01   -1.000000E+01   -1.000000E+00    1.949753E-01   -9.699000E+00   -9.691506E+00
   1.010000E-09    1.000000E+00    1.453000E+00    1.080000E+02    6.990000E-01   -1.000000E+01   -1.000000E+01   -1.000000E+01   -1.000000E+01   -1.000000E+01   -1.000000E+01   -1.000000E+01    5.095000E+00    1.297000E+01    3.160000E+00    3.000000E+00    1.700000E+01    2.822000E+00    1.310000E+00    2.890000E+00    1.580000E+00    3.335000E-01    1.536000E-03   -1.453000E+01    2.000000E+00    2.000000E+00    1.600000E+03    9.800000E+01   -1.000000E+01   -1.000000E+00    1.838349E-01   -1.047000E+01   -1.048957E+01
   2.000000E-09    1.000000E+00    1.744000E+00    8.200000E+01    1.740000E+00   -5.918000E-01    1.146000E+00    3.279000E+00    3.328000E+00    3.785000E+00    1.831000E+00    3.016000E+00    7.500000E+00    1.045000E+01    2.660000E+00    5.000000E+00    5.300000E+01    3.375000E+00    2.629000E+00    3.850000E+00    1.170000E+00    1.085000E-01    4.852000E-04   -9.791000E+00    2.000000E+00    2.000000E+00    1.100000E+03    8.000000E+01   -1.000000E+01   -1.000000E+00    4.325020E-01   -9.674000E+00   -9.652360E+00
   2.100000E-09    0.000000E+00    1.279000E+00    9.300000E+01    1.398000E+00    8.198000E-01   -1.000000E+01    5.178000E+00    3.983000E+00    5.366000E+00    2.086000E+00   -1.000000E+01    1.250000E+01    1.360000E+01    2.200000E+00    1.000000E+00    1.000000E+00    8.499000E-01    7.650000E-01    8.500000E-01    1.690000E+00    4.571000E-02    8.974000E-04   -9.106000E+00    2.000000E+00    2.000000E+00    1.800000E+03    4.750000E+01   -1.000000E+01    0.000000E+00    1.439838E-02   -9.876000E+00   -1.007044E+01
   4.300000E-10    4.000000E+00    1.279000E+00    9.300000E+01    1.398000E+00   -2.190000E-01   -1.000000E+01    4.105000E+00    2.983000E+00    2.697000E+00    2.086000E+00   -1.000000E+01    1.250000E+01    6.194000E+00    1.380000E+00    7.000000E+00    9.200000E+01    3.368000E+00    6.207000E-01    4.990000E+00    1.690000E+00    7.345000E-01    8.974000E-04   -9.626000E+00    2.000000E+00    2.000000E+00    1.800000E+03    4.750000E+01   -1.000000E+01    0.000000E+00    4.805253E+00   -1.082000E+01   -1.075178E+01
   1.180000E-09    1.000000E+00    1.453000E+00    1.080000E+02    6.990000E-01   -1.000000E+01   -1.000000E+01   -1.000000E+01   -1.000000E+01   -1.000000E+01   -1.000000E+01   -1.000000E+01    5.239000E+00    1.297000E+01    3.160000E+00    3.000000E+00    1.700000E+01    2.822000E+00    1.530000E+00    2.890000E+00    1.580000E+00    2.659000E-01    1.536000E-03   -1.453000E+01    2.000000E+00    2.000000E+00    1.600000E+03    9.800000E+01   -1.000000E+01   -1.000000E+00    1.490408E-01   -1.040000E+01   -1.046659E+01
   2.090000E-09    1.000000E+00    1.744000E+00    8.200000E+01    1.380000E+00   -6.108000E-01    1.176000E+00    3.262000E+00    3.292000E+00    3.770000E+00    1.447000E+00    3.051000E+00    7.200000E+00    3.894000E+00    7.900000E-01    6.000000E+00    5.500000E+01    2.333000E+00    2.097000E+00    4.360000E+00    1.170000E+00    4.632000E-02    9.199000E-04   -9.822000E+00    2.000000E+00    1.000000E+00    1.380000E+03    8.000000E+01   -1.000000E+01    1.000000E+00    4.494583E-02   -1.096000E+01   -1.092412E+01
   2.970000E-09    1.000000E+00    1.477000E+00    6.010000E+01    1.602000E+00   -3.155000E+00   -1.000000E+01    1.207000E+00   -1.000000E+01   -1.000000E+01    1.631000E+00   -1.000000E+01    5.424000E+00    3.894000E+00    7.900000E-01    6.000000E+00    5.500000E+01    2.333000E+00    2.828000E+00    4.360000E+00    1.302000E+00   -8.351000E-02    6.389000E-04   -1.108000E+01    2.000000E+00    2.000000E+00    1.100000E+03    5.000000E+01   -1.000000E+01    1.000000E+00    2.156060E+00   -8.955000E+00   -8.945579E+00
   2.220000E-09    0.000000E+00    1.602000E+00    1.400000E+01    1.362000E+00   -9.586000E-01    9.345000E-01    3.403000E+00    5.328000E-01    3.575000E+00    2.387000E+00    1.904000E+00    8.200000E+00    1.360000E+01    2.200000E+00    1.000000E+00    1.000000E+00    8.499000E-01    8.142000E-01    8.500000E-01    5.441000E-01    1.865000E-02    9.432000E-04   -9.997000E+00    5.000000E+00    1.000000E+00    2.450000E+03    0.000000E+00   -1.000000E+01    0.000000E+00    4.538114E-02   -1.061000E+01   -1.060919E+01
   6.240000E-10    3.000000E+00    1.279000E+00    9.300000E+01    1.398000E+00   -1.000000E+01   -1.000000E+01   -1.000000E+01   -1.000000E+01   -1.000000E+01   -1.000000E+01   -1.000000E+01    1.250000E+01    5.974000E+00    1.300000E+00    7.000000E+00    9.500000E+01    3.307000E+00    8.845000E-01    4.990000E+00    1.690000E+00    5.727000E-01    8.974000E-04   -1.452000E+01    2.000000E+00    2.000000E+00    1.200000E+03    4.750000E+01   -1.000000E+01    3.000000E+00    2.858641E+01   -1.010000E+01   -1.000470E+01
   2.100000E-09    0.000000E+00    1.279000E+00    9.300000E+01    1.398000E+00   -1.000000E+01   -1.000000E+01   -1.000000E+01   -1.000000E+01   -1.000000E+01   -1.000000E+01   -1.000000E+01    1.250000E+01    1.360000E+01    2.200000E+00    1.000000E+00    1.000000E+00    8.499000E-01    7.650000E-01    8.500000E-01    1.690000E+00    4.571000E-02    8.974000E-04   -1.452000E+01    2.000000E+00    2.000000E+00    1.200000E+03    4.750000E+01   -1.000000E+01    0.000000E+00    8.027817E-03   -9.432000E+00   -9.481562E+00
   1.550000E-09    4.000000E+00    1.408000E+00    7.200000E+01    1.114000E+00   -1.018000E+00    1.176000E+00    3.069000E+00    2.685000E+00    3.064000E+00    1.708000E+00    3.353000E+00    4.000000E+00    9.752000E+00    2.550000E+00    4.000000E+00    3.400000E+01    2.921000E+00    2.022000E+00    3.450000E+00    1.449000E+00    1.598000E-01    1.226000E-03   -1.003000E+01    2.000000E+00    1.000000E+00    1.800000E+03    7.500000E+01   -1.000000E+01   -1.000000E+00    8.690412E-02   -1.135000E+01   -1.093177E+01
   7.900000E-10    2.000000E+00    1.580000E+00    7.900000E+01    1.398000E+00   -1.000000E+00   -1.000000E+01    3.362000E+00   -1.000000E+01    3.550000E+00   -1.000000E+01   -1.000000E+01    7.000000E+00    5.695000E+00    9.500000E-01    5.000000E+00    3.800000E+01    2.491000E+00    8.436000E-01    3.850000E+00    1.318000E+00    4.703000E-01    8.974000E-04   -1.002000E+01    2.000000E+00    3.000000E+00    8.000000E+02    8.200000E+01   -1.000000E+01    2.000000E+00    2.361819E-01   -8.678000E+00   -8.981184E+00
   1.010000E-09    1.000000E+00    1.453000E+00    1.080000E+02    1.176000E+00   -1.000000E+01   -1.000000E+01   -1.000000E+01   -1.000000E+01   -1.000000E+01   -1.000000E+01   -1.000000E+01    6.557000E+00    5.139000E+00    9.300000E-01    3.000000E+00    1.100000E+01    1.777000E+00    7.958000E-01    2.890000E+00    1.580000E+00    3.488000E-01    1.162000E-03   -1.452000E+01    2.000000E+00    2.000000E+00    9.000000E+02    9.800000E+01   -1.000000E+01    1.000000E+00    2.785513E-01   -9.886000E+00   -9.850570E+00
   6.020000E-10    3.000000E+00    1.580000E+00    7.900000E+01    1.398000E+00   -1.000000E+00   -1.000000E+01    3.362000E+00   -1.000000E+01    3.550000E+00   -1.000000E+01   -1.000000E+01    9.000000E+00    5.670000E+00    1.200000E+00    6.000000E+00    6.300000E+01    2.815000E+00    7.264000E-01    4.360000E+00    1.318000E+00    5.883000E-01    8.974000E-04   -1.002000E+01    2.000000E+00    3.000000E+00    1.000000E+03    8.200000E+01   -1.000000E+01    3.000000E+00    8.834700E+00   -9.481000E+00   -1.002118E+01
   8.130000E-10    4.000000E+00    1.279000E+00    9.300000E+01    1.360000E+00    7.918000E-02   -1.000000E+01    4.281000E+00   -1.000000E+01    2.401000E+00    4.248000E+00    4.062000E+00    1.130000E+01    9.752000E+00    2.550000E+00    4.000000E+00    3.400000E+01    2.921000E+00    1.025000E+00    3.450000E+00    1.690000E+00    4.548000E-01    9.456000E-04   -9.478000E+00    2.000000E+00    1.000000E+00    1.800000E+03    4.750000E+01   -1.000000E+01   -2.000000E+00    2.505457E-02   -1.109000E+01   -1.114575E+01
   2.220000E-09    0.000000E+00    1.833000E+00    7.100000E+01    1.477000E+00   -6.990000E-01   -1.000000E+01    2.061000E+00   -1.000000E+01    2.249000E+00   -1.000000E+01   -1.000000E+01    7.000000E+00    1.360000E+01    2.200000E+00    1.000000E+00    1.000000E+00    8.499000E-01    7.954000E-01    8.500000E-01    1.019000E+00    2.880000E-02    7.959000E-04   -9.862000E+00    6.000000E+00    1.000000E+00    1.500000E+03    0.000000E+00   -1.000000E+01    0.000000E+00    4.839534E-02   -9.821000E+00   -9.760249E+00
   1.360000E-09    5.000000E+00    1.453000E+00    1.080000E+02    1.362000E+00   -3.010000E-01   -1.000000E+01    4.061000E+00   -1.000000E+01    4.249000E+00   -1.000000E+01   -1.000000E+01    9.000000E+00    6.266000E+00    1.360000E+00    7.000000E+00    9.300000E+01    3.387000E+00    1.988000E+00    4.990000E+00    1.580000E+00    2.315000E-01    9.432000E-04   -9.668000E+00    2.000000E+00    1.000000E+00    8.000000E+02    9.900000E+01   -1.000000E+01    1.000000E+00    6.289517E-02   -1.043000E+01   -1.020972E+01
   1.460000E-09    7.000000E+00    1.408000E+00    7.200000E+01    1.079000E+00   -8.761000E-01   -1.000000E+01    3.458000E+00   -1.000000E+01   -1.000000E+01   -1.000000E+01   -1.000000E+01    7.000000E+00    7.834000E+00    1.900000E+00    6.000000E+00    7.500000E+01    3.309000E+00    2.165000E+00    4.360000E+00    1.449000E+00    1.842000E-01    1.261000E-03   -9.964000E+00    2.000000E+00    1.000000E+00    1.600000E+03    7.500000E+01   -1.000000E+01   -1.000000E+00    4.120883E-01   -1.059000E+01   -1.050889E+01
   9.230000E-10    4.000000E+00    1.279000E+00    9.300000E+01    1.398000E+00    6.990000E-01   -1.000000E+01    5.061000E+00   -1.000000E+01   -1.000000E+01   -1.000000E+01   -1.000000E+01    1.250000E+01    1.126000E+01    2.550000E+00    2.000000E+00    6.000000E+00    1.811000E+00    7.164000E-01    1.990000E+00    1.690000E+00    4.027000E-01    8.974000E-04   -9.167000E+00    2.000000E+00    1.000000E+00    1.600000E+03    4.750000E+01   -1.000000E+01   -2.000000E+00    5.226613E-02   -1.096000E+01   -1.086733E+01
   1.330000E-09    1.000000E+00   -1.549000E-01    1.000000E+01    1.362000E+00   -2.921000E+00   -8.239000E-01    1.200000E+00    7.168000E-01    7.536000E-01    1.409000E+00    7.388000E-01    9.500000E+00    5.139000E+00    9.300000E-01    3.000000E+00    1.100000E+01    1.777000E+00    1.020000E+00    2.890000E+00    2.155000E+00    2.412000E-01    9.432000E-04   -1.098000E+01    1.400000E+01    1.000000E+00    2.670000E+03    0.000000E+00   -1.000000E+01    1.000000E+00    4.080321E-02   -1.109000E+01   -1.135131E+01
   1.460000E-09    7.000000E+00    1.408000E+00    7.200000E+01    1.398000E+00   -1.184000E+00    1.199000E+00    3.079000E+00    2.103000E+00    2.783000E+00    1.919000E+00    2.732000E+00    8.300000E+00    7.834000E+00    1.900000E+00    6.000000E+00    7.500000E+01    3.309000E+00    2.071000E+00    4.360000E+00    1.449000E+00    2.036000E-01    8.974000E-04   -1.011000E+01    2.000000E+00    1.000000E+00    1.300000E+03    7.500000E+01   -1.000000E+01   -1.000000E+00    2.713870E-01   -1.034000E+01   -1.038355E+01
   1.460000E-09    7.000000E+00    1.474000E+00    7.600000E+01    1.398000E+00   -6.882000E-01   -1.000000E+01    3.663000E+00   -1.000000E+01    3.851000E+00   -1.000000E+01   -1.000000E+01    7.000000E+00    7.834000E+00    1.900000E+00    6.000000E+00    7.500000E+01    3.309000E+00    2.071000E+00    4.360000E+00    1.407000E+00    2.036000E-01    8.974000E-04   -9.860000E+00    2.000000E+00    1.000000E+00    1.600000E+03    8.130000E+01   -1.000000E+01   -1.000000E+00    8.690010E-01   -1.064000E+01   -1.076452E+01
   5.000000E-10    2.000000E+00    1.408000E+00    7.200000E+01    1.301000E+00   -6.990000E-01   -1.000000E+01    3.663000E+00   -1.000000E+01    3.851000E+00   -1.000000E+01   -1.000000E+01    6.800000E+00    7.881000E+00    1.880000E+00    4.000000E+00    2.700000E+01    2.626000E+00    5.724000E-01    3.450000E+00    1.449000E+00    6.616000E-01    1.018000E-03   -9.869000E+00    2.000000E+00    1.000000E+00    1.500000E+03    7.500000E+01   -1.000000E+01   -2.000000E+00    1.204801E+00   -1.117000E+01   -1.108596E+01
   7.300000E-10    2.000000E+00    1.580000E+00    7.870000E+01    1.398000E+00   -1.000000E+00   -1.000000E+01    3.362000E+00   -1.000000E+01   -1.000000E+01   -1.000000E+01   -1.000000E+01    6.253000E+00    7.881000E+00    1.880000E+00    4.000000E+00    2.700000E+01    2.626000E+00    8.217000E-01    3.450000E+00    1.316000E+00    5.046000E-01    8.974000E-04   -1.002000E+01    2.000000E+00    1.000000E+00    8.000000E+02    8.200000E+01   -1.000000E+01    2.000000E+00    1.515342E+00   -9.886000E+00   -9.836966E+00
   1.460000E-09    7.000000E+00    1.408000E+00    7.200000E+01    1.079000E+00    1.368000E-02   -1.000000E+01    4.372000E+00   -1.000000E+01   -1.000000E+01   -1.000000E+01   -1.000000E+01    7.000000E+00    7.834000E+00    1.900000E+00    6.000000E+00    7.500000E+01    3.309000E+00    2.165000E+00    4.360000E+00    1.449000E+00    1.842000E-01    1.261000E-03   -9.519000E+00    2.000000E+00    1.000000E+00    1.600000E+03    7.500000E+01   -1.000000E+01   -1.000000E+00    2.976114E-01   -1.021000E+01   -1.034915E+01
   2.000000E-09    1.000000E+00   -1.549000E-01    1.000000E+01    1.398000E+00    2.625000E-01   -1.000000E+01    4.624000E+00   -1.000000E+01    4.812000E+00   -1.000000E+01   -1.000000E+01    5.500000E+00    1.297000E+01    3.160000E+00    3.000000E+00    1.700000E+01    2.822000E+00    2.419000E+00    2.890000E+00    2.155000E+00    6.690000E-02    8.974000E-04   -9.385000E+00    1.400000E+01    1.000000E+00    2.640000E+03    0.000000E+00   -1.000000E+01   -1.000000E+00    1.164556E+00   -1.215000E+01   -1.229845E+01
   8.500000E-10    2.000000E+00    6.021000E-01    6.700000E+01    1.398000E+00   -1.523000E+00   -1.000000E+01   -1.000000E+01   -1.000000E+01    2.851000E+00   -1.000000E+01   -1.000000E+01    6.500000E+00    5.212000E+00    8.900000E-01    6.000000E+00    5.600000E+01    2.699000E+00    9.833000E-01    4.360000E+00    2.224000E+00    4.385000E-01    8.974000E-04   -1.028000E+01    1.300000E+01    1.000000E+00    2.640000E+03    0.000000E+00   -1.000000E+01    2.000000E+00    3.957839E-02   -1.271000E+01   -1.266694E+01
   7.420000E-10    1.000000E+00    1.453000E+00    1.080000E+02    6.990000E-01   -1.000000E+01   -1.000000E+01   -1.000000E+01   -1.000000E+01   -1.000000E+01   -1.000000E+01   -1.000000E+01    5.492000E+00    5.139000E+00    9.300000E-01    3.000000E+00    1.100000E+01    1.777000E+00    6.056000E-01    2.890000E+00    1.580000E+00    4.674000E-01    1.536000E-03   -1.453000E+01    2.000000E+00    2.000000E+00    1.100000E+03    9.800000E+01   -1.000000E+01    1.000000E+00    1.337039E-01   -1.018000E+01   -1.013879E+01
   2.000000E-09    1.000000E+00    1.279000E+00    9.300000E+01    1.362000E+00   -2.000000E+00   -1.000000E+01    2.362000E+00   -1.000000E+01    2.550000E+00   -1.000000E+01   -1.000000E+01    1.250000E+01    1.045000E+01    2.660000E+00    5.000000E+00    5.300000E+01    3.375000E+00    2.913000E+00    3.850000E+00    1.690000E+00    6.398000E-02    9.432000E-04   -1.052000E+01    2.000000E+00    1.000000E+00    1.600000E+03    4.800000E+01    1.477000E+00   -1.000000E+00    5.572504E-01   -1.119000E+01   -1.114912E+01
   2.000000E-09    1.000000E+00    1.453000E+00    1.080000E+02    1.602000E+00   -2.924000E-01   -1.000000E+01    4.069000E+00   -1.000000E+01    4.257000E+00   -1.000000E+01   -1.000000E+01    5.928000E+00    1.045000E+01    2.660000E+00    5.000000E+00    5.300000E+01    3.375000E+00    2.755000E+00    3.850000E+00    1.580000E+00    8.822000E-02    6.389000E-04   -9.652000E+00    2.000000E+00    2.000000E+00    1.400000E+03    9.999000E+01   -1.000000E+01   -1.000000E+00    7.010183E-01   -1.001000E+01   -9.935917E+00
   1.550000E-09    4.000000E+00    1.436000E+00    5.870000E+01    1.342000E+00   -3.010000E-01   -1.000000E+01    4.061000E+00   -1.000000E+01    4.249000E+00   -1.000000E+01   -1.000000E+01    3.100000E+00    9.752000E+00    2.550000E+00    4.000000E+00    3.400000E+01    2.921000E+00    1.961000E+00    3.450000E+00    1.332000E+00    1.732000E-01    9.673000E-04   -9.669000E+00    2.000000E+00    1.000000E+00    1.700000E+03    7.800000E+01   -1.000000E+01   -1.000000E+00    2.219202E-02   -1.070000E+01   -1.044484E+01
   1.200000E-09    5.000000E+00    1.602000E+00    1.400000E+02    1.301000E+00   -2.297000E+00   -1.000000E+01   -1.000000E+01    2.603000E+00   -1.000000E+01   -1.000000E+01   -1.000000E+01    6.000000E+00    6.266000E+00    1.360000E+00    7.000000E+00    9.300000E+01    3.387000E+00    1.772000E+00    4.990000E+00    1.544000E+00    2.814000E-01    1.018000E-03   -1.067000E+01    7.000000E+00    2.000000E+00    1.190000E+03    0.000000E+00   -1.000000E+01    1.000000E+00    2.740243E-02   -9.442000E+00   -9.452065E+00
   2.000000E-09    1.000000E+00    1.744000E+00    8.200000E+01    1.380000E+00   -5.918000E-01    1.146000E+00    3.279000E+00    3.328000E+00    3.785000E+00    1.831000E+00    3.016000E+00    7.500000E+00    1.045000E+01    2.660000E+00    5.000000E+00    5.300000E+01    3.375000E+00    2.903000E+00    3.850000E+00    1.170000E+00    6.544000E-02    9.199000E-04   -9.813000E+00    2.000000E+00    2.000000E+00    1.120000E+03    8.000000E+01   -1.000000E+01   -1.000000E+00    2.755688E-01   -9.690000E+00   -9.754400E+00
   2.570000E-09    1.000000E+00    1.453000E+00    1.080000E+02    1.699000E+00   -1.000000E+01   -1.000000E+01   -1.000000E+01   -1.000000E+01   -1.000000E+01   -1.000000E+01   -1.000000E+01    6.917000E+00    5.139000E+00    9.300000E-01    3.000000E+00    1.100000E+01    1.777000E+00    1.806000E+00    2.890000E+00    1.580000E+00   -7.034000E-03    5.279000E-04   -1.450000E+01    2.000000E+00    2.000000E+00    1.800000E+03    9.800000E+01   -1.000000E+01    1.000000E+00    1.856121E-01   -1.031000E+01   -1.023953E+01
   1.300000E-09    1.000000E+00   -1.549000E-01    1.000000E+01    1.398000E+00   -5.157000E-01    1.000000E+00    3.380000E+00    3.405000E+00    3.922000E+00    1.230000E+00    2.230000E+00    8.700000E+00    5.139000E+00    9.300000E-01    3.000000E+00    1.100000E+01    1.777000E+00    9.899000E-01    2.890000E+00    2.155000E+00    2.540000E-01    8.974000E-04   -9.774000E+00    1.400000E+01    1.000000E+00    2.730000E+03    0.000000E+00   -1.000000E+01    1.000000E+00    1.770861E-02   -1.164000E+01   -1.132547E+01
   3.690000E-09    1.000000E+00    1.580000E+00    7.870000E+01    1.398000E+00   -2.218000E-01   -1.000000E+01    4.140000E+00   -1.000000E+01    4.328000E+00   -1.000000E+01   -1.000000E+01    7.378000E+00    3.894000E+00    7.900000E-01    6.000000E+00    5.500000E+01    2.333000E+00    3.690000E+00    4.360000E+00    1.316000E+00   -1.991000E-01    8.974000E-04   -9.627000E+00    2.000000E+00    7.000000E+00    1.980000E+03    8.200000E+01   -1.000000E+01    1.000000E+00    3.521318E-01   -1.022000E+01   -1.035623E+01
   2.100000E-09    1.000000E+00    1.453000E+00    1.080000E+02    1.602000E+00   -2.924000E-01   -1.000000E+01    4.069000E+00   -1.000000E+01    4.257000E+00   -1.000000E+01   -1.000000E+01    8.146000E+00    3.894000E+00    7.900000E-01    6.000000E+00    5.500000E+01    2.333000E+00    1.999000E+00    4.360000E+00    1.580000E+00    6.703000E-02    6.389000E-04   -9.652000E+00    2.000000E+00    2.000000E+00    1.040000E+03    9.999000E+01   -1.000000E+01    1.000000E+00    6.157994E-02   -9.684000E+00   -9.690800E+00
   2.000000E-09    1.000000E+00    1.279000E+00    9.300000E+01    1.398000E+00   -1.252000E+00   -1.000000E+01    3.118000E+00   -1.000000E+01   -1.000000E+01    3.304000E+00    2.723000E+00    1.030000E+01    1.045000E+01    2.660000E+00    5.000000E+00    5.300000E+01    3.375000E+00    2.893000E+00    3.850000E+00    1.690000E+00    6.690000E-02    8.974000E-04   -1.014000E+01    2.000000E+00    1.000000E+00    1.600000E+03    4.750000E+01    1.929000E+00   -1.000000E+00    8.892367E-01   -9.796000E+00   -9.999790E+00
   2.090000E-09    1.000000E+00   -1.549000E-01    1.000000E+01    1.398000E+00   -5.157000E-01    1.000000E+00    3.380000E+00    3.405000E+00    3.922000E+00    1.230000E+00    2.230000E+00    8.770000E+00    3.894000E+00    7.900000E-01    6.000000E+00    5.500000E+01    2.333000E+00    2.090000E+00    4.360000E+00    2.155000E+00    4.778000E-02    8.974000E-04   -9.774000E+00    1.400000E+01    1.000000E+00    2.610000E+03    0.000000E+00   -1.000000E+01    1.000000E+00    1.105294E-02   -1.160000E+01   -1.108914E+01
   2.090000E-09    1.000000E+00    1.447000E+00    1.080000E+02    1.398000E+00   -1.000000E+01   -1.000000E+01   -1.000000E+01   -1.000000E+01   -1.000000E+01   -1.000000E+01   -1.000000E+01    8.500000E+00    3.894000E+00    7.900000E-01    6.000000E+00    5.500000E+01    2.333000E+00    2.090000E+00    4.360000E+00    1.586000E+00    4.778000E-02    8.974000E-04   -1.452000E+01    2.000000E+00    2.000000E+00    1.180000E+03    1.000000E+02   -1.000000E+01    1.000000E+00    1.369511E+00   -9.824000E+00   -9.751858E+00
   2.950000E-09    1.000000E+00    1.453000E+00    1.080000E+02    1.602000E+00   -1.000000E+01   -1.000000E+01   -1.000000E+01   -1.000000E+01   -1.000000E+01   -1.000000E+01   -1.000000E+01    6.904000E+00    1.297000E+01    3.160000E+00    3.000000E+00    1.700000E+01    2.822000E+00    3.397000E+00    2.890000E+00    1.580000E+00   -8.057000E-02    6.389000E-04   -1.451000E+01    2.000000E+00    2.000000E+00    7.000000E+02    9.800000E+01   -1.000000E+01   -1.000000E+00    6.145168E-01   -9.264000E+00   -9.354878E+00
   2.000000E-09    1.000000E+00    1.279000E+00    9.300000E+01    1.398000E+00   -2.000000E+00   -1.000000E+01    1.362000E+00   -1.000000E+01   -1.000000E+01   -1.000000E+01   -1.000000E+01    1.250000E+01    1.045000E+01    2.660000E+00    5.000000E+00    5.300000E+01    3.375000E+00    2.893000E+00    3.850000E+00    1.690000E+00    6.690000E-02    8.974000E-04   -1.052000E+01    2.000000E+00    1.000000E+00    1.600000E+03    4.750000E+01    1.477000E+00   -1.000000E+00    7.195612E-01   -1.119000E+01   -1.110136E+01
   1.200000E-09    5.000000E+00    1.279000E+00    9.300000E+01    1.398000E+00   -1.000000E+01   -1.000000E+01   -1.000000E+01   -1.000000E+01   -1.000000E+01   -1.000000E+01   -1.000000E+01    8.600000E+00    6.266000E+00    1.360000E+00    7.000000E+00    9.300000E+01    3.387000E+00    1.742000E+00    4.990000E+00    1.690000E+00    2.887000E-01    8.974000E-04   -1.452000E+01    2.000000E+00    2.000000E+00    1.400000E+03    4.750000E+01   -1.000000E+01   -1.000000E+00    4.372648E-02   -9.979000E+00   -1.003965E+01
   2.000000E-09    1.000000E+00    1.436000E+00    5.870000E+01    1.176000E+00   -3.010000E-01   -1.000000E+01    4.061000E+00   -1.000000E+01    4.249000E+00   -1.000000E+01   -1.000000E+01    3.130000E+00    1.045000E+01    2.660000E+00    5.000000E+00    5.300000E+01    3.375000E+00    2.994000E+00    3.850000E+00    1.332000E+00    5.208000E-02    1.162000E-03   -9.674000E+00    2.000000E+00    1.000000E+00    1.300000E+03    7.800000E+01   -1.000000E+01   -1.000000E+00    6.450850E-01   -9.932000E+00   -9.876043E+00
   1.460000E-09    7.000000E+00    1.408000E+00    7.200000E+01    1.544000E+00   -1.301000E+00   -1.000000E+01    3.061000E+00   -1.000000E+01    3.249000E+00   -1.000000E+01   -1.000000E+01    4.000000E+00    7.834000E+00    1.900000E+00    6.000000E+00    7.500000E+01    3.309000E+00    2.004000E+00    4.360000E+00    1.449000E+00    2.179000E-01    7.106000E-04   -1.016000E+01    2.000000E+00    1.000000E+00    1.600000E+03    7.500000E+01   -1.000000E+01   -1.000000E+00    5.491812E-02   -1.036000E+01   -1.056072E+01
   7.400000E-10    4.000000E+00    4.771000E-01    2.000000E+00    1.389000E+00   -8.861000E-01   -1.000000E+01    3.441000E+00   -1.000000E+01   -1.000000E+01    3.785000E+00    2.983000E+00    9.350000E+00    6.026000E+00    1.280000E+00    7.000000E+00    9.400000E+01    3.322000E+00    1.055000E+00    4.990000E+00    8.239000E-01    4.980000E-01    9.086000E-04   -9.960000E+00    8.000000E+00    1.000000E+00    2.640000E+03    0.000000E+00   -1.000000E+01   -2.000000E+00    3.529471E-01   -1.270000E+01   -1.251125E+01
   9.230000E-10    4.000000E+00    1.279000E+00    9.300000E+01    1.398000E+00   -1.796000E+00   -1.000000E+01    2.867000E+00   -1.000000E+01   -1.000000E+01   -1.000000E+01   -1.000000E+01    1.250000E+01    1.126000E+01    2.550000E+00    2.000000E+00    6.000000E+00    1.811000E+00    7.164000E-01    1.990000E+00    1.690000E+00    4.027000E-01    8.974000E-04   -1.041000E+01    2.000000E+00    1.000000E+00    1.600000E+03    4.750000E+01    1.699000E+00   -2.000000E+00    4.194529E-02   -1.134000E+01   -1.079877E+01
   2.000000E-09    1.000000E+00    1.279000E+00    9.300000E+01    1.352000E+00   -2.000000E+00   -1.000000E+01    1.362000E+00   -1.000000E+01   -1.000000E+01   -1.000000E+01   -1.000000E+01    1.250000E+01    1.297000E+01    3.160000E+00    3.000000E+00    1.700000E+01    2.822000E+00    2.440000E+00    2.890000E+00    1.690000E+00    6.324000E-02    9.552000E-04   -1.052000E+01    2.000000E+00    1.000000E+00    1.600000E+03    4.750000E+01    1.699000E+00   -1.000000E+00    3.499612E-02   -1.089000E+01   -1.090145E+01
   2.090000E-09    1.000000E+00    1.447000E+00    1.080000E+02    1.398000E+00   -1.000000E+01   -1.000000E+01   -1.000000E+01   -1.000000E+01   -1.000000E+01   -1.000000E+01   -1.000000E+01    1.200000E+01    3.894000E+00    7.900000E-01    6.000000E+00    5.500000E+01    2.333000E+00    2.090000E+00    4.360000E+00    1.586000E+00    4.778000E-02    8.974000E-04   -1.452000E+01    2.000000E+00    2.000000E+00    9.100000E+02    1.000000E+02   -1.000000E+01    1.000000E+00    9.636925E-01   -9.599000E+00   -9.616408E+00
   1.000000E-10    6.000000E+00    1.447000E+00    1.080000E+02    1.398000E+00   -1.000000E+01   -1.000000E+01   -1.000000E+01   -1.000000E+01   -1.000000E+01   -1.000000E+01   -1.000000E+01    9.000000E+00    6.194000E+00    1.380000E+00    7.000000E+00    9.200000E+01    3.368000E+00    1.443000E-01    4.990000E+00    1.586000E+00    1.368000E+00    8.974000E-04   -1.452000E+01    2.000000E+00    2.000000E+00    1.000000E+03    9.990000E+01   -1.000000E+01   -1.000000E+00    5.856957E+00   -1.097000E+01   -1.062546E+01
   1.460000E-09    7.000000E+00    1.474000E+00    7.600000E+01    1.301000E+00   -1.301000E+00   -1.000000E+01    3.061000E+00   -1.000000E+01    3.249000E+00   -1.000000E+01   -1.000000E+01    7.000000E+00    7.834000E+00    1.900000E+00    6.000000E+00    7.500000E+01    3.309000E+00    2.106000E+00    4.360000E+00    1.407000E+00    1.962000E-01    1.018000E-03   -1.017000E+01    2.000000E+00    1.000000E+00    1.400000E+03    8.130000E+01   -1.000000E+01   -1.000000E+00    6.058886E-01   -1.094000E+01   -1.079929E+01
   1.300000E-10    7.000000E+00    1.580000E+00    7.200000E+01    1.398000E+00   -3.010000E-01   -1.000000E+01    4.061000E+00   -1.000000E+01    4.249000E+00   -1.000000E+01   -1.000000E+01    4.000000E+00    7.834000E+00    1.900000E+00    6.000000E+00    7.500000E+01    3.309000E+00    1.844000E-01    4.360000E+00    1.278000E+00    1.254000E+00    8.974000E-04   -9.667000E+00    2.000000E+00    1.000000E+00    1.800000E+03    8.200000E+01   -1.000000E+01   -1.000000E+00    7.288161E-02   -1.129000E+01   -1.128408E+01
   1.300000E-09    2.000000E+00    2.155000E+00    8.300000E+01    1.398000E+00   -2.000000E+00   -1.000000E+01    2.362000E+00   -1.000000E+01   -1.000000E+01   -1.000000E+01   -1.000000E+01    5.274000E+00    5.139000E+00    9.300000E-01    3.000000E+00    1.100000E+01    1.777000E+00    9.899000E-01    2.890000E+00    7.637000E-01    2.540000E-01    8.974000E-04   -1.052000E+01    3.000000E+00    1.000000E+00    1.950000E+03    1.000000E+02   -1.000000E+01    1.000000E+00    3.862290E-01   -8.854000E+00   -9.818240E+00
   2.140000E-09    0.000000E+00    1.580000E+00    7.900000E+01    1.398000E+00   -1.166000E+00    2.934000E+00    2.265000E+00    2.882000E+00    3.027000E+00   -1.000000E+01    1.061000E+00    1.250000E+01    1.360000E+01    2.200000E+00    1.000000E+00    1.000000E+00    8.499000E-01    7.796000E-01    8.500000E-01    1.318000E+00    3.752000E-02    8.974000E-04   -1.010000E+01    2.000000E+00    1.000000E+00    1.700000E+03    8.200000E+01   -1.000000E+01    0.000000E+00    5.337413E-03   -1.014000E+01   -1.010440E+01
   1.130000E-09    6.000000E+00    1.580000E+00    7.200000E+01    1.398000E+00   -3.010000E-01   -1.000000E+01    4.061000E+00   -1.000000E+01    4.249000E+00   -1.000000E+01   -1.000000E+01    6.800000E+00    6.767000E+00    1.660000E+00    4.000000E+00    2.400000E+01    2.434000E+00    1.179000E+00    3.450000E+00    1.278000E+00    3.149000E-01    8.974000E-04   -9.667000E+00    2.000000E+00    1.000000E+00    1.600000E+03    8.200000E+01   -1.000000E+01   -1.000000E+00    1.231518E-01   -1.074000E+01   -1.075641E+01
   2.950000E-09    1.000000E+00    1.453000E+00    1.080000E+02    1.602000E+00   -1.301000E+00   -1.000000E+01    3.061000E+00   -1.000000E+01    3.249000E+00   -1.000000E+01   -1.000000E+01    6.489000E+00    1.297000E+01    3.160000E+00    3.000000E+00    1.700000E+01    2.822000E+00    3.397000E+00    2.890000E+00    1.580000E+00   -8.057000E-02    6.389000E-04   -1.016000E+01    2.000000E+00    2.000000E+00    1.000000E+03    9.800000E+01   -1.000000E+01   -1.000000E+00    1.358662E+00   -9.499000E+00   -9.493780E+00
   2.032000E-10    1.000000E+00    1.531000E+00    1.300000E+01    1.362000E+00   -4.510000E-01    1.806000E+00    3.749000E+00    2.949000E+00    3.984000E+00    1.477000E+00    3.368000E+00    7.680000E+00    1.297000E+01    3.160000E+00    3.000000E+00    1.700000E+01    2.822000E+00    2.474000E-01    2.890000E+00    5.825000E-01    1.057000E+00    9.432000E-04   -9.743000E+00    4.000000E+00    1.000000E+00    2.700000E+03    0.000000E+00   -1.000000E+01   -1.000000E+00    3.233427E+00   -1.160000E+01   -1.191010E+01
   1.560000E-09    1.000000E+00    1.453000E+00    1.080000E+02    1.176000E+00   -1.000000E+01   -1.000000E+01   -1.000000E+01   -1.000000E+01   -1.000000E+01   -1.000000E+01   -1.000000E+01    5.286000E+00    1.297000E+01    3.160000E+00    3.000000E+00    1.700000E+01    2.822000E+00    1.952000E+00    2.890000E+00    1.580000E+00    1.600000E-01    1.162000E-03   -1.452000E+01    2.000000E+00    2.000000E+00    1.200000E+03    9.800000E+01   -1.000000E+01   -1.000000E+00    1.225093E-01   -9.939000E+00   -9.919792E+00
   2.090000E-09    1.000000E+00    1.447000E+00    1.080000E+02    1.398000E+00   -1.000000E+01   -1.000000E+01   -1.000000E+01   -1.000000E+01   -1.000000E+01   -1.000000E+01   -1.000000E+01    1.140000E+01    3.894000E+00    7.900000E-01    6.000000E+00    5.500000E+01    2.333000E+00    2.090000E+00    4.360000E+00    1.586000E+00    4.778000E-02    8.974000E-04   -1.452000E+01    2.000000E+00    2.000000E+00    1.210000E+03    1.000000E+02   -1.000000E+01    1.000000E+00    7.808914E-01   -9.848000E+00   -9.814874E+00
   1.130000E-09    6.000000E+00    1.580000E+00    7.200000E+01    1.398000E+00   -3.010000E-01   -1.000000E+01    4.061000E+00   -1.000000E+01    4.249000E+00   -1.000000E+01   -1.000000E+01    6.800000E+00    6.767000E+00    1.660000E+00    4.000000E+00    2.400000E+01    2.434000E+00    1.179000E+00    3.450000E+00    1.278000E+00    3.149000E-01    8.974000E-04   -9.667000E+00    2.000000E+00    1.000000E+00    1.500000E+03    8.200000E+01   -1.000000E+01   -1.000000E+00    1.231518E-01   -1.057000E+01   -1.072680E+01
   1.300000E-10    7.000000E+00    1.580000E+00    7.200000E+01    1.398000E+00   -3.010000E-01   -1.000000E+01    4.061000E+00   -1.000000E+01    4.249000E+00   -1.000000E+01   -1.000000E+01    4.000000E+00    7.834000E+00    1.900000E+00    6.000000E+00    7.500000E+01    3.309000E+00    1.844000E-01    4.360000E+00    1.278000E+00    1.254000E+00    8.974000E-04   -9.667000E+00    2.000000E+00    1.000000E+00    1.600000E+03    8.200000E+01   -1.000000E+01   -1.000000E+00    7.288161E-02   -1.096000E+01   -1.110263E+01
   9.000000E-10    4.000000E+00    1.279000E+00    9.300000E+01    1.398000E+00   -1.000000E+01   -1.000000E+01   -1.000000E+01   -1.000000E+01   -1.000000E+01   -1.000000E+01   -1.000000E+01    1.300000E+01    7.344000E+00    1.960000E+00    5.000000E+00    5.000000E+01    2.829000E+00    1.091000E+00    3.850000E+00    1.690000E+00    4.137000E-01    8.974000E-04   -1.452000E+01    2.000000E+00    2.000000E+00    4.000000E+02    4.750000E+01   -1.000000E+01    4.000000E+00    1.950346E+00   -9.453000E+00   -9.500521E+00
   1.200000E-09    4.000000E+00    1.279000E+00    9.300000E+01    1.398000E+00   -2.190000E-01   -1.000000E+01    4.105000E+00    2.983000E+00    2.697000E+00    2.086000E+00   -1.000000E+01    1.250000E+01    6.266000E+00    1.360000E+00    7.000000E+00    9.300000E+01    3.387000E+00    1.742000E+00    4.990000E+00    1.690000E+00    2.887000E-01    8.974000E-04   -9.626000E+00    2.000000E+00    2.000000E+00    1.200000E+03    4.750000E+01   -1.000000E+01    0.000000E+00    2.098561E-01   -9.821000E+00   -9.800355E+00
   1.180000E-09    1.000000E+00    1.453000E+00    1.080000E+02    6.990000E-01   -1.000000E+01   -1.000000E+01   -1.000000E+01   -1.000000E+01   -1.000000E+01   -1.000000E+01   -1.000000E+01    5.479000E+00    1.297000E+01    3.160000E+00    3.000000E+00    1.700000E+01    2.822000E+00    1.530000E+00    2.890000E+00    1.580000E+00    2.659000E-01    1.536000E-03   -1.453000E+01    2.000000E+00    2.000000E+00    1.100000E+03    9.800000E+01   -1.000000E+01   -1.000000E+00    1.432968E-01   -9.979000E+00   -9.902098E+00
   8.500000E-10    2.000000E+00    6.021000E-01    6.700000E+01    1.398000E+00   -1.523000E+00   -1.000000E+01   -1.000000E+01   -1.000000E+01    2.851000E+00   -1.000000E+01   -1.000000E+01    6.500000E+00    5.212000E+00    8.900000E-01    6.000000E+00    5.600000E+01    2.699000E+00    9.833000E-01    4.360000E+00    2.224000E+00    4.385000E-01    8.974000E-04   -1.028000E+01    1.300000E+01    1.000000E+00    2.640000E+03    0.000000E+00   -1.000000E+01    2.000000E+00    3.957839E-02   -1.267000E+01   -1.266694E+01
   2.000000E-09    1.000000E+00    1.279000E+00    9.300000E+01    1.398000E+00   -1.045000E+00   -1.000000E+01    3.326000E+00   -1.000000E+01   -1.000000E+01    3.510000E+00    2.927000E+00    1.040000E+01    1.045000E+01    2.660000E+00    5.000000E+00    5.300000E+01    3.375000E+00    2.893000E+00    3.850000E+00    1.690000E+00    6.690000E-02    8.974000E-04   -1.004000E+01    2.000000E+00    1.000000E+00    1.800000E+03    4.750000E+01    1.903000E+00   -1.000000E+00    1.171726E+00   -1.010000E+01   -1.026912E+01
   1.460000E-09    7.000000E+00    1.474000E+00    7.600000E+01    1.398000E+00   -1.518000E-01   -1.000000E+01    4.207000E+00   -1.000000E+01    4.395000E+00   -1.000000E+01   -1.000000E+01    7.000000E+00    7.834000E+00    1.900000E+00    6.000000E+00    7.500000E+01    3.309000E+00    2.071000E+00    4.360000E+00    1.407000E+00    2.036000E-01    8.974000E-04   -9.592000E+00    2.000000E+00    1.000000E+00    1.600000E+03    8.130000E+01   -1.000000E+01   -1.000000E+00    1.103756E+00   -1.060000E+01   -1.065379E+01
   8.100000E-10    4.000000E+00   -1.549000E-01    1.000000E+01    1.342000E+00   -3.037000E+00   -6.990000E-01    9.827000E-01    7.490000E-01    2.967000E-01    1.408000E+00    9.581000E-01    9.290000E+00    9.752000E+00    2.550000E+00    4.000000E+00    3.400000E+01    2.921000E+00    1.025000E+00    3.450000E+00    2.155000E+00    4.551000E-01    9.673000E-04   -1.104000E+01    1.400000E+01    1.000000E+00    2.730000E+03    0.000000E+00   -1.000000E+01   -2.000000E+00    9.530374E-03   -1.172000E+01   -1.168050E+01
   1.300000E-09    1.000000E+00    1.447000E+00    1.300000E+01    1.398000E+00   -6.990000E-01    2.228000E+00    3.538000E+00    2.462000E+00    3.754000E+00    1.279000E+00    2.983000E+00    7.900000E+00    5.139000E+00    9.300000E-01    3.000000E+00    1.100000E+01    1.777000E+00    9.899000E-01    2.890000E+00    6.668000E-01    2.540000E-01    8.974000E-04   -9.866000E+00    4.000000E+00    2.000000E+00    2.400000E+03    0.000000E+00   -1.000000E+01    1.000000E+00    8.299981E-02   -1.070000E+01   -1.049156E+01
   2.000000E-09    4.000000E+00    1.744000E+00    8.200000E+01    1.398000E+00   -5.918000E-01    1.146000E+00    3.279000E+00    3.330000E+00    3.785000E+00    1.831000E+00    3.016000E+00    7.500000E+00    7.280000E+00    1.900000E+00    5.000000E+00    4.300000E+01    2.817000E+00    2.415000E+00    3.850000E+00    1.170000E+00    6.690000E-02    8.974000E-04   -9.812000E+00    2.000000E+00    2.000000E+00    1.290000E+03    8.000000E+01   -1.000000E+01    0.000000E+00    1.267710E+00   -9.827000E+00   -9.819766E+00
   2.000000E-09    7.000000E+00    6.232000E-01    6.700000E+01    1.431000E+00   -2.578000E+00   -1.550000E-01    1.756000E+00    8.701000E-01    1.225000E+00   -1.000000E+01    1.403000E+00    8.060000E+00    7.280000E+00    1.900000E+00    5.000000E+00    4.300000E+01    2.817000E+00    2.399000E+00    3.850000E+00    2.203000E+00    6.980000E-02    8.547000E-04   -1.080000E+01    1.300000E+01    1.000000E+00    1.450000E+03    0.000000E+00   -1.000000E+01   -1.000000E+00    2.438278E-01   -9.174000E+00   -9.381950E+00
   2.000000E-09    1.000000E+00    1.580000E+00    7.900000E+01    1.398000E+00   -1.000000E+00   -1.000000E+01    3.362000E+00   -1.000000E+01   -1.000000E+01   -1.000000E+01   -1.000000E+01    8.200000E+00    1.045000E+01    2.660000E+00    5.000000E+00    5.300000E+01    3.375000E+00    2.893000E+00    3.850000E+00    1.318000E+00    6.690000E-02    8.974000E-04   -1.002000E+01    2.000000E+00    1.000000E+00    8.000000E+02    8.000000E+01   -1.000000E+01   -1.000000E+00    1.108058E+00   -9.449000E+00   -9.339888E+00
   2.950000E-09    1.000000E+00    1.453000E+00    1.080000E+02    1.602000E+00   -1.000000E+01   -1.000000E+01   -1.000000E+01   -1.000000E+01   -1.000000E+01   -1.000000E+01   -1.000000E+01    6.904000E+00    1.297000E+01    3.160000E+00    3.000000E+00    1.700000E+01    2.822000E+00    3.397000E+00    2.890000E+00    1.580000E+00   -8.057000E-02    6.389000E-04   -1.451000E+01    2.000000E+00    2.000000E+00    8.000000E+02    9.800000E+01   -1.000000E+01   -1.000000E+00    6.145168E-01   -9.341000E+00   -9.435868E+00
   2.000000E-09    1.000000E+00    1.744000E+00    8.200000E+01    1.903000E+00   -5.918000E-01    1.146000E+00    3.279000E+00    3.328000E+00    3.785000E+00    1.831000E+00    3.016000E+00    7.500000E+00    1.045000E+01    2.660000E+00    5.000000E+00    5.300000E+01    3.375000E+00    2.443000E+00    3.850000E+00    1.170000E+00    1.404000E-01    3.547000E-04   -9.775000E+00    2.000000E+00    2.000000E+00    1.100000E+03    8.000000E+01   -1.000000E+01   -1.000000E+00    3.788834E-01   -9.674000E+00   -9.652334E+00
   9.000000E-10    4.000000E+00    1.279000E+00    9.300000E+01    1.398000E+00    4.771000E-01   -1.000000E+01    4.663000E+00   -1.000000E+01   -1.000000E+01   -1.000000E+01   -1.000000E+01    8.000000E+00    7.344000E+00    1.960000E+00    5.000000E+00    5.000000E+01    2.829000E+00    1.091000E+00    3.850000E+00    1.690000E+00    4.137000E-01    8.974000E-04   -9.278000E+00    2.000000E+00    2.000000E+00    1.000000E+03    4.750000E+01   -1.000000E+01    4.000000E+00    9.512381E-01   -9.804000E+00   -9.748862E+00
   8.100000E-10    4.000000E+00    6.232000E-01    6.700000E+01    1.477000E+00   -1.398000E+00    8.451000E-01    2.784000E+00    1.869000E+00    2.785000E+00   -1.000000E+01    2.785000E+00    2.300000E+00    9.752000E+00    2.550000E+00    4.000000E+00    3.400000E+01    2.921000E+00    9.976000E-01    3.450000E+00    2.203000E+00    4.667000E-01    7.959000E-04   -1.021000E+01    1.300000E+01    3.000000E+00    1.800000E+03    0.000000E+00   -1.000000E+01   -2.000000E+00    6.607697E-03   -9.326000E+00   -9.898713E+00
   2.000000E-09    1.000000E+00    1.580000E+00    7.900000E+01    1.398000E+00   -1.000000E+00   -1.000000E+01    3.362000E+00   -1.000000E+01   -1.000000E+01   -1.000000E+01   -1.000000E+01    8.200000E+00    1.297000E+01    3.160000E+00    3.000000E+00    1.700000E+01    2.822000E+00    2.419000E+00    2.890000E+00    1.318000E+00    6.690000E-02    8.974000E-04   -1.002000E+01    2.000000E+00    1.000000E+00    4.000000E+02    8.000000E+01   -1.000000E+01   -1.000000E+00    3.235663E-01   -9.173000E+00   -9.219629E+00
   1.350000E-09    1.000000E+00    1.453000E+00    1.080000E+02    1.398000E+00   -1.000000E+01   -1.000000E+01   -1.000000E+01   -1.000000E+01   -1.000000E+01   -1.000000E+01   -1.000000E+01    6.303000E+00    5.139000E+00    9.300000E-01    3.000000E+00    1.100000E+01    1.777000E+00    1.028000E+00    2.890000E+00    1.580000E+00    2.376000E-01    8.974000E-04   -1.452000E+01    2.000000E+00    2.000000E+00    1.800000E+03    9.800000E+01   -1.000000E+01    1.000000E+00    1.670167E-01   -1.059000E+01   -1.052182E+01
   2.140000E-09    0.000000E+00   -2.218000E-01    1.730000E+01    1.362000E+00   -3.000000E+00   -6.990000E-01    9.823000E-01    7.497000E-01    2.967000E-01    1.348000E+00    9.581000E-01    8.920000E+00    1.360000E+01    2.200000E+00    1.000000E+00    1.000000E+00    8.499000E-01    7.849000E-01    8.500000E-01    2.460000E+00    3.459000E-02    9.432000E-04   -1.102000E+01    2.700000E+01    1.000000E+00    2.430000E+03    0.000000E+00   -1.000000E+01    0.000000E+00    7.350483E-03   -1.057000E+01   -1.062389E+01
   1.640000E-09    2.000000E+00    1.279000E+00    9.300000E+01    1.352000E+00   -1.807000E+00   -1.000000E+01    2.378000E+00   -1.000000E+01   -1.000000E+01   -1.000000E+01    2.699000E+00    7.250000E+00    9.752000E+00    2.550000E+00    4.000000E+00    3.400000E+01    2.921000E+00    2.071000E+00    3.450000E+00    1.690000E+00    1.494000E-01    9.552000E-04   -1.042000E+01    2.000000E+00    2.000000E+00    1.600000E+03    5.000000E+01   -1.000000E+01   -1.000000E+00    1.266705E-02   -1.004000E+01   -1.004911E+01
   1.560000E-09    1.000000E+00    1.453000E+00    1.080000E+02    1.176000E+00   -1.000000E+01   -1.000000E+01   -1.000000E+01   -1.000000E+01   -1.000000E+01   -1.000000E+01   -1.000000E+01    5.005000E+00    1.297000E+01    3.160000E+00    3.000000E+00    1.700000E+01    2.822000E+00    1.952000E+00    2.890000E+00    1.580000E+00    1.600000E-01    1.162000E-03   -1.452000E+01    2.000000E+00    2.000000E+00    1.400000E+03    9.800000E+01   -1.000000E+01   -1.000000E+00    1.535987E-01   -1.011000E+01   -1.011946E+01
   9.000000E-10    2.000000E+00    1.279000E+00    9.300000E+01    1.398000E+00    8.198000E-01   -1.000000E+01    5.178000E+00    3.983000E+00    5.366000E+00    2.086000E+00   -1.000000E+01    1.250000E+01    7.344000E+00    1.960000E+00    5.000000E+00    5.000000E+01    2.829000E+00    1.091000E+00    3.850000E+00    1.690000E+00    4.137000E-01    8.974000E-04   -9.106000E+00    2.000000E+00    2.000000E+00    1.200000E+03    4.750000E+01   -1.000000E+01    2.000000E+00    1.049871E+00   -9.947000E+00   -9.926129E+00
   2.100000E-09    0.000000E+00    2.025000E+00    8.100000E+01    1.398000E+00   -3.010000E-01   -1.000000E+01    4.061000E+00   -1.000000E+01    4.250000E+00   -1.000000E+01   -1.000000E+01    1.250000E+01    1.360000E+01    2.200000E+00    1.000000E+00    1.000000E+00    8.499000E-01    7.650000E-01    8.500000E-01    8.832000E-01    4.571000E-02    8.974000E-04   -9.667000E+00    2.500000E+01    1.000000E+00    1.650000E+03    0.000000E+00   -1.000000E+01    0.000000E+00    6.904540E-02   -1.008000E+01   -1.006337E+01
   8.470000E-10    2.000000E+00    1.748000E+00    1.110000E+02    1.778000E+00   -6.778000E-01    1.637000E+00    3.472000E+00    2.790000E+00    3.517000E+00    1.749000E+00    3.638000E+00    7.550000E+00    5.212000E+00    8.900000E-01    6.000000E+00    5.600000E+01    2.699000E+00    8.769000E-01    4.360000E+00    1.297000E+00    4.883000E-01    4.494000E-04   -9.831000E+00    2.000000E+00    1.000000E+00    1.650000E+03    9.200000E+01   -1.000000E+01    2.000000E+00    3.422239E-01   -8.872000E+00   -9.094229E+00
   2.000000E-09    1.000000E+00    6.232000E-01    6.700000E+01    1.623000E+00   -1.065000E+00    3.096000E+00    3.070000E+00    2.312000E+00    3.156000E+00    2.190000E+00    3.054000E+00    7.580000E+00    1.045000E+01    2.660000E+00    5.000000E+00    5.300000E+01    3.375000E+00    2.737000E+00    3.850000E+00    2.203000E+00    9.098000E-02    6.135000E-04   -1.004000E+01    1.300000E+01    1.000000E+00    2.630000E+03    0.000000E+00   -1.000000E+01   -1.000000E+00    3.920365E-01   -1.237000E+01   -1.234905E+01
   9.230000E-10    4.000000E+00    1.279000E+00    9.300000E+01    1.398000E+00   -1.383000E+00   -1.000000E+01    2.985000E+00   -1.000000E+01   -1.000000E+01    3.178000E+00    2.584000E+00    1.020000E+01    1.126000E+01    2.550000E+00    2.000000E+00    6.000000E+00    1.811000E+00    7.164000E-01    1.990000E+00    1.690000E+00    4.027000E-01    8.974000E-04   -1.021000E+01    2.000000E+00    1.000000E+00    1.600000E+03    4.750000E+01    1.954000E+00   -2.000000E+00    5.670946E-02   -1.008000E+01   -1.032591E+01
   2.000000E-09    1.000000E+00    1.580000E+00    7.900000E+01    1.398000E+00   -1.000000E+00   -1.000000E+01    3.362000E+00   -1.000000E+01   -1.000000E+01   -1.000000E+01   -1.000000E+01    8.200000E+00    1.045000E+01    2.660000E+00    5.000000E+00    5.300000E+01    3.375000E+00    2.893000E+00    3.850000E+00    1.318000E+00    6.690000E-02    8.974000E-04   -1.002000E+01    2.000000E+00    1.000000E+00    1.600000E+03    8.000000E+01   -1.000000E+01   -1.000000E+00    1.108058E+00   -1.010000E+01   -1.031343E+01
   1.130000E-09    6.000000E+00    1.780000E+00    7.600000E+01    1.176000E+00   -3.010000E-01   -1.000000E+01    4.061000E+00   -1.000000E+01    4.249000E+00   -1.000000E+01   -1.000000E+01    5.600000E+00    6.767000E+00    1.660000E+00    4.000000E+00    2.400000E+01    2.434000E+00    1.220000E+00    3.450000E+00    1.100000E+00    3.000000E-01    1.162000E-03   -9.674000E+00    2.000000E+00    1.000000E+00    1.700000E+03    4.600000E+01   -1.000000E+01   -1.000000E+00    7.985830E-02   -1.092000E+01   -1.049565E+01
   2.570000E-09    1.000000E+00    1.453000E+00    1.080000E+02    1.699000E+00   -1.000000E+00   -1.000000E+01    3.362000E+00   -1.000000E+01    3.550000E+00   -1.000000E+01   -1.000000E+01    7.076000E+00    5.139000E+00    9.300000E-01    3.000000E+00    1.100000E+01    1.777000E+00    1.806000E+00    2.890000E+00    1.580000E+00   -7.034000E-03    5.279000E-04   -9.999000E+00    2.000000E+00    2.000000E+00    1.000000E+03    9.800000E+01   -1.000000E+01    1.000000E+00    1.775703E-01   -9.559000E+00   -9.552210E+00
   7.600000E-10    2.000000E+00    1.415000E+00    3.800000E+01    1.362000E+00   -5.986000E-01    1.740000E+00    3.254000E+00    3.293000E+00    3.805000E+00    1.108000E+00    3.062000E+00    7.700000E+00    6.113000E+00    1.000000E+00    4.000000E+00    2.000000E+01    2.313000E+00    7.586000E-01    3.450000E+00    1.165000E+00    4.842000E-01    9.432000E-04   -9.817000E+00    2.000000E+00    1.000000E+00    1.250000E+03    3.300000E+01   -1.000000E+01    2.000000E+00    1.226049E-01   -9.886000E+00   -9.783323E+00
   2.000000E-09    1.000000E+00    2.477000E+00    5.000000E+01    1.380000E+00   -6.576000E-01    1.149000E+00    3.281000E+00    3.331000E+00    3.780000E+00    1.233000E+00    3.024000E+00    7.200000E+00    1.045000E+01    2.660000E+00    5.000000E+00    5.300000E+01    3.375000E+00    2.903000E+00    3.850000E+00    2.218000E-01    6.544000E-02    9.199000E-04   -9.846000E+00    2.600000E+01    2.000000E+00    2.000000E+03    8.750000E+00   -1.000000E+01   -1.000000E+00    3.379428E-01   -9.812000E+00   -9.969829E+00
   2.030000E-09    1.000000E+00    1.744000E+00    8.200000E+01    1.398000E+00    1.335000E-01    1.469000E+00    3.704000E+00    4.176000E+00    4.535000E+00    1.000000E+00    2.898000E+00    8.642000E+00    1.297000E+01    3.160000E+00    3.000000E+00    1.700000E+01    2.822000E+00    2.455000E+00    2.890000E+00    1.170000E+00    6.043000E-02    8.974000E-04   -9.449000E+00    2.000000E+00    2.000000E+00    1.640000E+03    8.000000E+01    1.699000E+00   -1.000000E+00    2.297571E-01   -9.866000E+00   -9.922739E+00
   2.000000E-09    1.000000E+00    1.279000E+00    9.300000E+01    1.352000E+00    6.990000E-01   -1.000000E+01    5.061000E+00   -1.000000E+01   -1.000000E+01   -1.000000E+01   -1.000000E+01    1.250000E+01    1.297000E+01    3.160000E+00    3.000000E+00    1.700000E+01    2.822000E+00    2.440000E+00    2.890000E+00    1.690000E+00    6.324000E-02    9.552000E-04   -9.169000E+00    2.000000E+00    1.000000E+00    1.600000E+03    4.750000E+01   -1.000000E+01   -1.000000E+00    6.973309E-02   -1.064000E+01   -1.062440E+01
   1.300000E-09    1.000000E+00    1.580000E+00    7.870000E+01    1.398000E+00   -1.000000E+00   -1.000000E+01    3.362000E+00   -1.000000E+01   -1.000000E+01   -1.000000E+01   -1.000000E+01    6.492000E+00    5.139000E+00    9.300000E-01    3.000000E+00    1.100000E+01    1.777000E+00    9.899000E-01    2.890000E+00    1.316000E+00    2.540000E-01    8.974000E-04   -1.002000E+01    2.000000E+00    1.000000E+00    1.800000E+03    8.200000E+01   -1.000000E+01    1.000000E+00    3.338994E-01   -1.048000E+01   -1.008894E+01
   2.950000E-09    1.000000E+00    1.453000E+00    1.080000E+02    1.602000E+00   -1.000000E+01   -1.000000E+01   -1.000000E+01   -1.000000E+01   -1.000000E+01   -1.000000E+01   -1.000000E+01    6.071000E+00    1.297000E+01    3.160000E+00    3.000000E+00    1.700000E+01    2.822000E+00    3.397000E+00    2.890000E+00    1.580000E+00   -8.057000E-02    6.389000E-04   -1.451000E+01    2.000000E+00    2.000000E+00    1.400000E+03    9.800000E+01   -1.000000E+01   -1.000000E+00    5.125487E-01   -9.830000E+00   -9.806792E+00
   2.000000E-09    1.000000E+00   -2.218000E-01    1.730000E+01    1.398000E+00   -1.215000E+00   -6.990000E-01    9.823000E-01    7.497000E-01    2.967000E-01    1.348000E+00    9.581000E-01    8.920000E+00    1.297000E+01    3.160000E+00    3.000000E+00    1.700000E+01    2.822000E+00    2.419000E+00    2.890000E+00    2.460000E+00    6.690000E-02    8.974000E-04   -1.012000E+01    2.700000E+01    1.000000E+00    2.430000E+03    0.000000E+00   -1.000000E+01   -1.000000E+00    1.293745E-01   -1.085000E+01   -1.077321E+01
   1.970000E-09    1.000000E+00    1.744000E+00    8.200000E+01    1.380000E+00   -6.576000E-01    1.176000E+00    3.262000E+00    3.292000E+00    3.770000E+00    1.447000E+00    3.583000E+00    7.200000E+00    1.045000E+01    2.660000E+00    5.000000E+00    5.300000E+01    3.375000E+00    2.859000E+00    3.850000E+00    1.170000E+00    7.200000E-02    9.199000E-04   -9.846000E+00    2.000000E+00    1.000000E+00    1.390000E+03    8.000000E+01   -1.000000E+01   -1.000000E+00    3.789954E-01   -9.947000E+00   -1.012171E+01
   5.000000E-10    3.000000E+00    1.436000E+00    5.870000E+01    1.176000E+00   -2.218000E-01   -1.000000E+01    4.140000E+00   -1.000000E+01    4.328000E+00   -1.000000E+01   -1.000000E+01    5.300000E+00    5.670000E+00    1.200000E+00    6.000000E+00    6.300000E+01    2.815000E+00    6.243000E-01    4.360000E+00    1.332000E+00    6.541000E-01    1.162000E-03   -9.635000E+00    2.000000E+00    1.000000E+00    1.300000E+03    7.800000E+01   -1.000000E+01   -1.000000E+00    2.903794E+00   -1.044000E+01   -1.055708E+01
   2.090000E-09    1.000000E+00    1.447000E+00    1.080000E+02    1.398000E+00   -1.000000E+01   -1.000000E+01   -1.000000E+01   -1.000000E+01   -1.000000E+01   -1.000000E+01   -1.000000E+01    9.500000E+00    3.894000E+00    7.900000E-01    6.000000E+00    5.500000E+01    2.333000E+00    2.090000E+00    4.360000E+00    1.586000E+00    4.778000E-02    8.974000E-04   -1.452000E+01    2.000000E+00    2.000000E+00    8.200000E+02    1.000000E+02   -1.000000E+01    1.000000E+00    1.329121E+00   -9.526000E+00   -9.559428E+00
   2.140000E-09    0.000000E+00    1.580000E+00    7.900000E+01    1.362000E+00   -7.747000E-01    2.220000E+00    3.380000E+00    2.982000E+00    3.643000E+00   -1.000000E+01    2.294000E+00    1.160000E+01    1.360000E+01    2.200000E+00    1.000000E+00    1.000000E+00    8.499000E-01    7.849000E-01    8.500000E-01    1.318000E+00    3.459000E-02    9.432000E-04   -9.905000E+00    2.000000E+00    1.000000E+00    1.810000E+03    8.200000E+01    1.778000E+00    0.000000E+00    1.769296E-02   -1.017000E+01   -1.009915E+01
   2.090000E-09    1.000000E+00    1.453000E+00    1.080000E+02    1.398000E+00   -1.000000E+01   -1.000000E+01   -1.000000E+01   -1.000000E+01   -1.000000E+01   -1.000000E+01   -1.000000E+01    7.400000E+00    1.297000E+01    3.160000E+00    3.000000E+00    1.700000E+01    2.822000E+00    2.528000E+00    2.890000E+00    1.580000E+00    4.778000E-02    8.974000E-04   -1.452000E+01    2.000000E+00    2.000000E+00    1.800000E+03    9.800000E+01   -1.000000E+01   -1.000000E+00    2.765844E-01   -1.034000E+01   -1.027864E+01
   5.000000E-10    4.000000E+00    1.744000E+00    8.200000E+01    1.398000E+00   -5.834000E-01    1.146000E+00    3.281000E+00    3.328000E+00    3.810000E+00    1.831000E+00    3.016000E+00    9.402000E+00    6.026000E+00    1.280000E+00    7.000000E+00    9.400000E+01    3.322000E+00    7.118000E-01    4.990000E+00    1.170000E+00    6.690000E-01    8.974000E-04   -9.808000E+00    2.000000E+00    2.000000E+00    2.130000E+03    8.000000E+01    1.875000E+00    0.000000E+00    3.813547E+00   -1.076000E+01   -1.061001E+01
   1.550000E-09    4.000000E+00    6.232000E-01    6.700000E+01    1.398000E+00   -1.000000E+00   -1.000000E+01    3.362000E+00   -1.000000E+01   -1.000000E+01   -1.000000E+01   -1.000000E+01    7.500000E+00    9.752000E+00    2.550000E+00    4.000000E+00    3.400000E+01    2.921000E+00    1.941000E+00    3.450000E+00    2.203000E+00    1.776000E-01    8.974000E-04   -1.002000E+01    1.300000E+01    1.000000E+00    2.534000E+03    0.000000E+00   -1.000000E+01   -1.000000E+00    5.681059E-02   -1.223000E+01   -1.275572E+01
   2.140000E-09    0.000000E+00   -5.229000E-01    8.000000E-01    1.362000E+00   -1.470000E+00    2.204000E+00    2.529000E+00    2.672000E+00    1.623000E+00   -1.000000E+01    1.362000E+00    1.160000E+01    1.360000E+01    2.200000E+00    1.000000E+00    1.000000E+00    8.499000E-01    7.849000E-01    8.500000E-01    1.426000E+00    3.459000E-02    9.432000E-04   -1.025000E+01    1.600000E+01    1.000000E+00    2.100000E+03    0.000000E+00   -1.000000E+01    0.000000E+00    1.355110E-03   -9.770000E+00   -9.862559E+00
   1.550000E-09    4.000000E+00    1.547000E+00    7.000000E+01    1.301000E+00   -3.010000E-01   -1.000000E+01    4.061000E+00   -1.000000E+01    4.249000E+00   -1.000000E+01   -1.000000E+01    7.000000E+00    9.752000E+00    2.550000E+00    4.000000E+00    3.400000E+01    2.921000E+00    1.974000E+00    3.450000E+00    1.299000E+00    1.703000E-01    1.018000E-03   -9.670000E+00    2.000000E+00    1.000000E+00    1.700000E+03    3.680000E+01   -1.000000E+01   -1.000000E+00    5.624409E-02   -1.036000E+01   -1.040672E+01
   3.690000E-09    1.000000E+00    1.453000E+00    1.080000E+02    1.699000E+00   -1.000000E+01   -1.000000E+01   -1.000000E+01   -1.000000E+01   -1.000000E+01   -1.000000E+01   -1.000000E+01    6.159000E+00    1.297000E+01    3.160000E+00    3.000000E+00    1.700000E+01    2.822000E+00    4.118000E+00    2.890000E+00    1.580000E+00   -1.641000E-01    5.279000E-04   -1.450000E+01    2.000000E+00    2.000000E+00    1.600000E+03    9.800000E+01   -1.000000E+01   -1.000000E+00    4.028035E-01   -9.910000E+00   -9.981002E+00
   9.230000E-10    4.000000E+00    1.744000E+00    8.200000E+01    1.362000E+00   -5.768000E-01    1.437000E+00    3.430000E+00    3.204000E+00    3.844000E+00    1.086000E+00    3.126000E+00    7.700000E+00    1.126000E+01    2.550000E+00    2.000000E+00    6.000000E+00    1.811000E+00    7.212000E-01    1.990000E+00    1.170000E+00    3.998000E-01    9.432000E-04   -9.806000E+00    2.000000E+00    1.000000E+00    1.410000E+03    8.000000E+01   -1.000000E+01   -2.000000E+00    6.966861E-02   -1.257000E+01   -1.195570E+01
   1.550000E-09    4.000000E+00    6.232000E-01    6.700000E+01    1.398000E+00   -6.615000E-01    9.081000E-01    3.294000E+00    3.577000E+00    3.659000E+00    1.000000E+00    3.051000E+00    7.200000E+00    9.752000E+00    2.550000E+00    4.000000E+00    3.400000E+01    2.921000E+00    1.941000E+00    3.450000E+00    2.203000E+00    1.776000E-01    8.974000E-04   -9.847000E+00    1.300000E+01    1.000000E+00    1.450000E+03    0.000000E+00   -1.000000E+01   -1.000000E+00    3.861820E-02   -9.991000E+00   -9.411355E+00
   4.300000E-10    4.000000E+00    6.021000E-01    6.700000E+01    1.389000E+00   -8.861000E-01   -1.000000E+01    3.441000E+00   -1.000000E+01   -1.000000E+01    3.785000E+00   -1.000000E+01    9.200000E+00    6.026000E+00    1.280000E+00    7.000000E+00    9.400000E+01    3.322000E+00    6.132000E-01    4.990000E+00    2.224000E+00    7.337000E-01    9.086000E-04   -9.960000E+00    1.300000E+01    1.000000E+00    2.640000E+03    0.000000E+00   -1.000000E+01   -2.000000E+00    4.435757E+00   -1.289000E+01   -1.254179E+01
   1.550000E-09    1.000000E+00    1.453000E+00    1.080000E+02    1.477000E+00   -1.000000E+01   -1.000000E+01   -1.000000E+01   -1.000000E+01   -1.000000E+01   -1.000000E+01   -1.000000E+01    7.069000E+00    5.139000E+00    9.300000E-01    3.000000E+00    1.100000E+01    1.777000E+00    1.161000E+00    2.890000E+00    1.580000E+00    1.848000E-01    7.959000E-04   -1.451000E+01    2.000000E+00    2.000000E+00    1.000000E+03    9.800000E+01   -1.000000E+01    1.000000E+00    1.638733E-01   -9.793000E+00   -9.797635E+00
   2.000000E-09    1.000000E+00    1.580000E+00    7.900000E+01    1.398000E+00   -3.768000E-01    1.041000E+00    3.454000E+00    3.583000E+00    4.045000E+00    1.041000E+00    2.714000E+00    8.500000E+00    1.045000E+01    2.660000E+00    5.000000E+00    5.300000E+01    3.375000E+00    2.893000E+00    3.850000E+00    1.318000E+00    6.690000E-02    8.974000E-04   -9.705000E+00    2.000000E+00    2.000000E+00    2.000000E+03    8.000000E+01   -1.000000E+01   -1.000000E+00    7.195952E-01   -1.050000E+01   -1.071115E+01
   9.000000E-10    2.000000E+00    1.279000E+00    9.300000E+01    1.398000E+00   -1.000000E+01   -1.000000E+01   -1.000000E+01   -1.000000E+01   -1.000000E+01   -1.000000E+01   -1.000000E+01    1.250000E+01    7.344000E+00    1.960000E+00    5.000000E+00    5.000000E+01    2.829000E+00    1.091000E+00    3.850000E+00    1.690000E+00    4.137000E-01    8.974000E-04   -1.452000E+01    2.000000E+00    2.000000E+00    1.600000E+03    4.750000E+01   -1.000000E+01    2.000000E+00    1.285570E+00   -1.042000E+01   -1.048705E+01
   1.010000E-09    1.000000E+00    1.453000E+00    1.080000E+02    1.176000E+00   -1.000000E+01   -1.000000E+01   -1.000000E+01   -1.000000E+01   -1.000000E+01   -1.000000E+01   -1.000000E+01    6.650000E+00    5.139000E+00    9.300000E-01    3.000000E+00    1.100000E+01    1.777000E+00    7.958000E-01    2.890000E+00    1.580000E+00    3.488000E-01    1.162000E-03   -1.452000E+01    2.000000E+00    2.000000E+00    1.000000E+03    9.800000E+01   -1.000000E+01    1.000000E+00    2.775533E-01   -9.963000E+00   -9.955418E+00
   5.000000E-10    4.000000E+00    1.744000E+00    8.200000E+01    1.398000E+00   -5.834000E-01    1.146000E+00    3.281000E+00    3.328000E+00    3.810000E+00    1.831000E+00    3.016000E+00    8.820000E+00    6.026000E+00    1.280000E+00    7.000000E+00    9.400000E+01    3.322000E+00    7.118000E-01    4.990000E+00    1.170000E+00    6.690000E-01    8.974000E-04   -9.808000E+00    2.000000E+00    2.000000E+00    2.300000E+03    8.000000E+01    1.954000E+00    0.000000E+00    4.721230E+00   -1.070000E+01   -1.058536E+01
   3.690000E-09    1.000000E+00    1.453000E+00    1.080000E+02    1.699000E+00   -1.000000E+01   -1.000000E+01   -1.000000E+01   -1.000000E+01   -1.000000E+01   -1.000000E+01   -1.000000E+01    5.781000E+00    1.297000E+01    3.160000E+00    3.000000E+00    1.700000E+01    2.822000E+00    4.118000E+00    2.890000E+00    1.580000E+00   -1.641000E-01    5.279000E-04   -1.450000E+01    2.000000E+00    2.000000E+00    1.200000E+03    9.800000E+01   -1.000000E+01   -1.000000E+00    6.958350E-01   -9.564000E+00   -9.470506E+00
   1.550000E-09    1.000000E+00    1.453000E+00    1.080000E+02    1.477000E+00   -1.000000E+01   -1.000000E+01   -1.000000E+01   -1.000000E+01   -1.000000E+01   -1.000000E+01   -1.000000E+01    6.234000E+00    5.139000E+00    9.300000E-01    3.000000E+00    1.100000E+01    1.777000E+00    1.161000E+00    2.890000E+00    1.580000E+00    1.848000E-01    7.959000E-04   -1.451000E+01    2.000000E+00    2.000000E+00    1.800000E+03    9.800000E+01   -1.000000E+01    1.000000E+00    1.920059E-01   -1.053000E+01   -1.051265E+01
   7.900000E-10    2.000000E+00    1.580000E+00    7.900000E+01    1.398000E+00   -1.000000E+00   -1.000000E+01    3.362000E+00   -1.000000E+01    3.550000E+00   -1.000000E+01   -1.000000E+01    1.100000E+01    5.695000E+00    9.500000E-01    5.000000E+00    3.800000E+01    2.491000E+00    8.436000E-01    3.850000E+00    1.318000E+00    4.703000E-01    8.974000E-04   -1.002000E+01    2.000000E+00    3.000000E+00    1.000000E+03    8.200000E+01   -1.000000E+01    2.000000E+00    3.257735E-01   -9.004000E+00   -8.976816E+00
   9.230000E-10    4.000000E+00    1.279000E+00    9.300000E+01    1.398000E+00   -1.253000E+00   -1.000000E+01    3.118000E+00   -1.000000E+01   -1.000000E+01    3.304000E+00    2.715000E+00    1.030000E+01    1.126000E+01    2.550000E+00    2.000000E+00    6.000000E+00    1.811000E+00    7.164000E-01    1.990000E+00    1.690000E+00    4.027000E-01    8.974000E-04   -1.014000E+01    2.000000E+00    1.000000E+00    1.400000E+03    4.750000E+01    1.903000E+00   -2.000000E+00    4.793142E-02   -1.015000E+01   -1.039549E+01
   1.970000E-09    1.000000E+00    1.744000E+00    8.200000E+01    1.380000E+00   -6.576000E-01    1.176000E+00    3.262000E+00    3.292000E+00    3.770000E+00    1.447000E+00    3.583000E+00    7.200000E+00    1.045000E+01    2.660000E+00    5.000000E+00    5.300000E+01    3.375000E+00    2.859000E+00    3.850000E+00    1.170000E+00    7.200000E-02    9.199000E-04   -9.846000E+00    2.000000E+00    1.000000E+00    1.390000E+03    8.000000E+01   -1.000000E+01   -1.000000E+00    3.789954E-01   -9.947000E+00   -1.012171E+01
   2.100000E-09    0.000000E+00    1.447000E+00    1.080000E+02    1.398000E+00   -1.000000E+00   -1.000000E+01    3.362000E+00   -1.000000E+01    3.550000E+00   -1.000000E+01   -1.000000E+01    6.300000E+00    1.360000E+01    2.200000E+00    1.000000E+00    1.000000E+00    8.499000E-01    7.650000E-01    8.500000E-01    1.586000E+00    4.571000E-02    8.974000E-04   -1.002000E+01    2.000000E+00    1.000000E+00    1.600000E+03    1.000000E+02   -1.000000E+01    0.000000E+00    2.899950E-02   -1.005000E+01   -1.026274E+01
   7.910000E-10    2.000000E+00    1.748000E+00    1.110000E+02    1.398000E+00   -6.778000E-01    1.637000E+00    3.472000E+00    2.790000E+00    3.517000E+00    1.749000E+00    3.638000E+00    7.550000E+00    5.695000E+00    9.500000E-01    5.000000E+00    3.800000E+01    2.491000E+00    8.447000E-01    3.850000E+00    1.297000E+00    4.698000E-01    8.974000E-04   -9.855000E+00    2.000000E+00    1.000000E+00    1.650000E+03    9.200000E+01   -1.000000E+01    2.000000E+00    5.740016E-02   -1.007000E+01   -1.011397E+01
   4.300000E-10    4.000000E+00    1.279000E+00    9.300000E+01    1.398000E+00   -2.190000E-01   -1.000000E+01    4.105000E+00    2.983000E+00    2.697000E+00    2.086000E+00   -1.000000E+01    1.250000E+01    6.194000E+00    1.380000E+00    7.000000E+00    9.200000E+01    3.368000E+00    6.207000E-01    4.990000E+00    1.690000E+00    7.345000E-01    8.974000E-04   -9.626000E+00    2.000000E+00    2.000000E+00    1.800000E+03    4.750000E+01   -1.000000E+01    0.000000E+00    4.805253E+00   -1.082000E+01   -1.075178E+01
   2.090000E-09    1.000000E+00    1.453000E+00    1.080000E+02    1.398000E+00   -1.000000E+00   -1.000000E+01    3.362000E+00   -1.000000E+01    3.550000E+00   -1.000000E+01   -1.000000E+01    7.283000E+00    1.297000E+01    3.160000E+00    3.000000E+00    1.700000E+01    2.822000E+00    2.528000E+00    2.890000E+00    1.580000E+00    4.778000E-02    8.974000E-04   -1.002000E+01    2.000000E+00    2.000000E+00    1.000000E+03    9.800000E+01   -1.000000E+01   -1.000000E+00    7.091138E-01   -9.648000E+00   -9.655368E+00
   1.560000E-09    1.000000E+00    1.453000E+00    1.080000E+02    1.176000E+00   -1.301000E+00   -1.000000E+01    3.061000E+00   -1.000000E+01    3.249000E+00   -1.000000E+01   -1.000000E+01    5.409000E+00    1.297000E+01    3.160000E+00    3.000000E+00    1.700000E+01    2.822000E+00    1.952000E+00    2.890000E+00    1.580000E+00    1.600000E-01    1.162000E-03   -1.017000E+01    2.000000E+00    2.000000E+00    1.000000E+03    9.800000E+01   -1.000000E+01   -1.000000E+00    6.503091E-02   -9.775000E+00   -9.790225E+00
   2.570000E-09    1.000000E+00    1.453000E+00    1.080000E+02    1.699000E+00   -1.000000E+01   -1.000000E+01   -1.000000E+01   -1.000000E+01   -1.000000E+01   -1.000000E+01   -1.000000E+01    6.917000E+00    5.139000E+00    9.300000E-01    3.000000E+00    1.100000E+01    1.777000E+00    1.806000E+00    2.890000E+00    1.580000E+00   -7.034000E-03    5.279000E-04   -1.450000E+01    2.000000E+00    2.000000E+00    1.800000E+03    9.800000E+01   -1.000000E+01    1.000000E+00    1.856121E-01   -1.031000E+01   -1.023953E+01
   1.550000E-09    4.000000E+00    6.232000E-01    6.700000E+01    1.491000E+00   -1.398000E+00    8.451000E-01    2.784000E+00    1.869000E+00    2.785000E+00   -1.000000E+01    2.785000E+00    8.100000E+00    9.752000E+00    2.550000E+00    4.000000E+00    3.400000E+01    2.921000E+00    1.903000E+00    3.450000E+00    2.203000E+00    1.863000E-01    7.777000E-04   -1.021000E+01    1.300000E+01    3.000000E+00    1.800000E+03    0.000000E+00   -1.000000E+01   -1.000000E+00    1.905048E-02   -1.024000E+01   -9.922970E+00
   7.900000E-10    2.000000E+00    1.580000E+00    7.900000E+01    1.398000E+00   -1.000000E+00   -1.000000E+01    3.362000E+00   -1.000000E+01    3.550000E+00   -1.000000E+01   -1.000000E+01    3.000000E+00    5.695000E+00    9.500000E-01    5.000000E+00    3.800000E+01    2.491000E+00    8.436000E-01    3.850000E+00    1.318000E+00    4.703000E-01    8.974000E-04   -1.002000E+01    2.000000E+00    3.000000E+00    1.000000E+03    8.200000E+01   -1.000000E+01    2.000000E+00    6.851609E-02   -8.886000E+00   -8.969298E+00
   2.000000E-09    1.000000E+00    1.279000E+00    9.300000E+01    1.398000E+00   -2.000000E+00   -1.000000E+01    1.362000E+00   -1.000000E+01   -1.000000E+01   -1.000000E+01   -1.000000E+01    1.250000E+01    1.045000E+01    2.660000E+00    5.000000E+00    5.300000E+01    3.375000E+00    2.893000E+00    3.850000E+00    1.690000E+00    6.690000E-02    8.974000E-04   -1.052000E+01    2.000000E+00    1.000000E+00    1.600000E+03    4.750000E+01    1.699000E+00   -1.000000E+00    7.195612E-01   -1.070000E+01   -1.077373E+01
   2.000000E-09    1.000000E+00    2.025000E+00    8.100000E+01    1.398000E+00   -1.000000E+00   -1.000000E+01    3.362000E+00   -1.000000E+01    3.550000E+00   -1.000000E+01   -1.000000E+01    9.480000E+00    1.297000E+01    3.160000E+00    3.000000E+00    1.700000E+01    2.822000E+00    2.419000E+00    2.890000E+00    8.832000E-01    6.690000E-02    8.974000E-04   -1.002000E+01    2.500000E+01    1.000000E+00    1.530000E+03    0.000000E+00   -1.000000E+01   -1.000000E+00    1.099506E-01   -1.102000E+01   -1.060222E+01
   2.050000E-09    1.000000E+00    1.643000E+00    2.100000E+01    1.380000E+00   -2.072000E+00    8.567000E-01    2.555000E+00    3.010000E-01    1.415000E+00    9.440000E-01    3.424000E-01    8.500000E+00    3.894000E+00    7.900000E-01    6.000000E+00    5.500000E+01    2.333000E+00    2.057000E+00    4.360000E+00    6.788000E-01    5.472000E-02    9.199000E-04   -1.055000E+01    4.000000E+00    6.000000E+00    1.700000E+03    0.000000E+00   -1.000000E+01    1.000000E+00    2.265282E+00   -9.393000E+00   -9.051451E+00
   2.100000E-09    1.000000E+00    1.453000E+00    1.080000E+02    1.342000E+00   -2.924000E-01   -1.000000E+01    4.069000E+00   -1.000000E+01    4.257000E+00   -1.000000E+01   -1.000000E+01    6.438000E+00    3.894000E+00    7.900000E-01    6.000000E+00    5.500000E+01    2.333000E+00    2.121000E+00    4.360000E+00    1.580000E+00    4.132000E-02    9.673000E-04   -9.665000E+00    2.000000E+00    2.000000E+00    1.410000E+03    9.999000E+01   -1.000000E+01    1.000000E+00    6.860250E-02   -9.996000E+00   -1.000477E+01
   2.100000E-09    0.000000E+00    2.025000E+00    8.100000E+01    1.398000E+00   -3.010000E-01   -1.000000E+01    4.061000E+00   -1.000000E+01    4.250000E+00   -1.000000E+01   -1.000000E+01    1.250000E+01    1.360000E+01    2.200000E+00    1.000000E+00    1.000000E+00    8.499000E-01    7.650000E-01    8.500000E-01    8.832000E-01    4.571000E-02    8.974000E-04   -9.667000E+00    2.500000E+01    1.000000E+00    1.650000E+03    0.000000E+00   -1.000000E+01    0.000000E+00    6.904540E-02   -1.009000E+01   -1.006337E+01
   3.690000E-09    1.000000E+00    1.580000E+00    7.870000E+01    1.398000E+00   -1.699000E+00   -1.000000E+01    2.663000E+00   -1.000000E+01    2.851000E+00   -1.000000E+01   -1.000000E+01    7.261000E+00    3.894000E+00    7.900000E-01    6.000000E+00    5.500000E+01    2.333000E+00    3.690000E+00    4.360000E+00    1.316000E+00   -1.991000E-01    8.974000E-04   -1.037000E+01    2.000000E+00    7.000000E+00    1.910000E+03    8.200000E+01   -1.000000E+01    1.000000E+00    2.625408E+00   -1.014000E+01   -9.746150E+00
   1.550000E-09    4.000000E+00    1.408000E+00    7.200000E+01    1.342000E+00   -5.229000E-01   -1.000000E+01    3.839000E+00   -1.000000E+01    4.027000E+00   -1.000000E+01   -1.000000E+01    5.600000E+00    9.752000E+00    2.550000E+00    4.000000E+00    3.400000E+01    2.921000E+00    1.961000E+00    3.450000E+00    1.449000E+00    1.732000E-01    9.673000E-04   -9.780000E+00    2.000000E+00    1.000000E+00    1.300000E+03    7.500000E+01   -1.000000E+01   -1.000000E+00    1.064744E-02   -1.018000E+01   -1.018709E+01
   8.100000E-10    4.000000E+00    6.232000E-01    6.700000E+01    1.301000E+00   -1.398000E+00    8.451000E-01    2.784000E+00    1.869000E+00    2.785000E+00   -1.000000E+01    2.785000E+00    9.800000E+00    9.752000E+00    2.550000E+00    4.000000E+00    3.400000E+01    2.921000E+00    1.032000E+00    3.450000E+00    2.203000E+00    4.521000E-01    1.018000E-03   -1.022000E+01    1.300000E+01    3.000000E+00    1.800000E+03    0.000000E+00   -1.000000E+01   -2.000000E+00    3.134060E-02   -9.793000E+00   -1.023751E+01
   1.460000E-09    7.000000E+00    1.780000E+00    7.600000E+01    1.301000E+00   -3.010000E-01   -1.000000E+01    4.061000E+00   -1.000000E+01    4.249000E+00   -1.000000E+01   -1.000000E+01    7.000000E+00    7.834000E+00    1.900000E+00    6.000000E+00    7.500000E+01    3.309000E+00    2.106000E+00    4.360000E+00    1.100000E+00    1.962000E-01    1.018000E-03   -9.670000E+00    2.000000E+00    1.000000E+00    1.700000E+03    4.600000E+01   -1.000000E+01   -1.000000E+00    5.498648E-01   -1.072000E+01   -1.045589E+01
   8.100000E-10    2.000000E+00    2.025000E+00    8.100000E+01    1.362000E+00   -1.000000E+00   -1.000000E+01    3.362000E+00   -1.000000E+01    3.550000E+00   -1.000000E+01   -1.000000E+01    7.900000E+00    9.752000E+00    2.550000E+00    4.000000E+00    3.400000E+01    2.921000E+00    1.021000E+00    3.450000E+00    8.832000E-01    4.565000E-01    9.432000E-04   -1.002000E+01    2.500000E+01    1.000000E+00    1.500000E+03    0.000000E+00   -1.000000E+01   -1.000000E+00    1.015889E-01   -1.119000E+01   -1.123438E+01
   2.000000E-09    1.000000E+00    1.279000E+00    9.300000E+01    1.362000E+00    6.990000E-01   -1.000000E+01    5.061000E+00   -1.000000E+01   -1.000000E+01   -1.000000E+01   -1.000000E+01    1.250000E+01    1.297000E+01    3.160000E+00    3.000000E+00    1.700000E+01    2.822000E+00    2.435000E+00    2.890000E+00    1.690000E+00    6.398000E-02    9.432000E-04   -9.168000E+00    2.000000E+00    1.000000E+00    1.600000E+03    4.800000E+01   -1.000000E+01   -1.000000E+00    6.928133E-02   -1.062000E+01   -1.062242E+01
   4.300000E-10    4.000000E+00    1.279000E+00    9.300000E+01    1.398000E+00    0.000000E+00   -1.000000E+01   -1.000000E+01   -1.000000E+01   -1.000000E+01   -1.000000E+01   -1.000000E+01    9.000000E+00    6.194000E+00    1.380000E+00    7.000000E+00    9.200000E+01    3.368000E+00    6.207000E-01    4.990000E+00    1.690000E+00    7.345000E-01    8.974000E-04   -9.516000E+00    2.000000E+00    2.000000E+00    1.710000E+03    4.750000E+01    1.602000E+00    0.000000E+00    1.929988E+00   -1.053000E+01   -1.047575E+01
   2.000000E-09    1.000000E+00    1.744000E+00    8.200000E+01    1.380000E+00   -5.918000E-01    1.146000E+00    3.279000E+00    3.328000E+00    3.785000E+00    1.831000E+00    3.016000E+00    7.500000E+00    1.045000E+01    2.660000E+00    5.000000E+00    5.300000E+01    3.375000E+00    2.903000E+00    3.850000E+00    1.170000E+00    6.544000E-02    9.199000E-04   -9.813000E+00    2.000000E+00    1.000000E+00    1.610000E+03    8.000000E+01   -1.000000E+01   -1.000000E+00    2.755688E-01   -1.200000E+01   -1.144859E+01
   2.140000E-09    0.000000E+00   -5.229000E-01    8.000000E-01    1.362000E+00   -1.470000E+00    2.204000E+00    2.529000E+00    2.672000E+00    1.623000E+00   -1.000000E+01    1.362000E+00    1.160000E+01    1.360000E+01    2.200000E+00    1.000000E+00    1.000000E+00    8.499000E-01    7.849000E-01    8.500000E-01    1.426000E+00    3.459000E-02    9.432000E-04   -1.025000E+01    1.600000E+01    1.000000E+00    2.100000E+03    0.000000E+00   -1.000000E+01    0.000000E+00    1.355110E-03   -9.770000E+00   -9.862559E+00
   1.550000E-09    4.000000E+00    6.232000E-01    6.700000E+01    1.431000E+00   -1.146000E+00    1.301000E+00    3.024000E+00    2.243000E+00    3.027000E+00    2.556000E+00    2.970000E+00    7.580000E+00    9.752000E+00    2.550000E+00    4.000000E+00    3.400000E+01    2.921000E+00    1.928000E+00    3.450000E+00    2.203000E+00    1.805000E-01    8.547000E-04   -1.009000E+01    1.300000E+01    1.000000E+00    2.610000E+03    0.000000E+00   -1.000000E+01   -1.000000E+00    3.547572E-02   -1.250000E+01   -1.301225E+01
   3.690000E-09    1.000000E+00    1.453000E+00    1.080000E+02    1.699000E+00   -1.000000E+01   -1.000000E+01   -1.000000E+01   -1.000000E+01   -1.000000E+01   -1.000000E+01   -1.000000E+01    6.084000E+00    1.297000E+01    3.160000E+00    3.000000E+00    1.700000E+01    2.822000E+00    4.118000E+00    2.890000E+00    1.580000E+00   -1.641000E-01    5.279000E-04   -1.450000E+01    2.000000E+00    2.000000E+00    1.200000E+03    9.800000E+01   -1.000000E+01   -1.000000E+00    4.157728E-01   -9.564000E+00   -9.551976E+00
   2.030000E-09    1.000000E+00    1.453000E+00    1.100000E+02    1.362000E+00   -2.000000E+00   -1.000000E+01    2.362000E+00   -1.000000E+01    4.549000E+00   -1.000000E+01   -1.000000E+01    7.000000E+00    1.045000E+01    2.660000E+00    5.000000E+00    5.300000E+01    3.375000E+00    2.956000E+00    3.850000E+00    1.588000E+00    5.751000E-02    9.432000E-04   -1.052000E+01    2.000000E+00    1.000000E+00    8.000000E+02    9.800000E+01   -1.000000E+01   -1.000000E+00    4.494257E-01   -1.140000E+01   -1.119912E+01
   2.030000E-09    1.000000E+00    1.453000E+00    1.100000E+02    1.362000E+00   -1.000000E+00   -1.000000E+01    3.362000E+00   -1.000000E+01    3.550000E+00   -1.000000E+01   -1.000000E+01    7.000000E+00    1.045000E+01    2.660000E+00    5.000000E+00    5.300000E+01    3.375000E+00    2.956000E+00    3.850000E+00    1.588000E+00    5.751000E-02    9.432000E-04   -1.002000E+01    2.000000E+00    1.000000E+00    8.000000E+02    9.800000E+01   -1.000000E+01   -1.000000E+00    3.341321E-01   -1.118000E+01   -1.057025E+01
   1.550000E-09    4.000000E+00    6.232000E-01    6.700000E+01    1.491000E+00   -1.301000E+00   -1.000000E+01    3.061000E+00   -1.000000E+01   -1.000000E+01   -1.000000E+01   -1.000000E+01    7.580000E+00    9.752000E+00    2.550000E+00    4.000000E+00    3.400000E+01    2.921000E+00    1.903000E+00    3.450000E+00    2.203000E+00    1.863000E-01    7.777000E-04   -1.016000E+01    1.300000E+01    1.000000E+00    2.560000E+03    0.000000E+00   -1.000000E+01   -1.000000E+00    3.061652E-02   -1.304000E+01   -1.289379E+01
   9.230000E-10    4.000000E+00    1.279000E+00    9.300000E+01    1.398000E+00   -1.796000E+00   -1.000000E+01    2.867000E+00   -1.000000E+01   -1.000000E+01   -1.000000E+01   -1.000000E+01    1.250000E+01    1.126000E+01    2.550000E+00    2.000000E+00    6.000000E+00    1.811000E+00    7.164000E-01    1.990000E+00    1.690000E+00    4.027000E-01    8.974000E-04   -1.041000E+01    2.000000E+00    1.000000E+00    1.600000E+03    4.750000E+01    1.845000E+00   -2.000000E+00    4.194529E-02   -1.080000E+01   -1.065271E+01
   2.740000E-09    2.000000E+00    1.744000E+00    8.200000E+01    1.954000E+00    1.335000E-01    1.469000E+00    3.704000E+00    4.176000E+00    4.535000E+00    1.000000E+00    2.898000E+00    8.285000E+00    5.695000E+00    9.500000E-01    5.000000E+00    3.800000E+01    2.491000E+00    2.402000E+00    3.850000E+00    1.170000E+00    1.583000E-02    3.270000E-04   -9.407000E+00    2.000000E+00    2.000000E+00    1.690000E+03    8.000000E+01    1.699000E+00    2.000000E+00    1.823256E-01   -9.783000E+00   -9.779568E+00
   6.240000E-10    3.000000E+00    1.279000E+00    9.300000E+01    1.398000E+00   -1.000000E+01   -1.000000E+01   -1.000000E+01   -1.000000E+01   -1.000000E+01   -1.000000E+01   -1.000000E+01    1.250000E+01    5.974000E+00    1.300000E+00    7.000000E+00    9.500000E+01    3.307000E+00    8.845000E-01    4.990000E+00    1.690000E+00    5.727000E-01    8.974000E-04   -1.452000E+01    2.000000E+00    2.000000E+00    1.800000E+03    4.750000E+01   -1.000000E+01    3.000000E+00    2.858641E+01   -1.066000E+01   -1.072522E+01
   2.100000E-09    1.000000E+00    1.279000E+00    9.300000E+01    1.398000E+00   -2.190000E-01   -1.000000E+01    4.105000E+00    2.983000E+00    2.697000E+00    2.086000E+00   -1.000000E+01    1.250000E+01    3.894000E+00    7.900000E-01    6.000000E+00    5.500000E+01    2.333000E+00    2.100000E+00    4.360000E+00    1.690000E+00    4.571000E-02    8.974000E-04   -9.626000E+00    2.000000E+00    2.000000E+00    1.200000E+03    4.750000E+01   -1.000000E+01    1.000000E+00    9.982734E-02   -9.577000E+00   -9.582025E+00
   1.200000E-09    5.000000E+00    1.279000E+00    9.300000E+01    1.398000E+00   -1.000000E+01   -1.000000E+01   -1.000000E+01   -1.000000E+01   -1.000000E+01   -1.000000E+01   -1.000000E+01    8.600000E+00    6.266000E+00    1.360000E+00    7.000000E+00    9.300000E+01    3.387000E+00    1.742000E+00    4.990000E+00    1.690000E+00    2.887000E-01    8.974000E-04   -1.452000E+01    2.000000E+00    2.000000E+00    2.000000E+03    4.750000E+01   -1.000000E+01   -1.000000E+00    4.372648E-02   -1.061000E+01   -1.064052E+01
   2.000000E-09    1.000000E+00    1.279000E+00    9.300000E+01    1.398000E+00   -1.398000E+00   -1.000000E+01   -1.000000E+01    2.904000E+00   -1.000000E+01   -1.000000E+01   -1.000000E+01    1.250000E+01    1.045000E+01    2.660000E+00    5.000000E+00    5.300000E+01    3.375000E+00    2.893000E+00    3.850000E+00    1.690000E+00    6.690000E-02    8.974000E-04   -1.022000E+01    2.000000E+00    1.000000E+00    1.800000E+03    4.750000E+01   -1.000000E+01   -1.000000E+00    3.818137E-01   -1.149000E+01   -1.103828E+01
