   1.350000E-09    1.000000E+00    1.453000E+00    1.080000E+02    1.398000E+00   -1.000000E+01   -1.000000E+01   -1.000000E+01   -1.000000E+01   -1.000000E+01   -1.000000E+01   -1.000000E+01    7.175000E+00    5.139000E+00    9.300000E-01    3.000000E+00    1.100000E+01    1.777000E+00    1.028000E+00    2.890000E+00    1.580000E+00    2.376000E-01    8.974000E-04   -1.452000E+01    2.000000E+00    2.000000E+00    9.000000E+02    9.800000E+01   -1.000000E+01    1.000000E+00    1.517466E-01   -9.759000E+00   -9.714720E+00
   1.200000E-09    4.000000E+00    1.279000E+00    9.300000E+01    1.398000E+00   -2.301000E+00   -1.000000E+01    2.362000E+00   -1.000000E+01   -1.000000E+01   -1.000000E+01   -1.000000E+01    7.000000E+00    6.266000E+00    1.360000E+00    7.000000E+00    9.300000E+01    3.387000E+00    1.742000E+00    4.990000E+00    1.690000E+00    2.887000E-01    8.974000E-04   -1.067000E+01    2.000000E+00    2.000000E+00    1.400000E+03    4.750000E+01   -1.000000E+01    0.000000E+00    2.232663E-02   -9.979000E+00   -9.992763E+00
   1.350000E-09    1.000000E+00    1.453000E+00    1.080000E+02    1.398000E+00   -1.000000E+01   -1.000000E+01   -1.000000E+01   -1.000000E+01   -1.000000E+01   -1.000000E+01   -1.000000E+01    7.175000E+00    5.139000E+00    9.300000E-01    3.000000E+00    1.100000E+01    1.777000E+00    1.028000E+00    2.890000E+00    1.580000E+00    2.376000E-01    8.974000E-04   -1.452000E+01    2.000000E+00    2.000000E+00    9.000000E+02    9.800000E+01   -1.000000E+01    1.000000E+00    1.517466E-01   -9.759000E+00   -9.714720E+00
   2.000000E-09    1.000000E+00    1.279000E+00    9.300000E+01    1.398000E+00   -3.010000E-01   -1.000000E+01    4.061000E+00   -1.000000E+01   -1.000000E+01   -1.000000E+01   -1.000000E+01    1.250000E+01    1.045000E+01    2.660000E+00    5.000000E+00    5.300000E+01    3.375000E+00    2.893000E+00    3.850000E+00    1.690000E+00    6.690000E-02    8.974000E-04   -9.667000E+00    2.000000E+00    1.000000E+00    1.600000E+03    4.750000E+01    1.699000E+00   -1.000000E+00    5.585020E-01   -1.024000E+01   -1.025631E+01
   2.032000E-10    1.000000E+00    1.531000E+00    1.300000E+01    1.362000E+00   -4.510000E-01    1.806000E+00    3.749000E+00    2.949000E+00    3.984000E+00    1.477000E+00    3.368000E+00    7.680000E+00    1.297000E+01    3.160000E+00    3.000000E+00    1.700000E+01    2.822000E+00    2.474000E-01    2.890000E+00    5.825000E-01    1.057000E+00    9.432000E-04   -9.743000E+00    4.000000E+00    1.000000E+00    2.700000E+03    0.000000E+00   -1.000000E+01   -1.000000E+00    3.233427E+00   -1.170000E+01   -1.177773E+01
   1.350000E-09    1.000000E+00    1.453000E+00    1.080000E+02    1.398000E+00   -1.000000E+01   -1.000000E+01   -1.000000E+01   -1.000000E+01   -1.000000E+01   -1.000000E+01   -1.000000E+01    6.323000E+00    5.139000E+00    9.300000E-01    3.000000E+00    1.100000E+01    1.777000E+00    1.028000E+00    2.890000E+00    1.580000E+00    2.376000E-01    8.974000E-04   -1.452000E+01    2.000000E+00    2.000000E+00    1.800000E+03    9.800000E+01    1.591000E+00    1.000000E+00    1.772976E-01   -1.037000E+01   -1.037862E+01
   8.480000E-10    2.000000E+00    4.771000E-01    2.000000E+00    1.398000E+00   -1.523000E+00   -1.000000E+01   -1.000000E+01    2.603000E+00    2.851000E+00   -1.000000E+01   -1.000000E+01    6.250000E+00    5.212000E+00    8.900000E-01    6.000000E+00    5.600000E+01    2.699000E+00    9.810000E-01    4.360000E+00    8.239000E-01    4.395000E-01    8.974000E-04   -1.028000E+01    8.000000E+00    1.000000E+00    2.640000E+03    0.000000E+00   -1.000000E+01    2.000000E+00    2.667045E-02   -1.268000E+01   -1.255245E+01
   2.060000E-09    1.000000E+00   -1.549000E-01    1.000000E+01    1.362000E+00   -9.208000E-01    1.172000E+00    3.441000E+00   -1.000000E+01    2.754000E+00    3.409000E+00    2.739000E+00    9.500000E+00    3.894000E+00    7.900000E-01    6.000000E+00    5.500000E+01    2.333000E+00    2.074000E+00    4.360000E+00    2.155000E+00    5.114000E-02    9.432000E-04   -9.978000E+00    1.400000E+01    1.000000E+00    2.670000E+03    0.000000E+00   -1.000000E+01    1.000000E+00    2.235754E-02   -1.109000E+01   -1.113179E+01
   2.040000E-09    1.000000E+00    1.744000E+00    8.200000E+01    1.380000E+00   -6.576000E-01    1.176000E+00    3.262000E+00    3.292000E+00    3.770000E+00    1.447000E+00    3.583000E+00    7.200000E+00    3.894000E+00    7.900000E-01    6.000000E+00    5.500000E+01    2.333000E+00    2.047000E+00    4.360000E+00    1.170000E+00    5.684000E-02    9.199000E-04   -9.846000E+00    2.000000E+00    1.000000E+00    1.380000E+03    8.000000E+01   -1.000000E+01    1.000000E+00    3.547409E-02   -9.921000E+00   -9.992776E+00
   2.140000E-09    0.000000E+00    1.580000E+00    7.900000E+01    1.362000E+00   -1.470000E+00    2.204000E+00    2.529000E+00    2.672000E+00    1.623000E+00   -1.000000E+01    1.362000E+00    1.160000E+01    1.360000E+01    2.200000E+00    1.000000E+00    1.000000E+00    8.499000E-01    7.849000E-01    8.500000E-01    1.318000E+00    3.459000E-02    9.432000E-04   -1.025000E+01    2.000000E+00    1.000000E+00    1.930000E+03    8.200000E+01    1.954000E+00    0.000000E+00    9.064098E-03   -1.019000E+01   -1.060772E+01
   1.330000E-09    1.000000E+00    1.602000E+00    1.400000E+02    1.398000E+00   -1.000000E+00   -1.000000E+01    3.362000E+00   -1.000000E+01   -1.000000E+01   -1.000000E+01   -1.000000E+01    5.000000E+00    5.139000E+00    9.300000E-01    3.000000E+00    1.100000E+01    1.777000E+00    1.013000E+00    2.890000E+00    1.544000E+00    2.441000E-01    8.974000E-04   -1.002000E+01    7.000000E+00    1.000000E+00    1.900000E+03    0.000000E+00   -1.000000E+01    1.000000E+00    1.191312E-01   -9.495000E+00   -9.884819E+00
   4.300000E-10    4.000000E+00    1.279000E+00    9.300000E+01    1.398000E+00    0.000000E+00   -1.000000E+01   -1.000000E+01   -1.000000E+01   -1.000000E+01   -1.000000E+01   -1.000000E+01    9.000000E+00    6.194000E+00    1.380000E+00    7.000000E+00    9.200000E+01    3.368000E+00    6.207000E-01    4.990000E+00    1.690000E+00    7.345000E-01    8.974000E-04   -9.516000E+00    2.000000E+00    2.000000E+00    1.600000E+03    4.750000E+01   -1.000000E+01    0.000000E+00    1.929988E+00   -1.061000E+01   -1.070722E+01
   2.090000E-09    1.000000E+00    1.447000E+00    1.080000E+02    1.398000E+00   -1.000000E+01   -1.000000E+01   -1.000000E+01   -1.000000E+01   -1.000000E+01   -1.000000E+01   -1.000000E+01    8.400000E+00    3.894000E+00    7.900000E-01    6.000000E+00    5.500000E+01    2.333000E+00    2.090000E+00    4.360000E+00    1.586000E+00    4.778000E-02    8.974000E-04   -1.452000E+01    2.000000E+00    2.000000E+00    8.100000E+02    1.000000E+02   -1.000000E+01    1.000000E+00    1.147943E+00   -9.517000E+00   -9.530213E+00
   7.200000E-10    4.000000E+00    1.279000E+00    9.300000E+01    1.398000E+00   -2.815000E-01   -1.000000E+01    4.080000E+00   -1.000000E+01    4.259000E+00   -1.000000E+01   -1.000000E+01    7.000000E+00    6.194000E+00    1.380000E+00    7.000000E+00    9.200000E+01    3.368000E+00    1.039000E+00    4.990000E+00    1.690000E+00    5.106000E-01    8.974000E-04   -9.657000E+00    2.000000E+00    2.000000E+00    1.800000E+03    4.750000E+01   -1.000000E+01    0.000000E+00    6.553239E-01   -1.059000E+01   -1.053772E+01
   2.000000E-09    1.000000E+00    6.021000E-01    6.700000E+01    1.398000E+00   -1.523000E+00   -1.000000E+01   -1.000000E+01   -1.000000E+01    2.851000E+00   -1.000000E+01   -1.000000E+01    6.500000E+00    1.045000E+01    2.660000E+00    5.000000E+00    5.300000E+01    3.375000E+00    2.893000E+00    3.850000E+00    2.224000E+00    6.690000E-02    8.974000E-04   -1.028000E+01    1.300000E+01    1.000000E+00    2.640000E+03    0.000000E+00   -1.000000E+01   -1.000000E+00    2.540735E-01   -1.214000E+01   -1.223495E+01
   4.300000E-10    6.000000E+00    1.531000E+00    1.300000E+01    1.398000E+00   -6.576000E-01    1.740000E+00    3.532000E+00    2.542000E+00    3.780000E+00    2.220000E+00    2.927000E+00    7.240000E+00    6.194000E+00    1.380000E+00    7.000000E+00    9.200000E+01    3.368000E+00    6.207000E-01    4.990000E+00    5.825000E-01    7.345000E-01    8.974000E-04   -9.845000E+00    4.000000E+00    2.000000E+00    2.450000E+03    0.000000E+00   -1.000000E+01    0.000000E+00    3.618403E+00   -1.115000E+01   -1.237592E+01
   1.550000E-09    4.000000E+00    1.408000E+00    7.200000E+01    1.544000E+00   -1.301000E+00   -1.000000E+01    3.061000E+00   -1.000000E+01    3.249000E+00   -1.000000E+01   -1.000000E+01    4.000000E+00    9.752000E+00    2.550000E+00    4.000000E+00    3.400000E+01    2.921000E+00    1.878000E+00    3.450000E+00    1.449000E+00    1.919000E-01    7.106000E-04   -1.016000E+01    2.000000E+00    1.000000E+00    1.600000E+03    7.500000E+01   -1.000000E+01   -1.000000E+00    2.075726E-02   -1.048000E+01   -1.073045E+01
   2.000000E-09    1.000000E+00    1.279000E+00    9.300000E+01    1.380000E+00    6.990000E-01   -1.000000E+01    5.061000E+00   -1.000000E+01   -1.000000E+01   -1.000000E+01   -1.000000E+01    1.250000E+01    1.297000E+01    3.160000E+00    3.000000E+00    1.700000E+01    2.822000E+00    2.427000E+00    2.890000E+00    1.690000E+00    6.544000E-02    9.199000E-04   -9.168000E+00    2.000000E+00    1.000000E+00    1.600000E+03    4.800000E+01    1.477000E+00   -1.000000E+00    6.999121E-02   -1.046000E+01   -1.038980E+01
   2.000000E-09    1.000000E+00    1.744000E+00    8.200000E+01    1.380000E+00   -5.918000E-01    1.146000E+00    3.279000E+00    3.328000E+00    3.785000E+00    1.831000E+00    3.016000E+00    7.500000E+00    1.045000E+01    2.660000E+00    5.000000E+00    5.300000E+01    3.375000E+00    2.903000E+00    3.850000E+00    1.170000E+00    6.544000E-02    9.199000E-04   -9.813000E+00    2.000000E+00    2.000000E+00    1.130000E+03    8.000000E+01   -1.000000E+01   -1.000000E+00    2.755688E-01   -9.699000E+00   -9.694783E+00
   1.640000E-09    2.000000E+00    1.279000E+00    9.300000E+01    1.352000E+00   -1.807000E+00   -1.000000E+01    2.378000E+00   -1.000000E+01   -1.000000E+01   -1.000000E+01    2.699000E+00    7.250000E+00    9.752000E+00    2.550000E+00    4.000000E+00    3.400000E+01    2.921000E+00    2.071000E+00    3.450000E+00    1.690000E+00    1.494000E-01    9.552000E-04   -1.042000E+01    2.000000E+00    2.000000E+00    1.600000E+03    5.000000E+01   -1.000000E+01   -1.000000E+00    1.266705E-02   -1.004000E+01   -1.006686E+01
   4.300000E-10    6.000000E+00    1.279000E+00    9.300000E+01    1.398000E+00   -1.000000E+01   -1.000000E+01   -1.000000E+01   -1.000000E+01   -1.000000E+01   -1.000000E+01   -1.000000E+01    9.000000E+00    6.194000E+00    1.380000E+00    7.000000E+00    9.200000E+01    3.368000E+00    6.207000E-01    4.990000E+00    1.690000E+00    7.345000E-01    8.974000E-04   -1.452000E+01    2.000000E+00    2.000000E+00    1.710000E+03    4.750000E+01    1.602000E+00   -1.000000E+00    2.675988E+00   -1.053000E+01   -1.057545E+01
   9.230000E-10    4.000000E+00    1.279000E+00    9.300000E+01    1.398000E+00   -1.076000E+00   -1.000000E+01    3.291000E+00   -1.000000E+01   -1.000000E+01    3.484000E+00    2.897000E+00    1.040000E+01    1.126000E+01    2.550000E+00    2.000000E+00    6.000000E+00    1.811000E+00    7.164000E-01    1.990000E+00    1.690000E+00    4.027000E-01    8.974000E-04   -1.005000E+01    2.000000E+00    1.000000E+00    1.600000E+03    4.750000E+01    1.875000E+00   -2.000000E+00    4.979175E-02   -1.042000E+01   -1.042488E+01
   2.100000E-09    1.000000E+00   -1.549000E-01    1.000000E+01    1.398000E+00   -3.037000E+00   -6.990000E-01    9.827000E-01    7.490000E-01    2.967000E-01    1.408000E+00    9.581000E-01    8.770000E+00    3.894000E+00    7.900000E-01    6.000000E+00    5.500000E+01    2.333000E+00    2.100000E+00    4.360000E+00    2.155000E+00    4.571000E-02    8.974000E-04   -1.103000E+01    1.400000E+01    1.000000E+00    2.610000E+03    0.000000E+00   -1.000000E+01    1.000000E+00    1.321207E-01   -1.092000E+01   -1.101802E+01
   2.570000E-09    1.000000E+00    1.453000E+00    1.080000E+02    1.699000E+00   -1.000000E+01   -1.000000E+01   -1.000000E+01   -1.000000E+01   -1.000000E+01   -1.000000E+01   -1.000000E+01    6.748000E+00    5.139000E+00    9.300000E-01    3.000000E+00    1.100000E+01    1.777000E+00    1.806000E+00    2.890000E+00    1.580000E+00   -7.034000E-03    5.279000E-04   -1.450000E+01    2.000000E+00    2.000000E+00    1.400000E+03    9.800000E+01   -1.000000E+01    1.000000E+00    1.075252E-01   -9.889000E+00   -9.944941E+00
   1.460000E-09    7.000000E+00    1.780000E+00    7.600000E+01    1.301000E+00   -3.010000E-01   -1.000000E+01    4.061000E+00   -1.000000E+01    4.249000E+00   -1.000000E+01   -1.000000E+01    7.000000E+00    7.834000E+00    1.900000E+00    6.000000E+00    7.500000E+01    3.309000E+00    2.106000E+00    4.360000E+00    1.100000E+00    1.962000E-01    1.018000E-03   -9.670000E+00    2.000000E+00    1.000000E+00    1.600000E+03    4.600000E+01   -1.000000E+01   -1.000000E+00    5.498648E-01   -1.057000E+01   -1.053126E+01
   2.000000E-09    7.000000E+00    6.232000E-01    6.700000E+01    1.398000E+00   -1.000000E+00   -1.000000E+01    3.362000E+00   -1.000000E+01   -1.000000E+01   -1.000000E+01   -1.000000E+01    1.000000E+01    7.280000E+00    1.900000E+00    5.000000E+00    4.300000E+01    2.817000E+00    2.415000E+00    3.850000E+00    2.203000E+00    6.690000E-02    8.974000E-04   -1.002000E+01    1.300000E+01    1.000000E+00    2.660000E+03    0.000000E+00   -1.000000E+01   -1.000000E+00    1.692198E-01   -1.189000E+01   -1.198676E+01
   2.100000E-09    0.000000E+00    6.021000E-01    6.700000E+01    1.398000E+00   -1.000000E+01   -1.000000E+01   -1.000000E+01   -1.000000E+01   -1.000000E+01   -1.000000E+01   -1.000000E+01    5.500000E+00    1.360000E+01    2.200000E+00    1.000000E+00    1.000000E+00    8.499000E-01    7.650000E-01    8.500000E-01    2.224000E+00    4.571000E-02    8.974000E-04   -1.452000E+01    1.300000E+01    1.000000E+00    2.640000E+03    0.000000E+00   -1.000000E+01    0.000000E+00    4.263885E-02   -1.219000E+01   -1.168294E+01
   2.100000E-09    0.000000E+00    6.021000E-01    6.700000E+01    1.398000E+00   -1.000000E+01   -1.000000E+01   -1.000000E+01   -1.000000E+01   -1.000000E+01   -1.000000E+01   -1.000000E+01    5.500000E+00    1.360000E+01    2.200000E+00    1.000000E+00    1.000000E+00    8.499000E-01    7.650000E-01    8.500000E-01    2.224000E+00    4.571000E-02    8.974000E-04   -1.452000E+01    1.300000E+01    1.000000E+00    2.640000E+03    0.000000E+00   -1.000000E+01    0.000000E+00    4.263885E-02   -1.211000E+01   -1.168294E+01
   8.480000E-10    2.000000E+00    4.771000E-01    2.000000E+00    1.398000E+00   -2.523000E+00   -1.000000E+01   -1.000000E+01    1.603000E+00    1.851000E+00   -1.000000E+01   -1.000000E+01    6.250000E+00    5.212000E+00    8.900000E-01    6.000000E+00    5.600000E+01    2.699000E+00    9.810000E-01    4.360000E+00    8.239000E-01    4.395000E-01    8.974000E-04   -1.078000E+01    8.000000E+00    1.000000E+00    2.640000E+03    0.000000E+00   -1.000000E+01    2.000000E+00    2.539819E-02   -1.265000E+01   -1.264040E+01
   2.100000E-09    0.000000E+00    1.279000E+00    9.300000E+01    1.398000E+00   -1.000000E+01   -1.000000E+01   -1.000000E+01   -1.000000E+01   -1.000000E+01   -1.000000E+01   -1.000000E+01    1.250000E+01    1.360000E+01    2.200000E+00    1.000000E+00    1.000000E+00    8.499000E-01    7.650000E-01    8.500000E-01    1.690000E+00    4.571000E-02    8.974000E-04   -1.452000E+01    2.000000E+00    2.000000E+00    1.200000E+03    4.750000E+01   -1.000000E+01    0.000000E+00    8.027817E-03   -9.357000E+00   -9.566531E+00
   1.550000E-09    4.000000E+00    1.408000E+00    7.200000E+01    1.342000E+00   -1.000000E+00   -1.000000E+01    3.362000E+00   -1.000000E+01    3.550000E+00   -1.000000E+01   -1.000000E+01    5.600000E+00    9.752000E+00    2.550000E+00    4.000000E+00    3.400000E+01    2.921000E+00    1.961000E+00    3.450000E+00    1.449000E+00    1.732000E-01    9.673000E-04   -1.002000E+01    2.000000E+00    1.000000E+00    1.300000E+03    7.500000E+01   -1.000000E+01   -1.000000E+00    1.183363E-02   -1.025000E+01   -1.026028E+01
   8.100000E-10    2.000000E+00    1.279000E+00    9.300000E+01    1.352000E+00   -1.000000E+01   -1.000000E+01   -1.000000E+01   -1.000000E+01   -1.000000E+01   -1.000000E+01   -1.000000E+01    7.250000E+00    9.752000E+00    2.550000E+00    4.000000E+00    3.400000E+01    2.921000E+00    1.023000E+00    3.450000E+00    1.690000E+00    4.558000E-01    9.552000E-04   -1.452000E+01    2.000000E+00    2.000000E+00    1.600000E+03    4.750000E+01    1.477000E+00   -1.000000E+00    1.410170E-02   -1.020000E+01   -1.020127E+01
   2.220000E-09    0.000000E+00    6.232000E-01    6.700000E+01    1.398000E+00   -6.615000E-01    9.081000E-01    3.294000E+00    3.577000E+00    3.659000E+00    1.000000E+00    3.051000E+00    7.200000E+00    1.360000E+01    2.200000E+00    1.000000E+00    1.000000E+00    8.499000E-01    8.088000E-01    8.500000E-01    2.203000E+00    2.158000E-02    8.974000E-04   -9.847000E+00    1.300000E+01    1.000000E+00    1.450000E+03    0.000000E+00   -1.000000E+01    0.000000E+00    2.064566E-02   -8.914000E+00   -8.829739E+00
   2.100000E-09    1.000000E+00    6.990000E-01    4.000000E+00    1.398000E+00   -1.000000E+00   -1.000000E+01   -1.000000E+01   -1.000000E+01    3.550000E+00   -1.000000E+01   -1.000000E+01    7.100000E+00    3.894000E+00    7.900000E-01    6.000000E+00    5.500000E+01    2.333000E+00    2.100000E+00    4.360000E+00    9.031000E-01    4.571000E-02    8.974000E-04   -1.002000E+01    1.000000E+00    1.000000E+00    2.750000E+03    0.000000E+00   -1.000000E+01    1.000000E+00    5.909591E-02   -1.282000E+01   -1.283037E+01
   7.910000E-10    2.000000E+00    6.232000E-01    6.700000E+01    1.398000E+00   -5.229000E-01   -1.000000E+01    3.663000E+00   -1.000000E+01    3.974000E+00    2.086000E+00   -1.000000E+01    8.000000E+00    5.695000E+00    9.500000E-01    5.000000E+00    3.800000E+01    2.491000E+00    8.447000E-01    3.850000E+00    2.203000E+00    4.698000E-01    8.974000E-04   -9.778000E+00    1.300000E+01    7.000000E+00    2.700000E+03    0.000000E+00   -1.000000E+01    2.000000E+00    2.411493E-02   -1.242000E+01   -1.251747E+01
   5.000000E-10    4.000000E+00    1.744000E+00    8.200000E+01    1.398000E+00   -5.834000E-01    1.146000E+00    3.281000E+00    3.328000E+00    3.810000E+00    1.831000E+00    3.016000E+00    8.786000E+00    6.026000E+00    1.280000E+00    7.000000E+00    9.400000E+01    3.322000E+00    7.118000E-01    4.990000E+00    1.170000E+00    6.690000E-01    8.974000E-04   -9.808000E+00    2.000000E+00    2.000000E+00    1.620000E+03    8.000000E+01    1.699000E+00    0.000000E+00    4.756029E+00   -1.046000E+01   -1.048557E+01
   8.100000E-10    2.000000E+00    1.279000E+00    9.300000E+01    1.778000E+00   -1.000000E+01   -1.000000E+01   -1.000000E+01   -1.000000E+01   -1.000000E+01   -1.000000E+01   -1.000000E+01    7.250000E+00    9.752000E+00    2.550000E+00    4.000000E+00    3.400000E+01    2.921000E+00    9.077000E-01    3.450000E+00    1.690000E+00    5.076000E-01    4.494000E-04   -1.449000E+01    2.000000E+00    2.000000E+00    1.600000E+03    4.750000E+01    1.699000E+00   -1.000000E+00    5.721747E-01   -1.010000E+01   -1.012320E+01
   1.840000E-09    1.000000E+00    1.477000E+00    6.010000E+01    1.301000E+00   -2.959000E+00   -1.000000E+01    1.403000E+00   -1.000000E+01   -1.000000E+01    1.827000E+00   -1.000000E+01    6.743000E+00    3.894000E+00    7.900000E-01    6.000000E+00    5.500000E+01    2.333000E+00    1.871000E+00    4.360000E+00    1.302000E+00    9.577000E-02    1.018000E-03   -1.100000E+01    2.000000E+00    2.000000E+00    1.100000E+03    5.000000E+01   -1.000000E+01    1.000000E+00    1.629017E+00   -9.163000E+00   -9.392683E+00
   2.000000E-09    1.000000E+00    1.279000E+00    9.300000E+01    1.398000E+00   -2.000000E+00   -1.000000E+01    1.362000E+00   -1.000000E+01   -1.000000E+01   -1.000000E+01   -1.000000E+01    1.250000E+01    1.045000E+01    2.660000E+00    5.000000E+00    5.300000E+01    3.375000E+00    2.893000E+00    3.850000E+00    1.690000E+00    6.690000E-02    8.974000E-04   -1.052000E+01    2.000000E+00    1.000000E+00    1.600000E+03    4.750000E+01   -1.000000E+01   -1.000000E+00    7.195612E-01   -1.146000E+01   -1.102608E+01
   5.000000E-10    4.000000E+00    1.744000E+00    8.200000E+01    1.398000E+00   -5.834000E-01    1.146000E+00    3.281000E+00    3.328000E+00    3.810000E+00    1.831000E+00    3.016000E+00    9.327000E+00    6.026000E+00    1.280000E+00    7.000000E+00    9.400000E+01    3.322000E+00    7.118000E-01    4.990000E+00    1.170000E+00    6.690000E-01    8.974000E-04   -9.808000E+00    2.000000E+00    2.000000E+00    1.740000E+03    8.000000E+01    1.875000E+00    0.000000E+00    3.649240E+00   -1.033000E+01   -1.045816E+01
   2.100000E-09    0.000000E+00    1.279000E+00    9.300000E+01    1.398000E+00   -2.190000E-01   -1.000000E+01    4.105000E+00    2.983000E+00    2.697000E+00    2.086000E+00   -1.000000E+01    1.250000E+01    1.360000E+01    2.200000E+00    1.000000E+00    1.000000E+00    8.499000E-01    7.650000E-01    8.500000E-01    1.690000E+00    4.571000E-02    8.974000E-04   -9.626000E+00    2.000000E+00    2.000000E+00    1.200000E+03    4.750000E+01   -1.000000E+01    0.000000E+00    2.037251E-02   -9.530000E+00   -9.511339E+00
   1.350000E-09    1.000000E+00    1.453000E+00    1.080000E+02    1.398000E+00   -1.000000E+01   -1.000000E+01   -1.000000E+01   -1.000000E+01   -1.000000E+01   -1.000000E+01   -1.000000E+01    6.673000E+00    5.139000E+00    9.300000E-01    3.000000E+00    1.100000E+01    1.777000E+00    1.028000E+00    2.890000E+00    1.580000E+00    2.376000E-01    8.974000E-04   -1.452000E+01    2.000000E+00    2.000000E+00    1.200000E+03    9.800000E+01   -1.000000E+01    1.000000E+00    1.989433E-01   -1.000000E+01   -9.933357E+00
   7.900000E-10    2.000000E+00    1.279000E+00    9.300000E+01    1.398000E+00    8.198000E-01   -1.000000E+01    5.178000E+00    3.983000E+00    5.366000E+00    2.086000E+00   -1.000000E+01    1.250000E+01    5.695000E+00    9.500000E-01    5.000000E+00    3.800000E+01    2.491000E+00    8.436000E-01    3.850000E+00    1.690000E+00    4.703000E-01    8.974000E-04   -9.106000E+00    2.000000E+00    2.000000E+00    1.200000E+03    4.750000E+01   -1.000000E+01    2.000000E+00    7.623889E-02   -1.000000E+01   -9.856090E+00
   2.090000E-09    1.000000E+00    1.447000E+00    1.080000E+02    1.398000E+00   -1.000000E+01   -1.000000E+01   -1.000000E+01   -1.000000E+01   -1.000000E+01   -1.000000E+01   -1.000000E+01    8.500000E+00    3.894000E+00    7.900000E-01    6.000000E+00    5.500000E+01    2.333000E+00    2.090000E+00    4.360000E+00    1.586000E+00    4.778000E-02    8.974000E-04   -1.452000E+01    2.000000E+00    2.000000E+00    1.610000E+03    1.000000E+02   -1.000000E+01    1.000000E+00    1.369511E+00   -1.021000E+01   -1.004776E+01
   1.200000E-09    4.000000E+00    1.279000E+00    9.300000E+01    1.398000E+00   -2.190000E-01   -1.000000E+01    4.105000E+00    2.983000E+00    2.697000E+00    2.086000E+00   -1.000000E+01    1.250000E+01    6.266000E+00    1.360000E+00    7.000000E+00    9.300000E+01    3.387000E+00    1.742000E+00    4.990000E+00    1.690000E+00    2.887000E-01    8.974000E-04   -9.626000E+00    2.000000E+00    2.000000E+00    1.800000E+03    4.750000E+01   -1.000000E+01    0.000000E+00    2.098561E-01   -1.037000E+01   -1.051743E+01
   2.090000E-09    1.000000E+00    1.447000E+00    1.080000E+02    1.398000E+00   -1.000000E+01   -1.000000E+01   -1.000000E+01   -1.000000E+01   -1.000000E+01   -1.000000E+01   -1.000000E+01    8.400000E+00    3.894000E+00    7.900000E-01    6.000000E+00    5.500000E+01    2.333000E+00    2.090000E+00    4.360000E+00    1.586000E+00    4.778000E-02    8.974000E-04   -1.452000E+01    2.000000E+00    2.000000E+00    1.040000E+03    1.000000E+02   -1.000000E+01    1.000000E+00    1.147943E+00   -9.706000E+00   -9.739119E+00
   2.000000E-09    1.000000E+00    1.580000E+00    7.900000E+01    1.398000E+00   -1.166000E+00    2.934000E+00    2.265000E+00    2.882000E+00    3.027000E+00   -1.000000E+01    1.061000E+00    1.250000E+01    4.341000E+00    8.200000E-01    4.000000E+00    1.900000E+01    1.949000E+00    1.671000E+00    3.450000E+00    1.318000E+00    6.690000E-02    8.974000E-04   -1.010000E+01    2.000000E+00    1.000000E+00    2.000000E+03    8.200000E+01   -1.000000E+01    1.000000E+00    3.196618E-02   -9.854000E+00   -9.844024E+00
   6.610000E-10    2.000000E+00    1.279000E+00    9.300000E+01    1.367000E+00    7.918000E-02   -1.000000E+01    4.281000E+00   -1.000000E+01    2.401000E+00    4.248000E+00    4.062000E+00    5.600000E+00    7.640000E+00    1.910000E+00    4.000000E+00    2.800000E+01    2.586000E+00    7.368000E-01    3.450000E+00    1.690000E+00    5.452000E-01    9.361000E-04   -9.478000E+00    2.000000E+00    1.000000E+00    1.800000E+03    4.750000E+01   -1.000000E+01    2.000000E+00    2.599714E-02   -1.059000E+01   -1.041316E+01
   2.000000E-09    1.000000E+00    1.580000E+00    7.900000E+01    1.398000E+00   -1.365000E+00    1.990000E+00    2.225000E+00    2.538000E+00    3.094000E+00   -1.000000E+01    2.238000E+00    7.800000E+00    4.341000E+00    8.200000E-01    4.000000E+00    1.900000E+01    1.949000E+00    1.671000E+00    3.450000E+00    1.318000E+00    6.690000E-02    8.974000E-04   -1.020000E+01    2.000000E+00    1.000000E+00    1.700000E+03    8.200000E+01   -1.000000E+01    1.000000E+00    7.203868E-02   -9.854000E+00   -9.547167E+00
   8.100000E-10    2.000000E+00    2.025000E+00    8.100000E+01    1.362000E+00   -1.000000E+00   -1.000000E+01    3.362000E+00   -1.000000E+01    3.550000E+00   -1.000000E+01   -1.000000E+01    7.800000E+00    9.752000E+00    2.550000E+00    4.000000E+00    3.400000E+01    2.921000E+00    1.021000E+00    3.450000E+00    8.832000E-01    4.565000E-01    9.432000E-04   -1.002000E+01    2.500000E+01    1.000000E+00    1.500000E+03    0.000000E+00   -1.000000E+01   -1.000000E+00    1.023184E-01   -1.157000E+01   -1.116476E+01
   2.140000E-09    0.000000E+00   -2.218000E-01    1.730000E+01    1.362000E+00   -3.000000E+00   -6.990000E-01    9.823000E-01    7.497000E-01    2.967000E-01    1.348000E+00    9.581000E-01    8.920000E+00    1.360000E+01    2.200000E+00    1.000000E+00    1.000000E+00    8.499000E-01    7.849000E-01    8.500000E-01    2.460000E+00    3.459000E-02    9.432000E-04   -1.102000E+01    2.700000E+01    1.000000E+00    2.430000E+03    0.000000E+00   -1.000000E+01    0.000000E+00    7.350483E-03   -1.080000E+01   -1.056695E+01
   1.350000E-09    1.000000E+00    1.453000E+00    1.080000E+02    1.398000E+00   -1.000000E+01   -1.000000E+01   -1.000000E+01   -1.000000E+01   -1.000000E+01   -1.000000E+01   -1.000000E+01    6.303000E+00    5.139000E+00    9.300000E-01    3.000000E+00    1.100000E+01    1.777000E+00    1.028000E+00    2.890000E+00    1.580000E+00    2.376000E-01    8.974000E-04   -1.452000E+01    2.000000E+00    2.000000E+00    1.800000E+03    9.800000E+01   -1.000000E+01    1.000000E+00    1.670167E-01   -1.059000E+01   -1.055212E+01
   9.230000E-10    4.000000E+00    1.279000E+00    9.300000E+01    1.398000E+00   -3.010000E-01   -1.000000E+01    4.061000E+00   -1.000000E+01   -1.000000E+01   -1.000000E+01   -1.000000E+01    1.250000E+01    1.126000E+01    2.550000E+00    2.000000E+00    6.000000E+00    1.811000E+00    7.164000E-01    1.990000E+00    1.690000E+00    4.027000E-01    8.974000E-04   -9.667000E+00    2.000000E+00    1.000000E+00    1.600000E+03    4.750000E+01    1.699000E+00   -2.000000E+00    4.515498E-02   -1.068000E+01   -1.068735E+01
   2.220000E-09    0.000000E+00    1.602000E+00    1.400000E+01    1.362000E+00   -9.208000E-01    9.345000E-01    3.403000E+00    5.328000E-01    3.575000E+00    2.387000E+00    1.904000E+00    8.200000E+00    1.360000E+01    2.200000E+00    1.000000E+00    1.000000E+00    8.499000E-01    8.142000E-01    8.500000E-01    5.441000E-01    1.865000E-02    9.432000E-04   -9.978000E+00    5.000000E+00    1.000000E+00    2.450000E+03    0.000000E+00   -1.000000E+01    0.000000E+00    4.572166E-02   -1.059000E+01   -1.065778E+01
   7.300000E-10    2.000000E+00    1.580000E+00    7.870000E+01    1.398000E+00   -1.000000E+00   -1.000000E+01    3.362000E+00   -1.000000E+01   -1.000000E+01   -1.000000E+01   -1.000000E+01    6.090000E+00    7.881000E+00    1.880000E+00    4.000000E+00    2.700000E+01    2.626000E+00    8.217000E-01    3.450000E+00    1.316000E+00    5.046000E-01    8.974000E-04   -1.002000E+01    2.000000E+00    1.000000E+00    1.200000E+03    8.200000E+01   -1.000000E+01    2.000000E+00    1.506076E+00   -1.019000E+01   -9.962769E+00
   3.690000E-09    1.000000E+00    1.453000E+00    1.080000E+02    1.699000E+00   -1.000000E+00   -1.000000E+01    3.362000E+00   -1.000000E+01    3.550000E+00   -1.000000E+01   -1.000000E+01    6.288000E+00    1.297000E+01    3.160000E+00    3.000000E+00    1.700000E+01    2.822000E+00    4.118000E+00    2.890000E+00    1.580000E+00   -1.641000E-01    5.279000E-04   -9.999000E+00    2.000000E+00    2.000000E+00    1.000000E+03    9.800000E+01   -1.000000E+01   -1.000000E+00    3.554519E-01   -9.401000E+00   -9.463440E+00
   2.100000E-09    1.000000E+00    1.453000E+00    1.080000E+02    1.565000E+00   -2.000000E+00   -1.000000E+01    2.362000E+00   -1.000000E+01    2.550000E+00   -1.000000E+01   -1.000000E+01    7.051000E+00    3.894000E+00    7.900000E-01    6.000000E+00    5.500000E+01    2.333000E+00    2.021000E+00    4.360000E+00    1.580000E+00    6.243000E-02    6.848000E-04   -1.051000E+01    2.000000E+00    2.000000E+00    1.410000E+03    9.999000E+01   -1.000000E+01    1.000000E+00    1.571534E+00   -9.991000E+00   -9.992620E+00
   1.010000E-09    1.000000E+00    1.453000E+00    1.080000E+02    1.176000E+00   -1.000000E+01   -1.000000E+01   -1.000000E+01   -1.000000E+01   -1.000000E+01   -1.000000E+01   -1.000000E+01    5.663000E+00    5.139000E+00    9.300000E-01    3.000000E+00    1.100000E+01    1.777000E+00    7.958000E-01    2.890000E+00    1.580000E+00    3.488000E-01    1.162000E-03   -1.452000E+01    2.000000E+00    2.000000E+00    1.800000E+03    9.800000E+01   -1.000000E+01    1.000000E+00    2.117062E-01   -1.071000E+01   -1.068221E+01
   4.300000E-10    4.000000E+00    1.279000E+00    9.300000E+01    1.398000E+00    0.000000E+00   -1.000000E+01   -1.000000E+01   -1.000000E+01   -1.000000E+01   -1.000000E+01   -1.000000E+01    9.000000E+00    6.194000E+00    1.380000E+00    7.000000E+00    9.200000E+01    3.368000E+00    6.207000E-01    4.990000E+00    1.690000E+00    7.345000E-01    8.974000E-04   -9.516000E+00    2.000000E+00    2.000000E+00    1.820000E+03    4.750000E+01    1.602000E+00    0.000000E+00    1.929988E+00   -1.064000E+01   -1.056842E+01
   2.040000E-09    1.000000E+00    1.744000E+00    8.200000E+01    1.380000E+00   -6.576000E-01    1.176000E+00    3.262000E+00    3.292000E+00    3.770000E+00    1.447000E+00    3.583000E+00    7.200000E+00    3.894000E+00    7.900000E-01    6.000000E+00    5.500000E+01    2.333000E+00    2.047000E+00    4.360000E+00    1.170000E+00    5.684000E-02    9.199000E-04   -9.846000E+00    2.000000E+00    2.000000E+00    1.370000E+03    8.000000E+01   -1.000000E+01    1.000000E+00    3.547409E-02   -9.914000E+00   -9.928707E+00
   2.090000E-09    1.000000E+00    1.580000E+00    7.870000E+01    1.398000E+00   -1.857000E+00    5.922000E-01    2.448000E+00    1.256000E+00    2.603000E+00    2.086000E+00    9.825000E-01    8.565000E+00    3.894000E+00    7.900000E-01    6.000000E+00    5.500000E+01    2.333000E+00    2.090000E+00    4.360000E+00    1.316000E+00    4.778000E-02    8.974000E-04   -1.044000E+01    2.000000E+00    5.000000E+00    2.100000E+03    8.200000E+01   -1.000000E+01    1.000000E+00    7.205028E-01   -1.060000E+01   -1.049327E+01
   2.100000E-09    1.000000E+00    6.021000E-01    6.700000E+01    1.398000E+00   -1.000000E+00    3.592000E+00   -1.000000E+01   -1.000000E+01   -1.000000E+01   -1.000000E+01   -1.000000E+01    6.000000E+00    3.894000E+00    7.900000E-01    6.000000E+00    5.500000E+01    2.333000E+00    2.100000E+00    4.360000E+00    2.224000E+00    4.571000E-02    8.974000E-04   -1.002000E+01    1.300000E+01    1.000000E+00    2.640000E+03    0.000000E+00   -1.000000E+01    1.000000E+00    1.930260E-02   -1.230000E+01   -1.152429E+01
   2.090000E-09    1.000000E+00    1.447000E+00    1.080000E+02    1.398000E+00   -1.000000E+01   -1.000000E+01   -1.000000E+01   -1.000000E+01   -1.000000E+01   -1.000000E+01   -1.000000E+01    9.500000E+00    3.894000E+00    7.900000E-01    6.000000E+00    5.500000E+01    2.333000E+00    2.090000E+00    4.360000E+00    1.586000E+00    4.778000E-02    8.974000E-04   -1.452000E+01    2.000000E+00    2.000000E+00    1.090000E+03    1.000000E+02   -1.000000E+01    1.000000E+00    1.329121E+00   -9.747000E+00   -9.739004E+00
   2.410000E-09    2.000000E+00    1.279000E+00    9.300000E+01    1.845000E+00   -2.538000E+00   -1.000000E+01    1.824000E+00   -1.000000E+01   -1.000000E+01    2.248000E+00   -1.000000E+01    9.100000E+00    5.695000E+00    9.500000E-01    5.000000E+00    3.800000E+01    2.491000E+00    2.236000E+00    3.850000E+00    1.690000E+00    4.696000E-02    3.939000E-04   -1.075000E+01    2.000000E+00    2.000000E+00    1.050000E+03    5.000000E+01   -1.000000E+01    2.000000E+00    7.135065E-01   -9.025000E+00   -9.472199E+00
   2.000000E-09    7.000000E+00    1.744000E+00    8.200000E+01    1.380000E+00   -5.918000E-01    1.146000E+00    3.279000E+00    3.330000E+00    3.785000E+00    1.831000E+00    3.016000E+00    7.500000E+00    7.280000E+00    1.900000E+00    5.000000E+00    4.300000E+01    2.817000E+00    2.423000E+00    3.850000E+00    1.170000E+00    6.544000E-02    9.199000E-04   -9.813000E+00    2.000000E+00    1.000000E+00    1.360000E+03    8.000000E+01   -1.000000E+01   -1.000000E+00    1.250384E-01   -9.889000E+00   -9.953375E+00
   8.050000E-10    2.000000E+00    1.580000E+00    7.870000E+01    1.398000E+00   -3.010000E-01   -1.000000E+01    4.061000E+00   -1.000000E+01   -1.000000E+01   -1.000000E+01   -1.000000E+01    7.587000E+00    5.695000E+00    9.500000E-01    5.000000E+00    3.800000E+01    2.491000E+00    8.596000E-01    3.850000E+00    1.316000E+00    4.621000E-01    8.974000E-04   -9.667000E+00    2.000000E+00    1.000000E+00    8.000000E+02    8.200000E+01   -1.000000E+01    2.000000E+00    3.066309E-02   -9.845000E+00   -9.808818E+00
   1.200000E-09    4.000000E+00    6.021000E-01    6.700000E+01    1.415000E+00    6.070000E-02   -1.000000E+01    4.403000E+00   -1.000000E+01   -1.000000E+01    4.785000E+00   -1.000000E+01    8.900000E+00    6.266000E+00    1.360000E+00    7.000000E+00    9.300000E+01    3.387000E+00    1.736000E+00    4.990000E+00    2.224000E+00    2.902000E-01    8.757000E-04   -9.485000E+00    1.300000E+01    1.000000E+00    2.640000E+03    0.000000E+00   -1.000000E+01   -4.000000E+00    7.933348E-02   -1.240000E+01   -1.240350E+01
   2.100000E-09    0.000000E+00    2.025000E+00    8.100000E+01    1.398000E+00    6.990000E-01   -1.000000E+01    5.061000E+00   -1.000000E+01    5.249000E+00   -1.000000E+01   -1.000000E+01    1.250000E+01    1.360000E+01    2.200000E+00    1.000000E+00    1.000000E+00    8.499000E-01    7.650000E-01    8.500000E-01    8.832000E-01    4.571000E-02    8.974000E-04   -9.167000E+00    2.500000E+01    1.000000E+00    1.650000E+03    0.000000E+00   -1.000000E+01    0.000000E+00    7.058802E-02   -1.042000E+01   -1.027052E+01
   1.910000E-09    1.000000E+00    2.025000E+00    8.100000E+01    1.352000E+00    6.990000E-01   -1.000000E+01    5.061000E+00   -1.000000E+01    5.249000E+00   -1.000000E+01   -1.000000E+01    1.250000E+01    1.297000E+01    3.160000E+00    3.000000E+00    1.700000E+01    2.822000E+00    2.330000E+00    2.890000E+00    8.832000E-01    8.324000E-02    9.552000E-04   -9.169000E+00    2.500000E+01    1.000000E+00    1.650000E+03    0.000000E+00   -1.000000E+01   -1.000000E+00    3.424979E-02   -1.123000E+01   -1.102973E+01
   1.200000E-09    5.000000E+00    1.455000E+00    8.700000E+01    1.301000E+00   -2.297000E+00   -1.000000E+01   -1.000000E+01    2.603000E+00   -1.000000E+01   -1.000000E+01   -1.000000E+01    6.000000E+00    6.266000E+00    1.360000E+00    7.000000E+00    9.300000E+01    3.387000E+00    1.772000E+00    4.990000E+00    1.485000E+00    2.814000E-01    1.018000E-03   -1.067000E+01    3.000000E+00    2.000000E+00    7.800000E+02    1.000000E+02   -1.000000E+01    1.000000E+00    1.632507E-02   -9.682000E+00   -9.670389E+00
   9.000000E-10    2.000000E+00    1.279000E+00    9.300000E+01    1.398000E+00   -1.000000E+01   -1.000000E+01   -1.000000E+01   -1.000000E+01   -1.000000E+01   -1.000000E+01   -1.000000E+01    1.250000E+01    7.344000E+00    1.960000E+00    5.000000E+00    5.000000E+01    2.829000E+00    1.091000E+00    3.850000E+00    1.690000E+00    4.137000E-01    8.974000E-04   -1.452000E+01    2.000000E+00    2.000000E+00    1.600000E+03    4.750000E+01   -1.000000E+01    2.000000E+00    1.285570E+00   -1.042000E+01   -1.048814E+01
   2.000000E-09    7.000000E+00    1.744000E+00    8.200000E+01    1.380000E+00   -5.918000E-01    1.146000E+00    3.279000E+00    3.330000E+00    3.785000E+00    1.831000E+00    3.016000E+00    7.500000E+00    7.280000E+00    1.900000E+00    5.000000E+00    4.300000E+01    2.817000E+00    2.423000E+00    3.850000E+00    1.170000E+00    6.544000E-02    9.199000E-04   -9.813000E+00    2.000000E+00    1.000000E+00    1.150000E+03    8.000000E+01   -1.000000E+01   -1.000000E+00    1.250384E-01   -9.714000E+00   -9.773748E+00
   2.000000E-09    1.000000E+00    6.021000E-01    6.700000E+01    1.398000E+00   -2.523000E+00   -1.000000E+01   -1.000000E+01   -1.000000E+01    1.851000E+00   -1.000000E+01   -1.000000E+01    6.100000E+00    1.045000E+01    2.660000E+00    5.000000E+00    5.300000E+01    3.375000E+00    2.893000E+00    3.850000E+00    2.224000E+00    6.690000E-02    8.974000E-04   -1.078000E+01    1.300000E+01    1.000000E+00    2.640000E+03    0.000000E+00   -1.000000E+01   -1.000000E+00    4.204652E-01   -1.207000E+01   -1.221732E+01
   7.400000E-10    4.000000E+00    4.771000E-01    2.000000E+00    1.389000E+00   -8.861000E-01   -1.000000E+01    3.441000E+00   -1.000000E+01   -1.000000E+01    3.785000E+00    2.983000E+00    9.350000E+00    6.026000E+00    1.280000E+00    7.000000E+00    9.400000E+01    3.322000E+00    1.055000E+00    4.990000E+00    8.239000E-01    4.980000E-01    9.086000E-04   -9.960000E+00    8.000000E+00    1.000000E+00    2.640000E+03    0.000000E+00   -1.000000E+01   -2.000000E+00    3.529471E-01   -1.256000E+01   -1.256269E+01
   2.220000E-09    0.000000E+00    1.833000E+00    7.100000E+01    1.431000E+00   -2.301000E+00   -1.000000E+01    2.061000E+00   -1.000000E+01    2.249000E+00   -1.000000E+01   -1.000000E+01    7.000000E+00    1.360000E+01    2.200000E+00    1.000000E+00    1.000000E+00    8.499000E-01    8.034000E-01    8.500000E-01    1.019000E+00    2.448000E-02    8.547000E-04   -1.067000E+01    6.000000E+00    7.000000E+00    1.500000E+03    0.000000E+00   -1.000000E+01    0.000000E+00    8.133956E-02   -9.678000E+00   -9.803839E+00
   7.900000E-10    2.000000E+00    1.279000E+00    9.300000E+01    1.398000E+00   -1.000000E+01   -1.000000E+01   -1.000000E+01   -1.000000E+01   -1.000000E+01   -1.000000E+01   -1.000000E+01    1.250000E+01    5.695000E+00    9.500000E-01    5.000000E+00    3.800000E+01    2.491000E+00    8.436000E-01    3.850000E+00    1.690000E+00    4.703000E-01    8.974000E-04   -1.452000E+01    2.000000E+00    2.000000E+00    1.800000E+03    4.750000E+01   -1.000000E+01    2.000000E+00    2.660287E-01   -1.055000E+01   -1.055826E+01
   2.000000E-09    1.000000E+00    1.279000E+00    9.300000E+01    1.398000E+00   -2.000000E+00   -1.000000E+01    1.362000E+00   -1.000000E+01   -1.000000E+01   -1.000000E+01   -1.000000E+01    1.250000E+01    1.045000E+01    2.660000E+00    5.000000E+00    5.300000E+01    3.375000E+00    2.893000E+00    3.850000E+00    1.690000E+00    6.690000E-02    8.974000E-04   -1.052000E+01    2.000000E+00    1.000000E+00    1.600000E+03    4.750000E+01   -1.000000E+01   -1.000000E+00    7.195612E-01   -1.146000E+01   -1.102608E+01
   1.550000E-09    4.000000E+00    1.408000E+00    7.200000E+01    1.398000E+00   -6.326000E-01   -1.000000E+01    3.612000E+00   -1.000000E+01   -1.000000E+01   -1.000000E+01   -1.000000E+01    7.000000E+00    9.752000E+00    2.550000E+00    4.000000E+00    3.400000E+01    2.921000E+00    1.941000E+00    3.450000E+00    1.449000E+00    1.776000E-01    8.974000E-04   -9.833000E+00    2.000000E+00    1.000000E+00    1.600000E+03    7.500000E+01   -1.000000E+01   -1.000000E+00    3.139226E-02   -1.080000E+01   -1.050749E+01
   7.570000E-10    2.000000E+00    1.744000E+00    8.200000E+01    1.362000E+00   -5.719000E-01    1.437000E+00    3.441000E+00    3.205000E+00    3.851000E+00    1.086000E+00    3.129000E+00    7.700000E+00    5.695000E+00    9.500000E-01    5.000000E+00    3.800000E+01    2.491000E+00    8.138000E-01    3.850000E+00    1.170000E+00    4.859000E-01    9.432000E-04   -9.804000E+00    2.000000E+00    2.000000E+00    1.250000E+03    8.000000E+01    1.699000E+00    2.000000E+00    1.205406E-01   -1.045000E+01   -9.899422E+00
   4.740000E-09    0.000000E+00    1.279000E+00    9.300000E+01    1.778000E+00   -2.757000E-01    5.922000E-01    4.024000E+00    2.558000E+00    4.302000E+00   -1.000000E+01    4.065000E-01    8.300000E+00    1.360000E+01    2.200000E+00    1.000000E+00    1.000000E+00    8.499000E-01    1.545000E+00    8.500000E-01    1.690000E+00   -2.596000E-01    4.494000E-04   -9.630000E+00    2.000000E+00    1.000000E+00    1.600000E+03    4.750000E+01    1.477000E+00    0.000000E+00    1.448118E-02   -9.523000E+00   -9.407410E+00
   2.000000E-09    1.000000E+00    1.580000E+00    7.900000E+01    1.398000E+00   -1.000000E+00   -1.000000E+01    3.362000E+00   -1.000000E+01   -1.000000E+01   -1.000000E+01   -1.000000E+01    8.200000E+00    1.045000E+01    2.660000E+00    5.000000E+00    5.300000E+01    3.375000E+00    2.893000E+00    3.850000E+00    1.318000E+00    6.690000E-02    8.974000E-04   -1.002000E+01    2.000000E+00    1.000000E+00    4.000000E+02    8.000000E+01   -1.000000E+01   -1.000000E+00    1.108058E+00   -9.173000E+00   -9.246718E+00
   1.300000E-09    1.000000E+00   -1.549000E-01    1.000000E+01    1.398000E+00   -3.037000E+00   -6.990000E-01    9.827000E-01    7.490000E-01    2.967000E-01    1.408000E+00    9.581000E-01    8.700000E+00    5.139000E+00    9.300000E-01    3.000000E+00    1.100000E+01    1.777000E+00    9.899000E-01    2.890000E+00    2.155000E+00    2.540000E-01    8.974000E-04   -1.103000E+01    1.400000E+01    1.000000E+00    2.730000E+03    0.000000E+00   -1.000000E+01    1.000000E+00    1.200635E-01   -1.133000E+01   -1.116047E+01
   4.300000E-10    6.000000E+00    1.279000E+00    9.300000E+01    1.398000E+00   -1.000000E+01   -1.000000E+01   -1.000000E+01   -1.000000E+01   -1.000000E+01   -1.000000E+01   -1.000000E+01    8.450000E+00    6.194000E+00    1.380000E+00    7.000000E+00    9.200000E+01    3.368000E+00    6.207000E-01    4.990000E+00    1.690000E+00    7.345000E-01    8.974000E-04   -1.452000E+01    2.000000E+00    2.000000E+00    1.800000E+03    4.750000E+01   -1.000000E+01   -4.000000E+00    2.610358E+00   -1.082000E+01   -1.091572E+01
   1.560000E-09    1.000000E+00    1.453000E+00    1.080000E+02    1.176000E+00   -1.000000E+01   -1.000000E+01   -1.000000E+01   -1.000000E+01   -1.000000E+01   -1.000000E+01   -1.000000E+01    5.012000E+00    1.297000E+01    3.160000E+00    3.000000E+00    1.700000E+01    2.822000E+00    1.952000E+00    2.890000E+00    1.580000E+00    1.600000E-01    1.162000E-03   -1.452000E+01    2.000000E+00    2.000000E+00    1.400000E+03    9.800000E+01   -1.000000E+01   -1.000000E+00    1.535987E-01   -1.011000E+01   -1.015979E+01
   2.030000E-09    1.000000E+00    1.580000E+00    7.200000E+01    1.176000E+00   -3.010000E-01   -1.000000E+01    4.061000E+00   -1.000000E+01    4.249000E+00   -1.000000E+01   -1.000000E+01    6.800000E+00    1.045000E+01    2.660000E+00    5.000000E+00    5.300000E+01    3.375000E+00    3.039000E+00    3.850000E+00    1.278000E+00    4.562000E-02    1.162000E-03   -9.674000E+00    2.000000E+00    1.000000E+00    1.600000E+03    8.200000E+01   -1.000000E+01   -1.000000E+00    1.234509E+00   -1.016000E+01   -1.026478E+01
   2.140000E-09    0.000000E+00    1.477000E+00    2.100000E+01    1.398000E+00   -6.576000E-01    2.000000E+00    2.230000E+00    2.544000E+00    3.090000E+00    2.000000E+00    2.230000E+00    7.200000E+00    1.360000E+01    2.200000E+00    1.000000E+00    1.000000E+00    8.499000E-01    7.796000E-01    8.500000E-01    8.451000E-01    3.752000E-02    8.974000E-04   -9.845000E+00    4.000000E+00    1.000000E+00    2.440000E+03    0.000000E+00   -1.000000E+01    0.000000E+00    4.702064E-02   -1.037000E+01   -1.050937E+01
   2.100000E-09    1.000000E+00    1.279000E+00    9.300000E+01    1.398000E+00    8.198000E-01   -1.000000E+01    5.178000E+00    3.983000E+00    5.366000E+00    2.086000E+00   -1.000000E+01    1.250000E+01    3.894000E+00    7.900000E-01    6.000000E+00    5.500000E+01    2.333000E+00    2.100000E+00    4.360000E+00    1.690000E+00    4.571000E-02    8.974000E-04   -9.106000E+00    2.000000E+00    2.000000E+00    1.200000E+03    4.750000E+01   -1.000000E+01    1.000000E+00    5.411698E-02   -9.577000E+00   -9.595012E+00
   2.100000E-09    4.000000E+00    1.279000E+00    9.300000E+01    1.398000E+00   -1.000000E+01   -1.000000E+01   -1.000000E+01   -1.000000E+01   -1.000000E+01   -1.000000E+01   -1.000000E+01    1.250000E+01    6.634000E+00    1.330000E+00    5.000000E+00    4.000000E+01    2.689000E+00    2.420000E+00    3.850000E+00    1.690000E+00    4.571000E-02    8.974000E-04   -1.452000E+01    2.000000E+00    2.000000E+00    1.600000E+03    4.750000E+01   -1.000000E+01    0.000000E+00    8.326697E-01   -1.005000E+01   -9.997339E+00
   2.950000E-09    1.000000E+00    1.453000E+00    1.080000E+02    1.602000E+00   -3.010000E-01   -1.000000E+01    4.061000E+00   -1.000000E+01    4.249000E+00   -1.000000E+01   -1.000000E+01    6.026000E+00    1.297000E+01    3.160000E+00    3.000000E+00    1.700000E+01    2.822000E+00    3.397000E+00    2.890000E+00    1.580000E+00   -8.057000E-02    6.389000E-04   -9.656000E+00    2.000000E+00    2.000000E+00    1.000000E+03    9.800000E+01   -1.000000E+01   -1.000000E+00    6.278964E-01   -9.499000E+00   -9.481860E+00
   2.000000E-09    1.000000E+00   -1.549000E-01    1.000000E+01    1.398000E+00   -2.218000E-01   -1.000000E+01   -1.000000E+01   -1.000000E+01    4.328000E+00   -1.000000E+01   -1.000000E+01    5.800000E+00    1.297000E+01    3.160000E+00    3.000000E+00    1.700000E+01    2.822000E+00    2.419000E+00    2.890000E+00    2.155000E+00    6.690000E-02    8.974000E-04   -9.627000E+00    1.400000E+01    1.000000E+00    2.640000E+03    0.000000E+00   -1.000000E+01   -1.000000E+00    5.068426E-01   -1.213000E+01   -1.209728E+01
   2.100000E-09    0.000000E+00    2.025000E+00    8.100000E+01    1.398000E+00    6.990000E-01   -1.000000E+01    5.061000E+00   -1.000000E+01    5.249000E+00   -1.000000E+01   -1.000000E+01    1.250000E+01    1.360000E+01    2.200000E+00    1.000000E+00    1.000000E+00    8.499000E-01    7.650000E-01    8.500000E-01    8.832000E-01    4.571000E-02    8.974000E-04   -9.167000E+00    2.500000E+01    1.000000E+00    1.650000E+03    0.000000E+00   -1.000000E+01    0.000000E+00    7.058802E-02   -1.028000E+01   -1.027052E+01
   9.560000E-10    4.000000E+00    1.279000E+00    9.300000E+01    1.398000E+00   -3.010000E-01   -1.000000E+01    4.061000E+00   -1.000000E+01    4.250000E+00   -1.000000E+01   -1.000000E+01    1.250000E+01    1.126000E+01    2.550000E+00    2.000000E+00    6.000000E+00    1.811000E+00    7.420000E-01    1.990000E+00    1.690000E+00    3.875000E-01    8.974000E-04   -9.667000E+00    2.000000E+00    1.000000E+00    1.600000E+03    5.000000E+01    1.699000E+00   -2.000000E+00    7.279198E-02   -1.159000E+01   -1.070381E+01
   9.000000E-10    2.000000E+00    1.279000E+00    9.300000E+01    1.398000E+00    8.198000E-01   -1.000000E+01    5.178000E+00    3.983000E+00    5.366000E+00    2.086000E+00   -1.000000E+01    1.250000E+01    7.344000E+00    1.960000E+00    5.000000E+00    5.000000E+01    2.829000E+00    1.091000E+00    3.850000E+00    1.690000E+00    4.137000E-01    8.974000E-04   -9.106000E+00    2.000000E+00    2.000000E+00    1.200000E+03    4.750000E+01   -1.000000E+01    2.000000E+00    1.049871E+00   -9.947000E+00   -9.877752E+00
   1.550000E-09    4.000000E+00    6.232000E-01    6.700000E+01    1.301000E+00   -1.146000E+00    1.301000E+00    3.024000E+00    2.243000E+00    3.027000E+00    2.556000E+00    2.970000E+00    7.580000E+00    9.752000E+00    2.550000E+00    4.000000E+00    3.400000E+01    2.921000E+00    1.974000E+00    3.450000E+00    2.203000E+00    1.703000E-01    1.018000E-03   -1.009000E+01    1.300000E+01    1.000000E+00    2.630000E+03    0.000000E+00   -1.000000E+01   -1.000000E+00    4.425389E-02   -1.338000E+01   -1.229838E+01
   7.570000E-10    2.000000E+00    2.477000E+00    5.000000E+01    1.362000E+00   -5.867000E-01    1.799000E+00    3.248000E+00    3.327000E+00    3.805000E+00    1.108000E+00    3.062000E+00    7.800000E+00    5.695000E+00    9.500000E-01    5.000000E+00    3.800000E+01    2.491000E+00    8.138000E-01    3.850000E+00    2.218000E-01    4.859000E-01    9.432000E-04   -9.811000E+00    2.600000E+01    2.000000E+00    1.250000E+03    3.500000E+01    1.699000E+00    2.000000E+00    1.301589E-01   -1.023000E+01   -9.785199E+00
   2.000000E-09    1.000000E+00    1.744000E+00    8.200000E+01    1.380000E+00   -5.918000E-01    1.146000E+00    3.279000E+00    3.328000E+00    3.785000E+00    1.831000E+00    3.016000E+00    7.500000E+00    1.045000E+01    2.660000E+00    5.000000E+00    5.300000E+01    3.375000E+00    2.903000E+00    3.850000E+00    1.170000E+00    6.544000E-02    9.199000E-04   -9.813000E+00    2.000000E+00    1.000000E+00    9.000000E+02    8.000000E+01   -1.000000E+01   -1.000000E+00    2.755688E-01   -1.003000E+01   -1.036494E+01
   2.000000E-09    1.000000E+00    1.744000E+00    8.200000E+01    1.380000E+00   -5.918000E-01    1.146000E+00    3.279000E+00    3.328000E+00    3.785000E+00    1.831000E+00    3.016000E+00    7.500000E+00    1.045000E+01    2.660000E+00    5.000000E+00    5.300000E+01    3.375000E+00    2.903000E+00    3.850000E+00    1.170000E+00    6.544000E-02    9.199000E-04   -9.813000E+00    2.000000E+00    2.000000E+00    1.300000E+03    8.000000E+01   -1.000000E+01   -1.000000E+00    2.755688E-01   -9.836000E+00   -9.808283E+00
   1.460000E-09    7.000000E+00    1.408000E+00    7.200000E+01    1.398000E+00   -1.184000E+00    1.199000E+00    3.079000E+00    2.103000E+00    2.783000E+00    1.919000E+00    2.732000E+00    8.300000E+00    7.834000E+00    1.900000E+00    6.000000E+00    7.500000E+01    3.309000E+00    2.071000E+00    4.360000E+00    1.449000E+00    2.036000E-01    8.974000E-04   -1.011000E+01    2.000000E+00    1.000000E+00    1.800000E+03    7.500000E+01   -1.000000E+01   -1.000000E+00    2.713870E-01   -1.144000E+01   -1.098416E+01
   2.090000E-09    1.000000E+00    1.453000E+00    1.080000E+02    1.398000E+00   -1.000000E+01   -1.000000E+01   -1.000000E+01   -1.000000E+01   -1.000000E+01   -1.000000E+01   -1.000000E+01    7.246000E+00    1.297000E+01    3.160000E+00    3.000000E+00    1.700000E+01    2.822000E+00    2.528000E+00    2.890000E+00    1.580000E+00    4.778000E-02    8.974000E-04   -1.452000E+01    2.000000E+00    2.000000E+00    1.600000E+03    9.800000E+01   -1.000000E+01   -1.000000E+00    3.212787E-01   -1.016000E+01   -1.015057E+01
   2.220000E-09    0.000000E+00    1.602000E+00    1.400000E+01    1.362000E+00   -9.586000E-01    9.345000E-01    3.403000E+00    5.328000E-01    3.575000E+00    2.387000E+00    1.904000E+00    8.200000E+00    1.360000E+01    2.200000E+00    1.000000E+00    1.000000E+00    8.499000E-01    8.142000E-01    8.500000E-01    5.441000E-01    1.865000E-02    9.432000E-04   -9.997000E+00    5.000000E+00    1.000000E+00    2.450000E+03    0.000000E+00   -1.000000E+01    0.000000E+00    4.538114E-02   -1.057000E+01   -1.065778E+01
   1.550000E-09    4.000000E+00    1.999000E+00    1.080000E+02    1.398000E+00   -3.635000E-01   -1.000000E+01    3.939000E+00   -1.000000E+01   -1.000000E+01   -1.000000E+01   -1.000000E+01    7.000000E+00    9.752000E+00    2.550000E+00    4.000000E+00    3.400000E+01    2.921000E+00    1.941000E+00    3.450000E+00    1.034000E+00    1.776000E-01    8.974000E-04   -9.698000E+00    3.000000E+00    1.000000E+00    1.600000E+03    1.000000E+02   -1.000000E+01   -1.000000E+00    3.090946E-02   -1.020000E+01   -1.044128E+01
   2.000000E-09    1.000000E+00    1.447000E+00    1.080000E+02    1.362000E+00    6.990000E-01   -1.000000E+01    5.061000E+00   -1.000000E+01   -1.000000E+01   -1.000000E+01   -1.000000E+01    1.250000E+01    1.045000E+01    2.660000E+00    5.000000E+00    5.300000E+01    3.375000E+00    2.913000E+00    3.850000E+00    1.586000E+00    6.398000E-02    9.432000E-04   -9.168000E+00    2.000000E+00    1.000000E+00    9.000000E+02    1.000000E+02   -1.000000E+01   -1.000000E+00    7.446862E-01   -1.026000E+01   -1.019603E+01
   2.570000E-09    1.000000E+00    1.453000E+00    1.080000E+02    1.699000E+00   -1.301000E+00   -1.000000E+01    3.061000E+00   -1.000000E+01    3.249000E+00   -1.000000E+01   -1.000000E+01    7.488000E+00    5.139000E+00    9.300000E-01    3.000000E+00    1.100000E+01    1.777000E+00    1.806000E+00    2.890000E+00    1.580000E+00   -7.034000E-03    5.279000E-04   -1.015000E+01    2.000000E+00    2.000000E+00    1.000000E+03    9.800000E+01   -1.000000E+01    1.000000E+00    1.786145E-01   -9.559000E+00   -9.557114E+00
   6.100000E-10    3.000000E+00    1.279000E+00    9.300000E+01    1.394000E+00   -2.222000E+00   -1.000000E+01   -1.000000E+01   -1.000000E+01    2.027000E+00   -1.000000E+01   -1.000000E+01    7.700000E+00    5.644000E+00    1.170000E+00    6.000000E+00    6.200000E+01    2.809000E+00    7.348000E-01    4.360000E+00    1.690000E+00    5.823000E-01    9.019000E-04   -1.063000E+01    2.000000E+00    2.000000E+00    8.000000E+02    4.750000E+01   -1.000000E+01    1.000000E+00    2.283950E+00   -9.845000E+00   -9.745695E+00
   6.600000E-10    2.000000E+00    1.279000E+00    9.300000E+01    1.398000E+00   -1.000000E+01   -1.000000E+01   -1.000000E+01   -1.000000E+01   -1.000000E+01   -1.000000E+01   -1.000000E+01    1.250000E+01    7.640000E+00    1.910000E+00    4.000000E+00    2.800000E+01    2.586000E+00    7.315000E-01    3.450000E+00    1.690000E+00    5.484000E-01    8.974000E-04   -1.452000E+01    2.000000E+00    2.000000E+00    1.200000E+03    4.750000E+01   -1.000000E+01    2.000000E+00    9.876415E-01   -1.008000E+01   -9.993676E+00
   7.420000E-10    1.000000E+00    1.453000E+00    1.080000E+02    6.990000E-01   -1.000000E+01   -1.000000E+01   -1.000000E+01   -1.000000E+01   -1.000000E+01   -1.000000E+01   -1.000000E+01    5.281000E+00    5.139000E+00    9.300000E-01    3.000000E+00    1.100000E+01    1.777000E+00    6.056000E-01    2.890000E+00    1.580000E+00    4.674000E-01    1.536000E-03   -1.453000E+01    2.000000E+00    2.000000E+00    1.400000E+03    9.800000E+01   -1.000000E+01    1.000000E+00    1.372037E-01   -1.043000E+01   -1.039800E+01
   2.140000E-09    0.000000E+00   -1.549000E-01    1.000000E+01    1.362000E+00   -5.157000E-01    1.000000E+00    3.380000E+00    3.405000E+00    3.922000E+00    1.230000E+00    2.230000E+00    8.770000E+00    1.360000E+01    2.200000E+00    1.000000E+00    1.000000E+00    8.499000E-01    7.849000E-01    8.500000E-01    2.155000E+00    3.459000E-02    9.432000E-04   -9.776000E+00    1.400000E+01    1.000000E+00    2.610000E+03    0.000000E+00   -1.000000E+01    0.000000E+00    3.241104E-03   -1.074000E+01   -1.087782E+01
   2.140000E-09    0.000000E+00    1.447000E+00    1.300000E+01    1.398000E+00   -6.990000E-01    2.228000E+00    3.538000E+00    2.462000E+00    3.754000E+00    1.279000E+00    2.983000E+00    7.900000E+00    1.360000E+01    2.200000E+00    1.000000E+00    1.000000E+00    8.499000E-01    7.796000E-01    8.500000E-01    6.668000E-01    3.752000E-02    8.974000E-04   -9.866000E+00    4.000000E+00    4.000000E+00    2.600000E+03    0.000000E+00   -1.000000E+01    0.000000E+00    8.058287E-02   -1.123000E+01   -1.116156E+01
   2.090000E-09    1.000000E+00    6.021000E-01    6.700000E+01    1.398000E+00   -6.108000E-01    9.079000E-01    3.322000E+00    3.276000E+00    3.800000E+00    1.000000E+00    2.748000E+00    7.500000E+00    3.894000E+00    7.900000E-01    6.000000E+00    5.500000E+01    2.333000E+00    2.090000E+00    4.360000E+00    2.224000E+00    4.778000E-02    8.974000E-04   -9.822000E+00    1.300000E+01    1.000000E+00    1.450000E+03    0.000000E+00   -1.000000E+01    1.000000E+00    1.557130E-02   -1.033000E+01   -9.630536E+00
   8.100000E-10    2.000000E+00    2.025000E+00    8.100000E+01    1.342000E+00   -1.000000E+00   -1.000000E+01    3.362000E+00   -1.000000E+01    3.550000E+00   -1.000000E+01   -1.000000E+01    8.000000E+00    9.752000E+00    2.550000E+00    4.000000E+00    3.400000E+01    2.921000E+00    1.025000E+00    3.450000E+00    8.832000E-01    4.551000E-01    9.673000E-04   -1.002000E+01    2.500000E+01    1.000000E+00    1.530000E+03    0.000000E+00   -1.000000E+01   -1.000000E+00    1.318983E-01   -1.121000E+01   -1.113992E+01
   1.130000E-09    6.000000E+00    1.408000E+00    7.200000E+01    1.176000E+00   -9.208000E-01   -1.000000E+01    3.362000E+00   -1.000000E+01    3.550000E+00   -1.000000E+01   -1.000000E+01    5.600000E+00    6.767000E+00    1.660000E+00    4.000000E+00    2.400000E+01    2.434000E+00    1.220000E+00    3.450000E+00    1.449000E+00    3.000000E-01    1.162000E-03   -9.984000E+00    2.000000E+00    1.000000E+00    1.300000E+03    7.500000E+01   -1.000000E+01   -1.000000E+00    7.196424E-02   -1.025000E+01   -1.022717E+01
   4.300000E-10    4.000000E+00    6.021000E-01    6.700000E+01    1.389000E+00   -8.861000E-01   -1.000000E+01    3.441000E+00   -1.000000E+01   -1.000000E+01    3.785000E+00   -1.000000E+01    9.200000E+00    6.026000E+00    1.280000E+00    7.000000E+00    9.400000E+01    3.322000E+00    6.132000E-01    4.990000E+00    2.224000E+00    7.337000E-01    9.086000E-04   -9.960000E+00    1.300000E+01    1.000000E+00    2.640000E+03    0.000000E+00   -1.000000E+01   -2.000000E+00    4.435757E+00   -1.256000E+01   -1.273295E+01
   7.420000E-10    1.000000E+00    1.453000E+00    1.080000E+02    6.990000E-01   -1.000000E+01   -1.000000E+01   -1.000000E+01   -1.000000E+01   -1.000000E+01   -1.000000E+01   -1.000000E+01    5.909000E+00    5.139000E+00    9.300000E-01    3.000000E+00    1.100000E+01    1.777000E+00    6.056000E-01    2.890000E+00    1.580000E+00    4.674000E-01    1.536000E-03   -1.453000E+01    2.000000E+00    2.000000E+00    1.000000E+03    9.800000E+01   -1.000000E+01    1.000000E+00    2.317568E-01   -1.011000E+01   -1.012707E+01
   4.300000E-10    4.000000E+00    1.279000E+00    9.300000E+01    1.398000E+00    0.000000E+00   -1.000000E+01   -1.000000E+01   -1.000000E+01   -1.000000E+01   -1.000000E+01   -1.000000E+01    9.000000E+00    6.194000E+00    1.380000E+00    7.000000E+00    9.200000E+01    3.368000E+00    6.207000E-01    4.990000E+00    1.690000E+00    7.345000E-01    8.974000E-04   -9.516000E+00    2.000000E+00    2.000000E+00    1.800000E+03    4.750000E+01   -1.000000E+01    0.000000E+00    1.929988E+00   -1.081000E+01   -1.087313E+01
   2.000000E-09    1.000000E+00    1.580000E+00    7.900000E+01    1.380000E+00   -6.615000E-01    1.893000E+00    3.508000E+00    2.904000E+00    3.805000E+00    1.785000E+00    2.584000E+00    7.700000E+00    1.045000E+01    2.660000E+00    5.000000E+00    5.300000E+01    3.375000E+00    2.903000E+00    3.850000E+00    1.318000E+00    6.544000E-02    9.199000E-04   -9.848000E+00    2.000000E+00    1.000000E+00    1.800000E+03    8.500000E+01    1.176000E+00   -1.000000E+00    5.768114E-01   -1.119000E+01   -1.128288E+01
   2.450000E-09    0.000000E+00    2.477000E+00    5.000000E+01    1.362000E+00   -5.867000E-01    1.799000E+00    3.248000E+00    3.327000E+00    3.805000E+00    1.108000E+00    3.062000E+00    7.800000E+00    1.360000E+01    2.200000E+00    1.000000E+00    1.000000E+00    8.499000E-01    8.986000E-01    8.500000E-01    2.218000E-01   -2.416000E-02    9.432000E-04   -9.811000E+00    2.600000E+01    1.000000E+00    1.250000E+03    3.500000E+01    1.699000E+00    0.000000E+00    2.155979E-01   -9.719000E+00   -9.710417E+00
   1.970000E-09    0.000000E+00    2.025000E+00    8.100000E+01    1.352000E+00   -3.010000E-01   -1.000000E+01    4.061000E+00   -1.000000E+01    4.250000E+00   -1.000000E+01   -1.000000E+01    1.250000E+01    1.360000E+01    2.200000E+00    1.000000E+00    1.000000E+00    8.499000E-01    7.237000E-01    8.500000E-01    8.832000E-01    6.981000E-02    9.552000E-04   -9.669000E+00    2.500000E+01    1.000000E+00    1.650000E+03    0.000000E+00   -1.000000E+01    0.000000E+00    2.150596E-02   -1.022000E+01   -1.043057E+01
   2.020000E-09    1.000000E+00    2.025000E+00    8.100000E+01    1.398000E+00   -2.000000E+00   -1.000000E+01    2.362000E+00   -1.000000E+01    2.550000E+00   -1.000000E+01   -1.000000E+01    1.250000E+01    1.045000E+01    2.660000E+00    5.000000E+00    5.300000E+01    3.375000E+00    2.922000E+00    3.850000E+00    8.832000E-01    6.258000E-02    8.974000E-04   -1.052000E+01    2.500000E+01    1.000000E+00    1.650000E+03    0.000000E+00   -1.000000E+01   -1.000000E+00    2.034277E-01   -1.070000E+01   -1.043536E+01
   2.220000E-09    0.000000E+00    1.748000E+00    1.110000E+02    1.903000E+00   -7.620000E-01    1.567000E+00    3.375000E+00    2.707000E+00    3.224000E+00    1.850000E+00    3.685000E+00    7.570000E+00    1.360000E+01    2.200000E+00    1.000000E+00    1.000000E+00    8.499000E-01    6.828000E-01    8.500000E-01    1.297000E+00    9.510000E-02    3.547000E-04   -9.860000E+00    2.000000E+00    1.000000E+00    1.200000E+03    9.200000E+01   -1.000000E+01    0.000000E+00    3.710935E-02   -9.274000E+00   -9.608488E+00
   1.550000E-09    4.000000E+00    1.547000E+00    7.000000E+01    1.301000E+00   -3.010000E-01   -1.000000E+01    4.061000E+00   -1.000000E+01    4.249000E+00   -1.000000E+01   -1.000000E+01    7.000000E+00    9.752000E+00    2.550000E+00    4.000000E+00    3.400000E+01    2.921000E+00    1.974000E+00    3.450000E+00    1.299000E+00    1.703000E-01    1.018000E-03   -9.670000E+00    2.000000E+00    1.000000E+00    1.300000E+03    3.680000E+01   -1.000000E+01   -1.000000E+00    5.624409E-02   -1.014000E+01   -1.016988E+01
   1.000000E-10    6.000000E+00    1.279000E+00    9.300000E+01    1.398000E+00   -1.000000E+01   -1.000000E+01   -1.000000E+01   -1.000000E+01   -1.000000E+01   -1.000000E+01   -1.000000E+01    9.000000E+00    6.194000E+00    1.380000E+00    7.000000E+00    9.200000E+01    3.368000E+00    1.443000E-01    4.990000E+00    1.690000E+00    1.368000E+00    8.974000E-04   -1.452000E+01    2.000000E+00    2.000000E+00    2.000000E+03    4.750000E+01   -1.000000E+01   -1.000000E+00    2.314472E+00   -1.169000E+01   -1.126130E+01
   7.420000E-10    1.000000E+00    1.453000E+00    1.080000E+02    6.990000E-01   -1.000000E+01   -1.000000E+01   -1.000000E+01   -1.000000E+01   -1.000000E+01   -1.000000E+01   -1.000000E+01    6.105000E+00    5.139000E+00    9.300000E-01    3.000000E+00    1.100000E+01    1.777000E+00    6.056000E-01    2.890000E+00    1.580000E+00    4.674000E-01    1.536000E-03   -1.453000E+01    2.000000E+00    2.000000E+00    8.000000E+02    9.800000E+01   -1.000000E+01    1.000000E+00    1.598464E-01   -9.939000E+00   -1.003095E+01
   2.570000E-09    1.000000E+00    1.453000E+00    1.080000E+02    1.699000E+00   -3.979000E-01   -1.000000E+01    3.964000E+00   -1.000000E+01    4.152000E+00   -1.000000E+01   -1.000000E+01    7.048000E+00    5.139000E+00    9.300000E-01    3.000000E+00    1.100000E+01    1.777000E+00    1.806000E+00    2.890000E+00    1.580000E+00   -7.034000E-03    5.279000E-04   -9.698000E+00    2.000000E+00    2.000000E+00    1.000000E+03    9.800000E+01   -1.000000E+01    1.000000E+00    7.555479E-02   -9.559000E+00   -9.563482E+00
   1.550000E-09    4.000000E+00    6.232000E-01    6.700000E+01    1.740000E+00   -1.146000E+00    1.301000E+00    3.024000E+00    2.243000E+00    3.027000E+00    2.556000E+00    2.970000E+00    7.580000E+00    9.752000E+00    2.550000E+00    4.000000E+00    3.400000E+01    2.921000E+00    1.763000E+00    3.450000E+00    2.203000E+00    2.192000E-01    4.852000E-04   -1.007000E+01    1.300000E+01    1.000000E+00    2.570000E+03    0.000000E+00   -1.000000E+01   -1.000000E+00    3.297056E-02   -1.252000E+01   -1.255745E+01
   1.550000E-09    4.000000E+00    6.232000E-01    6.700000E+01    1.431000E+00   -1.146000E+00    1.301000E+00    3.024000E+00    2.243000E+00    3.027000E+00    2.556000E+00    2.970000E+00    7.580000E+00    9.752000E+00    2.550000E+00    4.000000E+00    3.400000E+01    2.921000E+00    1.928000E+00    3.450000E+00    2.203000E+00    1.805000E-01    8.547000E-04   -1.009000E+01    1.300000E+01    1.000000E+00    2.580000E+03    0.000000E+00   -1.000000E+01   -1.000000E+00    3.547572E-02   -1.314000E+01   -1.249085E+01
   4.300000E-10    4.000000E+00    1.279000E+00    9.300000E+01    1.398000E+00   -2.190000E-01   -1.000000E+01    4.105000E+00    2.983000E+00    2.697000E+00    2.086000E+00   -1.000000E+01    1.250000E+01    6.194000E+00    1.380000E+00    7.000000E+00    9.200000E+01    3.368000E+00    6.207000E-01    4.990000E+00    1.690000E+00    7.345000E-01    8.974000E-04   -9.626000E+00    2.000000E+00    2.000000E+00    1.200000E+03    4.750000E+01   -1.000000E+01    0.000000E+00    4.805253E+00   -1.026000E+01   -1.027016E+01
   1.460000E-09    7.000000E+00    1.408000E+00    7.200000E+01    1.544000E+00   -1.301000E+00   -1.000000E+01    3.061000E+00   -1.000000E+01    3.249000E+00   -1.000000E+01   -1.000000E+01    4.000000E+00    7.834000E+00    1.900000E+00    6.000000E+00    7.500000E+01    3.309000E+00    2.004000E+00    4.360000E+00    1.449000E+00    2.179000E-01    7.106000E-04   -1.016000E+01    2.000000E+00    1.000000E+00    1.600000E+03    7.500000E+01   -1.000000E+01   -1.000000E+00    5.491812E-02   -1.035000E+01   -1.059143E+01
   2.000000E-09    1.000000E+00    1.453000E+00    1.080000E+02    1.565000E+00   -2.000000E+00   -1.000000E+01    2.362000E+00   -1.000000E+01    2.550000E+00   -1.000000E+01   -1.000000E+01    6.121000E+00    1.045000E+01    2.660000E+00    5.000000E+00    5.300000E+01    3.375000E+00    2.784000E+00    3.850000E+00    1.580000E+00    8.362000E-02    6.848000E-04   -1.051000E+01    2.000000E+00    2.000000E+00    1.410000E+03    9.999000E+01   -1.000000E+01   -1.000000E+00    1.044524E+00   -1.001000E+01   -1.002779E+01
   1.200000E-09    4.000000E+00    1.279000E+00    9.300000E+01    1.398000E+00   -2.815000E-01   -1.000000E+01    4.080000E+00   -1.000000E+01    4.259000E+00   -1.000000E+01   -1.000000E+01    7.000000E+00    6.266000E+00    1.360000E+00    7.000000E+00    9.300000E+01    3.387000E+00    1.742000E+00    4.990000E+00    1.690000E+00    2.887000E-01    8.974000E-04   -9.657000E+00    2.000000E+00    2.000000E+00    1.800000E+03    4.750000E+01   -1.000000E+01    0.000000E+00    1.925802E-02   -1.037000E+01   -1.040651E+01
   6.600000E-10    2.000000E+00    1.279000E+00    9.300000E+01    1.398000E+00    8.198000E-01   -1.000000E+01    5.178000E+00    3.983000E+00    5.366000E+00    2.086000E+00   -1.000000E+01    1.250000E+01    7.640000E+00    1.910000E+00    4.000000E+00    2.800000E+01    2.586000E+00    7.315000E-01    3.450000E+00    1.690000E+00    5.484000E-01    8.974000E-04   -9.106000E+00    2.000000E+00    2.000000E+00    1.800000E+03    4.750000E+01   -1.000000E+01    2.000000E+00    2.370697E+00   -1.063000E+01   -1.058493E+01
   2.000000E-09    7.000000E+00    1.415000E+00    3.800000E+01    1.362000E+00   -5.867000E-01    1.146000E+00    3.279000E+00    3.322000E+00    3.785000E+00    1.833000E+00    3.000000E+00    7.500000E+00    7.280000E+00    1.900000E+00    5.000000E+00    4.300000E+01    2.817000E+00    2.431000E+00    3.850000E+00    1.165000E+00    6.398000E-02    9.432000E-04   -9.811000E+00    2.000000E+00    1.000000E+00    1.200000E+03    3.300000E+01   -1.000000E+01   -1.000000E+00    2.360986E-01   -1.012000E+01   -1.017691E+01
   1.130000E-09    6.000000E+00    1.780000E+00    7.600000E+01    1.176000E+00   -3.010000E-01   -1.000000E+01    4.061000E+00   -1.000000E+01    4.249000E+00   -1.000000E+01   -1.000000E+01    5.600000E+00    6.767000E+00    1.660000E+00    4.000000E+00    2.400000E+01    2.434000E+00    1.220000E+00    3.450000E+00    1.100000E+00    3.000000E-01    1.162000E-03   -9.674000E+00    2.000000E+00    1.000000E+00    1.300000E+03    4.600000E+01   -1.000000E+01   -1.000000E+00    7.985830E-02   -1.015000E+01   -1.017516E+01
   2.100000E-09    0.000000E+00    1.279000E+00    9.300000E+01    1.398000E+00   -2.190000E-01   -1.000000E+01    4.105000E+00    2.983000E+00    2.697000E+00    2.086000E+00   -1.000000E+01    1.250000E+01    1.360000E+01    2.200000E+00    1.000000E+00    1.000000E+00    8.499000E-01    7.650000E-01    8.500000E-01    1.690000E+00    4.571000E-02    8.974000E-04   -9.626000E+00    2.000000E+00    2.000000E+00    1.800000E+03    4.750000E+01   -1.000000E+01    0.000000E+00    2.037251E-02   -1.018000E+01   -1.001546E+01
   2.000000E-09    4.000000E+00    1.279000E+00    9.300000E+01    1.398000E+00   -2.301000E+00   -1.000000E+01    2.362000E+00   -1.000000E+01   -1.000000E+01   -1.000000E+01   -1.000000E+01    7.000000E+00    7.280000E+00    1.900000E+00    5.000000E+00    4.300000E+01    2.817000E+00    2.415000E+00    3.850000E+00    1.690000E+00    6.690000E-02    8.974000E-04   -1.067000E+01    2.000000E+00    2.000000E+00    1.800000E+03    4.750000E+01   -1.000000E+01    0.000000E+00    2.761270E+00   -1.015000E+01   -1.015641E+01
   1.000000E-10    6.000000E+00    1.279000E+00    9.300000E+01    1.398000E+00   -1.000000E+01   -1.000000E+01   -1.000000E+01   -1.000000E+01   -1.000000E+01   -1.000000E+01   -1.000000E+01    9.000000E+00    6.194000E+00    1.380000E+00    7.000000E+00    9.200000E+01    3.368000E+00    1.443000E-01    4.990000E+00    1.690000E+00    1.368000E+00    8.974000E-04   -1.452000E+01    2.000000E+00    2.000000E+00    1.200000E+03    4.750000E+01   -1.000000E+01   -1.000000E+00    2.314472E+00   -1.090000E+01   -1.076957E+01
   2.000000E-09    7.000000E+00    1.580000E+00    7.900000E+01    1.398000E+00   -1.000000E+00   -1.000000E+01    3.362000E+00   -1.000000E+01    3.550000E+00   -1.000000E+01   -1.000000E+01    8.000000E+00    7.280000E+00    1.900000E+00    5.000000E+00    4.300000E+01    2.817000E+00    2.415000E+00    3.850000E+00    1.318000E+00    6.690000E-02    8.974000E-04   -1.002000E+01    2.000000E+00    3.000000E+00    8.000000E+02    8.200000E+01   -1.000000E+01   -1.000000E+00    5.704410E-01   -9.409000E+00   -9.295809E+00
   2.100000E-09    1.000000E+00    1.279000E+00    9.300000E+01    1.398000E+00   -2.190000E-01   -1.000000E+01    4.105000E+00    2.983000E+00    2.697000E+00    2.086000E+00   -1.000000E+01    1.250000E+01    3.894000E+00    7.900000E-01    6.000000E+00    5.500000E+01    2.333000E+00    2.100000E+00    4.360000E+00    1.690000E+00    4.571000E-02    8.974000E-04   -9.626000E+00    2.000000E+00    2.000000E+00    1.800000E+03    4.750000E+01   -1.000000E+01    1.000000E+00    9.982734E-02   -1.012000E+01   -1.001993E+01
   2.000000E-09    7.000000E+00    1.580000E+00    7.900000E+01    1.398000E+00   -1.000000E+00   -1.000000E+01    3.362000E+00   -1.000000E+01    3.550000E+00   -1.000000E+01   -1.000000E+01    6.000000E+00    7.280000E+00    1.900000E+00    5.000000E+00    4.300000E+01    2.817000E+00    2.415000E+00    3.850000E+00    1.318000E+00    6.690000E-02    8.974000E-04   -1.002000E+01    2.000000E+00    3.000000E+00    1.020000E+03    8.200000E+01   -1.000000E+01   -1.000000E+00    4.282850E-01   -9.409000E+00   -9.380437E+00
   4.300000E-10    4.000000E+00    1.279000E+00    9.300000E+01    1.398000E+00    0.000000E+00   -1.000000E+01   -1.000000E+01   -1.000000E+01   -1.000000E+01   -1.000000E+01   -1.000000E+01    9.000000E+00    6.194000E+00    1.380000E+00    7.000000E+00    9.200000E+01    3.368000E+00    6.207000E-01    4.990000E+00    1.690000E+00    7.345000E-01    8.974000E-04   -9.516000E+00    2.000000E+00    2.000000E+00    1.710000E+03    4.750000E+01   -1.000000E+01    0.000000E+00    1.929988E+00   -1.072000E+01   -1.080746E+01
   2.090000E-09    1.000000E+00    1.447000E+00    1.080000E+02    1.398000E+00   -1.000000E+01   -1.000000E+01   -1.000000E+01   -1.000000E+01   -1.000000E+01   -1.000000E+01   -1.000000E+01    1.050000E+01    3.894000E+00    7.900000E-01    6.000000E+00    5.500000E+01    2.333000E+00    2.090000E+00    4.360000E+00    1.586000E+00    4.778000E-02    8.974000E-04   -1.452000E+01    2.000000E+00    2.000000E+00    1.130000E+03    1.000000E+02   -1.000000E+01    1.000000E+00    1.338328E+00   -9.780000E+00   -9.756639E+00
   2.270000E-09    0.000000E+00    1.453000E+00    1.100000E+02    1.362000E+00   -2.000000E+00   -1.000000E+01    2.362000E+00   -1.000000E+01    2.550000E+00   -1.000000E+01   -1.000000E+01    7.000000E+00    1.360000E+01    2.200000E+00    1.000000E+00    1.000000E+00    8.499000E-01    8.326000E-01    8.500000E-01    1.588000E+00    8.980000E-03    9.432000E-04   -1.052000E+01    2.000000E+00    1.000000E+00    8.000000E+02    9.800000E+01   -1.000000E+01    0.000000E+00    2.197661E-02   -1.023000E+01   -9.876683E+00
   1.000000E-10    6.000000E+00    1.447000E+00    1.080000E+02    1.398000E+00   -1.000000E+01   -1.000000E+01   -1.000000E+01   -1.000000E+01   -1.000000E+01   -1.000000E+01   -1.000000E+01    9.000000E+00    6.194000E+00    1.380000E+00    7.000000E+00    9.200000E+01    3.368000E+00    1.443000E-01    4.990000E+00    1.586000E+00    1.368000E+00    8.974000E-04   -1.452000E+01    2.000000E+00    2.000000E+00    1.600000E+03    9.990000E+01   -1.000000E+01   -1.000000E+00    5.856957E+00   -1.148000E+01   -1.138071E+01
   2.090000E-09    1.000000E+00   -1.549000E-01    1.000000E+01    1.398000E+00   -5.157000E-01    1.000000E+00    3.380000E+00    3.405000E+00    3.922000E+00    1.230000E+00    2.230000E+00    8.770000E+00    3.894000E+00    7.900000E-01    6.000000E+00    5.500000E+01    2.333000E+00    2.090000E+00    4.360000E+00    2.155000E+00    4.778000E-02    8.974000E-04   -9.774000E+00    1.400000E+01    1.000000E+00    2.610000E+03    0.000000E+00   -1.000000E+01    1.000000E+00    1.105294E-02   -1.092000E+01   -1.119690E+01
   2.060000E-09    1.000000E+00    6.232000E-01    6.700000E+01    1.398000E+00   -5.214000E-01   -1.000000E+01    3.663000E+00   -1.000000E+01    4.027000E+00    2.086000E+00   -1.000000E+01    8.000000E+00    3.894000E+00    7.900000E-01    6.000000E+00    5.500000E+01    2.333000E+00    2.060000E+00    4.360000E+00    2.203000E+00    5.406000E-02    8.974000E-04   -9.777000E+00    1.300000E+01    7.000000E+00    2.700000E+03    0.000000E+00   -1.000000E+01    1.000000E+00    3.947631E-02   -1.163000E+01   -1.169827E+01
   1.200000E-09    5.000000E+00    1.455000E+00    8.700000E+01    1.301000E+00   -2.297000E+00   -1.000000E+01   -1.000000E+01    2.603000E+00   -1.000000E+01   -1.000000E+01   -1.000000E+01    6.000000E+00    6.266000E+00    1.360000E+00    7.000000E+00    9.300000E+01    3.387000E+00    1.772000E+00    4.990000E+00    1.485000E+00    2.814000E-01    1.018000E-03   -1.067000E+01    3.000000E+00    2.000000E+00    7.800000E+02    1.000000E+02   -1.000000E+01    1.000000E+00    1.632507E-02   -9.682000E+00   -9.670389E+00
   2.040000E-09    1.000000E+00    1.744000E+00    8.200000E+01    1.380000E+00   -6.576000E-01    1.176000E+00    3.262000E+00    3.292000E+00    3.770000E+00    1.447000E+00    3.583000E+00    7.200000E+00    3.894000E+00    7.900000E-01    6.000000E+00    5.500000E+01    2.333000E+00    2.047000E+00    4.360000E+00    1.170000E+00    5.684000E-02    9.199000E-04   -9.846000E+00    2.000000E+00    2.000000E+00    1.220000E+03    8.000000E+01   -1.000000E+01    1.000000E+00    3.547409E-02   -9.783000E+00   -9.718570E+00
   2.090000E-09    1.000000E+00    1.580000E+00    7.870000E+01    1.398000E+00   -1.000000E+00   -1.000000E+01    3.362000E+00   -1.000000E+01   -1.000000E+01   -1.000000E+01   -1.000000E+01    8.247000E+00    3.894000E+00    7.900000E-01    6.000000E+00    5.500000E+01    2.333000E+00    2.090000E+00    4.360000E+00    1.316000E+00    4.778000E-02    8.974000E-04   -1.002000E+01    2.000000E+00    1.000000E+00    1.600000E+03    8.200000E+01   -1.000000E+01    1.000000E+00    3.194574E-01   -1.008000E+01   -1.005325E+01
   2.000000E-09    1.000000E+00    1.447000E+00    1.300000E+01    1.380000E+00   -6.990000E-01    2.228000E+00    3.538000E+00    2.462000E+00    3.754000E+00    1.279000E+00    2.983000E+00    7.900000E+00    1.297000E+01    3.160000E+00    3.000000E+00    1.700000E+01    2.822000E+00    2.427000E+00    2.890000E+00    6.668000E-01    6.544000E-02    9.199000E-04   -9.866000E+00    4.000000E+00    4.000000E+00    2.600000E+03    0.000000E+00   -1.000000E+01   -1.000000E+00    3.013237E-01   -1.210000E+01   -1.194212E+01
   2.090000E-09    1.000000E+00    1.447000E+00    1.080000E+02    1.398000E+00   -1.000000E+01   -1.000000E+01   -1.000000E+01   -1.000000E+01   -1.000000E+01   -1.000000E+01   -1.000000E+01    8.400000E+00    3.894000E+00    7.900000E-01    6.000000E+00    5.500000E+01    2.333000E+00    2.090000E+00    4.360000E+00    1.586000E+00    4.778000E-02    8.974000E-04   -1.452000E+01    2.000000E+00    2.000000E+00    1.160000E+03    1.000000E+02   -1.000000E+01    1.000000E+00    1.147943E+00   -9.807000E+00   -9.766775E+00
   6.240000E-10    3.000000E+00    1.279000E+00    9.300000E+01    1.398000E+00    8.198000E-01   -1.000000E+01    5.178000E+00    3.983000E+00    5.366000E+00    2.086000E+00   -1.000000E+01    1.250000E+01    5.974000E+00    1.300000E+00    7.000000E+00    9.500000E+01    3.307000E+00    8.845000E-01    4.990000E+00    1.690000E+00    5.727000E-01    8.974000E-04   -9.106000E+00    2.000000E+00    2.000000E+00    1.200000E+03    4.750000E+01   -1.000000E+01    3.000000E+00    1.312389E+01   -1.010000E+01   -9.888786E+00
   6.100000E-10    3.000000E+00    1.279000E+00    9.300000E+01    1.394000E+00   -2.222000E+00   -1.000000E+01   -1.000000E+01   -1.000000E+01    2.027000E+00   -1.000000E+01   -1.000000E+01    7.680000E+00    5.644000E+00    1.170000E+00    6.000000E+00    6.200000E+01    2.809000E+00    7.348000E-01    4.360000E+00    1.690000E+00    5.823000E-01    9.019000E-04   -1.063000E+01    2.000000E+00    2.000000E+00    8.000000E+02    4.750000E+01   -1.000000E+01    1.000000E+00    2.273743E+00   -9.845000E+00   -9.745695E+00
   2.220000E-09    0.000000E+00    1.531000E+00    1.300000E+01    1.398000E+00   -4.510000E-01    1.806000E+00    3.749000E+00    2.949000E+00    3.984000E+00    1.477000E+00    3.368000E+00    7.680000E+00    1.360000E+01    2.200000E+00    1.000000E+00    1.000000E+00    8.499000E-01    8.088000E-01    8.500000E-01    5.825000E-01    2.158000E-02    8.974000E-04   -9.742000E+00    4.000000E+00    1.000000E+00    2.700000E+03    0.000000E+00   -1.000000E+01    0.000000E+00    6.063177E-02   -1.153000E+01   -1.102055E+01
   1.010000E-09    1.000000E+00    1.453000E+00    1.080000E+02    1.176000E+00   -1.000000E+01   -1.000000E+01   -1.000000E+01   -1.000000E+01   -1.000000E+01   -1.000000E+01   -1.000000E+01    6.688000E+00    5.139000E+00    9.300000E-01    3.000000E+00    1.100000E+01    1.777000E+00    7.958000E-01    2.890000E+00    1.580000E+00    3.488000E-01    1.162000E-03   -1.452000E+01    2.000000E+00    2.000000E+00    1.000000E+03    9.800000E+01   -1.000000E+01    1.000000E+00    2.808536E-01   -9.979000E+00   -9.955283E+00
   3.690000E-09    1.000000E+00    1.453000E+00    1.080000E+02    1.699000E+00   -1.000000E+01   -1.000000E+01   -1.000000E+01   -1.000000E+01   -1.000000E+01   -1.000000E+01   -1.000000E+01    6.052000E+00    1.297000E+01    3.160000E+00    3.000000E+00    1.700000E+01    2.822000E+00    4.118000E+00    2.890000E+00    1.580000E+00   -1.641000E-01    5.279000E-04   -1.450000E+01    2.000000E+00    2.000000E+00    1.800000E+03    9.800000E+01   -1.000000E+01   -1.000000E+00    4.157728E-01   -1.010000E+01   -1.002353E+01
   2.140000E-09    0.000000E+00   -1.549000E-01    1.000000E+01    1.362000E+00   -5.157000E-01    1.000000E+00    3.380000E+00    3.405000E+00    3.922000E+00    1.230000E+00    2.230000E+00    8.700000E+00    1.360000E+01    2.200000E+00    1.000000E+00    1.000000E+00    8.499000E-01    7.849000E-01    8.500000E-01    2.155000E+00    3.459000E-02    9.432000E-04   -9.776000E+00    1.400000E+01    1.000000E+00    2.730000E+03    0.000000E+00   -1.000000E+01    0.000000E+00    3.281667E-03   -1.128000E+01   -1.119045E+01
   1.300000E-09    1.000000E+00   -2.218000E-01    1.730000E+01    1.398000E+00   -1.292000E+00   -6.990000E-01    9.823000E-01    7.497000E-01    2.967000E-01    1.348000E+00    9.581000E-01    8.920000E+00    5.139000E+00    9.300000E-01    3.000000E+00    1.100000E+01    1.777000E+00    9.899000E-01    2.890000E+00    2.460000E+00    2.540000E-01    8.974000E-04   -1.016000E+01    2.700000E+01    1.000000E+00    2.430000E+03    0.000000E+00   -1.000000E+01    1.000000E+00    6.433016E-02   -1.077000E+01   -1.071207E+01
   2.140000E-09    0.000000E+00    1.279000E+00    9.300000E+01    1.362000E+00   -2.573000E-01   -1.000000E+01    4.072000E+00    2.903000E+00    4.260000E+00   -1.000000E+01   -1.000000E+01    1.250000E+01    1.360000E+01    2.200000E+00    1.000000E+00    1.000000E+00    8.499000E-01    7.849000E-01    8.500000E-01    1.690000E+00    3.459000E-02    9.432000E-04   -9.646000E+00    2.000000E+00    1.000000E+00    1.500000E+03    4.800000E+01   -1.000000E+01    0.000000E+00    1.577255E-02   -1.019000E+01   -1.009884E+01
   4.300000E-10    4.000000E+00    1.279000E+00    9.300000E+01    1.398000E+00   -1.000000E+01   -1.000000E+01   -1.000000E+01   -1.000000E+01   -1.000000E+01   -1.000000E+01   -1.000000E+01    1.250000E+01    6.194000E+00    1.380000E+00    7.000000E+00    9.200000E+01    3.368000E+00    6.207000E-01    4.990000E+00    1.690000E+00    7.345000E-01    8.974000E-04   -1.452000E+01    2.000000E+00    2.000000E+00    1.600000E+03    4.750000E+01   -1.000000E+01    0.000000E+00    4.906754E+00   -1.074000E+01   -1.066548E+01
   2.032000E-10    1.000000E+00    1.748000E+00    1.110000E+02    1.778000E+00   -7.282000E-01    1.596000E+00    3.415000E+00    2.736000E+00    3.353000E+00    1.827000E+00    3.670000E+00    7.560000E+00    1.297000E+01    3.160000E+00    3.000000E+00    1.700000E+01    2.822000E+00    2.200000E-01    2.890000E+00    1.297000E+00    1.108000E+00    4.494000E-04   -9.856000E+00    2.000000E+00    1.000000E+00    1.400000E+03    9.200000E+01   -1.000000E+01   -1.000000E+00    2.131364E+00   -9.928000E+00   -9.721179E+00
   2.000000E-09    7.000000E+00    1.580000E+00    7.900000E+01    1.398000E+00   -1.000000E+00   -1.000000E+01    3.362000E+00   -1.000000E+01    3.550000E+00   -1.000000E+01   -1.000000E+01    8.000000E+00    7.280000E+00    1.900000E+00    5.000000E+00    4.300000E+01    2.817000E+00    2.415000E+00    3.850000E+00    1.318000E+00    6.690000E-02    8.974000E-04   -1.002000E+01    2.000000E+00    3.000000E+00    1.020000E+03    8.200000E+01   -1.000000E+01   -1.000000E+00    5.704410E-01   -9.398000E+00   -9.391617E+00
   2.000000E-09    1.000000E+00    1.279000E+00    9.300000E+01    1.352000E+00   -2.000000E+00   -1.000000E+01    1.362000E+00   -1.000000E+01   -1.000000E+01   -1.000000E+01   -1.000000E+01    1.250000E+01    1.297000E+01    3.160000E+00    3.000000E+00    1.700000E+01    2.822000E+00    2.440000E+00    2.890000E+00    1.690000E+00    6.324000E-02    9.552000E-04   -1.052000E+01    2.000000E+00    1.000000E+00    1.600000E+03    4.750000E+01   -1.000000E+01   -1.000000E+00    3.499612E-02   -1.139000E+01   -1.105928E+01
   2.000000E-09    7.000000E+00    1.744000E+00    8.200000E+01    1.903000E+00   -5.918000E-01    1.146000E+00    3.279000E+00    3.330000E+00    3.785000E+00    1.831000E+00    3.016000E+00    7.500000E+00    7.280000E+00    1.900000E+00    5.000000E+00    4.300000E+01    2.817000E+00    2.039000E+00    3.850000E+00    1.170000E+00    1.404000E-01    3.547000E-04   -9.775000E+00    2.000000E+00    2.000000E+00    1.350000E+03    8.000000E+01   -1.000000E+01   -1.000000E+00    3.935606E-02   -9.879000E+00   -9.846909E+00
   7.900000E-10    2.000000E+00    1.580000E+00    7.900000E+01    1.362000E+00   -6.615000E-01    1.893000E+00    3.508000E+00    2.904000E+00    3.805000E+00    1.785000E+00    2.584000E+00    7.700000E+00    5.695000E+00    9.500000E-01    5.000000E+00    3.800000E+01    2.491000E+00    8.493000E-01    3.850000E+00    1.318000E+00    4.674000E-01    9.432000E-04   -9.848000E+00    2.000000E+00    1.000000E+00    1.800000E+03    8.500000E+01    1.176000E+00    2.000000E+00    1.847036E-02   -9.660000E+00   -9.943701E+00
   1.300000E-10    7.000000E+00    1.580000E+00    7.200000E+01    1.398000E+00   -3.010000E-01   -1.000000E+01    4.061000E+00   -1.000000E+01    4.249000E+00   -1.000000E+01   -1.000000E+01    4.000000E+00    7.834000E+00    1.900000E+00    6.000000E+00    7.500000E+01    3.309000E+00    1.844000E-01    4.360000E+00    1.278000E+00    1.254000E+00    8.974000E-04   -9.667000E+00    2.000000E+00    1.000000E+00    1.700000E+03    8.200000E+01   -1.000000E+01   -1.000000E+00    7.288161E-02   -1.117000E+01   -1.118821E+01
   2.000000E-09    1.000000E+00    1.447000E+00    1.080000E+02    1.398000E+00   -1.151000E+00   -1.000000E+01    3.219000E+00   -1.000000E+01   -1.000000E+01    3.409000E+00    2.815000E+00    1.040000E+01    1.297000E+01    3.160000E+00    3.000000E+00    1.700000E+01    2.822000E+00    2.419000E+00    2.890000E+00    1.586000E+00    6.690000E-02    8.974000E-04   -1.009000E+01    2.000000E+00    1.000000E+00    1.600000E+03    9.800000E+01    1.903000E+00   -1.000000E+00    3.503666E-02   -1.003000E+01   -9.985115E+00
   1.010000E-09    1.000000E+00    1.453000E+00    1.080000E+02    1.176000E+00   -1.000000E+01   -1.000000E+01   -1.000000E+01   -1.000000E+01   -1.000000E+01   -1.000000E+01   -1.000000E+01    7.189000E+00    5.139000E+00    9.300000E-01    3.000000E+00    1.100000E+01    1.777000E+00    7.958000E-01    2.890000E+00    1.580000E+00    3.488000E-01    1.162000E-03   -1.452000E+01    2.000000E+00    2.000000E+00    8.000000E+02    9.800000E+01   -1.000000E+01    1.000000E+00    2.771264E-01   -9.807000E+00   -9.793327E+00
   2.000000E-09    1.000000E+00    6.232000E-01    6.700000E+01    1.431000E+00   -1.065000E+00    3.096000E+00    3.070000E+00    2.312000E+00    3.156000E+00    2.190000E+00    3.054000E+00    7.580000E+00    1.045000E+01    2.660000E+00    5.000000E+00    5.300000E+01    3.375000E+00    2.874000E+00    3.850000E+00    2.203000E+00    6.980000E-02    8.547000E-04   -1.005000E+01    1.300000E+01    1.000000E+00    2.620000E+03    0.000000E+00   -1.000000E+01   -1.000000E+00    4.199926E-01   -1.247000E+01   -1.220922E+01
   6.100000E-10    3.000000E+00    1.279000E+00    9.300000E+01    1.389000E+00   -2.222000E+00   -1.000000E+01   -1.000000E+01   -1.000000E+01    2.027000E+00   -1.000000E+01   -1.000000E+01    1.075000E+01    5.644000E+00    1.170000E+00    6.000000E+00    6.200000E+01    2.809000E+00    7.356000E-01    4.360000E+00    1.690000E+00    5.819000E-01    9.086000E-04   -1.063000E+01    2.000000E+00    2.000000E+00    1.800000E+03    4.750000E+01   -1.000000E+01   -1.000000E+00    4.116270E+00   -1.066000E+01   -1.075036E+01
   2.100000E-09    1.000000E+00    1.453000E+00    1.080000E+02    1.342000E+00   -2.924000E-01   -1.000000E+01    4.069000E+00   -1.000000E+01    4.257000E+00   -1.000000E+01   -1.000000E+01    7.580000E+00    3.894000E+00    7.900000E-01    6.000000E+00    5.500000E+01    2.333000E+00    2.121000E+00    4.360000E+00    1.580000E+00    4.132000E-02    9.673000E-04   -9.665000E+00    2.000000E+00    2.000000E+00    9.000000E+02    9.999000E+01   -1.000000E+01    1.000000E+00    4.807101E-02   -9.573000E+00   -9.604027E+00
   2.000000E-09    7.000000E+00    1.744000E+00    8.200000E+01    1.903000E+00   -5.918000E-01    1.146000E+00    3.279000E+00    3.330000E+00    3.785000E+00    1.831000E+00    3.016000E+00    7.500000E+00    7.280000E+00    1.900000E+00    5.000000E+00    4.300000E+01    2.817000E+00    2.039000E+00    3.850000E+00    1.170000E+00    1.404000E-01    3.547000E-04   -9.775000E+00    2.000000E+00    2.000000E+00    1.360000E+03    8.000000E+01   -1.000000E+01   -1.000000E+00    3.935606E-02   -9.886000E+00   -9.846909E+00
   1.350000E-09    1.000000E+00    1.453000E+00    1.080000E+02    1.398000E+00   -3.010000E-01   -1.000000E+01    4.061000E+00   -1.000000E+01    4.249000E+00   -1.000000E+01   -1.000000E+01    6.731000E+00    5.139000E+00    9.300000E-01    3.000000E+00    1.100000E+01    1.777000E+00    1.028000E+00    2.890000E+00    1.580000E+00    2.376000E-01    8.974000E-04   -9.667000E+00    2.000000E+00    2.000000E+00    1.000000E+03    9.800000E+01   -1.000000E+01    1.000000E+00    6.440727E-02   -9.839000E+00   -9.803459E+00
   6.240000E-10    3.000000E+00    1.279000E+00    9.300000E+01    1.398000E+00    8.198000E-01   -1.000000E+01    5.178000E+00    3.983000E+00    5.366000E+00    2.086000E+00   -1.000000E+01    1.250000E+01    5.974000E+00    1.300000E+00    7.000000E+00    9.500000E+01    3.307000E+00    8.845000E-01    4.990000E+00    1.690000E+00    5.727000E-01    8.974000E-04   -9.106000E+00    2.000000E+00    2.000000E+00    1.200000E+03    4.750000E+01   -1.000000E+01    3.000000E+00    1.312389E+01   -1.010000E+01   -9.888786E+00
   1.010000E-09    1.000000E+00    1.453000E+00    1.080000E+02    1.176000E+00   -1.000000E+00   -1.000000E+01    3.362000E+00   -1.000000E+01    3.550000E+00   -1.000000E+01   -1.000000E+01    6.352000E+00    5.139000E+00    9.300000E-01    3.000000E+00    1.100000E+01    1.777000E+00    7.958000E-01    2.890000E+00    1.580000E+00    3.488000E-01    1.162000E-03   -1.002000E+01    2.000000E+00    2.000000E+00    1.000000E+03    9.800000E+01   -1.000000E+01    1.000000E+00    3.609396E-01   -9.963000E+00   -9.964133E+00
   9.000000E-10    2.000000E+00    1.279000E+00    9.300000E+01    1.398000E+00   -1.000000E+01   -1.000000E+01   -1.000000E+01   -1.000000E+01   -1.000000E+01   -1.000000E+01   -1.000000E+01    1.250000E+01    7.344000E+00    1.960000E+00    5.000000E+00    5.000000E+01    2.829000E+00    1.091000E+00    3.850000E+00    1.690000E+00    4.137000E-01    8.974000E-04   -1.452000E+01    2.000000E+00    2.000000E+00    1.800000E+03    4.750000E+01   -1.000000E+01    2.000000E+00    1.285570E+00   -1.050000E+01   -1.055867E+01
   2.090000E-09    1.000000E+00    1.453000E+00    1.080000E+02    1.398000E+00   -1.000000E+01   -1.000000E+01   -1.000000E+01   -1.000000E+01   -1.000000E+01   -1.000000E+01   -1.000000E+01    7.811000E+00    1.297000E+01    3.160000E+00    3.000000E+00    1.700000E+01    2.822000E+00    2.528000E+00    2.890000E+00    1.580000E+00    4.778000E-02    8.974000E-04   -1.452000E+01    2.000000E+00    2.000000E+00    7.000000E+02    9.800000E+01   -1.000000E+01   -1.000000E+00    1.498466E-01   -9.415000E+00   -9.427184E+00
   2.000000E-09    7.000000E+00    1.580000E+00    7.900000E+01    1.398000E+00   -1.000000E+00   -1.000000E+01    3.362000E+00   -1.000000E+01    3.550000E+00   -1.000000E+01   -1.000000E+01    8.000000E+00    7.280000E+00    1.900000E+00    5.000000E+00    4.300000E+01    2.817000E+00    2.415000E+00    3.850000E+00    1.318000E+00    6.690000E-02    8.974000E-04   -1.002000E+01    2.000000E+00    3.000000E+00    8.000000E+02    8.200000E+01   -1.000000E+01   -1.000000E+00    5.704410E-01   -9.367000E+00   -9.295809E+00
   8.890000E-10    2.000000E+00    1.477000E+00    6.010000E+01    1.398000E+00   -2.899000E-01   -1.000000E+01    4.072000E+00   -1.000000E+01    4.260000E+00   -1.000000E+01   -1.000000E+01    9.449000E+00    5.278000E+00    9.000000E-01    7.000000E+00    8.800000E+01    3.109000E+00    1.185000E+00    4.990000E+00    1.302000E+00    4.190000E-01    8.974000E-04   -9.661000E+00    2.000000E+00    2.000000E+00    1.800000E+03    4.750000E+01   -1.000000E+01    2.000000E+00    5.752280E-02   -1.050000E+01   -1.051161E+01
   2.100000E-09    1.000000E+00    1.453000E+00    1.080000E+02    1.778000E+00   -2.000000E+00   -1.000000E+01    2.362000E+00   -1.000000E+01    2.550000E+00   -1.000000E+01   -1.000000E+01    8.066000E+00    3.894000E+00    7.900000E-01    6.000000E+00    5.500000E+01    2.333000E+00    1.879000E+00    4.360000E+00    1.580000E+00    9.392000E-02    4.494000E-04   -1.049000E+01    2.000000E+00    2.000000E+00    1.040000E+03    9.999000E+01   -1.000000E+01    1.000000E+00    7.009586E-01   -9.684000E+00   -9.684917E+00
   2.000000E-09    7.000000E+00    1.744000E+00    8.200000E+01    1.903000E+00   -5.918000E-01    1.146000E+00    3.279000E+00    3.330000E+00    3.785000E+00    1.831000E+00    3.016000E+00    7.500000E+00    7.280000E+00    1.900000E+00    5.000000E+00    4.300000E+01    2.817000E+00    2.039000E+00    3.850000E+00    1.170000E+00    1.404000E-01    3.547000E-04   -9.775000E+00    2.000000E+00    2.000000E+00    9.400000E+02    8.000000E+01   -1.000000E+01   -1.000000E+00    3.935606E-02   -9.551000E+00   -9.546343E+00
   7.900000E-10    2.000000E+00    1.580000E+00    7.900000E+01    1.398000E+00   -1.000000E+00   -1.000000E+01    3.362000E+00   -1.000000E+01    3.550000E+00   -1.000000E+01   -1.000000E+01    9.000000E+00    5.695000E+00    9.500000E-01    5.000000E+00    3.800000E+01    2.491000E+00    8.436000E-01    3.850000E+00    1.318000E+00    4.703000E-01    8.974000E-04   -1.002000E+01    2.000000E+00    3.000000E+00    1.000000E+03    8.200000E+01   -1.000000E+01    2.000000E+00    2.940726E-01   -9.000000E+00   -8.952315E+00
   2.140000E-09    0.000000E+00    4.771000E-01    2.000000E+00    1.398000E+00   -1.000000E+01   -1.000000E+01   -1.000000E+01   -1.000000E+01   -1.000000E+01   -1.000000E+01   -1.000000E+01    6.000000E+00    1.360000E+01    2.200000E+00    1.000000E+00    1.000000E+00    8.499000E-01    7.796000E-01    8.500000E-01    8.239000E-01    3.752000E-02    8.974000E-04   -1.452000E+01    8.000000E+00    7.000000E+00    2.980000E+03    0.000000E+00   -1.000000E+01    0.000000E+00    4.481510E-02   -1.082000E+01   -1.124409E+01
   2.000000E-09    1.000000E+00    1.279000E+00    9.300000E+01    1.362000E+00    0.000000E+00   -1.000000E+01    4.362000E+00   -1.000000E+01    4.550000E+00   -1.000000E+01   -1.000000E+01    1.250000E+01    1.045000E+01    2.660000E+00    5.000000E+00    5.300000E+01    3.375000E+00    2.913000E+00    3.850000E+00    1.690000E+00    6.398000E-02    9.432000E-04   -9.518000E+00    2.000000E+00    1.000000E+00    1.600000E+03    4.800000E+01    1.477000E+00   -1.000000E+00    6.554756E-01   -1.026000E+01   -1.050153E+01
   5.490000E-09    1.000000E+00    1.477000E+00    6.010000E+01    1.845000E+00   -2.854000E+00   -1.000000E+01    1.508000E+00   -1.000000E+01   -1.000000E+01    1.932000E+00   -1.000000E+01    5.171000E+00    3.894000E+00    7.900000E-01    6.000000E+00    5.500000E+01    2.333000E+00    4.770000E+00    4.360000E+00    1.302000E+00   -3.106000E-01    3.939000E-04   -1.091000E+01    2.000000E+00    2.000000E+00    1.100000E+03    5.000000E+01   -1.000000E+01    1.000000E+00    3.039409E+00   -8.688000E+00   -8.657192E+00
   7.900000E-10    2.000000E+00    1.447000E+00    1.080000E+02    1.398000E+00   -5.229000E-01   -1.000000E+01    3.839000E+00   -1.000000E+01    4.025000E+00   -1.000000E+01   -1.000000E+01    6.300000E+00    5.695000E+00    9.500000E-01    5.000000E+00    3.800000E+01    2.491000E+00    8.436000E-01    3.850000E+00    1.586000E+00    4.703000E-01    8.974000E-04   -9.778000E+00    2.000000E+00    1.000000E+00    9.000000E+02    1.000000E+02   -1.000000E+01    2.000000E+00    1.658965E-02   -1.082000E+01   -1.107307E+01
   3.880000E-09    1.000000E+00    1.744000E+00    8.200000E+01    1.778000E+00    1.335000E-01    1.469000E+00    3.704000E+00    4.176000E+00    4.535000E+00    1.000000E+00    2.898000E+00    8.937000E+00    1.297000E+01    3.160000E+00    3.000000E+00    1.700000E+01    2.822000E+00    4.200000E+00    2.890000E+00    1.170000E+00   -1.727000E-01    4.494000E-04   -9.425000E+00    2.000000E+00    2.000000E+00    1.620000E+03    8.000000E+01    1.699000E+00   -1.000000E+00    2.148292E-01   -9.567000E+00   -9.630606E+00
   2.570000E-09    1.000000E+00    1.453000E+00    1.080000E+02    1.699000E+00   -1.000000E+01   -1.000000E+01   -1.000000E+01   -1.000000E+01   -1.000000E+01   -1.000000E+01   -1.000000E+01    6.817000E+00    5.139000E+00    9.300000E-01    3.000000E+00    1.100000E+01    1.777000E+00    1.806000E+00    2.890000E+00    1.580000E+00   -7.034000E-03    5.279000E-04   -1.450000E+01    2.000000E+00    2.000000E+00    1.100000E+03    9.800000E+01   -1.000000E+01    1.000000E+00    1.148748E-01   -9.638000E+00   -9.622970E+00
   1.560000E-09    1.000000E+00    1.453000E+00    1.080000E+02    1.176000E+00   -1.000000E+01   -1.000000E+01   -1.000000E+01   -1.000000E+01   -1.000000E+01   -1.000000E+01   -1.000000E+01    5.862000E+00    1.297000E+01    3.160000E+00    3.000000E+00    1.700000E+01    2.822000E+00    1.952000E+00    2.890000E+00    1.580000E+00    1.600000E-01    1.162000E-03   -1.452000E+01    2.000000E+00    2.000000E+00    8.000000E+02    9.800000E+01   -1.000000E+01   -1.000000E+00    1.205486E-01   -9.618000E+00   -9.673756E+00
   6.600000E-10    2.000000E+00    1.279000E+00    9.300000E+01    1.398000E+00   -1.000000E+01   -1.000000E+01   -1.000000E+01   -1.000000E+01   -1.000000E+01   -1.000000E+01   -1.000000E+01    1.250000E+01    7.640000E+00    1.910000E+00    4.000000E+00    2.800000E+01    2.586000E+00    7.315000E-01    3.450000E+00    1.690000E+00    5.484000E-01    8.974000E-04   -1.452000E+01    2.000000E+00    2.000000E+00    1.800000E+03    4.750000E+01   -1.000000E+01    2.000000E+00    9.876415E-01   -1.063000E+01   -1.066403E+01
   2.000000E-09    7.000000E+00    1.580000E+00    7.900000E+01    1.398000E+00   -1.000000E+00   -1.000000E+01    3.362000E+00   -1.000000E+01    3.550000E+00   -1.000000E+01   -1.000000E+01    8.000000E+00    7.280000E+00    1.900000E+00    5.000000E+00    4.300000E+01    2.817000E+00    2.415000E+00    3.850000E+00    1.318000E+00    6.690000E-02    8.974000E-04   -1.002000E+01    2.000000E+00    3.000000E+00    8.000000E+02    8.200000E+01   -1.000000E+01   -1.000000E+00    5.704410E-01   -9.347000E+00   -9.295809E+00
   2.020000E-09    1.000000E+00    2.025000E+00    8.100000E+01    1.398000E+00    0.000000E+00   -1.000000E+01    4.362000E+00   -1.000000E+01    4.550000E+00   -1.000000E+01   -1.000000E+01    1.250000E+01    1.045000E+01    2.660000E+00    5.000000E+00    5.300000E+01    3.375000E+00    2.922000E+00    3.850000E+00    8.832000E-01    6.258000E-02    8.974000E-04   -9.516000E+00    2.500000E+01    1.000000E+00    1.650000E+03    0.000000E+00   -1.000000E+01   -1.000000E+00    2.855610E-01   -1.046000E+01   -1.052410E+01
   2.140000E-09    0.000000E+00    1.580000E+00    7.900000E+01    1.362000E+00   -1.470000E+00    2.204000E+00    2.529000E+00    2.672000E+00    1.623000E+00   -1.000000E+01    1.362000E+00    1.160000E+01    1.360000E+01    2.200000E+00    1.000000E+00    1.000000E+00    8.499000E-01    7.849000E-01    8.500000E-01    1.318000E+00    3.459000E-02    9.432000E-04   -1.025000E+01    2.000000E+00    1.000000E+00    1.930000E+03    8.200000E+01    1.954000E+00    0.000000E+00    9.064098E-03   -1.059000E+01   -1.060772E+01
   1.560000E-09    1.000000E+00    1.453000E+00    1.080000E+02    1.176000E+00   -1.000000E+01   -1.000000E+01   -1.000000E+01   -1.000000E+01   -1.000000E+01   -1.000000E+01   -1.000000E+01    5.356000E+00    1.297000E+01    3.160000E+00    3.000000E+00    1.700000E+01    2.822000E+00    1.952000E+00    2.890000E+00    1.580000E+00    1.600000E-01    1.162000E-03   -1.452000E+01    2.000000E+00    2.000000E+00    1.600000E+03    9.800000E+01   -1.000000E+01   -1.000000E+00    1.225244E-01   -1.028000E+01   -1.032972E+01
   1.350000E-09    1.000000E+00    1.453000E+00    1.080000E+02    1.398000E+00   -1.000000E+01   -1.000000E+01   -1.000000E+01   -1.000000E+01   -1.000000E+01   -1.000000E+01   -1.000000E+01    6.689000E+00    5.139000E+00    9.300000E-01    3.000000E+00    1.100000E+01    1.777000E+00    1.028000E+00    2.890000E+00    1.580000E+00    2.376000E-01    8.974000E-04   -1.452000E+01    2.000000E+00    2.000000E+00    1.400000E+03    9.800000E+01   -1.000000E+01    1.000000E+00    1.989433E-01   -1.017000E+01   -1.019984E+01
   1.350000E-09    1.000000E+00    1.453000E+00    1.080000E+02    1.398000E+00   -1.000000E+01   -1.000000E+01   -1.000000E+01   -1.000000E+01   -1.000000E+01   -1.000000E+01   -1.000000E+01    7.541000E+00    5.139000E+00    9.300000E-01    3.000000E+00    1.100000E+01    1.777000E+00    1.028000E+00    2.890000E+00    1.580000E+00    2.376000E-01    8.974000E-04   -1.452000E+01    2.000000E+00    2.000000E+00    1.000000E+03    9.800000E+01   -1.000000E+01    1.000000E+00    1.653696E-01   -9.854000E+00   -9.818171E+00
   2.570000E-09    1.000000E+00    1.453000E+00    1.080000E+02    1.699000E+00   -1.000000E+01   -1.000000E+01   -1.000000E+01   -1.000000E+01   -1.000000E+01   -1.000000E+01   -1.000000E+01    7.870000E+00    5.139000E+00    9.300000E-01    3.000000E+00    1.100000E+01    1.777000E+00    1.806000E+00    2.890000E+00    1.580000E+00   -7.034000E-03    5.279000E-04   -1.450000E+01    2.000000E+00    2.000000E+00    7.000000E+02    9.800000E+01   -1.000000E+01    1.000000E+00    4.888374E-02   -9.324000E+00   -9.358843E+00
   6.240000E-10    3.000000E+00    1.279000E+00    9.300000E+01    1.398000E+00    7.918000E-02   -1.000000E+01    4.281000E+00   -1.000000E+01    2.401000E+00    4.248000E+00    4.062000E+00    2.000000E+00    5.974000E+00    1.300000E+00    7.000000E+00    9.500000E+01    3.307000E+00    8.845000E-01    4.990000E+00    1.690000E+00    5.727000E-01    8.974000E-04   -9.477000E+00    2.000000E+00    1.000000E+00    1.800000E+03    4.750000E+01   -1.000000E+01    3.000000E+00    2.913547E-02   -1.074000E+01   -1.054124E+01
   9.560000E-10    4.000000E+00    1.279000E+00    9.300000E+01    1.398000E+00   -2.000000E+00   -1.000000E+01    2.362000E+00   -1.000000E+01    2.550000E+00   -1.000000E+01   -1.000000E+01    1.250000E+01    1.126000E+01    2.550000E+00    2.000000E+00    6.000000E+00    1.811000E+00    7.420000E-01    1.990000E+00    1.690000E+00    3.875000E-01    8.974000E-04   -1.052000E+01    2.000000E+00    1.000000E+00    1.600000E+03    5.000000E+01    1.477000E+00   -2.000000E+00    2.915164E-02   -1.174000E+01   -1.147851E+01
   7.900000E-10    2.000000E+00    1.279000E+00    9.300000E+01    1.398000E+00   -2.190000E-01   -1.000000E+01    4.105000E+00    2.983000E+00    2.697000E+00    2.086000E+00   -1.000000E+01    1.250000E+01    5.695000E+00    9.500000E-01    5.000000E+00    3.800000E+01    2.491000E+00    8.436000E-01    3.850000E+00    1.690000E+00    4.703000E-01    8.974000E-04   -9.626000E+00    2.000000E+00    2.000000E+00    1.200000E+03    4.750000E+01   -1.000000E+01    2.000000E+00    1.314249E-01   -1.000000E+01   -9.887760E+00
   2.000000E-09    7.000000E+00    1.744000E+00    8.200000E+01    1.398000E+00   -5.918000E-01    1.146000E+00    3.279000E+00    3.330000E+00    3.785000E+00    1.831000E+00    3.016000E+00    7.500000E+00    7.280000E+00    1.900000E+00    5.000000E+00    4.300000E+01    2.817000E+00    2.415000E+00    3.850000E+00    1.170000E+00    6.690000E-02    8.974000E-04   -9.812000E+00    2.000000E+00    2.000000E+00    1.120000E+03    8.000000E+01   -1.000000E+01   -1.000000E+00    1.949753E-01   -9.690000E+00   -9.662097E+00
   2.000000E-09    1.000000E+00    1.279000E+00    9.300000E+01    1.362000E+00   -3.010000E-01   -1.000000E+01    4.061000E+00   -1.000000E+01    4.250000E+00   -1.000000E+01   -1.000000E+01    1.250000E+01    1.045000E+01    2.660000E+00    5.000000E+00    5.300000E+01    3.375000E+00    2.913000E+00    3.850000E+00    1.690000E+00    6.398000E-02    9.432000E-04   -9.668000E+00    2.000000E+00    1.000000E+00    1.600000E+03    4.800000E+01    1.477000E+00   -1.000000E+00    6.007755E-01   -1.040000E+01   -1.052500E+01
   2.000000E-09    1.000000E+00   -1.549000E-01    1.000000E+01    1.398000E+00   -5.157000E-01    1.000000E+00    3.380000E+00    3.405000E+00    3.922000E+00    1.230000E+00    2.230000E+00    8.700000E+00    1.297000E+01    3.160000E+00    3.000000E+00    1.700000E+01    2.822000E+00    2.419000E+00    2.890000E+00    2.155000E+00    6.690000E-02    8.974000E-04   -9.774000E+00    1.400000E+01    1.000000E+00    2.730000E+03    0.000000E+00   -1.000000E+01   -1.000000E+00    8.247259E-02   -1.100000E+01   -1.102436E+01
   2.100000E-10    7.000000E+00    1.580000E+00    7.200000E+01    1.398000E+00   -3.010000E-01   -1.000000E+01    4.061000E+00   -1.000000E+01    4.249000E+00   -1.000000E+01   -1.000000E+01    4.000000E+00    7.834000E+00    1.900000E+00    6.000000E+00    7.500000E+01    3.309000E+00    2.978000E-01    4.360000E+00    1.278000E+00    1.046000E+00    8.974000E-04   -9.667000E+00    2.000000E+00    1.000000E+00    1.300000E+03    8.200000E+01   -1.000000E+01   -1.000000E+00    7.288161E-02   -1.060000E+01   -1.067450E+01
   8.890000E-10    4.000000E+00    2.025000E+00    8.100000E+01    1.352000E+00    6.990000E-01   -1.000000E+01    5.061000E+00   -1.000000E+01    5.249000E+00   -1.000000E+01   -1.000000E+01    1.250000E+01    1.126000E+01    2.550000E+00    2.000000E+00    6.000000E+00    1.811000E+00    6.958000E-01    1.990000E+00    8.832000E-01    4.154000E-01    9.552000E-04   -9.169000E+00    2.500000E+01    1.000000E+00    1.650000E+03    0.000000E+00   -1.000000E+01   -2.000000E+00    4.034719E-02   -1.152000E+01   -1.132464E+01
   8.050000E-10    2.000000E+00    1.580000E+00    7.870000E+01    1.398000E+00   -1.000000E+00   -1.000000E+01    3.362000E+00   -1.000000E+01    3.550000E+00   -1.000000E+01   -1.000000E+01    6.125000E+00    5.695000E+00    9.500000E-01    5.000000E+00    3.800000E+01    2.491000E+00    8.596000E-01    3.850000E+00    1.316000E+00    4.621000E-01    8.974000E-04   -1.002000E+01    2.000000E+00    1.000000E+00    1.750000E+03    8.200000E+01   -1.000000E+01    2.000000E+00    7.721052E-02   -8.538000E+00   -1.099893E+01
   8.100000E-10    4.000000E+00    6.232000E-01    6.700000E+01    1.699000E+00   -1.398000E+00    8.451000E-01    2.784000E+00    1.869000E+00    2.785000E+00   -1.000000E+01    2.785000E+00    8.100000E+00    9.752000E+00    2.550000E+00    4.000000E+00    3.400000E+01    2.921000E+00    9.358000E-01    3.450000E+00    2.203000E+00    4.944000E-01    5.279000E-04   -1.020000E+01    1.300000E+01    3.000000E+00    1.800000E+03    0.000000E+00   -1.000000E+01   -2.000000E+00    1.409790E-01   -9.606000E+00   -9.947946E+00
   2.000000E-09    1.000000E+00   -1.549000E-01    1.000000E+01    1.398000E+00   -5.157000E-01    1.000000E+00    3.380000E+00    3.405000E+00    3.922000E+00    1.230000E+00    2.230000E+00    8.700000E+00    1.297000E+01    3.160000E+00    3.000000E+00    1.700000E+01    2.822000E+00    2.419000E+00    2.890000E+00    2.155000E+00    6.690000E-02    8.974000E-04   -9.774000E+00    1.400000E+01    1.000000E+00    2.730000E+03    0.000000E+00   -1.000000E+01   -1.000000E+00    8.247259E-02   -1.100000E+01   -1.102436E+01
   1.350000E-09    1.000000E+00    1.453000E+00    1.080000E+02    1.398000E+00   -1.000000E+01   -1.000000E+01   -1.000000E+01   -1.000000E+01   -1.000000E+01   -1.000000E+01   -1.000000E+01    7.250000E+00    5.139000E+00    9.300000E-01    3.000000E+00    1.100000E+01    1.777000E+00    1.028000E+00    2.890000E+00    1.580000E+00    2.376000E-01    8.974000E-04   -1.452000E+01    2.000000E+00    2.000000E+00    1.000000E+03    9.800000E+01   -1.000000E+01    1.000000E+00    1.592040E-01   -9.854000E+00   -9.818034E+00
   8.100000E-10    2.000000E+00   -1.549000E-01    1.000000E+01    1.342000E+00   -5.157000E-01    1.000000E+00    3.380000E+00    3.405000E+00    3.922000E+00    1.230000E+00    2.230000E+00    8.700000E+00    9.752000E+00    2.550000E+00    4.000000E+00    3.400000E+01    2.921000E+00    1.025000E+00    3.450000E+00    2.155000E+00    4.551000E-01    9.673000E-04   -9.776000E+00    1.400000E+01    1.000000E+00    2.730000E+03    0.000000E+00   -1.000000E+01   -1.000000E+00    5.175673E-03   -1.172000E+01   -1.165468E+01
   2.032000E-10    1.000000E+00    1.602000E+00    1.400000E+02    1.398000E+00   -1.000000E+00   -1.000000E+01    3.362000E+00   -1.000000E+01   -1.000000E+01   -1.000000E+01   -1.000000E+01    5.000000E+00    1.297000E+01    3.160000E+00    3.000000E+00    1.700000E+01    2.822000E+00    2.458000E-01    2.890000E+00    1.544000E+00    1.060000E+00    8.974000E-04   -1.002000E+01    7.000000E+00    1.000000E+00    1.900000E+03    0.000000E+00   -1.000000E+01   -1.000000E+00    9.688527E-01   -9.638000E+00   -9.901159E+00
   2.032000E-10    1.000000E+00    1.531000E+00    1.300000E+01    1.362000E+00   -4.510000E-01    1.806000E+00    3.749000E+00    2.949000E+00    3.984000E+00    1.477000E+00    3.368000E+00    7.680000E+00    1.297000E+01    3.160000E+00    3.000000E+00    1.700000E+01    2.822000E+00    2.474000E-01    2.890000E+00    5.825000E-01    1.057000E+00    9.432000E-04   -9.743000E+00    4.000000E+00    1.000000E+00    2.700000E+03    0.000000E+00   -1.000000E+01   -1.000000E+00    3.233427E+00   -1.175000E+01   -1.177773E+01
   1.130000E-09    6.000000E+00    1.408000E+00    7.200000E+01    1.544000E+00   -1.301000E+00   -1.000000E+01    3.061000E+00   -1.000000E+01    3.249000E+00   -1.000000E+01   -1.000000E+01    4.000000E+00    6.767000E+00    1.660000E+00    4.000000E+00    2.400000E+01    2.434000E+00    1.140000E+00    3.450000E+00    1.449000E+00    3.292000E-01    7.106000E-04   -1.016000E+01    2.000000E+00    1.000000E+00    1.600000E+03    7.500000E+01   -1.000000E+01   -1.000000E+00    1.783672E-02   -1.062000E+01   -1.053759E+01
   8.100000E-10    2.000000E+00    1.279000E+00    9.300000E+01    1.778000E+00   -1.000000E+01   -1.000000E+01   -1.000000E+01   -1.000000E+01   -1.000000E+01   -1.000000E+01   -1.000000E+01    7.250000E+00    9.752000E+00    2.550000E+00    4.000000E+00    3.400000E+01    2.921000E+00    9.077000E-01    3.450000E+00    1.690000E+00    5.076000E-01    4.494000E-04   -1.449000E+01    2.000000E+00    2.000000E+00    1.600000E+03    4.750000E+01   -1.000000E+01   -1.000000E+00    5.721747E-01   -1.033000E+01   -1.024320E+01
   2.570000E-09    1.000000E+00    1.453000E+00    1.080000E+02    1.699000E+00   -1.000000E+01   -1.000000E+01   -1.000000E+01   -1.000000E+01   -1.000000E+01   -1.000000E+01   -1.000000E+01    7.611000E+00    5.139000E+00    9.300000E-01    3.000000E+00    1.100000E+01    1.777000E+00    1.806000E+00    2.890000E+00    1.580000E+00   -7.034000E-03    5.279000E-04   -1.450000E+01    2.000000E+00    2.000000E+00    1.000000E+03    9.800000E+01   -1.000000E+01    1.000000E+00    8.870000E-02   -9.573000E+00   -9.564780E+00
   2.000000E-09    1.000000E+00    1.279000E+00    9.300000E+01    1.362000E+00    6.990000E-01   -1.000000E+01    5.061000E+00   -1.000000E+01   -1.000000E+01   -1.000000E+01   -1.000000E+01    1.250000E+01    1.045000E+01    2.660000E+00    5.000000E+00    5.300000E+01    3.375000E+00    2.913000E+00    3.850000E+00    1.690000E+00    6.398000E-02    9.432000E-04   -9.168000E+00    2.000000E+00    1.000000E+00    8.000000E+02    4.800000E+01   -1.000000E+01   -1.000000E+00    5.087058E-01   -9.013000E+00   -1.033162E+01
   2.100000E-09    0.000000E+00    1.447000E+00    1.080000E+02    1.398000E+00   -5.157000E-01   -1.000000E+01    3.853000E+00   -1.000000E+01    4.025000E+00   -1.000000E+01   -1.000000E+01    6.300000E+00    1.360000E+01    2.200000E+00    1.000000E+00    1.000000E+00    8.499000E-01    7.650000E-01    8.500000E-01    1.586000E+00    4.571000E-02    8.974000E-04   -9.774000E+00    2.000000E+00    1.000000E+00    9.000000E+02    1.000000E+02   -1.000000E+01    0.000000E+00    7.762125E-03   -9.845000E+00   -9.997956E+00
   2.000000E-09    7.000000E+00    2.477000E+00    5.000000E+01    1.362000E+00   -5.867000E-01    1.146000E+00    3.279000E+00    3.322000E+00    3.785000E+00    1.833000E+00    3.000000E+00    7.500000E+00    7.280000E+00    1.900000E+00    5.000000E+00    4.300000E+01    2.817000E+00    2.431000E+00    3.850000E+00    2.218000E-01    6.398000E-02    9.432000E-04   -9.811000E+00    2.600000E+01    1.000000E+00    1.270000E+03    3.500000E+01   -3.010000E-01   -1.000000E+00    6.500600E-02   -1.200000E+01   -1.060936E+01
   2.000000E-09    1.000000E+00    1.613000E+00    1.700000E+01    1.398000E+00   -2.218000E-01   -1.000000E+01   -1.000000E+01   -1.000000E+01    4.328000E+00   -1.000000E+01   -1.000000E+01    6.000000E+00    1.297000E+01    3.160000E+00    3.000000E+00    1.700000E+01    2.822000E+00    2.419000E+00    2.890000E+00    6.177000E-01    6.690000E-02    8.974000E-04   -9.627000E+00    1.700000E+01    1.000000E+00    2.780000E+03    0.000000E+00   -1.000000E+01   -1.000000E+00    1.477167E-01   -1.305000E+01   -1.271537E+01
   4.300000E-10    4.000000E+00    1.279000E+00    9.300000E+01    1.398000E+00    0.000000E+00   -1.000000E+01   -1.000000E+01   -1.000000E+01   -1.000000E+01   -1.000000E+01   -1.000000E+01    9.000000E+00    6.194000E+00    1.380000E+00    7.000000E+00    9.200000E+01    3.368000E+00    6.207000E-01    4.990000E+00    1.690000E+00    7.345000E-01    8.974000E-04   -9.516000E+00    2.000000E+00    2.000000E+00    1.820000E+03    4.750000E+01   -1.000000E+01    0.000000E+00    1.929988E+00   -1.084000E+01   -1.087243E+01
   6.080000E-10    3.000000E+00    1.279000E+00    9.300000E+01    1.371000E+00    7.918000E-02   -1.000000E+01    4.281000E+00   -1.000000E+01    2.401000E+00    4.248000E+00    4.062000E+00    5.400000E+00    5.644000E+00    1.170000E+00    6.000000E+00    6.200000E+01    2.809000E+00    7.356000E-01    4.360000E+00    1.690000E+00    5.818000E-01    9.315000E-04   -9.478000E+00    2.000000E+00    1.000000E+00    1.800000E+03    4.750000E+01   -1.000000E+01    3.000000E+00    2.651821E-01   -1.014000E+01   -1.005477E+01
   9.230000E-10    4.000000E+00    1.744000E+00    8.200000E+01    1.362000E+00   -5.768000E-01    1.437000E+00    3.430000E+00    3.204000E+00    3.844000E+00    1.086000E+00    3.126000E+00    7.700000E+00    1.126000E+01    2.550000E+00    2.000000E+00    6.000000E+00    1.811000E+00    7.212000E-01    1.990000E+00    1.170000E+00    3.998000E-01    9.432000E-04   -9.806000E+00    2.000000E+00    1.000000E+00    1.250000E+03    8.000000E+01   -1.000000E+01   -2.000000E+00    6.966861E-02   -1.189000E+01   -1.155051E+01
   2.220000E-09    0.000000E+00    6.232000E-01    6.700000E+01    1.398000E+00   -2.578000E+00   -1.550000E-01    1.756000E+00    8.701000E-01    1.225000E+00   -1.000000E+01    1.403000E+00    8.060000E+00    1.360000E+01    2.200000E+00    1.000000E+00    1.000000E+00    8.499000E-01    8.088000E-01    8.500000E-01    2.203000E+00    2.158000E-02    8.974000E-04   -1.081000E+01    1.300000E+01    1.000000E+00    1.450000E+03    0.000000E+00   -1.000000E+01    0.000000E+00    2.473435E-02   -9.004000E+00   -8.898818E+00
   3.690000E-09    1.000000E+00    1.453000E+00    1.080000E+02    1.699000E+00   -1.000000E+01   -1.000000E+01   -1.000000E+01   -1.000000E+01   -1.000000E+01   -1.000000E+01   -1.000000E+01    6.482000E+00    1.297000E+01    3.160000E+00    3.000000E+00    1.700000E+01    2.822000E+00    4.118000E+00    2.890000E+00    1.580000E+00   -1.641000E-01    5.279000E-04   -1.450000E+01    2.000000E+00    2.000000E+00    1.000000E+03    9.800000E+01   -1.000000E+01   -1.000000E+00    5.876793E-01   -9.401000E+00   -9.462280E+00
   6.240000E-10    3.000000E+00    1.279000E+00    9.300000E+01    1.398000E+00    8.198000E-01   -1.000000E+01    5.178000E+00    3.983000E+00    5.366000E+00    2.086000E+00   -1.000000E+01    1.250000E+01    5.974000E+00    1.300000E+00    7.000000E+00    9.500000E+01    3.307000E+00    8.845000E-01    4.990000E+00    1.690000E+00    5.727000E-01    8.974000E-04   -9.106000E+00    2.000000E+00    2.000000E+00    1.800000E+03    4.750000E+01   -1.000000E+01    3.000000E+00    1.312389E+01   -1.065000E+01   -1.057144E+01
   1.300000E-09    1.000000E+00   -2.218000E-01    1.730000E+01    1.398000E+00   -1.292000E+00   -6.990000E-01    9.823000E-01    7.497000E-01    2.967000E-01    1.348000E+00    9.581000E-01    8.920000E+00    5.139000E+00    9.300000E-01    3.000000E+00    1.100000E+01    1.777000E+00    9.899000E-01    2.890000E+00    2.460000E+00    2.540000E-01    8.974000E-04   -1.016000E+01    2.700000E+01    1.000000E+00    2.430000E+03    0.000000E+00   -1.000000E+01    1.000000E+00    6.433016E-02   -1.072000E+01   -1.071207E+01
   2.090000E-09    1.000000E+00    1.580000E+00    7.900000E+01    1.398000E+00   -6.990000E-01    1.893000E+00    3.508000E+00    2.904000E+00    3.754000E+00    1.785000E+00    2.584000E+00    7.700000E+00    3.894000E+00    7.900000E-01    6.000000E+00    5.500000E+01    2.333000E+00    2.090000E+00    4.360000E+00    1.318000E+00    4.778000E-02    8.974000E-04   -9.866000E+00    2.000000E+00    5.000000E+00    1.800000E+03    8.000000E+01   -1.000000E+01    1.000000E+00    1.157698E-01   -9.431000E+00   -9.608902E+00
   6.240000E-10    3.000000E+00    1.279000E+00    9.300000E+01    1.398000E+00   -2.190000E-01   -1.000000E+01    4.105000E+00    2.983000E+00    2.697000E+00    2.086000E+00   -1.000000E+01    1.250000E+01    5.974000E+00    1.300000E+00    7.000000E+00    9.500000E+01    3.307000E+00    8.845000E-01    4.990000E+00    1.690000E+00    5.727000E-01    8.974000E-04   -9.626000E+00    2.000000E+00    2.000000E+00    1.200000E+03    4.750000E+01   -1.000000E+01    3.000000E+00    2.335150E+01   -1.010000E+01   -9.898669E+00
   2.100000E-09    0.000000E+00    1.447000E+00    1.080000E+02    1.398000E+00   -1.301000E+00   -1.000000E+01    3.061000E+00   -1.000000E+01    3.248000E+00   -1.000000E+01   -1.000000E+01    6.300000E+00    1.360000E+01    2.200000E+00    1.000000E+00    1.000000E+00    8.499000E-01    7.650000E-01    8.500000E-01    1.586000E+00    4.571000E-02    8.974000E-04   -1.017000E+01    2.000000E+00    1.000000E+00    9.000000E+02    1.000000E+02   -1.000000E+01    0.000000E+00    1.999157E-02   -9.836000E+00   -1.004504E+01
   1.010000E-09    1.000000E+00    1.453000E+00    1.080000E+02    1.176000E+00   -1.000000E+01   -1.000000E+01   -1.000000E+01   -1.000000E+01   -1.000000E+01   -1.000000E+01   -1.000000E+01    6.939000E+00    5.139000E+00    9.300000E-01    3.000000E+00    1.100000E+01    1.777000E+00    7.958000E-01    2.890000E+00    1.580000E+00    3.488000E-01    1.162000E-03   -1.452000E+01    2.000000E+00    2.000000E+00    8.000000E+02    9.800000E+01   -1.000000E+01    1.000000E+00    3.144051E-01   -9.807000E+00   -9.793327E+00
   1.200000E-09    5.000000E+00    1.455000E+00    8.700000E+01    1.301000E+00   -2.297000E+00   -1.000000E+01   -1.000000E+01    2.603000E+00   -1.000000E+01   -1.000000E+01   -1.000000E+01    6.000000E+00    6.266000E+00    1.360000E+00    7.000000E+00    9.300000E+01    3.387000E+00    1.772000E+00    4.990000E+00    1.485000E+00    2.814000E-01    1.018000E-03   -1.067000E+01    3.000000E+00    2.000000E+00    7.800000E+02    1.000000E+02   -1.000000E+01    1.000000E+00    1.632507E-02   -9.682000E+00   -9.670389E+00
   2.140000E-09    0.000000E+00    1.580000E+00    7.900000E+01    1.398000E+00   -1.365000E+00    1.990000E+00    2.225000E+00    2.538000E+00    3.094000E+00   -1.000000E+01    2.238000E+00    7.800000E+00    1.360000E+01    2.200000E+00    1.000000E+00    1.000000E+00    8.499000E-01    7.796000E-01    8.500000E-01    1.318000E+00    3.752000E-02    8.974000E-04   -1.020000E+01    2.000000E+00    1.000000E+00    1.700000E+03    8.200000E+01   -1.000000E+01    0.000000E+00    1.538915E-02   -1.014000E+01   -1.011257E+01
   1.350000E-09    1.000000E+00    1.453000E+00    1.080000E+02    1.398000E+00   -1.000000E+01   -1.000000E+01   -1.000000E+01   -1.000000E+01   -1.000000E+01   -1.000000E+01   -1.000000E+01    6.884000E+00    5.139000E+00    9.300000E-01    3.000000E+00    1.100000E+01    1.777000E+00    1.028000E+00    2.890000E+00    1.580000E+00    2.376000E-01    8.974000E-04   -1.452000E+01    2.000000E+00    2.000000E+00    1.100000E+03    9.800000E+01   -1.000000E+01    1.000000E+00    1.967339E-01   -9.917000E+00   -9.873679E+00
   1.300000E-09    1.000000E+00   -2.218000E-01    1.730000E+01    1.398000E+00   -1.292000E+00   -6.990000E-01    9.823000E-01    7.497000E-01    2.967000E-01    1.348000E+00    9.581000E-01    8.920000E+00    5.139000E+00    9.300000E-01    3.000000E+00    1.100000E+01    1.777000E+00    9.899000E-01    2.890000E+00    2.460000E+00    2.540000E-01    8.974000E-04   -1.016000E+01    2.700000E+01    1.000000E+00    2.440000E+03    0.000000E+00   -1.000000E+01    1.000000E+00    6.433016E-02   -1.072000E+01   -1.071207E+01
   9.560000E-10    4.000000E+00    1.279000E+00    9.300000E+01    1.398000E+00   -3.010000E-01   -1.000000E+01    4.061000E+00   -1.000000E+01    4.250000E+00   -1.000000E+01   -1.000000E+01    1.250000E+01    1.126000E+01    2.550000E+00    2.000000E+00    6.000000E+00    1.811000E+00    7.420000E-01    1.990000E+00    1.690000E+00    3.875000E-01    8.974000E-04   -9.667000E+00    2.000000E+00    1.000000E+00    1.600000E+03    5.000000E+01   -1.000000E+01   -2.000000E+00    7.279198E-02   -1.125000E+01   -1.115556E+01
   7.900000E-10    2.000000E+00    1.580000E+00    7.900000E+01    1.398000E+00   -1.000000E+00   -1.000000E+01    3.362000E+00   -1.000000E+01    3.550000E+00   -1.000000E+01   -1.000000E+01    3.000000E+00    5.695000E+00    9.500000E-01    5.000000E+00    3.800000E+01    2.491000E+00    8.436000E-01    3.850000E+00    1.318000E+00    4.703000E-01    8.974000E-04   -1.002000E+01    2.000000E+00    3.000000E+00    1.000000E+03    8.200000E+01   -1.000000E+01    2.000000E+00    6.851609E-02   -9.000000E+00   -8.958752E+00
   1.330000E-09    1.000000E+00    1.602000E+00    1.400000E+02    1.398000E+00    0.000000E+00   -1.000000E+01    4.362000E+00   -1.000000E+01   -1.000000E+01   -1.000000E+01   -1.000000E+01    5.000000E+00    5.139000E+00    9.300000E-01    3.000000E+00    1.100000E+01    1.777000E+00    1.013000E+00    2.890000E+00    1.544000E+00    2.441000E-01    8.974000E-04   -9.516000E+00    7.000000E+00    1.000000E+00    1.900000E+03    0.000000E+00   -1.000000E+01    1.000000E+00    3.372022E-02   -9.854000E+00   -9.994896E+00
   9.000000E-10    4.000000E+00    1.279000E+00    9.300000E+01    1.398000E+00   -1.000000E+01   -1.000000E+01   -1.000000E+01   -1.000000E+01   -1.000000E+01   -1.000000E+01   -1.000000E+01    1.300000E+01    7.344000E+00    1.960000E+00    5.000000E+00    5.000000E+01    2.829000E+00    1.091000E+00    3.850000E+00    1.690000E+00    4.137000E-01    8.974000E-04   -1.452000E+01    2.000000E+00    2.000000E+00    4.000000E+02    4.750000E+01   -1.000000E+01    4.000000E+00    1.950346E+00   -9.453000E+00   -9.479833E+00
   1.200000E-09    4.000000E+00    1.279000E+00    9.300000E+01    1.398000E+00   -2.190000E-01   -1.000000E+01    4.105000E+00    2.983000E+00    2.697000E+00    2.086000E+00   -1.000000E+01    1.250000E+01    6.266000E+00    1.360000E+00    7.000000E+00    9.300000E+01    3.387000E+00    1.742000E+00    4.990000E+00    1.690000E+00    2.887000E-01    8.974000E-04   -9.626000E+00    2.000000E+00    2.000000E+00    1.800000E+03    4.750000E+01   -1.000000E+01    0.000000E+00    2.098561E-01   -1.037000E+01   -1.051743E+01
   1.560000E-09    1.000000E+00    1.453000E+00    1.080000E+02    1.176000E+00   -3.010000E-01   -1.000000E+01    4.061000E+00   -1.000000E+01    4.249000E+00   -1.000000E+01   -1.000000E+01    5.604000E+00    1.297000E+01    3.160000E+00    3.000000E+00    1.700000E+01    2.822000E+00    1.952000E+00    2.890000E+00    1.580000E+00    1.600000E-01    1.162000E-03   -9.674000E+00    2.000000E+00    2.000000E+00    1.000000E+03    9.800000E+01   -1.000000E+01   -1.000000E+00    4.231457E-02   -9.775000E+00   -9.796358E+00
   2.090000E-09    1.000000E+00    1.477000E+00    2.100000E+01    1.362000E+00   -1.356000E+00    1.990000E+00    2.225000E+00    2.512000E+00    3.094000E+00    2.354000E+00    2.238000E+00    7.800000E+00    3.894000E+00    7.900000E-01    6.000000E+00    5.500000E+01    2.333000E+00    2.104000E+00    4.360000E+00    8.451000E-01    4.486000E-02    9.432000E-04   -1.020000E+01    4.000000E+00    1.000000E+00    2.670000E+03    5.000000E+01   -1.000000E+01    1.000000E+00    3.400953E-01   -9.585000E+00   -9.697411E+00
   7.910000E-10    2.000000E+00    1.748000E+00    1.110000E+02    1.903000E+00   -7.282000E-01    1.596000E+00    3.415000E+00    2.736000E+00    3.353000E+00    1.827000E+00    3.670000E+00    7.560000E+00    5.695000E+00    9.500000E-01    5.000000E+00    3.800000E+01    2.491000E+00    7.131000E-01    3.850000E+00    1.297000E+00    5.433000E-01    3.547000E-04   -9.844000E+00    2.000000E+00    1.000000E+00    1.400000E+03    9.200000E+01   -1.000000E+01    2.000000E+00    1.517144E-01   -1.023000E+01   -1.000228E+01
   3.690000E-09    1.000000E+00    1.453000E+00    1.080000E+02    1.699000E+00   -1.301000E+00   -1.000000E+01    3.061000E+00   -1.000000E+01    3.249000E+00   -1.000000E+01   -1.000000E+01    6.359000E+00    1.297000E+01    3.160000E+00    3.000000E+00    1.700000E+01    2.822000E+00    4.118000E+00    2.890000E+00    1.580000E+00   -1.641000E-01    5.279000E-04   -1.015000E+01    2.000000E+00    2.000000E+00    1.000000E+03    9.800000E+01   -1.000000E+01   -1.000000E+00    5.809911E-01   -9.401000E+00   -9.460561E+00
   2.090000E-09    1.000000E+00    1.580000E+00    7.900000E+01    1.398000E+00   -9.281000E-01    3.799000E+00    3.174000E+00    1.955000E+00   -1.000000E+01   -1.000000E+01   -1.000000E+01    1.340000E+01    3.894000E+00    7.900000E-01    6.000000E+00    5.500000E+01    2.333000E+00    2.090000E+00    4.360000E+00    1.318000E+00    4.778000E-02    8.974000E-04   -9.980000E+00    2.000000E+00    2.000000E+00    2.000000E+03    8.000000E+01   -1.000000E+01    1.000000E+00    1.789586E-01   -1.049000E+01   -1.044374E+01
   1.300000E-09    1.000000E+00    6.990000E-01    4.000000E+00    1.398000E+00    2.625000E-01   -1.000000E+01    4.624000E+00   -1.000000E+01    4.812000E+00   -1.000000E+01   -1.000000E+01    5.500000E+00    5.139000E+00    9.300000E-01    3.000000E+00    1.100000E+01    1.777000E+00    9.899000E-01    2.890000E+00    9.031000E-01    2.540000E-01    8.974000E-04   -9.385000E+00    1.000000E+00    1.000000E+00    2.750000E+03    0.000000E+00   -1.000000E+01    1.000000E+00    4.302623E-02   -1.366000E+01   -1.366171E+01
   3.690000E-09    1.000000E+00    1.453000E+00    1.080000E+02    1.699000E+00   -1.000000E+01   -1.000000E+01   -1.000000E+01   -1.000000E+01   -1.000000E+01   -1.000000E+01   -1.000000E+01    6.462000E+00    1.297000E+01    3.160000E+00    3.000000E+00    1.700000E+01    2.822000E+00    4.118000E+00    2.890000E+00    1.580000E+00   -1.641000E-01    5.279000E-04   -1.450000E+01    2.000000E+00    2.000000E+00    9.000000E+02    9.800000E+01   -1.000000E+01   -1.000000E+00    6.333139E-01   -9.322000E+00   -9.411622E+00
   1.200000E-09    4.000000E+00    1.279000E+00    9.300000E+01    1.398000E+00   -2.301000E+00   -1.000000E+01    2.362000E+00   -1.000000E+01   -1.000000E+01   -1.000000E+01   -1.000000E+01    7.000000E+00    6.266000E+00    1.360000E+00    7.000000E+00    9.300000E+01    3.387000E+00    1.742000E+00    4.990000E+00    1.690000E+00    2.887000E-01    8.974000E-04   -1.067000E+01    2.000000E+00    2.000000E+00    1.800000E+03    4.750000E+01   -1.000000E+01    0.000000E+00    2.232663E-02   -1.037000E+01   -1.039495E+01
   2.090000E-09    1.000000E+00    1.453000E+00    1.080000E+02    1.398000E+00   -3.010000E-01   -1.000000E+01    4.061000E+00   -1.000000E+01    4.249000E+00   -1.000000E+01   -1.000000E+01    6.622000E+00    1.297000E+01    3.160000E+00    3.000000E+00    1.700000E+01    2.822000E+00    2.528000E+00    2.890000E+00    1.580000E+00    4.778000E-02    8.974000E-04   -9.667000E+00    2.000000E+00    2.000000E+00    1.000000E+03    9.800000E+01   -1.000000E+01   -1.000000E+00    4.651304E-01   -9.648000E+00   -9.644271E+00
   1.300000E-09    1.000000E+00   -1.549000E-01    1.000000E+01    1.398000E+00    2.625000E-01   -1.000000E+01    4.624000E+00   -1.000000E+01    4.812000E+00   -1.000000E+01   -1.000000E+01    5.500000E+00    5.139000E+00    9.300000E-01    3.000000E+00    1.100000E+01    1.777000E+00    9.899000E-01    2.890000E+00    2.155000E+00    2.540000E-01    8.974000E-04   -9.385000E+00    1.400000E+01    1.000000E+00    2.640000E+03    0.000000E+00   -1.000000E+01    1.000000E+00    2.176206E-02   -1.233000E+01   -1.232694E+01
   2.000000E-09    7.000000E+00    2.477000E+00    5.000000E+01    1.380000E+00   -6.576000E-01    1.149000E+00    3.281000E+00    3.331000E+00    3.780000E+00    1.233000E+00    3.024000E+00    7.200000E+00    7.280000E+00    1.900000E+00    5.000000E+00    4.300000E+01    2.817000E+00    2.423000E+00    3.850000E+00    2.218000E-01    6.544000E-02    9.199000E-04   -9.846000E+00    2.600000E+01    2.000000E+00    2.000000E+03    8.750000E+00   -1.000000E+01   -1.000000E+00    9.189653E-02   -9.812000E+00   -9.826053E+00
   2.000000E-09    1.000000E+00    1.580000E+00    7.900000E+01    1.398000E+00   -2.000000E+00   -1.000000E+01    2.362000E+00   -1.000000E+01   -1.000000E+01   -1.000000E+01   -1.000000E+01    8.200000E+00    1.045000E+01    2.660000E+00    5.000000E+00    5.300000E+01    3.375000E+00    2.893000E+00    3.850000E+00    1.318000E+00    6.690000E-02    8.974000E-04   -1.052000E+01    2.000000E+00    1.000000E+00    4.000000E+02    8.000000E+01   -1.000000E+01   -1.000000E+00    1.403029E+00   -9.173000E+00   -9.271796E+00
   2.000000E-09    1.000000E+00    1.602000E+00    1.400000E+01    1.362000E+00   -2.000000E+00    9.345000E-01    2.362000E+00    5.328000E-01    2.338000E+00    2.387000E+00    1.904000E+00    8.300000E+00    1.045000E+01    2.660000E+00    5.000000E+00    5.300000E+01    3.375000E+00    2.913000E+00    3.850000E+00    5.441000E-01    6.398000E-02    9.432000E-04   -1.052000E+01    5.000000E+00    1.000000E+00    2.450000E+03    0.000000E+00   -1.000000E+01   -1.000000E+00    3.175416E-01   -1.215000E+01   -1.206049E+01
   2.220000E-09    0.000000E+00   -1.549000E-01    1.000000E+01    1.362000E+00   -9.208000E-01    1.172000E+00    3.441000E+00   -1.000000E+01    2.754000E+00    3.409000E+00    2.739000E+00    9.500000E+00    1.360000E+01    2.200000E+00    1.000000E+00    1.000000E+00    8.499000E-01    8.142000E-01    8.500000E-01    2.155000E+00    1.865000E-02    9.432000E-04   -9.978000E+00    1.400000E+01    1.000000E+00    2.670000E+03    0.000000E+00   -1.000000E+01    0.000000E+00    6.334323E-03   -1.145000E+01   -1.110069E+01
   9.000000E-10    2.000000E+00    1.279000E+00    9.300000E+01    1.398000E+00   -1.000000E+01   -1.000000E+01   -1.000000E+01   -1.000000E+01   -1.000000E+01   -1.000000E+01   -1.000000E+01    1.250000E+01    7.344000E+00    1.960000E+00    5.000000E+00    5.000000E+01    2.829000E+00    1.091000E+00    3.850000E+00    1.690000E+00    4.137000E-01    8.974000E-04   -1.452000E+01    2.000000E+00    2.000000E+00    1.200000E+03    4.750000E+01   -1.000000E+01    2.000000E+00    1.285570E+00   -9.943000E+00   -9.896764E+00
   4.300000E-10    4.000000E+00    1.279000E+00    9.300000E+01    1.398000E+00   -2.190000E-01   -1.000000E+01    4.105000E+00    2.983000E+00    2.697000E+00    2.086000E+00   -1.000000E+01    1.250000E+01    6.194000E+00    1.380000E+00    7.000000E+00    9.200000E+01    3.368000E+00    6.207000E-01    4.990000E+00    1.690000E+00    7.345000E-01    8.974000E-04   -9.626000E+00    2.000000E+00    2.000000E+00    1.200000E+03    4.750000E+01   -1.000000E+01    0.000000E+00    4.805253E+00   -1.026000E+01   -1.027016E+01
   7.600000E-10    2.000000E+00    1.580000E+00    7.900000E+01    1.362000E+00   -1.166000E+00    2.934000E+00    2.265000E+00    2.882000E+00    3.027000E+00   -1.000000E+01    1.061000E+00    1.250000E+01    6.113000E+00    1.000000E+00    4.000000E+00    2.000000E+01    2.313000E+00    7.586000E-01    3.450000E+00    1.318000E+00    4.842000E-01    9.432000E-04   -1.010000E+01    2.000000E+00    1.000000E+00    2.000000E+03    8.200000E+01   -1.000000E+01    2.000000E+00    2.209785E-01   -9.523000E+00   -9.802360E+00
   3.690000E-09    1.000000E+00    1.453000E+00    1.080000E+02    1.699000E+00   -1.000000E+01   -1.000000E+01   -1.000000E+01   -1.000000E+01   -1.000000E+01   -1.000000E+01   -1.000000E+01    6.038000E+00    1.297000E+01    3.160000E+00    3.000000E+00    1.700000E+01    2.822000E+00    4.118000E+00    2.890000E+00    1.580000E+00   -1.641000E-01    5.279000E-04   -1.450000E+01    2.000000E+00    2.000000E+00    1.800000E+03    9.800000E+01   -1.000000E+01   -1.000000E+00    4.150921E-01   -1.010000E+01   -1.002353E+01
   2.000000E-09    1.000000E+00    1.453000E+00    1.080000E+02    1.778000E+00   -2.000000E+00   -1.000000E+01    2.362000E+00   -1.000000E+01    2.550000E+00   -1.000000E+01   -1.000000E+01    7.015000E+00    1.045000E+01    2.660000E+00    5.000000E+00    5.300000E+01    3.375000E+00    2.589000E+00    3.850000E+00    1.580000E+00    1.151000E-01    4.494000E-04   -1.049000E+01    2.000000E+00    2.000000E+00    9.000000E+02    9.999000E+01   -1.000000E+01   -1.000000E+00    5.484088E-01   -9.599000E+00   -9.639568E+00
   2.000000E-09    7.000000E+00    1.744000E+00    8.200000E+01    1.398000E+00   -5.918000E-01    1.146000E+00    3.279000E+00    3.330000E+00    3.785000E+00    1.831000E+00    3.016000E+00    7.500000E+00    7.280000E+00    1.900000E+00    5.000000E+00    4.300000E+01    2.817000E+00    2.415000E+00    3.850000E+00    1.170000E+00    6.690000E-02    8.974000E-04   -9.812000E+00    2.000000E+00    2.000000E+00    1.360000E+03    8.000000E+01   -1.000000E+01   -1.000000E+00    1.949753E-01   -9.886000E+00   -9.884554E+00
   1.180000E-09    1.000000E+00    1.453000E+00    1.080000E+02    6.990000E-01   -1.000000E+01   -1.000000E+01   -1.000000E+01   -1.000000E+01   -1.000000E+01   -1.000000E+01   -1.000000E+01    5.448000E+00    1.297000E+01    3.160000E+00    3.000000E+00    1.700000E+01    2.822000E+00    1.530000E+00    2.890000E+00    1.580000E+00    2.659000E-01    1.536000E-03   -1.453000E+01    2.000000E+00    2.000000E+00    1.100000E+03    9.800000E+01   -1.000000E+01   -1.000000E+00    1.452884E-01   -9.979000E+00   -9.897484E+00
   7.420000E-10    1.000000E+00    1.453000E+00    1.080000E+02    6.990000E-01   -1.000000E+01   -1.000000E+01   -1.000000E+01   -1.000000E+01   -1.000000E+01   -1.000000E+01   -1.000000E+01    5.267000E+00    5.139000E+00    9.300000E-01    3.000000E+00    1.100000E+01    1.777000E+00    6.056000E-01    2.890000E+00    1.580000E+00    4.674000E-01    1.536000E-03   -1.453000E+01    2.000000E+00    2.000000E+00    1.200000E+03    9.800000E+01   -1.000000E+01    1.000000E+00    1.372037E-01   -1.026000E+01   -1.021488E+01
   5.000000E-10    2.000000E+00    1.408000E+00    7.200000E+01    1.301000E+00   -6.990000E-01   -1.000000E+01    3.663000E+00   -1.000000E+01    3.851000E+00   -1.000000E+01   -1.000000E+01    6.800000E+00    7.881000E+00    1.880000E+00    4.000000E+00    2.700000E+01    2.626000E+00    5.724000E-01    3.450000E+00    1.449000E+00    6.616000E-01    1.018000E-03   -9.869000E+00    2.000000E+00    1.000000E+00    1.200000E+03    7.500000E+01   -1.000000E+01   -2.000000E+00    1.204801E+00   -1.073000E+01   -1.061396E+01
   2.032000E-10    1.000000E+00    1.748000E+00    1.110000E+02    1.903000E+00   -6.778000E-01    1.637000E+00    3.472000E+00    2.790000E+00    3.517000E+00    1.749000E+00    3.638000E+00    7.550000E+00    1.297000E+01    3.160000E+00    3.000000E+00    1.700000E+01    2.822000E+00    2.075000E-01    2.890000E+00    1.297000E+00    1.134000E+00    3.547000E-04   -9.818000E+00    2.000000E+00    1.000000E+00    1.650000E+03    9.200000E+01   -1.000000E+01   -1.000000E+00    2.574280E+00   -1.022000E+01   -1.050497E+01
   2.220000E-09    0.000000E+00    1.602000E+00    1.400000E+02    1.398000E+00   -1.000000E+00   -1.000000E+01    3.362000E+00   -1.000000E+01   -1.000000E+01   -1.000000E+01   -1.000000E+01    5.000000E+00    1.360000E+01    2.200000E+00    1.000000E+00    1.000000E+00    8.499000E-01    8.088000E-01    8.500000E-01    1.544000E+00    2.158000E-02    8.974000E-04   -1.002000E+01    7.000000E+00    1.000000E+00    1.900000E+03    0.000000E+00   -1.000000E+01    0.000000E+00    3.056513E-02   -9.509000E+00   -9.743719E+00
   7.420000E-10    1.000000E+00    1.453000E+00    1.080000E+02    6.990000E-01   -1.000000E+01   -1.000000E+01   -1.000000E+01   -1.000000E+01   -1.000000E+01   -1.000000E+01   -1.000000E+01    4.895000E+00    5.139000E+00    9.300000E-01    3.000000E+00    1.100000E+01    1.777000E+00    6.056000E-01    2.890000E+00    1.580000E+00    4.674000E-01    1.536000E-03   -1.453000E+01    2.000000E+00    2.000000E+00    1.800000E+03    9.800000E+01   -1.000000E+01    1.000000E+00    1.294009E-01   -1.080000E+01   -1.070826E+01
   2.000000E-09    7.000000E+00    2.477000E+00    5.000000E+01    1.380000E+00   -6.576000E-01    1.149000E+00    3.281000E+00    3.331000E+00    3.780000E+00    1.233000E+00    3.024000E+00    7.200000E+00    7.280000E+00    1.900000E+00    5.000000E+00    4.300000E+01    2.817000E+00    2.423000E+00    3.850000E+00    2.218000E-01    6.544000E-02    9.199000E-04   -9.846000E+00    2.600000E+01    2.000000E+00    1.100000E+03    3.500000E+01   -1.000000E+01   -1.000000E+00    9.189653E-02   -9.496000E+00   -9.439954E+00
   1.270000E-09    1.000000E+00    1.415000E+00    3.800000E+01    1.362000E+00   -5.986000E-01    1.740000E+00    3.254000E+00    3.293000E+00    3.805000E+00    1.108000E+00    3.062000E+00    7.700000E+00    5.139000E+00    9.300000E-01    3.000000E+00    1.100000E+01    1.777000E+00    9.736000E-01    2.890000E+00    1.165000E+00    2.612000E-01    9.432000E-04   -9.817000E+00    2.000000E+00    1.000000E+00    1.250000E+03    3.300000E+01   -1.000000E+01    1.000000E+00    4.921563E-02   -9.745000E+00   -9.861892E+00
   8.480000E-10    2.000000E+00    4.771000E-01    2.000000E+00    1.398000E+00   -2.523000E+00   -1.000000E+01   -1.000000E+01    1.603000E+00    1.851000E+00   -1.000000E+01   -1.000000E+01    6.250000E+00    5.212000E+00    8.900000E-01    6.000000E+00    5.600000E+01    2.699000E+00    9.810000E-01    4.360000E+00    8.239000E-01    4.395000E-01    8.974000E-04   -1.078000E+01    8.000000E+00    1.000000E+00    2.640000E+03    0.000000E+00   -1.000000E+01    2.000000E+00    2.539819E-02   -1.254000E+01   -1.264040E+01
   6.600000E-10    2.000000E+00    1.279000E+00    9.300000E+01    1.398000E+00   -1.000000E+01   -1.000000E+01   -1.000000E+01   -1.000000E+01   -1.000000E+01   -1.000000E+01   -1.000000E+01    1.250000E+01    7.640000E+00    1.910000E+00    4.000000E+00    2.800000E+01    2.586000E+00    7.315000E-01    3.450000E+00    1.690000E+00    5.484000E-01    8.974000E-04   -1.452000E+01    2.000000E+00    2.000000E+00    1.600000E+03    4.750000E+01   -1.000000E+01    2.000000E+00    9.876415E-01   -1.055000E+01   -1.058229E+01
   7.900000E-10    2.000000E+00    1.279000E+00    9.300000E+01    1.398000E+00   -1.000000E+01   -1.000000E+01   -1.000000E+01   -1.000000E+01   -1.000000E+01   -1.000000E+01   -1.000000E+01    1.250000E+01    5.695000E+00    9.500000E-01    5.000000E+00    3.800000E+01    2.491000E+00    8.436000E-01    3.850000E+00    1.690000E+00    4.703000E-01    8.974000E-04   -1.452000E+01    2.000000E+00    2.000000E+00    1.200000E+03    4.750000E+01   -1.000000E+01    2.000000E+00    2.660287E-01   -1.000000E+01   -9.854798E+00
   2.000000E-09    1.000000E+00    1.279000E+00    9.300000E+01    1.362000E+00   -3.010000E-01   -1.000000E+01    4.061000E+00   -1.000000E+01    4.250000E+00   -1.000000E+01   -1.000000E+01    1.250000E+01    1.045000E+01    2.660000E+00    5.000000E+00    5.300000E+01    3.375000E+00    2.913000E+00    3.850000E+00    1.690000E+00    6.398000E-02    9.432000E-04   -9.668000E+00    2.000000E+00    1.000000E+00    1.600000E+03    4.800000E+01    1.477000E+00   -1.000000E+00    6.007755E-01   -1.040000E+01   -1.052500E+01
   7.420000E-10    1.000000E+00    1.453000E+00    1.080000E+02    6.990000E-01   -1.000000E+01   -1.000000E+01   -1.000000E+01   -1.000000E+01   -1.000000E+01   -1.000000E+01   -1.000000E+01    6.410000E+00    5.139000E+00    9.300000E-01    3.000000E+00    1.100000E+01    1.777000E+00    6.056000E-01    2.890000E+00    1.580000E+00    4.674000E-01    1.536000E-03   -1.453000E+01    2.000000E+00    2.000000E+00    8.000000E+02    9.800000E+01   -1.000000E+01    1.000000E+00    1.690621E-01   -9.939000E+00   -9.985825E+00
   2.090000E-09    1.000000E+00    1.447000E+00    1.080000E+02    1.398000E+00   -1.000000E+01   -1.000000E+01   -1.000000E+01   -1.000000E+01   -1.000000E+01   -1.000000E+01   -1.000000E+01    1.150000E+01    3.894000E+00    7.900000E-01    6.000000E+00    5.500000E+01    2.333000E+00    2.090000E+00    4.360000E+00    1.586000E+00    4.778000E-02    8.974000E-04   -1.452000E+01    2.000000E+00    2.000000E+00    1.210000E+03    1.000000E+02   -1.000000E+01    1.000000E+00    7.808914E-01   -9.848000E+00   -9.835122E+00
   1.330000E-09    1.000000E+00    1.602000E+00    1.400000E+02    1.398000E+00   -3.010000E-01   -1.000000E+01    4.061000E+00   -1.000000E+01   -1.000000E+01   -1.000000E+01   -1.000000E+01    5.000000E+00    5.139000E+00    9.300000E-01    3.000000E+00    1.100000E+01    1.777000E+00    1.013000E+00    2.890000E+00    1.544000E+00    2.441000E-01    8.974000E-04   -9.667000E+00    7.000000E+00    1.000000E+00    1.900000E+03    0.000000E+00   -1.000000E+01    1.000000E+00    2.911419E-02   -9.824000E+00   -9.927454E+00
   2.000000E-09    1.000000E+00    1.580000E+00    7.900000E+01    1.398000E+00   -1.000000E+00   -1.000000E+01    3.362000E+00   -1.000000E+01   -1.000000E+01   -1.000000E+01   -1.000000E+01    8.200000E+00    1.297000E+01    3.160000E+00    3.000000E+00    1.700000E+01    2.822000E+00    2.419000E+00    2.890000E+00    1.318000E+00    6.690000E-02    8.974000E-04   -1.002000E+01    2.000000E+00    1.000000E+00    1.800000E+03    8.000000E+01   -1.000000E+01   -1.000000E+00    3.235663E-01   -1.029000E+01   -1.029953E+01
   2.000000E-09    1.000000E+00    1.580000E+00    7.900000E+01    1.380000E+00   -1.166000E+00    2.934000E+00    2.265000E+00    2.882000E+00    3.027000E+00   -1.000000E+01    1.061000E+00    1.250000E+01    1.297000E+01    3.160000E+00    3.000000E+00    1.700000E+01    2.822000E+00    2.427000E+00    2.890000E+00    1.318000E+00    6.544000E-02    9.199000E-04   -1.010000E+01    2.000000E+00    1.000000E+00    1.700000E+03    8.200000E+01   -1.000000E+01   -1.000000E+00    3.403683E-02   -1.126000E+01   -1.161847E+01
   1.180000E-09    1.000000E+00    1.453000E+00    1.080000E+02    6.990000E-01   -1.000000E+01   -1.000000E+01   -1.000000E+01   -1.000000E+01   -1.000000E+01   -1.000000E+01   -1.000000E+01    5.225000E+00    1.297000E+01    3.160000E+00    3.000000E+00    1.700000E+01    2.822000E+00    1.530000E+00    2.890000E+00    1.580000E+00    2.659000E-01    1.536000E-03   -1.453000E+01    2.000000E+00    2.000000E+00    1.200000E+03    9.800000E+01   -1.000000E+01   -1.000000E+00    1.490408E-01   -1.006000E+01   -9.960349E+00
   2.000000E-09    1.000000E+00    1.453000E+00    1.080000E+02    1.342000E+00   -2.924000E-01   -1.000000E+01    4.069000E+00   -1.000000E+01    4.257000E+00   -1.000000E+01   -1.000000E+01    6.563000E+00    1.045000E+01    2.660000E+00    5.000000E+00    5.300000E+01    3.375000E+00    2.923000E+00    3.850000E+00    1.580000E+00    6.251000E-02    9.673000E-04   -9.665000E+00    2.000000E+00    2.000000E+00    9.000000E+02    9.999000E+01   -1.000000E+01   -1.000000E+00    2.984604E-01   -9.593000E+00   -9.679723E+00
   8.480000E-10    2.000000E+00    4.771000E-01    2.000000E+00    1.398000E+00   -1.523000E+00   -1.000000E+01   -1.000000E+01    2.603000E+00    2.851000E+00   -1.000000E+01   -1.000000E+01    6.250000E+00    5.212000E+00    8.900000E-01    6.000000E+00    5.600000E+01    2.699000E+00    9.810000E-01    4.360000E+00    8.239000E-01    4.395000E-01    8.974000E-04   -1.028000E+01    8.000000E+00    1.000000E+00    2.640000E+03    0.000000E+00   -1.000000E+01    2.000000E+00    2.667045E-02   -1.278000E+01   -1.255245E+01
   1.550000E-09    4.000000E+00    6.232000E-01    6.700000E+01    1.398000E+00   -6.615000E-01    9.081000E-01    3.294000E+00    3.577000E+00    3.659000E+00    1.000000E+00    3.051000E+00    7.200000E+00    9.752000E+00    2.550000E+00    4.000000E+00    3.400000E+01    2.921000E+00    1.941000E+00    3.450000E+00    2.203000E+00    1.776000E-01    8.974000E-04   -9.847000E+00    1.300000E+01    1.000000E+00    1.450000E+03    0.000000E+00   -1.000000E+01   -1.000000E+00    3.861820E-02   -9.690000E+00   -9.522482E+00
   2.032000E-10    1.000000E+00    1.748000E+00    1.110000E+02    1.602000E+00   -7.620000E-01    1.567000E+00    3.375000E+00    2.707000E+00    3.224000E+00    1.850000E+00    3.685000E+00    7.570000E+00    1.297000E+01    3.160000E+00    3.000000E+00    1.700000E+01    2.822000E+00    2.340000E-01    2.890000E+00    1.297000E+00    1.081000E+00    6.389000E-04   -9.887000E+00    2.000000E+00    1.000000E+00    1.200000E+03    9.200000E+01   -1.000000E+01   -1.000000E+00    1.689134E+00   -9.756000E+00   -9.819497E+00
   2.060000E-09    1.000000E+00    1.453000E+00    1.100000E+02    1.362000E+00   -3.010000E-01   -1.000000E+01    4.061000E+00   -1.000000E+01    4.249000E+00   -1.000000E+01   -1.000000E+01    7.000000E+00    3.894000E+00    7.900000E-01    6.000000E+00    5.500000E+01    2.333000E+00    2.074000E+00    4.360000E+00    1.588000E+00    5.114000E-02    9.432000E-04   -9.668000E+00    2.000000E+00    1.000000E+00    8.000000E+02    9.800000E+01   -1.000000E+01    1.000000E+00    6.822391E-02   -9.631000E+00   -9.695686E+00
   2.100000E-09    1.000000E+00    1.453000E+00    1.080000E+02    1.342000E+00   -2.000000E+00   -1.000000E+01    2.362000E+00   -1.000000E+01    2.550000E+00   -1.000000E+01   -1.000000E+01    6.889000E+00    3.894000E+00    7.900000E-01    6.000000E+00    5.500000E+01    2.333000E+00    2.121000E+00    4.360000E+00    1.580000E+00    4.132000E-02    9.673000E-04   -1.052000E+01    2.000000E+00    2.000000E+00    9.000000E+02    9.999000E+01   -1.000000E+01    1.000000E+00    9.769801E-01   -9.575000E+00   -9.528073E+00
   2.000000E-09    1.000000E+00    1.279000E+00    9.300000E+01    1.362000E+00    6.990000E-01   -1.000000E+01    5.061000E+00   -1.000000E+01   -1.000000E+01   -1.000000E+01   -1.000000E+01    1.250000E+01    1.045000E+01    2.660000E+00    5.000000E+00    5.300000E+01    3.375000E+00    2.913000E+00    3.850000E+00    1.690000E+00    6.398000E-02    9.432000E-04   -9.168000E+00    2.000000E+00    1.000000E+00    1.600000E+03    5.000000E+01    1.699000E+00   -1.000000E+00    5.087058E-01   -1.007000E+01   -1.026890E+01
   2.000000E-09    1.000000E+00    1.453000E+00    1.080000E+02    1.602000E+00   -2.924000E-01   -1.000000E+01    4.069000E+00   -1.000000E+01    4.257000E+00   -1.000000E+01   -1.000000E+01    6.108000E+00    1.045000E+01    2.660000E+00    5.000000E+00    5.300000E+01    3.375000E+00    2.755000E+00    3.850000E+00    1.580000E+00    8.822000E-02    6.389000E-04   -9.652000E+00    2.000000E+00    2.000000E+00    9.100000E+02    9.999000E+01   -1.000000E+01   -1.000000E+00    7.255119E-01   -9.606000E+00   -9.649242E+00
   2.000000E-09    1.000000E+00    1.602000E+00    1.400000E+01    1.362000E+00   -9.586000E-01    9.345000E-01    3.403000E+00    5.328000E-01    3.575000E+00    2.387000E+00    1.904000E+00    8.200000E+00    1.045000E+01    2.660000E+00    5.000000E+00    5.300000E+01    3.375000E+00    2.913000E+00    3.850000E+00    5.441000E-01    6.398000E-02    9.432000E-04   -9.997000E+00    5.000000E+00    1.000000E+00    2.450000E+03    0.000000E+00   -1.000000E+01   -1.000000E+00    2.709965E-01   -1.171000E+01   -1.183341E+01
   2.000000E-09    1.000000E+00    1.494000E+00    8.300000E+01    1.362000E+00   -8.239000E-01   -1.000000E+01   -1.000000E+01    3.302000E+00    3.550000E+00   -1.000000E+01   -1.000000E+01    7.135000E+00    1.045000E+01    2.660000E+00    5.000000E+00    5.300000E+01    3.375000E+00    2.913000E+00    3.850000E+00    1.425000E+00    6.398000E-02    9.432000E-04   -9.930000E+00    2.000000E+00    1.000000E+00    1.300000E+03    8.000000E+01   -1.000000E+01   -1.000000E+00    4.867865E-01   -1.054000E+01   -1.052170E+01
   9.230000E-10    4.000000E+00    1.279000E+00    9.300000E+01    1.398000E+00   -1.016000E+00   -1.000000E+01    3.353000E+00   -1.000000E+01   -1.000000E+01    3.541000E+00    2.956000E+00    1.040000E+01    1.126000E+01    2.550000E+00    2.000000E+00    6.000000E+00    1.811000E+00    7.164000E-01    1.990000E+00    1.690000E+00    4.027000E-01    8.974000E-04   -1.002000E+01    2.000000E+00    1.000000E+00    1.600000E+03    4.750000E+01    1.845000E+00   -2.000000E+00    4.569037E-02   -1.041000E+01   -1.044536E+01
   2.220000E-09    0.000000E+00    1.748000E+00    1.110000E+02    1.398000E+00   -7.282000E-01    1.596000E+00    3.415000E+00    2.736000E+00    3.353000E+00    1.827000E+00    3.670000E+00    7.560000E+00    1.360000E+01    2.200000E+00    1.000000E+00    1.000000E+00    8.499000E-01    8.088000E-01    8.500000E-01    1.297000E+00    2.158000E-02    8.974000E-04   -9.880000E+00    2.000000E+00    1.000000E+00    1.400000E+03    9.200000E+01   -1.000000E+01    0.000000E+00    5.614447E-02   -9.928000E+00   -9.836194E+00
   2.950000E-09    1.000000E+00    1.453000E+00    1.080000E+02    1.602000E+00   -1.000000E+01   -1.000000E+01   -1.000000E+01   -1.000000E+01   -1.000000E+01   -1.000000E+01   -1.000000E+01    6.537000E+00    1.297000E+01    3.160000E+00    3.000000E+00    1.700000E+01    2.822000E+00    3.397000E+00    2.890000E+00    1.580000E+00   -8.057000E-02    6.389000E-04   -1.451000E+01    2.000000E+00    2.000000E+00    9.000000E+02    9.800000E+01   -1.000000E+01   -1.000000E+00    6.593156E-01   -9.419000E+00   -9.433352E+00
   1.200000E-09    4.000000E+00    4.771000E-01    2.000000E+00    1.462000E+00    6.070000E-02   -1.000000E+01    4.403000E+00   -1.000000E+01   -1.000000E+01    4.785000E+00    3.682000E+00    8.970000E+00    6.266000E+00    1.360000E+00    7.000000E+00    9.300000E+01    3.387000E+00    1.719000E+00    4.990000E+00    8.239000E-01    2.945000E-01    8.149000E-04   -9.483000E+00    8.000000E+00    1.000000E+00    2.640000E+03    0.000000E+00   -1.000000E+01   -4.000000E+00    3.114720E-01   -1.227000E+01   -1.241299E+01
   7.200000E-10    4.000000E+00    1.279000E+00    9.300000E+01    1.398000E+00   -2.301000E+00   -1.000000E+01    2.362000E+00   -1.000000E+01   -1.000000E+01   -1.000000E+01   -1.000000E+01    7.000000E+00    6.194000E+00    1.380000E+00    7.000000E+00    9.200000E+01    3.368000E+00    1.039000E+00    4.990000E+00    1.690000E+00    5.106000E-01    8.974000E-04   -1.067000E+01    2.000000E+00    2.000000E+00    1.400000E+03    4.750000E+01   -1.000000E+01    0.000000E+00    9.558299E-01   -1.020000E+01   -1.018356E+01
   7.900000E-10    2.000000E+00    1.580000E+00    7.900000E+01    1.398000E+00   -1.000000E+00   -1.000000E+01    3.362000E+00   -1.000000E+01    3.550000E+00   -1.000000E+01   -1.000000E+01    5.000000E+00    5.695000E+00    9.500000E-01    5.000000E+00    3.800000E+01    2.491000E+00    8.436000E-01    3.850000E+00    1.318000E+00    4.703000E-01    8.974000E-04   -1.002000E+01    2.000000E+00    3.000000E+00    1.000000E+03    8.200000E+01   -1.000000E+01    2.000000E+00    1.320255E-01   -8.886000E+00   -8.925296E+00
   7.570000E-10    2.000000E+00    1.415000E+00    3.800000E+01    1.362000E+00   -5.986000E-01    1.740000E+00    3.254000E+00    3.293000E+00    3.805000E+00    1.108000E+00    3.062000E+00    7.700000E+00    5.695000E+00    9.500000E-01    5.000000E+00    3.800000E+01    2.491000E+00    8.138000E-01    3.850000E+00    1.165000E+00    4.859000E-01    9.432000E-04   -9.817000E+00    2.000000E+00    1.000000E+00    1.250000E+03    3.300000E+01   -1.000000E+01    2.000000E+00    1.250565E-01   -9.796000E+00   -9.971918E+00
   2.000000E-09    1.000000E+00    1.447000E+00    1.080000E+02    1.398000E+00   -1.383000E+00   -1.000000E+01    2.985000E+00   -1.000000E+01   -1.000000E+01    3.178000E+00    2.585000E+00    1.020000E+01    1.297000E+01    3.160000E+00    3.000000E+00    1.700000E+01    2.822000E+00    2.419000E+00    2.890000E+00    1.586000E+00    6.690000E-02    8.974000E-04   -1.021000E+01    2.000000E+00    1.000000E+00    1.600000E+03    9.800000E+01    1.954000E+00   -1.000000E+00    3.761128E-02   -9.699000E+00   -1.016321E+01
   2.000000E-09    1.000000E+00    1.279000E+00    9.300000E+01    1.398000E+00    6.990000E-01   -1.000000E+01    5.061000E+00   -1.000000E+01   -1.000000E+01   -1.000000E+01   -1.000000E+01    1.250000E+01    1.045000E+01    2.660000E+00    5.000000E+00    5.300000E+01    3.375000E+00    2.893000E+00    3.850000E+00    1.690000E+00    6.690000E-02    8.974000E-04   -9.167000E+00    2.000000E+00    1.000000E+00    1.600000E+03    4.750000E+01   -1.000000E+01   -1.000000E+00    7.008645E-01   -1.042000E+01   -1.050332E+01
   1.200000E-09    4.000000E+00    6.021000E-01    6.700000E+01    1.415000E+00    6.070000E-02   -1.000000E+01    4.362000E+00   -1.000000E+01   -1.000000E+01    4.785000E+00   -1.000000E+01    8.600000E+00    6.266000E+00    1.360000E+00    7.000000E+00    9.300000E+01    3.387000E+00    1.736000E+00    4.990000E+00    2.224000E+00    2.902000E-01    8.757000E-04   -9.485000E+00    1.300000E+01    1.000000E+00    2.640000E+03    0.000000E+00   -1.000000E+01    4.000000E+00    8.282166E-02   -1.234000E+01   -1.240658E+01
   1.130000E-09    6.000000E+00    1.580000E+00    7.200000E+01    1.398000E+00   -3.010000E-01   -1.000000E+01    4.061000E+00   -1.000000E+01    4.249000E+00   -1.000000E+01   -1.000000E+01    6.800000E+00    6.767000E+00    1.660000E+00    4.000000E+00    2.400000E+01    2.434000E+00    1.179000E+00    3.450000E+00    1.278000E+00    3.149000E-01    8.974000E-04   -9.667000E+00    2.000000E+00    1.000000E+00    1.800000E+03    8.200000E+01   -1.000000E+01   -1.000000E+00    1.231518E-01   -1.115000E+01   -1.083783E+01
   1.460000E-09    7.000000E+00    1.547000E+00    7.000000E+01    1.301000E+00   -3.010000E-01   -1.000000E+01    4.061000E+00   -1.000000E+01    4.249000E+00   -1.000000E+01   -1.000000E+01    7.000000E+00    7.834000E+00    1.900000E+00    6.000000E+00    7.500000E+01    3.309000E+00    2.106000E+00    4.360000E+00    1.299000E+00    1.962000E-01    1.018000E-03   -9.670000E+00    2.000000E+00    1.000000E+00    1.600000E+03    3.680000E+01   -1.000000E+01   -1.000000E+00    4.457583E-01   -1.022000E+01   -1.027481E+01
   1.330000E-09    1.000000E+00    1.531000E+00    1.300000E+01    1.362000E+00   -4.510000E-01    1.806000E+00    3.749000E+00    2.949000E+00    3.984000E+00    1.477000E+00    3.368000E+00    7.680000E+00    5.139000E+00    9.300000E-01    3.000000E+00    1.100000E+01    1.777000E+00    1.020000E+00    2.890000E+00    5.825000E-01    2.412000E-01    9.432000E-04   -9.743000E+00    4.000000E+00    1.000000E+00    2.700000E+03    0.000000E+00   -1.000000E+01    1.000000E+00    7.959335E-02   -1.194000E+01   -1.174545E+01
   2.100000E-09    1.000000E+00   -1.549000E-01    1.000000E+01    1.398000E+00   -3.037000E+00   -6.990000E-01    9.827000E-01    7.490000E-01    2.967000E-01    1.408000E+00    9.581000E-01    8.700000E+00    3.894000E+00    7.900000E-01    6.000000E+00    5.500000E+01    2.333000E+00    2.100000E+00    4.360000E+00    2.155000E+00    4.571000E-02    8.974000E-04   -1.103000E+01    1.400000E+01    1.000000E+00    2.730000E+03    0.000000E+00   -1.000000E+01    1.000000E+00    1.396623E-01   -1.129000E+01   -1.100687E+01
   7.900000E-10    2.000000E+00    1.580000E+00    7.900000E+01    1.398000E+00   -1.000000E+00   -1.000000E+01    3.362000E+00   -1.000000E+01    3.550000E+00   -1.000000E+01   -1.000000E+01    6.600000E+00    5.695000E+00    9.500000E-01    5.000000E+00    3.800000E+01    2.491000E+00    8.436000E-01    3.850000E+00    1.318000E+00    4.703000E-01    8.974000E-04   -1.002000E+01    2.000000E+00    1.000000E+00    1.800000E+03    8.200000E+01   -1.000000E+01    2.000000E+00    1.825088E-01   -1.154000E+01   -1.099630E+01
   2.040000E-09    1.000000E+00    1.744000E+00    8.200000E+01    1.380000E+00   -6.576000E-01    1.176000E+00    3.262000E+00    3.292000E+00    3.770000E+00    1.447000E+00    3.583000E+00    7.200000E+00    3.894000E+00    7.900000E-01    6.000000E+00    5.500000E+01    2.333000E+00    2.047000E+00    4.360000E+00    1.170000E+00    5.684000E-02    9.199000E-04   -9.846000E+00    2.000000E+00    1.000000E+00    1.380000E+03    8.000000E+01   -1.000000E+01    1.000000E+00    3.547409E-02   -9.921000E+00   -9.992776E+00
   2.100000E-09    0.000000E+00    2.025000E+00    8.100000E+01    1.398000E+00   -3.010000E-01   -1.000000E+01    4.061000E+00   -1.000000E+01    4.250000E+00   -1.000000E+01   -1.000000E+01    1.250000E+01    1.360000E+01    2.200000E+00    1.000000E+00    1.000000E+00    8.499000E-01    7.650000E-01    8.500000E-01    8.832000E-01    4.571000E-02    8.974000E-04   -9.667000E+00    2.500000E+01    1.000000E+00    1.650000E+03    0.000000E+00   -1.000000E+01    0.000000E+00    6.904540E-02   -1.009000E+01   -1.005057E+01
   2.140000E-09    0.000000E+00    6.021000E-01    6.700000E+01    1.362000E+00   -7.747000E-01    2.220000E+00    3.380000E+00    2.982000E+00    3.643000E+00   -1.000000E+01    2.294000E+00    1.160000E+01    1.360000E+01    2.200000E+00    1.000000E+00    1.000000E+00    8.499000E-01    7.849000E-01    8.500000E-01    2.224000E+00    3.459000E-02    9.432000E-04   -9.905000E+00    1.300000E+01    1.000000E+00    2.000000E+03    0.000000E+00   -1.000000E+01    0.000000E+00    4.663288E-03   -9.770000E+00   -9.881269E+00
   9.230000E-10    4.000000E+00    1.279000E+00    9.300000E+01    1.352000E+00   -2.000000E+00   -1.000000E+01    1.362000E+00   -1.000000E+01   -1.000000E+01   -1.000000E+01   -1.000000E+01    1.250000E+01    1.126000E+01    2.550000E+00    2.000000E+00    6.000000E+00    1.811000E+00    7.224000E-01    1.990000E+00    1.690000E+00    3.991000E-01    9.552000E-04   -1.052000E+01    2.000000E+00    1.000000E+00    1.600000E+03    4.750000E+01    1.699000E+00   -2.000000E+00    2.202828E-02   -1.159000E+01   -1.126806E+01
   1.640000E-09    2.000000E+00    1.279000E+00    9.300000E+01    1.352000E+00   -1.807000E+00   -1.000000E+01    2.378000E+00   -1.000000E+01   -1.000000E+01   -1.000000E+01    2.699000E+00    7.250000E+00    9.752000E+00    2.550000E+00    4.000000E+00    3.400000E+01    2.921000E+00    2.071000E+00    3.450000E+00    1.690000E+00    1.494000E-01    9.552000E-04   -1.042000E+01    2.000000E+00    2.000000E+00    1.600000E+03    5.000000E+01   -1.000000E+01   -1.000000E+00    1.266705E-02   -1.004000E+01   -1.006686E+01
   2.000000E-09    1.000000E+00    1.580000E+00    7.900000E+01    1.398000E+00   -1.000000E+00   -1.000000E+01    3.362000E+00   -1.000000E+01    3.550000E+00   -1.000000E+01   -1.000000E+01    6.600000E+00    1.045000E+01    2.660000E+00    5.000000E+00    5.300000E+01    3.375000E+00    2.893000E+00    3.850000E+00    1.318000E+00    6.690000E-02    8.974000E-04   -1.002000E+01    2.000000E+00    1.000000E+00    1.800000E+03    8.200000E+01   -1.000000E+01   -1.000000E+00    7.597732E-01   -1.166000E+01   -1.118073E+01
   2.000000E-09    1.000000E+00   -1.549000E-01    1.000000E+01    1.398000E+00   -3.037000E+00   -6.990000E-01    9.827000E-01    7.490000E-01    2.967000E-01    1.408000E+00    9.581000E-01    8.770000E+00    1.297000E+01    3.160000E+00    3.000000E+00    1.700000E+01    2.822000E+00    2.419000E+00    2.890000E+00    2.155000E+00    6.690000E-02    8.974000E-04   -1.103000E+01    1.400000E+01    1.000000E+00    2.610000E+03    0.000000E+00   -1.000000E+01   -1.000000E+00    1.615735E-01   -1.108000E+01   -1.117095E+01
   2.450000E-09    0.000000E+00    1.744000E+00    8.200000E+01    1.362000E+00   -5.719000E-01    1.437000E+00    3.441000E+00    3.205000E+00    3.851000E+00    1.086000E+00    3.129000E+00    7.700000E+00    1.360000E+01    2.200000E+00    1.000000E+00    1.000000E+00    8.499000E-01    8.986000E-01    8.500000E-01    1.170000E+00   -2.416000E-02    9.432000E-04   -9.804000E+00    2.000000E+00    1.000000E+00    1.250000E+03    8.000000E+01    1.699000E+00    0.000000E+00    3.620789E-02   -9.939000E+00   -1.011079E+01
   8.100000E-10    2.000000E+00   -1.549000E-01    1.000000E+01    1.342000E+00   -5.157000E-01    1.000000E+00    3.380000E+00    3.405000E+00    3.922000E+00    1.230000E+00    2.230000E+00    8.770000E+00    9.752000E+00    2.550000E+00    4.000000E+00    3.400000E+01    2.921000E+00    1.025000E+00    3.450000E+00    2.155000E+00    4.551000E-01    9.673000E-04   -9.776000E+00    1.400000E+01    1.000000E+00    2.610000E+03    0.000000E+00   -1.000000E+01   -1.000000E+00    5.138321E-03   -1.154000E+01   -1.159068E+01
   2.000000E-09    1.000000E+00    1.279000E+00    9.300000E+01    1.362000E+00   -2.000000E+00   -1.000000E+01    2.362000E+00   -1.000000E+01    2.550000E+00   -1.000000E+01   -1.000000E+01    1.250000E+01    1.297000E+01    3.160000E+00    3.000000E+00    1.700000E+01    2.822000E+00    2.435000E+00    2.890000E+00    1.690000E+00    6.398000E-02    9.432000E-04   -1.052000E+01    2.000000E+00    1.000000E+00    1.600000E+03    5.000000E+01    1.699000E+00   -1.000000E+00    3.730663E-02   -1.089000E+01   -1.097400E+01
   1.200000E-09    5.000000E+00    1.580000E+00    7.900000E+01    1.398000E+00   -1.456000E+00    1.041000E+00    2.824000E+00    8.202000E-01    2.121000E+00   -1.000000E+01    2.940000E+00    8.900000E+00    6.266000E+00    1.360000E+00    7.000000E+00    9.300000E+01    3.387000E+00    1.742000E+00    4.990000E+00    1.318000E+00    2.887000E-01    8.974000E-04   -1.024000E+01    2.000000E+00    2.000000E+00    2.000000E+03    8.000000E+01   -1.000000E+01    1.000000E+00    1.343262E-01   -1.073000E+01   -1.077258E+01
   1.350000E-09    1.000000E+00    1.453000E+00    1.080000E+02    1.398000E+00   -1.000000E+01   -1.000000E+01   -1.000000E+01   -1.000000E+01   -1.000000E+01   -1.000000E+01   -1.000000E+01    6.323000E+00    5.139000E+00    9.300000E-01    3.000000E+00    1.100000E+01    1.777000E+00    1.028000E+00    2.890000E+00    1.580000E+00    2.376000E-01    8.974000E-04   -1.452000E+01    2.000000E+00    2.000000E+00    1.800000E+03    9.800000E+01   -1.000000E+01    1.000000E+00    1.772976E-01   -1.059000E+01   -1.054798E+01
   2.000000E-09    7.000000E+00    1.744000E+00    8.200000E+01    1.380000E+00   -5.918000E-01    1.146000E+00    3.279000E+00    3.330000E+00    3.785000E+00    1.831000E+00    3.016000E+00    7.500000E+00    7.280000E+00    1.900000E+00    5.000000E+00    4.300000E+01    2.817000E+00    2.423000E+00    3.850000E+00    1.170000E+00    6.544000E-02    9.199000E-04   -9.813000E+00    2.000000E+00    1.000000E+00    1.100000E+03    8.000000E+01   -1.000000E+01   -1.000000E+00    1.250384E-01   -9.674000E+00   -9.755842E+00
   1.970000E-09    1.000000E+00    1.744000E+00    8.200000E+01    1.380000E+00   -6.576000E-01    1.176000E+00    3.262000E+00    3.292000E+00    3.770000E+00    1.447000E+00    3.583000E+00    7.200000E+00    1.045000E+01    2.660000E+00    5.000000E+00    5.300000E+01    3.375000E+00    2.859000E+00    3.850000E+00    1.170000E+00    7.200000E-02    9.199000E-04   -9.846000E+00    2.000000E+00    1.000000E+00    1.340000E+03    8.000000E+01   -1.000000E+01   -1.000000E+00    3.789954E-01   -9.903000E+00   -1.000105E+01
   4.300000E-10    6.000000E+00    1.531000E+00    1.300000E+01    1.398000E+00   -6.576000E-01    1.740000E+00    3.532000E+00    2.542000E+00    3.780000E+00    2.220000E+00    2.927000E+00    8.200000E+00    6.194000E+00    1.380000E+00    7.000000E+00    9.200000E+01    3.368000E+00    6.207000E-01    4.990000E+00    5.825000E-01    7.345000E-01    8.974000E-04   -9.845000E+00    4.000000E+00    2.000000E+00    2.450000E+03    0.000000E+00   -1.000000E+01    0.000000E+00    4.967531E+00   -1.100000E+01   -1.206341E+01
   9.000000E-10    2.000000E+00    1.279000E+00    9.300000E+01    1.398000E+00   -2.190000E-01   -1.000000E+01    4.105000E+00    2.983000E+00    2.697000E+00    2.086000E+00   -1.000000E+01    1.250000E+01    7.344000E+00    1.960000E+00    5.000000E+00    5.000000E+01    2.829000E+00    1.091000E+00    3.850000E+00    1.690000E+00    4.137000E-01    8.974000E-04   -9.626000E+00    2.000000E+00    2.000000E+00    1.800000E+03    4.750000E+01   -1.000000E+01    2.000000E+00    1.798458E+00   -1.049000E+01   -1.057091E+01
   2.000000E-09    7.000000E+00    1.744000E+00    8.200000E+01    1.398000E+00   -5.918000E-01    1.146000E+00    3.279000E+00    3.330000E+00    3.785000E+00    1.831000E+00    3.016000E+00    7.500000E+00    7.280000E+00    1.900000E+00    5.000000E+00    4.300000E+01    2.817000E+00    2.415000E+00    3.850000E+00    1.170000E+00    6.690000E-02    8.974000E-04   -9.812000E+00    2.000000E+00    2.000000E+00    9.200000E+02    8.000000E+01   -1.000000E+01   -1.000000E+00    1.949753E-01   -9.536000E+00   -9.525966E+00
   1.330000E-09    1.000000E+00    1.833000E+00    7.100000E+01    1.398000E+00   -3.010000E-01   -1.000000E+01    4.061000E+00   -1.000000E+01    4.249000E+00   -1.000000E+01   -1.000000E+01    7.000000E+00    5.139000E+00    9.300000E-01    3.000000E+00    1.100000E+01    1.777000E+00    1.013000E+00    2.890000E+00    1.019000E+00    2.441000E-01    8.974000E-04   -9.667000E+00    6.000000E+00    1.000000E+00    1.700000E+03    0.000000E+00   -1.000000E+01    1.000000E+00    1.222919E-01   -9.638000E+00   -1.007587E+01
   2.090000E-09    1.000000E+00    1.453000E+00    1.080000E+02    1.398000E+00   -1.000000E+01   -1.000000E+01   -1.000000E+01   -1.000000E+01   -1.000000E+01   -1.000000E+01   -1.000000E+01    7.443000E+00    1.297000E+01    3.160000E+00    3.000000E+00    1.700000E+01    2.822000E+00    2.528000E+00    2.890000E+00    1.580000E+00    4.778000E-02    8.974000E-04   -1.452000E+01    2.000000E+00    2.000000E+00    9.000000E+02    9.800000E+01   -1.000000E+01   -1.000000E+00    2.700094E-01   -9.569000E+00   -9.573966E+00
   7.420000E-10    1.000000E+00    1.453000E+00    1.080000E+02    6.990000E-01   -1.000000E+01   -1.000000E+01   -1.000000E+01   -1.000000E+01   -1.000000E+01   -1.000000E+01   -1.000000E+01    5.871000E+00    5.139000E+00    9.300000E-01    3.000000E+00    1.100000E+01    1.777000E+00    6.056000E-01    2.890000E+00    1.580000E+00    4.674000E-01    1.536000E-03   -1.453000E+01    2.000000E+00    2.000000E+00    1.000000E+03    9.800000E+01   -1.000000E+01    1.000000E+00    2.378617E-01   -1.010000E+01   -1.013015E+01
