   2.000000E-09    7.000000E+00    2.477000E+00    5.000000E+01    1.380000E+00   -6.576000E-01    1.149000E+00    3.281000E+00    3.331000E+00    3.780000E+00    1.233000E+00    3.024000E+00    7.200000E+00    7.280000E+00    1.900000E+00    5.000000E+00    4.300000E+01    2.817000E+00    2.423000E+00    3.850000E+00    2.218000E-01    6.544000E-02    9.199000E-04   -9.846000E+00    2.600000E+01    2.000000E+00    2.000000E+03    8.750000E+00   -1.000000E+01   -1.000000E+00    9.189653E-02   -9.812000E+00   -9.825947E+00
   4.300000E-10    6.000000E+00    1.279000E+00    9.300000E+01    1.398000E+00   -1.000000E+01   -1.000000E+01   -1.000000E+01   -1.000000E+01   -1.000000E+01   -1.000000E+01   -1.000000E+01    8.450000E+00    6.194000E+00    1.380000E+00    7.000000E+00    9.200000E+01    3.368000E+00    6.207000E-01    4.990000E+00    1.690000E+00    7.345000E-01    8.974000E-04   -1.452000E+01    2.000000E+00    2.000000E+00    1.400000E+03    4.750000E+01   -1.000000E+01   -4.000000E+00    2.610358E+00   -1.043000E+01   -1.070768E+01
   1.560000E-09    1.000000E+00    1.453000E+00    1.080000E+02    1.176000E+00   -1.000000E+01   -1.000000E+01   -1.000000E+01   -1.000000E+01   -1.000000E+01   -1.000000E+01   -1.000000E+01    4.988000E+00    1.297000E+01    3.160000E+00    3.000000E+00    1.700000E+01    2.822000E+00    1.952000E+00    2.890000E+00    1.580000E+00    1.600000E-01    1.162000E-03   -1.452000E+01    2.000000E+00    2.000000E+00    1.200000E+03    9.800000E+01   -1.000000E+01   -1.000000E+00    1.535750E-01   -9.939000E+00   -9.933795E+00
   2.000000E-09    1.000000E+00    1.580000E+00    7.900000E+01    1.398000E+00   -1.000000E+00   -1.000000E+01    3.362000E+00   -1.000000E+01   -1.000000E+01   -1.000000E+01   -1.000000E+01    8.200000E+00    1.045000E+01    2.660000E+00    5.000000E+00    5.300000E+01    3.375000E+00    2.893000E+00    3.850000E+00    1.318000E+00    6.690000E-02    8.974000E-04   -1.002000E+01    2.000000E+00    1.000000E+00    4.000000E+02    8.000000E+01   -1.000000E+01   -1.000000E+00    1.108058E+00   -9.173000E+00   -9.233704E+00
   8.050000E-10    2.000000E+00    1.580000E+00    7.870000E+01    1.398000E+00   -1.000000E+00   -1.000000E+01    3.362000E+00   -1.000000E+01   -1.000000E+01   -1.000000E+01   -1.000000E+01    7.327000E+00    5.695000E+00    9.500000E-01    5.000000E+00    3.800000E+01    2.491000E+00    8.596000E-01    3.850000E+00    1.316000E+00    4.621000E-01    8.974000E-04   -1.002000E+01    2.000000E+00    1.000000E+00    1.800000E+03    8.200000E+01   -1.000000E+01    2.000000E+00    1.520578E-01   -1.069000E+01   -1.069952E+01
   2.000000E-09    1.000000E+00    1.744000E+00    8.200000E+01    1.380000E+00   -5.918000E-01    1.146000E+00    3.279000E+00    3.328000E+00    3.785000E+00    1.831000E+00    3.016000E+00    7.500000E+00    1.045000E+01    2.660000E+00    5.000000E+00    5.300000E+01    3.375000E+00    2.903000E+00    3.850000E+00    1.170000E+00    6.544000E-02    9.199000E-04   -9.813000E+00    2.000000E+00    1.000000E+00    1.340000E+03    8.000000E+01   -1.000000E+01   -1.000000E+00    2.755688E-01   -1.054000E+01   -1.068840E+01
   2.100000E-09    1.000000E+00    1.613000E+00    1.700000E+01    1.398000E+00   -1.000000E+00   -1.000000E+01   -1.000000E+01   -1.000000E+01    3.550000E+00   -1.000000E+01   -1.000000E+01    6.000000E+00    3.894000E+00    7.900000E-01    6.000000E+00    5.500000E+01    2.333000E+00    2.100000E+00    4.360000E+00    6.177000E-01    4.571000E-02    8.974000E-04   -1.002000E+01    1.700000E+01    1.000000E+00    2.780000E+03    0.000000E+00   -1.000000E+01    1.000000E+00    1.356098E-01   -1.232000E+01   -1.235901E+01
   5.490000E-09    1.000000E+00    1.477000E+00    6.010000E+01    1.845000E+00   -3.699000E+00   -1.000000E+01    6.628000E-01   -1.000000E+01   -1.000000E+01    1.086000E+00   -1.000000E+01    6.403000E+00    3.894000E+00    7.900000E-01    6.000000E+00    5.500000E+01    2.333000E+00    4.770000E+00    4.360000E+00    1.302000E+00   -3.106000E-01    3.939000E-04   -1.134000E+01    2.000000E+00    2.000000E+00    7.600000E+02    5.000000E+01   -1.000000E+01    1.000000E+00    3.465757E+00   -8.618000E+00   -8.887096E+00
   1.200000E-09    5.000000E+00    1.771000E+00    9.200000E+01    1.301000E+00   -3.000000E+00   -1.000000E+01    1.362000E+00   -1.000000E+01   -1.000000E+01   -1.000000E+01   -1.000000E+01    6.000000E+00    6.266000E+00    1.360000E+00    7.000000E+00    9.300000E+01    3.387000E+00    1.772000E+00    4.990000E+00    1.193000E+00    2.814000E-01    1.018000E-03   -1.102000E+01    3.000000E+00    2.000000E+00    7.800000E+02    9.800000E+01   -1.000000E+01    1.000000E+00    2.559859E-02   -9.682000E+00   -9.670874E+00
   2.100000E-09    4.000000E+00    1.279000E+00    9.300000E+01    1.398000E+00   -2.190000E-01   -1.000000E+01    4.105000E+00    2.983000E+00    2.697000E+00    2.086000E+00   -1.000000E+01    1.250000E+01    6.634000E+00    1.330000E+00    5.000000E+00    4.000000E+01    2.689000E+00    2.420000E+00    3.850000E+00    1.690000E+00    4.571000E-02    8.974000E-04   -9.626000E+00    2.000000E+00    2.000000E+00    1.200000E+03    4.750000E+01   -1.000000E+01    0.000000E+00    8.152367E-01   -9.577000E+00   -9.561591E+00
   1.350000E-09    1.000000E+00    1.453000E+00    1.080000E+02    1.398000E+00   -1.000000E+01   -1.000000E+01   -1.000000E+01   -1.000000E+01   -1.000000E+01   -1.000000E+01   -1.000000E+01    6.229000E+00    5.139000E+00    9.300000E-01    3.000000E+00    1.100000E+01    1.777000E+00    1.028000E+00    2.890000E+00    1.580000E+00    2.376000E-01    8.974000E-04   -1.452000E+01    2.000000E+00    2.000000E+00    1.800000E+03    9.800000E+01    1.591000E+00    1.000000E+00    1.822050E-01   -1.037000E+01   -1.043086E+01
   2.000000E-09    1.000000E+00    1.744000E+00    8.200000E+01    1.380000E+00   -5.918000E-01    1.146000E+00    3.279000E+00    3.328000E+00    3.785000E+00    1.831000E+00    3.016000E+00    7.500000E+00    1.045000E+01    2.660000E+00    5.000000E+00    5.300000E+01    3.375000E+00    2.903000E+00    3.850000E+00    1.170000E+00    6.544000E-02    9.199000E-04   -9.813000E+00    2.000000E+00    1.000000E+00    1.390000E+03    8.000000E+01   -1.000000E+01   -1.000000E+00    2.755688E-01   -1.068000E+01   -1.108647E+01
   6.020000E-10    3.000000E+00    1.580000E+00    7.900000E+01    1.362000E+00   -1.285000E+00    7.966000E-01    2.777000E+00    2.283000E+00    3.193000E+00   -1.000000E+01   -1.000000E+01    7.700000E+00    5.670000E+00    1.200000E+00    6.000000E+00    6.300000E+01    2.815000E+00    7.313000E-01    4.360000E+00    1.318000E+00    5.854000E-01    9.432000E-04   -1.016000E+01    2.000000E+00    2.000000E+00    1.000000E+03    8.200000E+01   -1.000000E+01    3.000000E+00    1.891292E+01   -9.585000E+00   -9.818735E+00
   2.220000E-09    0.000000E+00    1.748000E+00    1.110000E+02    1.778000E+00   -7.620000E-01    1.567000E+00    3.375000E+00    2.707000E+00    3.224000E+00    1.850000E+00    3.685000E+00    7.570000E+00    1.360000E+01    2.200000E+00    1.000000E+00    1.000000E+00    8.499000E-01    7.238000E-01    8.500000E-01    1.297000E+00    6.978000E-02    4.494000E-04   -9.873000E+00    2.000000E+00    1.000000E+00    1.200000E+03    9.200000E+01   -1.000000E+01    0.000000E+00    4.260543E-02   -9.335000E+00   -9.515370E+00
   4.300000E-10    6.000000E+00    1.279000E+00    9.300000E+01    1.398000E+00   -1.000000E+01   -1.000000E+01   -1.000000E+01   -1.000000E+01   -1.000000E+01   -1.000000E+01   -1.000000E+01    8.450000E+00    6.194000E+00    1.380000E+00    7.000000E+00    9.200000E+01    3.368000E+00    6.207000E-01    4.990000E+00    1.690000E+00    7.345000E-01    8.974000E-04   -1.452000E+01    2.000000E+00    2.000000E+00    1.200000E+03    4.750000E+01   -1.000000E+01   -4.000000E+00    2.610358E+00   -1.026000E+01   -1.038055E+01
   2.570000E-09    1.000000E+00    1.453000E+00    1.080000E+02    1.699000E+00   -1.000000E+01   -1.000000E+01   -1.000000E+01   -1.000000E+01   -1.000000E+01   -1.000000E+01   -1.000000E+01    7.862000E+00    5.139000E+00    9.300000E-01    3.000000E+00    1.100000E+01    1.777000E+00    1.806000E+00    2.890000E+00    1.580000E+00   -7.034000E-03    5.279000E-04   -1.450000E+01    2.000000E+00    2.000000E+00    7.000000E+02    9.800000E+01   -1.000000E+01    1.000000E+00    4.784387E-02   -9.324000E+00   -9.378985E+00
   5.000000E-10    3.000000E+00    1.408000E+00    7.200000E+01    1.398000E+00   -6.990000E-01   -1.000000E+01    3.663000E+00   -1.000000E+01    3.851000E+00   -1.000000E+01   -1.000000E+01    8.000000E+00    5.670000E+00    1.200000E+00    6.000000E+00    6.300000E+01    2.815000E+00    6.033000E-01    4.360000E+00    1.449000E+00    6.690000E-01    8.974000E-04   -9.866000E+00    2.000000E+00    1.000000E+00    1.700000E+03    7.500000E+01    1.477000E+00   -1.000000E+00    4.749446E+00   -1.115000E+01   -1.072701E+01
   8.050000E-10    2.000000E+00    2.155000E+00    8.300000E+01    1.398000E+00   -3.010000E-01   -1.000000E+01    4.061000E+00   -1.000000E+01   -1.000000E+01   -1.000000E+01   -1.000000E+01    7.833000E+00    5.695000E+00    9.500000E-01    5.000000E+00    3.800000E+01    2.491000E+00    8.596000E-01    3.850000E+00    7.637000E-01    4.621000E-01    8.974000E-04   -9.667000E+00    3.000000E+00    1.000000E+00    1.950000E+03    1.000000E+02   -1.000000E+01    2.000000E+00    2.015152E-02   -1.042000E+01   -1.079220E+01
   2.570000E-09    1.000000E+00    1.453000E+00    1.080000E+02    1.699000E+00   -3.979000E-01   -1.000000E+01    3.964000E+00   -1.000000E+01    4.152000E+00   -1.000000E+01   -1.000000E+01    7.129000E+00    5.139000E+00    9.300000E-01    3.000000E+00    1.100000E+01    1.777000E+00    1.806000E+00    2.890000E+00    1.580000E+00   -7.034000E-03    5.279000E-04   -9.698000E+00    2.000000E+00    2.000000E+00    1.000000E+03    9.800000E+01   -1.000000E+01    1.000000E+00    5.782947E-02   -9.559000E+00   -9.557703E+00
   2.032000E-10    1.000000E+00    1.748000E+00    1.110000E+02    1.398000E+00   -7.282000E-01    1.596000E+00    3.415000E+00    2.736000E+00    3.353000E+00    1.827000E+00    3.670000E+00    7.560000E+00    1.297000E+01    3.160000E+00    3.000000E+00    1.700000E+01    2.822000E+00    2.458000E-01    2.890000E+00    1.297000E+00    1.060000E+00    8.974000E-04   -9.880000E+00    2.000000E+00    1.000000E+00    1.400000E+03    9.200000E+01   -1.000000E+01   -1.000000E+00    1.453373E+00   -1.026000E+01   -9.944847E+00
   2.000000E-09    1.000000E+00    1.279000E+00    9.300000E+01    1.398000E+00   -8.097000E-01   -1.000000E+01    3.566000E+00   -1.000000E+01   -1.000000E+01    3.740000E+00    3.159000E+00    1.040000E+01    1.045000E+01    2.660000E+00    5.000000E+00    5.300000E+01    3.375000E+00    2.893000E+00    3.850000E+00    1.690000E+00    6.690000E-02    8.974000E-04   -9.921000E+00    2.000000E+00    1.000000E+00    1.600000E+03    4.750000E+01    1.653000E+00   -1.000000E+00    1.158234E+00   -1.018000E+01   -1.016508E+01
   2.030000E-09    1.000000E+00    1.744000E+00    8.200000E+01    1.398000E+00   -5.834000E-01    9.156000E-01    3.281000E+00    3.328000E+00    3.810000E+00    1.833000E+00    3.016000E+00    8.868000E+00    1.297000E+01    3.160000E+00    3.000000E+00    1.700000E+01    2.822000E+00    2.455000E+00    2.890000E+00    1.170000E+00    6.043000E-02    8.974000E-04   -9.808000E+00    2.000000E+00    2.000000E+00    1.610000E+03    8.000000E+01    1.699000E+00   -1.000000E+00    1.850305E-01   -9.839000E+00   -9.890576E+00
   2.090000E-09    1.000000E+00    1.453000E+00    1.080000E+02    1.398000E+00   -1.000000E+01   -1.000000E+01   -1.000000E+01   -1.000000E+01   -1.000000E+01   -1.000000E+01   -1.000000E+01    7.218000E+00    1.297000E+01    3.160000E+00    3.000000E+00    1.700000E+01    2.822000E+00    2.528000E+00    2.890000E+00    1.580000E+00    4.778000E-02    8.974000E-04   -1.452000E+01    2.000000E+00    2.000000E+00    1.600000E+03    9.800000E+01   -1.000000E+01   -1.000000E+00    2.971467E-01   -1.016000E+01   -1.013819E+01
   9.230000E-10    4.000000E+00    1.279000E+00    9.300000E+01    1.398000E+00    6.990000E-01   -1.000000E+01    5.061000E+00   -1.000000E+01   -1.000000E+01   -1.000000E+01   -1.000000E+01    1.250000E+01    1.126000E+01    2.550000E+00    2.000000E+00    6.000000E+00    1.811000E+00    7.164000E-01    1.990000E+00    1.690000E+00    4.027000E-01    8.974000E-04   -9.167000E+00    2.000000E+00    1.000000E+00    1.600000E+03    4.750000E+01    1.699000E+00   -2.000000E+00    5.226613E-02   -1.072000E+01   -1.075029E+01
   2.000000E-09    7.000000E+00    1.744000E+00    8.200000E+01    1.398000E+00   -5.918000E-01    1.146000E+00    3.279000E+00    3.330000E+00    3.785000E+00    1.831000E+00    3.016000E+00    7.500000E+00    7.280000E+00    1.900000E+00    5.000000E+00    4.300000E+01    2.817000E+00    2.415000E+00    3.850000E+00    1.170000E+00    6.690000E-02    8.974000E-04   -9.812000E+00    2.000000E+00    2.000000E+00    1.340000E+03    8.000000E+01   -1.000000E+01   -1.000000E+00    1.949753E-01   -9.870000E+00   -9.818469E+00
   8.100000E-10    2.000000E+00   -1.549000E-01    1.000000E+01    1.342000E+00   -5.157000E-01    1.000000E+00    3.380000E+00    3.405000E+00    3.922000E+00    1.230000E+00    2.230000E+00    8.770000E+00    9.752000E+00    2.550000E+00    4.000000E+00    3.400000E+01    2.921000E+00    1.025000E+00    3.450000E+00    2.155000E+00    4.551000E-01    9.673000E-04   -9.776000E+00    1.400000E+01    1.000000E+00    2.610000E+03    0.000000E+00   -1.000000E+01   -1.000000E+00    5.138321E-03   -1.162000E+01   -1.154634E+01
   1.550000E-09    1.000000E+00    1.453000E+00    1.080000E+02    1.477000E+00   -1.000000E+01   -1.000000E+01   -1.000000E+01   -1.000000E+01   -1.000000E+01   -1.000000E+01   -1.000000E+01    6.185000E+00    5.139000E+00    9.300000E-01    3.000000E+00    1.100000E+01    1.777000E+00    1.161000E+00    2.890000E+00    1.580000E+00    1.848000E-01    7.959000E-04   -1.451000E+01    2.000000E+00    2.000000E+00    1.800000E+03    9.800000E+01   -1.000000E+01    1.000000E+00    1.615988E-01   -1.053000E+01   -1.051884E+01
   2.000000E-09    1.000000E+00    2.477000E+00    5.000000E+01    1.380000E+00   -6.108000E-01    1.176000E+00    3.262000E+00    3.292000E+00    3.770000E+00    1.447000E+00    3.051000E+00    7.200000E+00    1.045000E+01    2.660000E+00    5.000000E+00    5.300000E+01    3.375000E+00    2.903000E+00    3.850000E+00    2.218000E-01    6.544000E-02    9.199000E-04   -9.822000E+00    2.600000E+01    1.000000E+00    1.380000E+03    3.500000E+01   -1.000000E+01   -1.000000E+00    3.228880E-01   -1.082000E+01   -1.087796E+01
   3.690000E-09    1.000000E+00    1.580000E+00    7.870000E+01    1.398000E+00   -6.990000E-01   -1.000000E+01    3.663000E+00   -1.000000E+01    3.851000E+00   -1.000000E+01   -1.000000E+01    7.378000E+00    3.894000E+00    7.900000E-01    6.000000E+00    5.500000E+01    2.333000E+00    3.690000E+00    4.360000E+00    1.316000E+00   -1.991000E-01    8.974000E-04   -9.866000E+00    2.000000E+00    7.000000E+00    1.870000E+03    8.200000E+01   -1.000000E+01    1.000000E+00    6.219142E-01   -1.010000E+01   -9.562052E+00
   2.100000E-09    0.000000E+00    2.025000E+00    8.100000E+01    1.398000E+00   -2.000000E+00   -1.000000E+01    2.362000E+00   -1.000000E+01    2.550000E+00   -1.000000E+01   -1.000000E+01    1.250000E+01    1.360000E+01    2.200000E+00    1.000000E+00    1.000000E+00    8.499000E-01    7.650000E-01    8.500000E-01    8.832000E-01    4.571000E-02    8.974000E-04   -1.052000E+01    2.500000E+01    1.000000E+00    1.650000E+03    0.000000E+00   -1.000000E+01    0.000000E+00    2.194421E-02   -9.991000E+00   -1.006321E+01
   1.300000E-09    1.000000E+00    1.613000E+00    1.700000E+01    1.398000E+00    2.625000E-01   -1.000000E+01    4.624000E+00   -1.000000E+01    4.812000E+00   -1.000000E+01   -1.000000E+01    5.500000E+00    5.139000E+00    9.300000E-01    3.000000E+00    1.100000E+01    1.777000E+00    9.899000E-01    2.890000E+00    6.177000E-01    2.540000E-01    8.974000E-04   -9.385000E+00    1.700000E+01    1.000000E+00    2.780000E+03    0.000000E+00   -1.000000E+01    1.000000E+00    6.805398E-02   -1.319000E+01   -1.296314E+01
   2.040000E-09    1.000000E+00    1.744000E+00    8.200000E+01    1.380000E+00   -6.576000E-01    1.176000E+00    3.262000E+00    3.292000E+00    3.770000E+00    1.447000E+00    3.583000E+00    7.200000E+00    3.894000E+00    7.900000E-01    6.000000E+00    5.500000E+01    2.333000E+00    2.047000E+00    4.360000E+00    1.170000E+00    5.684000E-02    9.199000E-04   -9.846000E+00    2.000000E+00    1.000000E+00    1.370000E+03    8.000000E+01   -1.000000E+01    1.000000E+00    3.547409E-02   -9.914000E+00   -9.995701E+00
   2.060000E-09    1.000000E+00    6.232000E-01    6.700000E+01    1.398000E+00   -5.214000E-01   -1.000000E+01    3.663000E+00   -1.000000E+01    4.027000E+00    2.086000E+00   -1.000000E+01    8.000000E+00    3.894000E+00    7.900000E-01    6.000000E+00    5.500000E+01    2.333000E+00    2.060000E+00    4.360000E+00    2.203000E+00    5.406000E-02    8.974000E-04   -9.777000E+00    1.300000E+01    7.000000E+00    2.700000E+03    0.000000E+00   -1.000000E+01    1.000000E+00    3.947631E-02   -1.173000E+01   -1.168757E+01
   2.000000E-09    1.000000E+00    1.580000E+00    7.900000E+01    1.398000E+00   -2.000000E+00   -1.000000E+01    2.362000E+00   -1.000000E+01   -1.000000E+01   -1.000000E+01   -1.000000E+01    8.200000E+00    1.297000E+01    3.160000E+00    3.000000E+00    1.700000E+01    2.822000E+00    2.419000E+00    2.890000E+00    1.318000E+00    6.690000E-02    8.974000E-04   -1.052000E+01    2.000000E+00    1.000000E+00    4.000000E+02    8.000000E+01   -1.000000E+01   -1.000000E+00    2.916236E-01   -9.173000E+00   -9.311401E+00
   2.100000E-09    4.000000E+00    1.279000E+00    9.300000E+01    1.398000E+00   -1.000000E+01   -1.000000E+01   -1.000000E+01   -1.000000E+01   -1.000000E+01   -1.000000E+01   -1.000000E+01    1.250000E+01    6.634000E+00    1.330000E+00    5.000000E+00    4.000000E+01    2.689000E+00    2.420000E+00    3.850000E+00    1.690000E+00    4.571000E-02    8.974000E-04   -1.452000E+01    2.000000E+00    2.000000E+00    1.200000E+03    4.750000E+01   -1.000000E+01    0.000000E+00    8.326697E-01   -9.573000E+00   -9.512752E+00
   2.020000E-09    1.000000E+00    2.025000E+00    8.100000E+01    1.398000E+00   -2.000000E+00   -1.000000E+01    2.362000E+00   -1.000000E+01    2.550000E+00   -1.000000E+01   -1.000000E+01    1.250000E+01    1.045000E+01    2.660000E+00    5.000000E+00    5.300000E+01    3.375000E+00    2.922000E+00    3.850000E+00    8.832000E-01    6.258000E-02    8.974000E-04   -1.052000E+01    2.500000E+01    1.000000E+00    1.650000E+03    0.000000E+00   -1.000000E+01   -1.000000E+00    2.034277E-01   -1.034000E+01   -1.072084E+01
   1.130000E-09    6.000000E+00    1.780000E+00    7.600000E+01    1.301000E+00   -3.010000E-01   -1.000000E+01    4.061000E+00   -1.000000E+01    4.249000E+00   -1.000000E+01   -1.000000E+01    7.500000E+00    6.767000E+00    1.660000E+00    4.000000E+00    2.400000E+01    2.434000E+00    1.199000E+00    3.450000E+00    1.100000E+00    3.075000E-01    1.018000E-03   -9.670000E+00    2.000000E+00    1.000000E+00    1.500000E+03    4.600000E+01   -1.000000E+01   -1.000000E+00    1.104771E-01   -1.055000E+01   -1.067217E+01
   2.270000E-09    0.000000E+00    1.453000E+00    1.100000E+02    1.362000E+00   -3.010000E-01   -1.000000E+01    4.061000E+00   -1.000000E+01    4.249000E+00   -1.000000E+01   -1.000000E+01    7.000000E+00    1.360000E+01    2.200000E+00    1.000000E+00    1.000000E+00    8.499000E-01    8.326000E-01    8.500000E-01    1.588000E+00    8.980000E-03    9.432000E-04   -9.668000E+00    2.000000E+00    1.000000E+00    8.000000E+02    9.800000E+01   -1.000000E+01    0.000000E+00    3.960341E-02   -1.008000E+01   -1.009769E+01
   2.090000E-09    1.000000E+00    1.477000E+00    2.100000E+01    1.362000E+00   -1.356000E+00    1.990000E+00    2.225000E+00    2.512000E+00    3.094000E+00    2.354000E+00    2.238000E+00    7.800000E+00    3.894000E+00    7.900000E-01    6.000000E+00    5.500000E+01    2.333000E+00    2.104000E+00    4.360000E+00    8.451000E-01    4.486000E-02    9.432000E-04   -1.020000E+01    4.000000E+00    1.000000E+00    2.670000E+03    5.000000E+01   -1.000000E+01    1.000000E+00    3.400953E-01   -9.569000E+00   -9.726436E+00
   1.350000E-09    1.000000E+00    1.453000E+00    1.080000E+02    1.398000E+00   -1.000000E+01   -1.000000E+01   -1.000000E+01   -1.000000E+01   -1.000000E+01   -1.000000E+01   -1.000000E+01    6.303000E+00    5.139000E+00    9.300000E-01    3.000000E+00    1.100000E+01    1.777000E+00    1.028000E+00    2.890000E+00    1.580000E+00    2.376000E-01    8.974000E-04   -1.452000E+01    2.000000E+00    2.000000E+00    1.800000E+03    9.800000E+01    1.204000E+00    1.000000E+00    1.670167E-01   -1.048000E+01   -1.048681E+01
   6.020000E-10    3.000000E+00    1.580000E+00    7.900000E+01    1.398000E+00   -1.000000E+00   -1.000000E+01    3.362000E+00   -1.000000E+01    3.550000E+00   -1.000000E+01   -1.000000E+01    5.000000E+00    5.670000E+00    1.200000E+00    6.000000E+00    6.300000E+01    2.815000E+00    7.264000E-01    4.360000E+00    1.318000E+00    5.883000E-01    8.974000E-04   -1.002000E+01    2.000000E+00    3.000000E+00    1.000000E+03    8.200000E+01   -1.000000E+01    3.000000E+00    3.006919E+00   -1.008000E+01   -9.929662E+00
   5.490000E-09    1.000000E+00    1.477000E+00    6.010000E+01    1.845000E+00   -3.000000E+00   -1.000000E+01    1.362000E+00   -1.000000E+01   -1.000000E+01    1.785000E+00   -1.000000E+01    6.150000E+00    3.894000E+00    7.900000E-01    6.000000E+00    5.500000E+01    2.333000E+00    4.770000E+00    4.360000E+00    1.302000E+00   -3.106000E-01    3.939000E-04   -1.099000E+01    2.000000E+00    2.000000E+00    1.600000E+03    5.000000E+01   -1.000000E+01    1.000000E+00    5.428770E+00   -8.848000E+00   -9.430536E+00
   9.230000E-10    4.000000E+00    1.744000E+00    8.200000E+01    1.362000E+00   -5.768000E-01    1.437000E+00    3.430000E+00    3.204000E+00    3.844000E+00    1.086000E+00    3.126000E+00    7.700000E+00    1.126000E+01    2.550000E+00    2.000000E+00    6.000000E+00    1.811000E+00    7.212000E-01    1.990000E+00    1.170000E+00    3.998000E-01    9.432000E-04   -9.806000E+00    2.000000E+00    1.000000E+00    9.200000E+02    8.000000E+01   -1.000000E+01   -2.000000E+00    6.966861E-02   -1.100000E+01   -1.110886E+01
   1.300000E-09    1.000000E+00   -2.218000E-01    1.730000E+01    1.398000E+00   -1.292000E+00   -6.990000E-01    9.823000E-01    7.497000E-01    2.967000E-01    1.348000E+00    9.581000E-01    8.920000E+00    5.139000E+00    9.300000E-01    3.000000E+00    1.100000E+01    1.777000E+00    9.899000E-01    2.890000E+00    2.460000E+00    2.540000E-01    8.974000E-04   -1.016000E+01    2.700000E+01    1.000000E+00    2.430000E+03    0.000000E+00   -1.000000E+01    1.000000E+00    6.433016E-02   -1.072000E+01   -1.075387E+01
   1.460000E-09    7.000000E+00    1.408000E+00    7.200000E+01    1.000000E+00   -1.268000E+00   -1.000000E+01    3.094000E+00   -1.000000E+01   -1.000000E+01   -1.000000E+01   -1.000000E+01    4.000000E+00    7.834000E+00    1.900000E+00    6.000000E+00    7.500000E+01    3.309000E+00    2.180000E+00    4.360000E+00    1.449000E+00    1.812000E-01    1.332000E-03   -1.016000E+01    2.000000E+00    1.000000E+00    1.600000E+03    7.500000E+01   -1.000000E+01   -1.000000E+00    2.664984E-01   -1.062000E+01   -1.056943E+01
   2.090000E-09    1.000000E+00    1.453000E+00    1.080000E+02    1.398000E+00   -1.000000E+01   -1.000000E+01   -1.000000E+01   -1.000000E+01   -1.000000E+01   -1.000000E+01   -1.000000E+01    7.246000E+00    1.297000E+01    3.160000E+00    3.000000E+00    1.700000E+01    2.822000E+00    2.528000E+00    2.890000E+00    1.580000E+00    4.778000E-02    8.974000E-04   -1.452000E+01    2.000000E+00    2.000000E+00    1.600000E+03    9.800000E+01   -1.000000E+01   -1.000000E+00    3.212787E-01   -1.016000E+01   -1.013865E+01
   2.220000E-09    0.000000E+00    1.602000E+00    1.400000E+01    1.362000E+00   -9.586000E-01    9.345000E-01    3.403000E+00    5.328000E-01    3.575000E+00    2.387000E+00    1.904000E+00    8.200000E+00    1.360000E+01    2.200000E+00    1.000000E+00    1.000000E+00    8.499000E-01    8.142000E-01    8.500000E-01    5.441000E-01    1.865000E-02    9.432000E-04   -9.997000E+00    5.000000E+00    1.000000E+00    2.450000E+03    0.000000E+00   -1.000000E+01    0.000000E+00    4.538114E-02   -1.057000E+01   -1.059515E+01
   2.090000E-09    1.000000E+00    1.453000E+00    1.080000E+02    1.398000E+00   -1.000000E+01   -1.000000E+01   -1.000000E+01   -1.000000E+01   -1.000000E+01   -1.000000E+01   -1.000000E+01    7.254000E+00    1.297000E+01    3.160000E+00    3.000000E+00    1.700000E+01    2.822000E+00    2.528000E+00    2.890000E+00    1.580000E+00    4.778000E-02    8.974000E-04   -1.452000E+01    2.000000E+00    2.000000E+00    1.600000E+03    9.800000E+01   -1.000000E+01   -1.000000E+00    3.212787E-01   -1.016000E+01   -1.013798E+01
   7.900000E-10    2.000000E+00    1.279000E+00    9.300000E+01    1.398000E+00   -2.190000E-01   -1.000000E+01    4.105000E+00    2.983000E+00    2.697000E+00    2.086000E+00   -1.000000E+01    1.250000E+01    5.695000E+00    9.500000E-01    5.000000E+00    3.800000E+01    2.491000E+00    8.436000E-01    3.850000E+00    1.690000E+00    4.703000E-01    8.974000E-04   -9.626000E+00    2.000000E+00    2.000000E+00    1.800000E+03    4.750000E+01   -1.000000E+01    2.000000E+00    1.314249E-01   -1.055000E+01   -1.056131E+01
   1.550000E-09    4.000000E+00    6.232000E-01    6.700000E+01    1.544000E+00   -1.398000E+00    8.451000E-01    2.784000E+00    1.869000E+00    2.785000E+00   -1.000000E+01    2.785000E+00    4.400000E+00    9.752000E+00    2.550000E+00    4.000000E+00    3.400000E+01    2.921000E+00    1.878000E+00    3.450000E+00    2.203000E+00    1.919000E-01    7.106000E-04   -1.021000E+01    1.300000E+01    3.000000E+00    1.800000E+03    0.000000E+00   -1.000000E+01   -1.000000E+00    3.953348E-02   -9.573000E+00   -9.931759E+00
   2.570000E-09    1.000000E+00    1.453000E+00    1.080000E+02    1.699000E+00   -1.000000E+01   -1.000000E+01   -1.000000E+01   -1.000000E+01   -1.000000E+01   -1.000000E+01   -1.000000E+01    7.877000E+00    5.139000E+00    9.300000E-01    3.000000E+00    1.100000E+01    1.777000E+00    1.806000E+00    2.890000E+00    1.580000E+00   -7.034000E-03    5.279000E-04   -1.450000E+01    2.000000E+00    2.000000E+00    7.000000E+02    9.800000E+01   -1.000000E+01    1.000000E+00    4.888374E-02   -9.324000E+00   -9.378985E+00
   2.090000E-09    1.000000E+00    1.744000E+00    8.200000E+01    1.380000E+00   -6.108000E-01    1.176000E+00    3.262000E+00    3.292000E+00    3.770000E+00    1.447000E+00    3.051000E+00    7.200000E+00    3.894000E+00    7.900000E-01    6.000000E+00    5.500000E+01    2.333000E+00    2.097000E+00    4.360000E+00    1.170000E+00    4.632000E-02    9.199000E-04   -9.822000E+00    2.000000E+00    1.000000E+00    1.380000E+03    8.000000E+01   -1.000000E+01    1.000000E+00    4.494583E-02   -1.126000E+01   -1.076710E+01
   2.000000E-09    1.000000E+00    1.580000E+00    7.900000E+01    1.398000E+00   -2.000000E+00   -1.000000E+01    2.362000E+00   -1.000000E+01   -1.000000E+01   -1.000000E+01   -1.000000E+01    8.200000E+00    1.045000E+01    2.660000E+00    5.000000E+00    5.300000E+01    3.375000E+00    2.893000E+00    3.850000E+00    1.318000E+00    6.690000E-02    8.974000E-04   -1.052000E+01    2.000000E+00    1.000000E+00    1.200000E+03    8.000000E+01   -1.000000E+01   -1.000000E+00    1.403029E+00   -9.754000E+00   -9.835321E+00
   7.910000E-10    2.000000E+00    1.748000E+00    1.110000E+02    1.778000E+00   -6.778000E-01    1.637000E+00    3.472000E+00    2.790000E+00    3.517000E+00    1.749000E+00    3.638000E+00    7.550000E+00    5.695000E+00    9.500000E-01    5.000000E+00    3.800000E+01    2.491000E+00    7.559000E-01    3.850000E+00    1.297000E+00    5.180000E-01    4.494000E-04   -9.831000E+00    2.000000E+00    1.000000E+00    1.650000E+03    9.200000E+01   -1.000000E+01    2.000000E+00    2.044167E-01   -1.002000E+01   -1.004671E+01
   8.050000E-10    2.000000E+00    1.494000E+00    8.300000E+01    1.301000E+00   -5.951000E+00    1.906000E+00   -2.081000E+00   -1.887000E+00   -2.301000E+00   -1.000000E+01   -2.066000E+00    7.562000E+00    5.695000E+00    9.500000E-01    5.000000E+00    3.800000E+01    2.491000E+00    8.743000E-01    3.850000E+00    1.425000E+00    4.548000E-01    1.018000E-03   -1.250000E+01    2.000000E+00    1.000000E+00    1.700000E+03    8.000000E+01   -1.000000E+01    2.000000E+00    4.884913E-01   -1.095000E+01   -1.077614E+01
   2.220000E-09    0.000000E+00    1.748000E+00    1.110000E+02    1.602000E+00   -6.778000E-01    1.637000E+00    3.472000E+00    2.790000E+00    3.517000E+00    1.749000E+00    3.638000E+00    7.550000E+00    1.360000E+01    2.200000E+00    1.000000E+00    1.000000E+00    8.499000E-01    7.700000E-01    8.500000E-01    1.297000E+00    4.289000E-02    6.389000E-04   -9.844000E+00    2.000000E+00    1.000000E+00    1.650000E+03    9.200000E+01   -1.000000E+01    0.000000E+00    7.067029E-02   -1.019000E+01   -1.005232E+01
   8.480000E-10    2.000000E+00    4.771000E-01    2.000000E+00    1.398000E+00   -2.523000E+00   -1.000000E+01   -1.000000E+01    1.603000E+00    1.851000E+00   -1.000000E+01   -1.000000E+01    6.250000E+00    5.212000E+00    8.900000E-01    6.000000E+00    5.600000E+01    2.699000E+00    9.810000E-01    4.360000E+00    8.239000E-01    4.395000E-01    8.974000E-04   -1.078000E+01    8.000000E+00    1.000000E+00    2.640000E+03    0.000000E+00   -1.000000E+01    2.000000E+00    2.539819E-02   -1.270000E+01   -1.264504E+01
   8.050000E-10    2.000000E+00    1.580000E+00    7.870000E+01    1.398000E+00   -3.010000E-01   -1.000000E+01    4.061000E+00   -1.000000E+01   -1.000000E+01   -1.000000E+01   -1.000000E+01    7.392000E+00    5.695000E+00    9.500000E-01    5.000000E+00    3.800000E+01    2.491000E+00    8.596000E-01    3.850000E+00    1.316000E+00    4.621000E-01    8.974000E-04   -9.667000E+00    2.000000E+00    1.000000E+00    1.200000E+03    8.200000E+01   -1.000000E+01    2.000000E+00    3.424194E-02   -1.015000E+01   -1.010862E+01
   6.020000E-10    3.000000E+00    1.580000E+00    7.900000E+01    1.362000E+00   -1.285000E+00    7.966000E-01    2.777000E+00    2.283000E+00    3.193000E+00   -1.000000E+01   -1.000000E+01    7.700000E+00    5.670000E+00    1.200000E+00    6.000000E+00    6.300000E+01    2.815000E+00    7.313000E-01    4.360000E+00    1.318000E+00    5.854000E-01    9.432000E-04   -1.016000E+01    2.000000E+00    2.000000E+00    1.000000E+03    8.200000E+01   -1.000000E+01    3.000000E+00    1.891292E+01   -9.602000E+00   -9.818735E+00
   2.000000E-09    7.000000E+00    1.744000E+00    8.200000E+01    1.903000E+00   -5.918000E-01    1.146000E+00    3.279000E+00    3.330000E+00    3.785000E+00    1.831000E+00    3.016000E+00    7.500000E+00    7.280000E+00    1.900000E+00    5.000000E+00    4.300000E+01    2.817000E+00    2.039000E+00    3.850000E+00    1.170000E+00    1.404000E-01    3.547000E-04   -9.775000E+00    2.000000E+00    2.000000E+00    9.400000E+02    8.000000E+01   -1.000000E+01   -1.000000E+00    3.935606E-02   -9.551000E+00   -9.574184E+00
   2.000000E-09    1.000000E+00    1.580000E+00    7.900000E+01    1.398000E+00   -1.000000E+00   -1.000000E+01    3.362000E+00   -1.000000E+01   -1.000000E+01   -1.000000E+01   -1.000000E+01    8.200000E+00    1.045000E+01    2.660000E+00    5.000000E+00    5.300000E+01    3.375000E+00    2.893000E+00    3.850000E+00    1.318000E+00    6.690000E-02    8.974000E-04   -1.002000E+01    2.000000E+00    1.000000E+00    1.200000E+03    8.000000E+01   -1.000000E+01   -1.000000E+00    1.108058E+00   -9.754000E+00   -9.736324E+00
   2.000000E-09    1.000000E+00    6.990000E-01    4.000000E+00    1.398000E+00   -2.218000E-01   -1.000000E+01   -1.000000E+01   -1.000000E+01    4.328000E+00   -1.000000E+01   -1.000000E+01    7.100000E+00    1.297000E+01    3.160000E+00    3.000000E+00    1.700000E+01    2.822000E+00    2.419000E+00    2.890000E+00    9.031000E-01    6.690000E-02    8.974000E-04   -9.627000E+00    1.000000E+00    1.000000E+00    2.750000E+03    0.000000E+00   -1.000000E+01   -1.000000E+00    4.744074E-01   -1.339000E+01   -1.359834E+01
   8.050000E-10    2.000000E+00    1.494000E+00    8.300000E+01    1.301000E+00   -5.951000E+00    1.906000E+00   -2.081000E+00   -1.887000E+00   -2.301000E+00   -1.000000E+01   -2.066000E+00    8.641000E+00    5.695000E+00    9.500000E-01    5.000000E+00    3.800000E+01    2.491000E+00    8.743000E-01    3.850000E+00    1.425000E+00    4.548000E-01    1.018000E-03   -1.250000E+01    2.000000E+00    1.000000E+00    1.000000E+03    8.000000E+01   -1.000000E+01    2.000000E+00    8.928449E-01   -1.074000E+01   -1.015824E+01
   2.000000E-09    1.000000E+00    1.279000E+00    9.300000E+01    1.362000E+00   -1.000000E+00   -1.000000E+01    3.362000E+00   -1.000000E+01    3.550000E+00   -1.000000E+01   -1.000000E+01    1.250000E+01    1.045000E+01    2.660000E+00    5.000000E+00    5.300000E+01    3.375000E+00    2.913000E+00    3.850000E+00    1.690000E+00    6.398000E-02    9.432000E-04   -1.002000E+01    2.000000E+00    1.000000E+00    1.600000E+03    4.800000E+01    1.477000E+00   -1.000000E+00    2.531887E-01   -1.074000E+01   -1.063235E+01
   2.100000E-09    1.000000E+00    1.453000E+00    1.080000E+02    1.342000E+00   -2.000000E+00   -1.000000E+01    2.362000E+00   -1.000000E+01    2.550000E+00   -1.000000E+01   -1.000000E+01    6.929000E+00    3.894000E+00    7.900000E-01    6.000000E+00    5.500000E+01    2.333000E+00    2.121000E+00    4.360000E+00    1.580000E+00    4.132000E-02    9.673000E-04   -1.052000E+01    2.000000E+00    2.000000E+00    1.000000E+03    9.999000E+01   -1.000000E+01    1.000000E+00    1.017996E+00   -9.654000E+00   -9.633279E+00
   2.000000E-09    7.000000E+00    1.744000E+00    8.200000E+01    1.380000E+00   -5.918000E-01    1.146000E+00    3.279000E+00    3.330000E+00    3.785000E+00    1.831000E+00    3.016000E+00    7.500000E+00    7.280000E+00    1.900000E+00    5.000000E+00    4.300000E+01    2.817000E+00    2.423000E+00    3.850000E+00    1.170000E+00    6.544000E-02    9.199000E-04   -9.813000E+00    2.000000E+00    1.000000E+00    1.330000E+03    8.000000E+01   -1.000000E+01   -1.000000E+00    1.250384E-01   -9.863000E+00   -9.942069E+00
   1.550000E-09    4.000000E+00    1.408000E+00    7.200000E+01    1.602000E+00   -1.301000E+00   -1.000000E+01    3.061000E+00   -1.000000E+01   -1.000000E+01   -1.000000E+01   -1.000000E+01    3.000000E+00    9.752000E+00    2.550000E+00    4.000000E+00    3.400000E+01    2.921000E+00    1.848000E+00    3.450000E+00    1.449000E+00    1.989000E-01    6.389000E-04   -1.016000E+01    2.000000E+00    1.000000E+00    1.600000E+03    7.500000E+01   -1.000000E+01   -1.000000E+00    2.162595E-02   -1.064000E+01   -1.045482E+01
   6.020000E-10    3.000000E+00    1.580000E+00    7.900000E+01    1.398000E+00   -1.000000E+00   -1.000000E+01    3.362000E+00   -1.000000E+01    3.550000E+00   -1.000000E+01   -1.000000E+01    7.000000E+00    5.670000E+00    1.200000E+00    6.000000E+00    6.300000E+01    2.815000E+00    7.264000E-01    4.360000E+00    1.318000E+00    5.883000E-01    8.974000E-04   -1.002000E+01    2.000000E+00    3.000000E+00    1.000000E+03    8.200000E+01   -1.000000E+01    3.000000E+00    7.340711E+00   -1.003000E+01   -9.813386E+00
   1.130000E-09    6.000000E+00    1.780000E+00    7.600000E+01    1.176000E+00   -3.010000E-01   -1.000000E+01    4.061000E+00   -1.000000E+01    4.249000E+00   -1.000000E+01   -1.000000E+01    5.600000E+00    6.767000E+00    1.660000E+00    4.000000E+00    2.400000E+01    2.434000E+00    1.220000E+00    3.450000E+00    1.100000E+00    3.000000E-01    1.162000E-03   -9.674000E+00    2.000000E+00    1.000000E+00    1.500000E+03    4.600000E+01   -1.000000E+01   -1.000000E+00    7.985830E-02   -1.042000E+01   -1.067354E+01
   2.000000E-09    1.000000E+00    1.453000E+00    1.080000E+02    1.565000E+00   -2.000000E+00   -1.000000E+01    2.362000E+00   -1.000000E+01    2.550000E+00   -1.000000E+01   -1.000000E+01    5.857000E+00    1.045000E+01    2.660000E+00    5.000000E+00    5.300000E+01    3.375000E+00    2.784000E+00    3.850000E+00    1.580000E+00    8.362000E-02    6.848000E-04   -1.051000E+01    2.000000E+00    2.000000E+00    1.410000E+03    9.999000E+01   -1.000000E+01   -1.000000E+00    1.183066E+00   -1.001000E+01   -9.985161E+00
   1.640000E-09    2.000000E+00    1.279000E+00    9.300000E+01    1.352000E+00   -1.807000E+00   -1.000000E+01    2.378000E+00   -1.000000E+01   -1.000000E+01   -1.000000E+01    2.699000E+00    7.250000E+00    9.752000E+00    2.550000E+00    4.000000E+00    3.400000E+01    2.921000E+00    2.071000E+00    3.450000E+00    1.690000E+00    1.494000E-01    9.552000E-04   -1.042000E+01    2.000000E+00    2.000000E+00    1.600000E+03    5.000000E+01   -1.000000E+01   -1.000000E+00    1.266705E-02   -1.004000E+01   -1.008544E+01
   1.350000E-09    1.000000E+00    1.453000E+00    1.080000E+02    1.398000E+00   -1.000000E+01   -1.000000E+01   -1.000000E+01   -1.000000E+01   -1.000000E+01   -1.000000E+01   -1.000000E+01    7.806000E+00    5.139000E+00    9.300000E-01    3.000000E+00    1.100000E+01    1.777000E+00    1.028000E+00    2.890000E+00    1.580000E+00    2.376000E-01    8.974000E-04   -1.452000E+01    2.000000E+00    2.000000E+00    8.000000E+02    9.800000E+01   -1.000000E+01    1.000000E+00    1.471652E-01   -9.682000E+00   -9.674834E+00
   2.950000E-09    1.000000E+00    1.453000E+00    1.080000E+02    1.602000E+00   -1.000000E+01   -1.000000E+01   -1.000000E+01   -1.000000E+01   -1.000000E+01   -1.000000E+01   -1.000000E+01    6.667000E+00    1.297000E+01    3.160000E+00    3.000000E+00    1.700000E+01    2.822000E+00    3.397000E+00    2.890000E+00    1.580000E+00   -8.057000E-02    6.389000E-04   -1.451000E+01    2.000000E+00    2.000000E+00    1.000000E+03    9.800000E+01   -1.000000E+01   -1.000000E+00    7.074070E-01   -9.499000E+00   -9.486095E+00
   8.890000E-10    4.000000E+00    2.025000E+00    8.100000E+01    1.352000E+00    6.990000E-01   -1.000000E+01    5.061000E+00   -1.000000E+01    5.249000E+00   -1.000000E+01   -1.000000E+01    1.250000E+01    1.126000E+01    2.550000E+00    2.000000E+00    6.000000E+00    1.811000E+00    6.958000E-01    1.990000E+00    8.832000E-01    4.154000E-01    9.552000E-04   -9.169000E+00    2.500000E+01    1.000000E+00    1.650000E+03    0.000000E+00   -1.000000E+01   -2.000000E+00    4.034719E-02   -1.150000E+01   -1.133801E+01
   2.090000E-09    1.000000E+00    1.744000E+00    8.200000E+01    1.380000E+00   -6.108000E-01    1.176000E+00    3.262000E+00    3.292000E+00    3.770000E+00    1.447000E+00    3.051000E+00    7.200000E+00    3.894000E+00    7.900000E-01    6.000000E+00    5.500000E+01    2.333000E+00    2.097000E+00    4.360000E+00    1.170000E+00    4.632000E-02    9.199000E-04   -9.822000E+00    2.000000E+00    1.000000E+00    1.330000E+03    8.000000E+01   -1.000000E+01    1.000000E+00    4.494583E-02   -1.115000E+01   -1.041474E+01
   2.050000E-09    1.000000E+00    1.643000E+00    2.100000E+01    1.380000E+00   -2.072000E+00    8.567000E-01    2.555000E+00    3.010000E-01    1.415000E+00    9.440000E-01    3.424000E-01    8.500000E+00    3.894000E+00    7.900000E-01    6.000000E+00    5.500000E+01    2.333000E+00    2.057000E+00    4.360000E+00    6.788000E-01    5.472000E-02    9.199000E-04   -1.055000E+01    4.000000E+00    6.000000E+00    1.700000E+03    0.000000E+00   -1.000000E+01    1.000000E+00    2.265282E+00   -8.870000E+00   -9.443632E+00
   1.550000E-09    1.000000E+00    1.453000E+00    1.080000E+02    1.477000E+00   -1.000000E+01   -1.000000E+01   -1.000000E+01   -1.000000E+01   -1.000000E+01   -1.000000E+01   -1.000000E+01    6.234000E+00    5.139000E+00    9.300000E-01    3.000000E+00    1.100000E+01    1.777000E+00    1.161000E+00    2.890000E+00    1.580000E+00    1.848000E-01    7.959000E-04   -1.451000E+01    2.000000E+00    2.000000E+00    1.800000E+03    9.800000E+01   -1.000000E+01    1.000000E+00    1.920059E-01   -1.047000E+01   -1.054343E+01
   8.100000E-10    2.000000E+00    2.025000E+00    8.100000E+01    1.342000E+00   -1.000000E+00   -1.000000E+01    3.362000E+00   -1.000000E+01    3.550000E+00   -1.000000E+01   -1.000000E+01    1.100000E+01    9.752000E+00    2.550000E+00    4.000000E+00    3.400000E+01    2.921000E+00    1.025000E+00    3.450000E+00    8.832000E-01    4.551000E-01    9.673000E-04   -1.002000E+01    2.500000E+01    1.000000E+00    1.530000E+03    0.000000E+00   -1.000000E+01   -1.000000E+00    2.043357E-02   -1.121000E+01   -1.116626E+01
   2.000000E-09    1.000000E+00    1.279000E+00    9.300000E+01    1.362000E+00   -3.010000E-01   -1.000000E+01    4.061000E+00   -1.000000E+01    4.250000E+00   -1.000000E+01   -1.000000E+01    1.250000E+01    1.297000E+01    3.160000E+00    3.000000E+00    1.700000E+01    2.822000E+00    2.435000E+00    2.890000E+00    1.690000E+00    6.398000E-02    9.432000E-04   -9.668000E+00    2.000000E+00    1.000000E+00    1.600000E+03    5.000000E+01    1.699000E+00   -1.000000E+00    9.937451E-02   -1.033000E+01   -1.049429E+01
   1.010000E-09    1.000000E+00    1.453000E+00    1.080000E+02    1.176000E+00   -1.000000E+01   -1.000000E+01   -1.000000E+01   -1.000000E+01   -1.000000E+01   -1.000000E+01   -1.000000E+01    6.059000E+00    5.139000E+00    9.300000E-01    3.000000E+00    1.100000E+01    1.777000E+00    7.958000E-01    2.890000E+00    1.580000E+00    3.488000E-01    1.162000E-03   -1.452000E+01    2.000000E+00    2.000000E+00    1.400000E+03    9.800000E+01   -1.000000E+01    1.000000E+00    1.856073E-01   -1.029000E+01   -1.026527E+01
   2.090000E-09    1.000000E+00    1.580000E+00    7.870000E+01    1.398000E+00   -1.857000E+00    5.922000E-01    2.448000E+00    1.256000E+00    2.603000E+00    2.086000E+00    9.825000E-01    7.779000E+00    3.894000E+00    7.900000E-01    6.000000E+00    5.500000E+01    2.333000E+00    2.090000E+00    4.360000E+00    1.316000E+00    4.778000E-02    8.974000E-04   -1.044000E+01    2.000000E+00    5.000000E+00    2.100000E+03    8.200000E+01   -1.000000E+01    1.000000E+00    4.142088E-01   -1.060000E+01   -1.044201E+01
   2.000000E-09    1.000000E+00    1.279000E+00    9.300000E+01    1.352000E+00    6.990000E-01   -1.000000E+01    5.061000E+00   -1.000000E+01   -1.000000E+01   -1.000000E+01   -1.000000E+01    1.250000E+01    1.297000E+01    3.160000E+00    3.000000E+00    1.700000E+01    2.822000E+00    2.440000E+00    2.890000E+00    1.690000E+00    6.324000E-02    9.552000E-04   -9.169000E+00    2.000000E+00    1.000000E+00    1.600000E+03    4.750000E+01    1.477000E+00   -1.000000E+00    6.973309E-02   -1.048000E+01   -1.041219E+01
   8.890000E-10    4.000000E+00    2.025000E+00    8.100000E+01    1.352000E+00   -2.000000E+00   -1.000000E+01    2.362000E+00   -1.000000E+01    2.550000E+00   -1.000000E+01   -1.000000E+01    1.250000E+01    1.126000E+01    2.550000E+00    2.000000E+00    6.000000E+00    1.811000E+00    6.958000E-01    1.990000E+00    8.832000E-01    4.154000E-01    9.552000E-04   -1.052000E+01    2.500000E+01    1.000000E+00    1.650000E+03    0.000000E+00   -1.000000E+01   -2.000000E+00    1.062332E-02   -1.079000E+01   -1.096870E+01
   8.480000E-10    2.000000E+00    4.771000E-01    2.000000E+00    1.398000E+00   -3.523000E+00   -1.000000E+01   -1.000000E+01    6.031000E-01    8.513000E-01   -1.000000E+01   -1.000000E+01    6.250000E+00    5.212000E+00    8.900000E-01    6.000000E+00    5.600000E+01    2.699000E+00    9.810000E-01    4.360000E+00    8.239000E-01    4.395000E-01    8.974000E-04   -1.128000E+01    8.000000E+00    1.000000E+00    2.640000E+03    0.000000E+00   -1.000000E+01    2.000000E+00    5.357916E-02   -1.213000E+01   -1.249349E+01
   2.000000E-09    1.000000E+00    1.602000E+00    1.400000E+01    1.362000E+00   -2.000000E+00    9.345000E-01    2.362000E+00    5.328000E-01    2.338000E+00    2.387000E+00    1.904000E+00    8.300000E+00    1.045000E+01    2.660000E+00    5.000000E+00    5.300000E+01    3.375000E+00    2.913000E+00    3.850000E+00    5.441000E-01    6.398000E-02    9.432000E-04   -1.052000E+01    5.000000E+00    1.000000E+00    2.450000E+03    0.000000E+00   -1.000000E+01   -1.000000E+00    3.175416E-01   -1.211000E+01   -1.206509E+01
   4.300000E-10    4.000000E+00    1.447000E+00    1.080000E+02    1.398000E+00    0.000000E+00   -1.000000E+01   -1.000000E+01   -1.000000E+01   -1.000000E+01   -1.000000E+01   -1.000000E+01    9.000000E+00    6.194000E+00    1.380000E+00    7.000000E+00    9.200000E+01    3.368000E+00    6.207000E-01    4.990000E+00    1.586000E+00    7.345000E-01    8.974000E-04   -9.516000E+00    2.000000E+00    2.000000E+00    1.600000E+03    9.990000E+01   -1.000000E+01    0.000000E+00    4.513596E+00   -1.085000E+01   -1.079906E+01
   2.140000E-09    0.000000E+00   -1.549000E-01    1.000000E+01    1.362000E+00   -5.157000E-01    1.000000E+00    3.380000E+00    3.405000E+00    3.922000E+00    1.230000E+00    2.230000E+00    8.700000E+00    1.360000E+01    2.200000E+00    1.000000E+00    1.000000E+00    8.499000E-01    7.849000E-01    8.500000E-01    2.155000E+00    3.459000E-02    9.432000E-04   -9.776000E+00    1.400000E+01    1.000000E+00    2.730000E+03    0.000000E+00   -1.000000E+01    0.000000E+00    3.281667E-03   -1.130000E+01   -1.117442E+01
   2.000000E-09    1.000000E+00    1.279000E+00    9.300000E+01    1.362000E+00    6.990000E-01   -1.000000E+01    5.061000E+00   -1.000000E+01   -1.000000E+01   -1.000000E+01   -1.000000E+01    1.250000E+01    1.045000E+01    2.660000E+00    5.000000E+00    5.300000E+01    3.375000E+00    2.913000E+00    3.850000E+00    1.690000E+00    6.398000E-02    9.432000E-04   -9.168000E+00    2.000000E+00    1.000000E+00    1.600000E+03    4.800000E+01    1.477000E+00   -1.000000E+00    5.087058E-01   -1.017000E+01   -1.022643E+01
   1.350000E-09    1.000000E+00    1.453000E+00    1.080000E+02    1.398000E+00   -1.000000E+01   -1.000000E+01   -1.000000E+01   -1.000000E+01   -1.000000E+01   -1.000000E+01   -1.000000E+01    6.303000E+00    5.139000E+00    9.300000E-01    3.000000E+00    1.100000E+01    1.777000E+00    1.028000E+00    2.890000E+00    1.580000E+00    2.376000E-01    8.974000E-04   -1.452000E+01    2.000000E+00    2.000000E+00    1.800000E+03    9.800000E+01   -1.000000E+01    1.000000E+00    1.670167E-01   -1.059000E+01   -1.057070E+01
   8.100000E-10    2.000000E+00   -1.549000E-01    1.000000E+01    1.362000E+00   -5.157000E-01    1.000000E+00    3.380000E+00    3.405000E+00    3.922000E+00    1.230000E+00    2.230000E+00    8.770000E+00    9.752000E+00    2.550000E+00    4.000000E+00    3.400000E+01    2.921000E+00    1.021000E+00    3.450000E+00    2.155000E+00    4.565000E-01    9.432000E-04   -9.776000E+00    1.400000E+01    1.000000E+00    2.610000E+03    0.000000E+00   -1.000000E+01   -1.000000E+00    3.940570E-03   -1.154000E+01   -1.154731E+01
   8.100000E-10    4.000000E+00    2.025000E+00    8.100000E+01    1.342000E+00   -1.000000E+00   -1.000000E+01    3.362000E+00   -1.000000E+01    3.550000E+00   -1.000000E+01   -1.000000E+01    7.700000E+00    9.752000E+00    2.550000E+00    4.000000E+00    3.400000E+01    2.921000E+00    1.025000E+00    3.450000E+00    8.832000E-01    4.551000E-01    9.673000E-04   -1.002000E+01    2.500000E+01    1.000000E+00    1.530000E+03    0.000000E+00   -1.000000E+01   -2.000000E+00    1.622485E-01   -1.110000E+01   -1.133486E+01
   1.300000E-09    1.000000E+00    1.580000E+00    7.870000E+01    1.398000E+00    0.000000E+00   -1.000000E+01    4.362000E+00   -1.000000E+01   -1.000000E+01   -1.000000E+01   -1.000000E+01    7.269000E+00    5.139000E+00    9.300000E-01    3.000000E+00    1.100000E+01    1.777000E+00    9.899000E-01    2.890000E+00    1.316000E+00    2.540000E-01    8.974000E-04   -9.516000E+00    2.000000E+00    1.000000E+00    1.800000E+03    8.200000E+01   -1.000000E+01    1.000000E+00    7.675473E-02   -1.048000E+01   -1.038961E+01
   4.300000E-10    6.000000E+00    1.531000E+00    1.300000E+01    1.398000E+00   -4.437000E-01    1.799000E+00    3.742000E+00    3.018000E+00    4.027000E+00    1.462000E+00    3.129000E+00    7.600000E+00    6.194000E+00    1.380000E+00    7.000000E+00    9.200000E+01    3.368000E+00    6.207000E-01    4.990000E+00    5.825000E-01    7.345000E-01    8.974000E-04   -9.738000E+00    4.000000E+00    1.000000E+00    2.421000E+03    0.000000E+00   -1.000000E+01    0.000000E+00    8.295933E+00   -1.152000E+01   -1.078808E+01
   2.000000E-09    1.000000E+00    1.744000E+00    8.200000E+01    1.740000E+00   -5.918000E-01    1.146000E+00    3.279000E+00    3.328000E+00    3.785000E+00    1.831000E+00    3.016000E+00    7.500000E+00    1.045000E+01    2.660000E+00    5.000000E+00    5.300000E+01    3.375000E+00    2.629000E+00    3.850000E+00    1.170000E+00    1.085000E-01    4.852000E-04   -9.791000E+00    2.000000E+00    2.000000E+00    1.100000E+03    8.000000E+01   -1.000000E+01   -1.000000E+00    4.325020E-01   -9.674000E+00   -9.624854E+00
   2.000000E-09    1.000000E+00    6.021000E-01    6.700000E+01    1.398000E+00   -1.208000E+00    7.796000E-01    2.716000E+00    2.301000E+00    2.944000E+00    2.176000E+00    3.041000E+00    7.520000E+00    1.045000E+01    2.660000E+00    5.000000E+00    5.300000E+01    3.375000E+00    2.893000E+00    3.850000E+00    2.224000E+00    6.690000E-02    8.974000E-04   -1.012000E+01    1.300000E+01    1.000000E+00    2.770000E+03    0.000000E+00   -1.000000E+01   -1.000000E+00    5.187838E-01   -1.157000E+01   -1.186785E+01
   6.240000E-10    3.000000E+00    1.279000E+00    9.300000E+01    1.398000E+00    7.918000E-02   -1.000000E+01    4.281000E+00   -1.000000E+01    2.401000E+00    4.248000E+00    4.062000E+00    2.000000E+00    5.974000E+00    1.300000E+00    7.000000E+00    9.500000E+01    3.307000E+00    8.845000E-01    4.990000E+00    1.690000E+00    5.727000E-01    8.974000E-04   -9.477000E+00    2.000000E+00    1.000000E+00    1.400000E+03    4.750000E+01   -1.000000E+01    3.000000E+00    2.913547E-02   -1.028000E+01   -1.018871E+01
   1.910000E-09    1.000000E+00    2.025000E+00    8.100000E+01    1.352000E+00   -3.010000E-01   -1.000000E+01    4.061000E+00   -1.000000E+01    4.250000E+00   -1.000000E+01   -1.000000E+01    1.250000E+01    1.297000E+01    3.160000E+00    3.000000E+00    1.700000E+01    2.822000E+00    2.330000E+00    2.890000E+00    8.832000E-01    8.324000E-02    9.552000E-04   -9.669000E+00    2.500000E+01    1.000000E+00    1.650000E+03    0.000000E+00   -1.000000E+01   -1.000000E+00    3.168186E-02   -1.065000E+01   -1.084040E+01
   2.090000E-09    1.000000E+00    1.453000E+00    1.080000E+02    1.398000E+00   -1.000000E+01   -1.000000E+01   -1.000000E+01   -1.000000E+01   -1.000000E+01   -1.000000E+01   -1.000000E+01    8.116000E+00    1.297000E+01    3.160000E+00    3.000000E+00    1.700000E+01    2.822000E+00    2.528000E+00    2.890000E+00    1.580000E+00    4.778000E-02    8.974000E-04   -1.452000E+01    2.000000E+00    2.000000E+00    8.000000E+02    9.800000E+01   -1.000000E+01   -1.000000E+00    8.277030E-02   -9.491000E+00   -9.543654E+00
   1.200000E-09    5.000000E+00    1.580000E+00    7.900000E+01    1.398000E+00   -1.456000E+00    1.041000E+00    2.824000E+00    8.202000E-01    2.121000E+00   -1.000000E+01    2.940000E+00    8.900000E+00    6.266000E+00    1.360000E+00    7.000000E+00    9.300000E+01    3.387000E+00    1.742000E+00    4.990000E+00    1.318000E+00    2.887000E-01    8.974000E-04   -1.024000E+01    2.000000E+00    2.000000E+00    2.000000E+03    8.000000E+01   -1.000000E+01    1.000000E+00    1.343262E-01   -1.073000E+01   -1.072212E+01
   7.420000E-10    1.000000E+00    1.453000E+00    1.080000E+02    6.990000E-01   -1.000000E+01   -1.000000E+01   -1.000000E+01   -1.000000E+01   -1.000000E+01   -1.000000E+01   -1.000000E+01    5.854000E+00    5.139000E+00    9.300000E-01    3.000000E+00    1.100000E+01    1.777000E+00    6.056000E-01    2.890000E+00    1.580000E+00    4.674000E-01    1.536000E-03   -1.453000E+01    2.000000E+00    2.000000E+00    1.000000E+03    9.800000E+01   -1.000000E+01    1.000000E+00    2.378617E-01   -1.011000E+01   -1.012387E+01
   7.900000E-10    2.000000E+00    1.279000E+00    9.300000E+01    1.398000E+00   -1.000000E+01   -1.000000E+01   -1.000000E+01   -1.000000E+01   -1.000000E+01   -1.000000E+01   -1.000000E+01    1.250000E+01    5.695000E+00    9.500000E-01    5.000000E+00    3.800000E+01    2.491000E+00    8.436000E-01    3.850000E+00    1.690000E+00    4.703000E-01    8.974000E-04   -1.452000E+01    2.000000E+00    2.000000E+00    1.600000E+03    4.750000E+01   -1.000000E+01    2.000000E+00    2.660287E-01   -1.047000E+01   -1.051113E+01
   8.100000E-10    2.000000E+00    1.279000E+00    9.300000E+01    1.778000E+00   -1.000000E+01   -1.000000E+01   -1.000000E+01   -1.000000E+01   -1.000000E+01   -1.000000E+01   -1.000000E+01    7.250000E+00    9.752000E+00    2.550000E+00    4.000000E+00    3.400000E+01    2.921000E+00    9.077000E-01    3.450000E+00    1.690000E+00    5.076000E-01    4.494000E-04   -1.449000E+01    2.000000E+00    2.000000E+00    1.600000E+03    4.750000E+01    1.699000E+00   -1.000000E+00    5.721747E-01   -1.010000E+01   -1.014227E+01
   2.100000E-09    1.000000E+00    1.453000E+00    1.080000E+02    1.565000E+00   -2.924000E-01   -1.000000E+01    4.069000E+00   -1.000000E+01    4.257000E+00   -1.000000E+01   -1.000000E+01    8.173000E+00    3.894000E+00    7.900000E-01    6.000000E+00    5.500000E+01    2.333000E+00    2.021000E+00    4.360000E+00    1.580000E+00    6.243000E-02    6.848000E-04   -9.654000E+00    2.000000E+00    2.000000E+00    1.400000E+03    9.999000E+01   -1.000000E+01    1.000000E+00    6.284973E-02   -9.983000E+00   -9.890320E+00
   2.220000E-09    0.000000E+00    1.531000E+00    1.300000E+01    1.398000E+00   -4.510000E-01    1.806000E+00    3.749000E+00    2.949000E+00    3.984000E+00    1.477000E+00    3.368000E+00    7.680000E+00    1.360000E+01    2.200000E+00    1.000000E+00    1.000000E+00    8.499000E-01    8.088000E-01    8.500000E-01    5.825000E-01    2.158000E-02    8.974000E-04   -9.742000E+00    4.000000E+00    1.000000E+00    2.700000E+03    0.000000E+00   -1.000000E+01    0.000000E+00    6.063177E-02   -1.094000E+01   -1.119616E+01
   2.040000E-09    1.000000E+00    1.744000E+00    8.200000E+01    1.380000E+00   -6.576000E-01    1.176000E+00    3.262000E+00    3.292000E+00    3.770000E+00    1.447000E+00    3.583000E+00    7.200000E+00    3.894000E+00    7.900000E-01    6.000000E+00    5.500000E+01    2.333000E+00    2.047000E+00    4.360000E+00    1.170000E+00    5.684000E-02    9.199000E-04   -9.846000E+00    2.000000E+00    1.000000E+00    1.330000E+03    8.000000E+01   -1.000000E+01    1.000000E+00    3.547409E-02   -9.879000E+00   -9.882747E+00
   2.100000E-09    1.000000E+00    1.453000E+00    1.080000E+02    1.342000E+00   -2.924000E-01   -1.000000E+01    4.069000E+00   -1.000000E+01    4.257000E+00   -1.000000E+01   -1.000000E+01    7.448000E+00    3.894000E+00    7.900000E-01    6.000000E+00    5.500000E+01    2.333000E+00    2.121000E+00    4.360000E+00    1.580000E+00    4.132000E-02    9.673000E-04   -9.665000E+00    2.000000E+00    2.000000E+00    1.060000E+03    9.999000E+01   -1.000000E+01    1.000000E+00    3.817205E-02   -9.699000E+00   -9.671334E+00
   2.000000E-09    1.000000E+00   -1.549000E-01    1.000000E+01    1.398000E+00   -5.157000E-01    1.000000E+00    3.380000E+00    3.405000E+00    3.922000E+00    1.230000E+00    2.230000E+00    8.700000E+00    1.297000E+01    3.160000E+00    3.000000E+00    1.700000E+01    2.822000E+00    2.419000E+00    2.890000E+00    2.155000E+00    6.690000E-02    8.974000E-04   -9.774000E+00    1.400000E+01    1.000000E+00    2.730000E+03    0.000000E+00   -1.000000E+01   -1.000000E+00    8.247259E-02   -1.109000E+01   -1.101834E+01
   1.460000E-09    7.000000E+00    1.408000E+00    7.200000E+01    1.398000E+00   -1.184000E+00    1.199000E+00    3.079000E+00    2.103000E+00    2.783000E+00    1.919000E+00    2.732000E+00    8.300000E+00    7.834000E+00    1.900000E+00    6.000000E+00    7.500000E+01    3.309000E+00    2.071000E+00    4.360000E+00    1.449000E+00    2.036000E-01    8.974000E-04   -1.011000E+01    2.000000E+00    1.000000E+00    1.400000E+03    7.500000E+01   -1.000000E+01   -1.000000E+00    2.713870E-01   -1.048000E+01   -1.017393E+01
   1.330000E-09    1.000000E+00    1.453000E+00    1.100000E+02    1.362000E+00   -3.010000E-01   -1.000000E+01    4.061000E+00   -1.000000E+01    4.249000E+00   -1.000000E+01   -1.000000E+01    7.000000E+00    5.139000E+00    9.300000E-01    3.000000E+00    1.100000E+01    1.777000E+00    1.020000E+00    2.890000E+00    1.588000E+00    2.412000E-01    9.432000E-04   -9.668000E+00    2.000000E+00    1.000000E+00    8.000000E+02    9.800000E+01   -1.000000E+01    1.000000E+00    3.643724E-02   -1.014000E+01   -9.735773E+00
   2.090000E-09    1.000000E+00    1.580000E+00    7.870000E+01    1.398000E+00   -1.000000E+00   -1.000000E+01    3.362000E+00   -1.000000E+01   -1.000000E+01   -1.000000E+01   -1.000000E+01    8.008000E+00    3.894000E+00    7.900000E-01    6.000000E+00    5.500000E+01    2.333000E+00    2.090000E+00    4.360000E+00    1.316000E+00    4.778000E-02    8.974000E-04   -1.002000E+01    2.000000E+00    1.000000E+00    4.000000E+02    8.200000E+01   -1.000000E+01    1.000000E+00    3.193785E-01   -9.154000E+00   -9.271080E+00
   8.100000E-10    4.000000E+00    6.232000E-01    6.700000E+01    1.544000E+00   -1.398000E+00    8.451000E-01    2.784000E+00    1.869000E+00    2.785000E+00   -1.000000E+01    2.785000E+00    2.400000E+00    9.752000E+00    2.550000E+00    4.000000E+00    3.400000E+01    2.921000E+00    9.814000E-01    3.450000E+00    2.203000E+00    4.738000E-01    7.106000E-04   -1.021000E+01    1.300000E+01    3.000000E+00    1.800000E+03    0.000000E+00   -1.000000E+01   -2.000000E+00    1.859065E-02   -9.845000E+00   -9.688318E+00
   1.010000E-09    1.000000E+00    1.453000E+00    1.080000E+02    1.176000E+00   -1.000000E+01   -1.000000E+01   -1.000000E+01   -1.000000E+01   -1.000000E+01   -1.000000E+01   -1.000000E+01    6.650000E+00    5.139000E+00    9.300000E-01    3.000000E+00    1.100000E+01    1.777000E+00    7.958000E-01    2.890000E+00    1.580000E+00    3.488000E-01    1.162000E-03   -1.452000E+01    2.000000E+00    2.000000E+00    1.000000E+03    9.800000E+01   -1.000000E+01    1.000000E+00    2.775533E-01   -9.979000E+00   -9.954414E+00
   2.000000E-09    1.000000E+00    1.744000E+00    8.200000E+01    1.380000E+00   -5.918000E-01    1.146000E+00    3.279000E+00    3.328000E+00    3.785000E+00    1.831000E+00    3.016000E+00    7.500000E+00    1.045000E+01    2.660000E+00    5.000000E+00    5.300000E+01    3.375000E+00    2.903000E+00    3.850000E+00    1.170000E+00    6.544000E-02    9.199000E-04   -9.813000E+00    2.000000E+00    2.000000E+00    8.900000E+02    8.000000E+01   -1.000000E+01   -1.000000E+00    2.755688E-01   -9.514000E+00   -9.546952E+00
   3.330000E-09    2.000000E+00    1.279000E+00    9.300000E+01    1.778000E+00   -1.807000E+00   -1.000000E+01    2.378000E+00   -1.000000E+01   -1.000000E+01   -1.000000E+01    2.699000E+00    7.250000E+00    9.752000E+00    2.550000E+00    4.000000E+00    3.400000E+01    2.921000E+00    3.732000E+00    3.450000E+00    1.690000E+00   -1.063000E-01    4.494000E-04   -1.040000E+01    2.000000E+00    2.000000E+00    1.600000E+03    5.000000E+01   -1.000000E+01   -1.000000E+00    1.816927E-01   -9.735000E+00   -9.707131E+00
   2.030000E-09    1.000000E+00    1.453000E+00    1.100000E+02    1.362000E+00   -2.000000E+00   -1.000000E+01    2.362000E+00   -1.000000E+01    4.549000E+00   -1.000000E+01   -1.000000E+01    7.000000E+00    1.045000E+01    2.660000E+00    5.000000E+00    5.300000E+01    3.375000E+00    2.956000E+00    3.850000E+00    1.588000E+00    5.751000E-02    9.432000E-04   -1.052000E+01    2.000000E+00    1.000000E+00    8.000000E+02    9.800000E+01   -1.000000E+01   -1.000000E+00    4.494257E-01   -1.161000E+01   -1.115102E+01
   1.690000E-09    2.000000E+00    1.744000E+00    8.200000E+01    1.778000E+00    1.335000E-01    1.469000E+00    3.704000E+00    4.176000E+00    4.535000E+00    1.000000E+00    2.898000E+00    7.784000E+00    5.695000E+00    9.500000E-01    5.000000E+00    3.800000E+01    2.491000E+00    1.615000E+00    3.850000E+00    1.170000E+00    1.882000E-01    4.494000E-04   -9.425000E+00    2.000000E+00    2.000000E+00    1.650000E+03    8.000000E+01    1.699000E+00    2.000000E+00    2.308061E-02   -9.955000E+00   -1.014895E+01
   2.000000E-09    1.000000E+00    1.453000E+00    1.080000E+02    1.342000E+00   -2.000000E+00   -1.000000E+01    2.362000E+00   -1.000000E+01    2.550000E+00   -1.000000E+01   -1.000000E+01    7.287000E+00    1.045000E+01    2.660000E+00    5.000000E+00    5.300000E+01    3.375000E+00    2.923000E+00    3.850000E+00    1.580000E+00    6.251000E-02    9.673000E-04   -1.052000E+01    2.000000E+00    2.000000E+00    1.000000E+03    9.999000E+01   -1.000000E+01   -1.000000E+00    4.739897E-01   -9.676000E+00   -9.751471E+00
   4.300000E-10    6.000000E+00    1.580000E+00    7.900000E+01    1.398000E+00   -1.000000E+00   -1.000000E+01    3.362000E+00   -1.000000E+01    3.550000E+00   -1.000000E+01   -1.000000E+01    7.000000E+00    6.194000E+00    1.380000E+00    7.000000E+00    9.200000E+01    3.368000E+00    6.207000E-01    4.990000E+00    1.318000E+00    7.345000E-01    8.974000E-04   -1.002000E+01    2.000000E+00    3.000000E+00    1.000000E+03    8.200000E+01   -1.000000E+01    2.000000E+00    4.514643E+00   -9.959000E+00   -1.008122E+01
   2.000000E-09    1.000000E+00    1.279000E+00    9.300000E+01    1.398000E+00   -6.108000E-01   -1.000000E+01    3.760000E+00   -1.000000E+01   -1.000000E+01    3.941000E+00    3.363000E+00    1.050000E+01    1.045000E+01    2.660000E+00    5.000000E+00    5.300000E+01    3.375000E+00    2.893000E+00    3.850000E+00    1.690000E+00    6.690000E-02    8.974000E-04   -9.822000E+00    2.000000E+00    1.000000E+00    1.600000E+03    4.750000E+01   -1.000000E+01   -1.000000E+00    1.023325E+00   -1.046000E+01   -1.048859E+01
   1.200000E-09    4.000000E+00    1.279000E+00    9.300000E+01    1.398000E+00   -2.815000E-01   -1.000000E+01    4.080000E+00   -1.000000E+01    4.259000E+00   -1.000000E+01   -1.000000E+01    7.000000E+00    6.266000E+00    1.360000E+00    7.000000E+00    9.300000E+01    3.387000E+00    1.742000E+00    4.990000E+00    1.690000E+00    2.887000E-01    8.974000E-04   -9.657000E+00    2.000000E+00    2.000000E+00    1.800000E+03    4.750000E+01   -1.000000E+01    0.000000E+00    1.925802E-02   -1.037000E+01   -1.039365E+01
   2.000000E-09    1.000000E+00    1.453000E+00    1.080000E+02    1.602000E+00   -2.000000E+00   -1.000000E+01    2.362000E+00   -1.000000E+01    2.550000E+00   -1.000000E+01   -1.000000E+01    7.542000E+00    1.045000E+01    2.660000E+00    5.000000E+00    5.300000E+01    3.375000E+00    2.755000E+00    3.850000E+00    1.580000E+00    8.822000E-02    6.389000E-04   -1.051000E+01    2.000000E+00    2.000000E+00    1.050000E+03    9.999000E+01   -1.000000E+01   -1.000000E+00    7.250167E-01   -9.712000E+00   -9.746609E+00
   2.000000E-09    1.000000E+00    1.602000E+00    1.400000E+01    1.362000E+00   -2.000000E+00    9.345000E-01    2.362000E+00    5.328000E-01    2.338000E+00    2.387000E+00    1.904000E+00    8.300000E+00    1.045000E+01    2.660000E+00    5.000000E+00    5.300000E+01    3.375000E+00    2.913000E+00    3.850000E+00    5.441000E-01    6.398000E-02    9.432000E-04   -1.052000E+01    5.000000E+00    1.000000E+00    2.450000E+03    0.000000E+00   -1.000000E+01   -1.000000E+00    3.175416E-01   -1.215000E+01   -1.206509E+01
   2.000000E-09    1.000000E+00    1.447000E+00    1.080000E+02    1.398000E+00   -6.108000E-01   -1.000000E+01    3.760000E+00   -1.000000E+01   -1.000000E+01    3.941000E+00    3.363000E+00    1.050000E+01    1.297000E+01    3.160000E+00    3.000000E+00    1.700000E+01    2.822000E+00    2.419000E+00    2.890000E+00    1.586000E+00    6.690000E-02    8.974000E-04   -9.822000E+00    2.000000E+00    1.000000E+00    1.600000E+03    9.800000E+01   -1.000000E+01   -1.000000E+00    6.445201E-02   -1.042000E+01   -1.057272E+01
   8.050000E-10    2.000000E+00    1.580000E+00    7.870000E+01    1.398000E+00   -1.000000E+00   -1.000000E+01    3.362000E+00   -1.000000E+01   -1.000000E+01   -1.000000E+01   -1.000000E+01    7.712000E+00    5.695000E+00    9.500000E-01    5.000000E+00    3.800000E+01    2.491000E+00    8.596000E-01    3.850000E+00    1.316000E+00    4.621000E-01    8.974000E-04   -1.002000E+01    2.000000E+00    1.000000E+00    1.200000E+03    8.200000E+01   -1.000000E+01    2.000000E+00    1.162670E-01   -1.015000E+01   -1.009788E+01
   1.200000E-09    4.000000E+00    6.021000E-01    6.700000E+01    1.415000E+00    6.070000E-02   -1.000000E+01    4.403000E+00   -1.000000E+01   -1.000000E+01    4.785000E+00   -1.000000E+01    8.900000E+00    6.266000E+00    1.360000E+00    7.000000E+00    9.300000E+01    3.387000E+00    1.736000E+00    4.990000E+00    2.224000E+00    2.902000E-01    8.757000E-04   -9.485000E+00    1.300000E+01    1.000000E+00    2.640000E+03    0.000000E+00   -1.000000E+01   -4.000000E+00    7.933348E-02   -1.242000E+01   -1.234253E+01
   2.090000E-09    1.000000E+00    1.580000E+00    7.900000E+01    1.398000E+00   -6.990000E-01    1.893000E+00    3.508000E+00    2.904000E+00    3.754000E+00    1.785000E+00    2.584000E+00    7.700000E+00    3.894000E+00    7.900000E-01    6.000000E+00    5.500000E+01    2.333000E+00    2.090000E+00    4.360000E+00    1.318000E+00    4.778000E-02    8.974000E-04   -9.866000E+00    2.000000E+00    5.000000E+00    1.800000E+03    8.000000E+01   -1.000000E+01    1.000000E+00    1.157698E-01   -9.539000E+00   -9.549647E+00
   2.090000E-09    1.000000E+00    6.128000E-01    1.090000E+01    1.398000E+00   -2.924000E-01   -1.000000E+01    4.068000E+00   -1.000000E+01    4.258000E+00   -1.000000E+01   -1.000000E+01    8.000000E+00    3.894000E+00    7.900000E-01    6.000000E+00    5.500000E+01    2.333000E+00    2.090000E+00    4.360000E+00    1.425000E+00    4.778000E-02    8.974000E-04   -9.662000E+00    2.800000E+01    2.000000E+00    2.250000E+03    0.000000E+00   -1.000000E+01    1.000000E+00    5.519072E-02   -9.975000E+00   -1.000231E+01
   6.020000E-10    3.000000E+00    1.580000E+00    7.900000E+01    1.362000E+00   -1.285000E+00    7.966000E-01    2.777000E+00    2.283000E+00    3.193000E+00   -1.000000E+01   -1.000000E+01    7.700000E+00    5.670000E+00    1.200000E+00    6.000000E+00    6.300000E+01    2.815000E+00    7.313000E-01    4.360000E+00    1.318000E+00    5.854000E-01    9.432000E-04   -1.016000E+01    2.000000E+00    2.000000E+00    1.150000E+03    8.200000E+01   -1.000000E+01    3.000000E+00    1.891292E+01   -9.180000E+00   -9.853585E+00
   1.300000E-09    1.000000E+00   -2.218000E-01    1.730000E+01    1.398000E+00   -1.292000E+00   -6.990000E-01    9.823000E-01    7.497000E-01    2.967000E-01    1.348000E+00    9.581000E-01    8.920000E+00    5.139000E+00    9.300000E-01    3.000000E+00    1.100000E+01    1.777000E+00    9.899000E-01    2.890000E+00    2.460000E+00    2.540000E-01    8.974000E-04   -1.016000E+01    2.700000E+01    1.000000E+00    2.430000E+03    0.000000E+00   -1.000000E+01    1.000000E+00    6.433016E-02   -1.068000E+01   -1.075387E+01
   8.050000E-10    2.000000E+00    2.155000E+00    8.300000E+01    1.398000E+00   -1.549000E-01   -1.000000E+01    4.207000E+00   -1.000000E+01   -1.000000E+01   -1.000000E+01   -1.000000E+01    7.796000E+00    5.695000E+00    9.500000E-01    5.000000E+00    3.800000E+01    2.491000E+00    8.596000E-01    3.850000E+00    7.637000E-01    4.621000E-01    8.974000E-04   -9.594000E+00    3.000000E+00    1.000000E+00    1.950000E+03    1.000000E+02   -1.000000E+01    2.000000E+00    1.801939E-02   -1.068000E+01   -1.082535E+01
   7.900000E-10    2.000000E+00    1.491000E+00    8.300000E+01    1.301000E+00   -2.839000E+00    5.441000E-01    9.191000E-01    1.114000E+00    6.990000E-01   -1.000000E+01    9.345000E-01    7.000000E+00    5.695000E+00    9.500000E-01    5.000000E+00    3.800000E+01    2.491000E+00    8.580000E-01    3.850000E+00    1.428000E+00    4.630000E-01    1.018000E-03   -1.094000E+01    2.000000E+00    1.000000E+00    1.400000E+03    8.000000E+01   -1.000000E+01    2.000000E+00    3.515735E-01   -1.082000E+01   -1.078387E+01
   2.000000E-09    1.000000E+00    2.025000E+00    8.100000E+01    1.398000E+00   -1.000000E+00   -1.000000E+01    3.362000E+00   -1.000000E+01    3.550000E+00   -1.000000E+01   -1.000000E+01    9.270000E+00    1.297000E+01    3.160000E+00    3.000000E+00    1.700000E+01    2.822000E+00    2.419000E+00    2.890000E+00    8.832000E-01    6.690000E-02    8.974000E-04   -1.002000E+01    2.500000E+01    1.000000E+00    1.530000E+03    0.000000E+00   -1.000000E+01   -1.000000E+00    1.182129E-01   -1.047000E+01   -1.084139E+01
   3.690000E-09    1.000000E+00    1.453000E+00    1.080000E+02    1.699000E+00   -3.010000E-01   -1.000000E+01    4.061000E+00   -1.000000E+01    4.249000E+00   -1.000000E+01   -1.000000E+01    5.907000E+00    1.297000E+01    3.160000E+00    3.000000E+00    1.700000E+01    2.822000E+00    4.118000E+00    2.890000E+00    1.580000E+00   -1.641000E-01    5.279000E-04   -9.649000E+00    2.000000E+00    2.000000E+00    1.000000E+03    9.800000E+01   -1.000000E+01   -1.000000E+00    8.333466E-01   -9.401000E+00   -9.430599E+00
   1.010000E-09    1.000000E+00    1.453000E+00    1.080000E+02    1.176000E+00   -3.010000E-01   -1.000000E+01    4.061000E+00   -1.000000E+01    4.249000E+00   -1.000000E+01   -1.000000E+01    6.492000E+00    5.139000E+00    9.300000E-01    3.000000E+00    1.100000E+01    1.777000E+00    7.958000E-01    2.890000E+00    1.580000E+00    3.488000E-01    1.162000E-03   -9.674000E+00    2.000000E+00    2.000000E+00    1.000000E+03    9.800000E+01   -1.000000E+01    1.000000E+00    9.690139E-02   -9.963000E+00   -9.968732E+00
   6.020000E-10    3.000000E+00    1.580000E+00    7.900000E+01    1.398000E+00   -1.000000E+00   -1.000000E+01    3.362000E+00   -1.000000E+01    3.550000E+00   -1.000000E+01   -1.000000E+01    9.000000E+00    5.670000E+00    1.200000E+00    6.000000E+00    6.300000E+01    2.815000E+00    7.264000E-01    4.360000E+00    1.318000E+00    5.883000E-01    8.974000E-04   -1.002000E+01    2.000000E+00    3.000000E+00    1.000000E+03    8.200000E+01   -1.000000E+01    3.000000E+00    8.834700E+00   -1.001000E+01   -9.754948E+00
   2.950000E-09    1.000000E+00    1.453000E+00    1.080000E+02    1.602000E+00   -1.000000E+00   -1.000000E+01    3.362000E+00   -1.000000E+01    3.550000E+00   -1.000000E+01   -1.000000E+01    6.380000E+00    1.297000E+01    3.160000E+00    3.000000E+00    1.700000E+01    2.822000E+00    3.397000E+00    2.890000E+00    1.580000E+00   -8.057000E-02    6.389000E-04   -1.001000E+01    2.000000E+00    2.000000E+00    1.000000E+03    9.800000E+01   -1.000000E+01   -1.000000E+00    7.976389E-01   -9.499000E+00   -9.472206E+00
   1.460000E-09    7.000000E+00    1.408000E+00    7.200000E+01    1.079000E+00   -1.355000E-01   -1.000000E+01    4.221000E+00   -1.000000E+01   -1.000000E+01   -1.000000E+01   -1.000000E+01    7.000000E+00    7.834000E+00    1.900000E+00    6.000000E+00    7.500000E+01    3.309000E+00    2.165000E+00    4.360000E+00    1.449000E+00    1.842000E-01    1.261000E-03   -9.594000E+00    2.000000E+00    1.000000E+00    1.600000E+03    7.500000E+01   -1.000000E+01   -1.000000E+00    2.976114E-01   -1.023000E+01   -1.035461E+01
   2.570000E-09    1.000000E+00    1.453000E+00    1.080000E+02    1.699000E+00   -1.000000E+01   -1.000000E+01   -1.000000E+01   -1.000000E+01   -1.000000E+01   -1.000000E+01   -1.000000E+01    6.993000E+00    5.139000E+00    9.300000E-01    3.000000E+00    1.100000E+01    1.777000E+00    1.806000E+00    2.890000E+00    1.580000E+00   -7.034000E-03    5.279000E-04   -1.450000E+01    2.000000E+00    2.000000E+00    1.800000E+03    9.800000E+01   -1.000000E+01    1.000000E+00    1.789517E-01   -1.031000E+01   -1.026234E+01
   2.000000E-09    1.000000E+00    1.447000E+00    1.080000E+02    1.398000E+00   -1.253000E+00   -1.000000E+01    3.118000E+00   -1.000000E+01   -1.000000E+01    3.304000E+00    2.715000E+00    1.030000E+01    1.297000E+01    3.160000E+00    3.000000E+00    1.700000E+01    2.822000E+00    2.419000E+00    2.890000E+00    1.586000E+00    6.690000E-02    8.974000E-04   -1.014000E+01    2.000000E+00    1.000000E+00    1.400000E+03    9.800000E+01    1.903000E+00   -1.000000E+00    3.532284E-02   -9.796000E+00   -9.782784E+00
   6.600000E-10    2.000000E+00    1.279000E+00    9.300000E+01    1.398000E+00   -1.000000E+01   -1.000000E+01   -1.000000E+01   -1.000000E+01   -1.000000E+01   -1.000000E+01   -1.000000E+01    1.250000E+01    7.640000E+00    1.910000E+00    4.000000E+00    2.800000E+01    2.586000E+00    7.315000E-01    3.450000E+00    1.690000E+00    5.484000E-01    8.974000E-04   -1.452000E+01    2.000000E+00    2.000000E+00    1.600000E+03    4.750000E+01   -1.000000E+01    2.000000E+00    9.876415E-01   -1.055000E+01   -1.057352E+01
   2.000000E-09    1.000000E+00    1.447000E+00    1.300000E+01    1.380000E+00   -6.990000E-01    2.228000E+00    3.538000E+00    2.462000E+00    3.754000E+00    1.279000E+00    2.983000E+00    7.900000E+00    1.297000E+01    3.160000E+00    3.000000E+00    1.700000E+01    2.822000E+00    2.427000E+00    2.890000E+00    6.668000E-01    6.544000E-02    9.199000E-04   -9.866000E+00    4.000000E+00    4.000000E+00    2.600000E+03    0.000000E+00   -1.000000E+01   -1.000000E+00    3.013237E-01   -1.204000E+01   -1.196246E+01
   1.550000E-09    1.000000E+00    1.453000E+00    1.080000E+02    1.477000E+00   -1.000000E+01   -1.000000E+01   -1.000000E+01   -1.000000E+01   -1.000000E+01   -1.000000E+01   -1.000000E+01    6.196000E+00    5.139000E+00    9.300000E-01    3.000000E+00    1.100000E+01    1.777000E+00    1.161000E+00    2.890000E+00    1.580000E+00    1.848000E-01    7.959000E-04   -1.451000E+01    2.000000E+00    2.000000E+00    1.800000E+03    9.800000E+01   -1.000000E+01    1.000000E+00    1.332016E-01   -1.053000E+01   -1.051884E+01
   2.000000E-09    1.000000E+00    1.744000E+00    8.200000E+01    1.740000E+00   -5.918000E-01    1.146000E+00    3.279000E+00    3.328000E+00    3.785000E+00    1.831000E+00    3.016000E+00    7.500000E+00    1.045000E+01    2.660000E+00    5.000000E+00    5.300000E+01    3.375000E+00    2.629000E+00    3.850000E+00    1.170000E+00    1.085000E-01    4.852000E-04   -9.791000E+00    2.000000E+00    2.000000E+00    1.100000E+03    8.000000E+01   -1.000000E+01   -1.000000E+00    4.325020E-01   -9.674000E+00   -9.624854E+00
   8.050000E-10    2.000000E+00    1.580000E+00    7.870000E+01    1.398000E+00   -1.000000E+00   -1.000000E+01    3.362000E+00   -1.000000E+01   -1.000000E+01   -1.000000E+01   -1.000000E+01    7.844000E+00    5.695000E+00    9.500000E-01    5.000000E+00    3.800000E+01    2.491000E+00    8.596000E-01    3.850000E+00    1.316000E+00    4.621000E-01    8.974000E-04   -1.002000E+01    2.000000E+00    1.000000E+00    4.000000E+02    8.200000E+01   -1.000000E+01    2.000000E+00    1.209802E-01   -9.567000E+00   -9.533481E+00
   2.740000E-09    2.000000E+00    1.744000E+00    8.200000E+01    1.954000E+00   -5.834000E-01    9.156000E-01    3.281000E+00    3.328000E+00    3.810000E+00    1.833000E+00    3.016000E+00    7.730000E+00    5.695000E+00    9.500000E-01    5.000000E+00    3.800000E+01    2.491000E+00    2.402000E+00    3.850000E+00    1.170000E+00    1.583000E-02    3.270000E-04   -9.765000E+00    2.000000E+00    2.000000E+00    1.640000E+03    8.000000E+01    1.699000E+00    2.000000E+00    1.561826E-01   -9.738000E+00   -9.811052E+00
   1.550000E-09    4.000000E+00    1.408000E+00    7.200000E+01    1.602000E+00   -1.301000E+00   -1.000000E+01    3.061000E+00   -1.000000E+01   -1.000000E+01   -1.000000E+01   -1.000000E+01    5.000000E+00    9.752000E+00    2.550000E+00    4.000000E+00    3.400000E+01    2.921000E+00    1.848000E+00    3.450000E+00    1.449000E+00    1.989000E-01    6.389000E-04   -1.016000E+01    2.000000E+00    1.000000E+00    1.600000E+03    7.500000E+01   -1.000000E+01   -1.000000E+00    3.092449E-02   -1.077000E+01   -1.047847E+01
   2.000000E-09    1.000000E+00    1.447000E+00    1.080000E+02    1.398000E+00   -1.000000E+00   -1.000000E+01    3.362000E+00   -1.000000E+01    3.550000E+00   -1.000000E+01   -1.000000E+01    6.300000E+00    1.045000E+01    2.660000E+00    5.000000E+00    5.300000E+01    3.375000E+00    2.893000E+00    3.850000E+00    1.586000E+00    6.690000E-02    8.974000E-04   -1.002000E+01    2.000000E+00    1.000000E+00    1.600000E+03    1.000000E+02   -1.000000E+01   -1.000000E+00    2.473800E-01   -1.160000E+01   -1.115988E+01
   2.000000E-09    1.000000E+00    1.279000E+00    9.300000E+01    1.398000E+00   -1.398000E+00   -1.000000E+01   -1.000000E+01    2.904000E+00   -1.000000E+01   -1.000000E+01   -1.000000E+01    1.250000E+01    1.045000E+01    2.660000E+00    5.000000E+00    5.300000E+01    3.375000E+00    2.893000E+00    3.850000E+00    1.690000E+00    6.690000E-02    8.974000E-04   -1.022000E+01    2.000000E+00    1.000000E+00    1.800000E+03    4.750000E+01   -1.000000E+01   -1.000000E+00    3.818137E-01   -1.121000E+01   -1.120935E+01
   7.420000E-10    1.000000E+00    1.453000E+00    1.080000E+02    6.990000E-01   -1.000000E+01   -1.000000E+01   -1.000000E+01   -1.000000E+01   -1.000000E+01   -1.000000E+01   -1.000000E+01    5.867000E+00    5.139000E+00    9.300000E-01    3.000000E+00    1.100000E+01    1.777000E+00    6.056000E-01    2.890000E+00    1.580000E+00    4.674000E-01    1.536000E-03   -1.453000E+01    2.000000E+00    2.000000E+00    1.000000E+03    9.800000E+01   -1.000000E+01    1.000000E+00    2.378617E-01   -1.011000E+01   -1.012387E+01
   1.300000E-09    1.000000E+00   -1.549000E-01    1.000000E+01    1.398000E+00   -5.157000E-01    1.000000E+00    3.380000E+00    3.405000E+00    3.922000E+00    1.230000E+00    2.230000E+00    8.770000E+00    5.139000E+00    9.300000E-01    3.000000E+00    1.100000E+01    1.777000E+00    9.899000E-01    2.890000E+00    2.155000E+00    2.540000E-01    8.974000E-04   -9.774000E+00    1.400000E+01    1.000000E+00    2.610000E+03    0.000000E+00   -1.000000E+01    1.000000E+00    1.912965E-02   -1.092000E+01   -1.128079E+01
   7.420000E-10    1.000000E+00    1.453000E+00    1.080000E+02    6.990000E-01   -1.000000E+01   -1.000000E+01   -1.000000E+01   -1.000000E+01   -1.000000E+01   -1.000000E+01   -1.000000E+01    5.871000E+00    5.139000E+00    9.300000E-01    3.000000E+00    1.100000E+01    1.777000E+00    6.056000E-01    2.890000E+00    1.580000E+00    4.674000E-01    1.536000E-03   -1.453000E+01    2.000000E+00    2.000000E+00    1.000000E+03    9.800000E+01   -1.000000E+01    1.000000E+00    2.378617E-01   -1.011000E+01   -1.012387E+01
   1.690000E-09    2.000000E+00    1.744000E+00    8.200000E+01    1.778000E+00   -5.834000E-01    9.156000E-01    3.281000E+00    3.328000E+00    3.810000E+00    1.833000E+00    3.016000E+00    8.033000E+00    5.695000E+00    9.500000E-01    5.000000E+00    3.800000E+01    2.491000E+00    1.615000E+00    3.850000E+00    1.170000E+00    1.882000E-01    4.494000E-04   -9.784000E+00    2.000000E+00    2.000000E+00    1.630000E+03    8.000000E+01    1.699000E+00    2.000000E+00    1.425182E-02   -9.939000E+00   -1.014037E+01
   6.240000E-10    3.000000E+00    1.279000E+00    9.300000E+01    1.398000E+00   -1.000000E+01   -1.000000E+01   -1.000000E+01   -1.000000E+01   -1.000000E+01   -1.000000E+01   -1.000000E+01    1.250000E+01    5.974000E+00    1.300000E+00    7.000000E+00    9.500000E+01    3.307000E+00    8.845000E-01    4.990000E+00    1.690000E+00    5.727000E-01    8.974000E-04   -1.452000E+01    2.000000E+00    2.000000E+00    1.800000E+03    4.750000E+01   -1.000000E+01    3.000000E+00    2.858641E+01   -1.066000E+01   -1.070759E+01
   2.032000E-10    1.000000E+00    1.833000E+00    7.100000E+01    1.462000E+00   -2.301000E+00   -1.000000E+01    2.061000E+00   -1.000000E+01    2.249000E+00   -1.000000E+01   -1.000000E+01    7.000000E+00    1.297000E+01    3.160000E+00    3.000000E+00    1.700000E+01    2.822000E+00    2.425000E-01    2.890000E+00    1.019000E+00    1.066000E+00    8.149000E-04   -1.066000E+01    6.000000E+00    7.000000E+00    1.500000E+03    0.000000E+00   -1.000000E+01   -1.000000E+00    8.171690E+00   -1.074000E+01   -9.847042E+00
   2.000000E-09    1.000000E+00    1.602000E+00    1.400000E+01    1.362000E+00   -9.586000E-01    9.345000E-01    3.403000E+00    5.328000E-01    3.575000E+00    2.387000E+00    1.904000E+00    8.200000E+00    1.045000E+01    2.660000E+00    5.000000E+00    5.300000E+01    3.375000E+00    2.913000E+00    3.850000E+00    5.441000E-01    6.398000E-02    9.432000E-04   -9.997000E+00    5.000000E+00    1.000000E+00    2.450000E+03    0.000000E+00   -1.000000E+01   -1.000000E+00    2.709965E-01   -1.182000E+01   -1.178674E+01
   2.950000E-09    1.000000E+00    1.453000E+00    1.080000E+02    1.602000E+00   -1.000000E+01   -1.000000E+01   -1.000000E+01   -1.000000E+01   -1.000000E+01   -1.000000E+01   -1.000000E+01    6.075000E+00    1.297000E+01    3.160000E+00    3.000000E+00    1.700000E+01    2.822000E+00    3.397000E+00    2.890000E+00    1.580000E+00   -8.057000E-02    6.389000E-04   -1.451000E+01    2.000000E+00    2.000000E+00    1.400000E+03    9.800000E+01   -1.000000E+01   -1.000000E+00    5.125487E-01   -9.830000E+00   -9.754666E+00
   4.300000E-10    4.000000E+00    1.279000E+00    9.300000E+01    1.398000E+00   -2.190000E-01   -1.000000E+01    4.105000E+00    2.983000E+00    2.697000E+00    2.086000E+00   -1.000000E+01    1.250000E+01    6.194000E+00    1.380000E+00    7.000000E+00    9.200000E+01    3.368000E+00    6.207000E-01    4.990000E+00    1.690000E+00    7.345000E-01    8.974000E-04   -9.626000E+00    2.000000E+00    2.000000E+00    1.800000E+03    4.750000E+01   -1.000000E+01    0.000000E+00    4.805253E+00   -1.082000E+01   -1.075717E+01
   6.600000E-10    2.000000E+00    1.279000E+00    9.300000E+01    1.398000E+00   -1.000000E+01   -1.000000E+01   -1.000000E+01   -1.000000E+01   -1.000000E+01   -1.000000E+01   -1.000000E+01    1.250000E+01    7.640000E+00    1.910000E+00    4.000000E+00    2.800000E+01    2.586000E+00    7.315000E-01    3.450000E+00    1.690000E+00    5.484000E-01    8.974000E-04   -1.452000E+01    2.000000E+00    2.000000E+00    1.200000E+03    4.750000E+01   -1.000000E+01    2.000000E+00    9.876415E-01   -1.008000E+01   -1.006078E+01
   9.000000E-10    4.000000E+00    1.279000E+00    9.300000E+01    1.398000E+00   -1.000000E+01   -1.000000E+01   -1.000000E+01   -1.000000E+01   -1.000000E+01   -1.000000E+01   -1.000000E+01    1.300000E+01    7.344000E+00    1.960000E+00    5.000000E+00    5.000000E+01    2.829000E+00    1.091000E+00    3.850000E+00    1.690000E+00    4.137000E-01    8.974000E-04   -1.452000E+01    2.000000E+00    2.000000E+00    1.000000E+03    4.750000E+01   -1.000000E+01    4.000000E+00    1.950346E+00   -9.804000E+00   -9.704955E+00
   1.300000E-11    4.000000E+00    1.580000E+00    7.200000E+01    1.398000E+00   -3.010000E-01   -1.000000E+01    4.061000E+00   -1.000000E+01    4.249000E+00   -1.000000E+01   -1.000000E+01    4.000000E+00    9.752000E+00    2.550000E+00    4.000000E+00    3.400000E+01    2.921000E+00    1.628000E-02    3.450000E+00    1.278000E+00    2.254000E+00    8.974000E-04   -9.667000E+00    2.000000E+00    1.000000E+00    1.600000E+03    8.200000E+01   -1.000000E+01   -1.000000E+00    6.195872E-02   -1.102000E+01   -1.122375E+01
   1.350000E-09    1.000000E+00    1.453000E+00    1.080000E+02    1.398000E+00   -1.000000E+01   -1.000000E+01   -1.000000E+01   -1.000000E+01   -1.000000E+01   -1.000000E+01   -1.000000E+01    7.561000E+00    5.139000E+00    9.300000E-01    3.000000E+00    1.100000E+01    1.777000E+00    1.028000E+00    2.890000E+00    1.580000E+00    2.376000E-01    8.974000E-04   -1.452000E+01    2.000000E+00    2.000000E+00    1.000000E+03    9.800000E+01   -1.000000E+01    1.000000E+00    1.649241E-01   -9.854000E+00   -9.818607E+00
   2.000000E-09    1.000000E+00    1.279000E+00    9.300000E+01    1.362000E+00   -2.000000E+00   -1.000000E+01    2.362000E+00   -1.000000E+01    2.550000E+00   -1.000000E+01   -1.000000E+01    1.250000E+01    1.297000E+01    3.160000E+00    3.000000E+00    1.700000E+01    2.822000E+00    2.435000E+00    2.890000E+00    1.690000E+00    6.398000E-02    9.432000E-04   -1.052000E+01    2.000000E+00    1.000000E+00    1.600000E+03    4.800000E+01   -1.000000E+01   -1.000000E+00    3.730663E-02   -1.139000E+01   -1.135081E+01
   5.000000E-10    3.000000E+00    1.408000E+00    7.200000E+01    1.301000E+00   -4.765000E-01    1.717000E+00    3.897000E+00   -1.000000E+01    3.706000E+00    2.547000E+00    3.301000E+00    8.600000E+00    5.539000E+00    1.120000E+00    6.000000E+00    5.800000E+01    2.782000E+00    6.065000E-01    4.360000E+00    1.449000E+00    6.616000E-01    1.018000E-03   -9.758000E+00    2.000000E+00    1.000000E+00    1.300000E+03    7.500000E+01    1.477000E+00   -1.000000E+00    3.100110E-01   -1.032000E+01   -1.055762E+01
   2.000000E-09    1.000000E+00    6.021000E-01    6.700000E+01    1.398000E+00   -3.523000E+00   -1.000000E+01   -1.000000E+01   -1.000000E+01    8.506000E-01   -1.000000E+01   -1.000000E+01    6.200000E+00    1.045000E+01    2.660000E+00    5.000000E+00    5.300000E+01    3.375000E+00    2.893000E+00    3.850000E+00    2.224000E+00    6.690000E-02    8.974000E-04   -1.128000E+01    1.300000E+01    1.000000E+00    2.640000E+03    0.000000E+00   -1.000000E+01   -1.000000E+00    4.807876E-01   -1.220000E+01   -1.211271E+01
   6.240000E-10    3.000000E+00    1.580000E+00    7.900000E+01    1.398000E+00   -3.000000E+00   -1.000000E+01   -1.000000E+01   -1.000000E+01   -1.000000E+01    2.086000E+00   -1.000000E+01    8.200000E+00    5.974000E+00    1.300000E+00    7.000000E+00    9.500000E+01    3.307000E+00    8.845000E-01    4.990000E+00    1.318000E+00    5.727000E-01    8.974000E-04   -1.102000E+01    2.000000E+00    2.000000E+00    2.100000E+03    8.000000E+01   -1.000000E+01    3.000000E+00    1.475533E+01   -1.113000E+01   -1.073776E+01
   1.640000E-09    2.000000E+00    1.279000E+00    9.300000E+01    1.352000E+00   -1.807000E+00   -1.000000E+01    2.378000E+00   -1.000000E+01   -1.000000E+01   -1.000000E+01    2.699000E+00    7.250000E+00    9.752000E+00    2.550000E+00    4.000000E+00    3.400000E+01    2.921000E+00    2.071000E+00    3.450000E+00    1.690000E+00    1.494000E-01    9.552000E-04   -1.042000E+01    2.000000E+00    2.000000E+00    1.600000E+03    5.000000E+01   -1.000000E+01   -1.000000E+00    1.266705E-02   -1.004000E+01   -1.008544E+01
   2.360000E-09    1.000000E+00    1.279000E+00    9.300000E+01    1.477000E+00   -4.260000E-01   -1.000000E+01    3.880000E+00   -1.000000E+01   -1.000000E+01    4.263000E+00    3.460000E+00    9.000000E+00    3.894000E+00    7.900000E-01    6.000000E+00    5.500000E+01    2.333000E+00    2.321000E+00    4.360000E+00    1.690000E+00    2.240000E-03    7.959000E-04   -9.726000E+00    2.000000E+00    1.000000E+00    1.600000E+03    5.000000E+01    1.477000E+00    1.000000E+00    2.347622E-01   -9.745000E+00   -9.749051E+00
   2.000000E-09    1.000000E+00    1.744000E+00    8.200000E+01    1.380000E+00   -5.918000E-01    1.146000E+00    3.279000E+00    3.328000E+00    3.785000E+00    1.831000E+00    3.016000E+00    7.500000E+00    1.045000E+01    2.660000E+00    5.000000E+00    5.300000E+01    3.375000E+00    2.903000E+00    3.850000E+00    1.170000E+00    6.544000E-02    9.199000E-04   -9.813000E+00    2.000000E+00    2.000000E+00    8.800000E+02    8.000000E+01   -1.000000E+01   -1.000000E+00    2.755688E-01   -9.507000E+00   -9.546952E+00
   8.100000E-10    2.000000E+00   -1.549000E-01    1.000000E+01    1.342000E+00   -5.157000E-01    1.000000E+00    3.380000E+00    3.405000E+00    3.922000E+00    1.230000E+00    2.230000E+00    8.700000E+00    9.752000E+00    2.550000E+00    4.000000E+00    3.400000E+01    2.921000E+00    1.025000E+00    3.450000E+00    2.155000E+00    4.551000E-01    9.673000E-04   -9.776000E+00    1.400000E+01    1.000000E+00    2.730000E+03    0.000000E+00   -1.000000E+01   -1.000000E+00    5.175673E-03   -1.172000E+01   -1.164234E+01
   5.740000E-09    1.000000E+00    1.744000E+00    8.200000E+01    1.954000E+00   -5.834000E-01    9.156000E-01    3.281000E+00    3.328000E+00    3.810000E+00    1.833000E+00    3.016000E+00    8.439000E+00    1.297000E+01    3.160000E+00    3.000000E+00    1.700000E+01    2.822000E+00    5.700000E+00    2.890000E+00    1.170000E+00   -3.053000E-01    3.270000E-04   -9.765000E+00    2.000000E+00    2.000000E+00    1.630000E+03    8.000000E+01    1.699000E+00   -1.000000E+00    2.020312E-01   -9.407000E+00   -9.465263E+00
   2.000000E-09    1.000000E+00   -1.549000E-01    1.000000E+01    1.398000E+00   -5.157000E-01    1.000000E+00    3.380000E+00    3.405000E+00    3.922000E+00    1.230000E+00    2.230000E+00    8.770000E+00    1.297000E+01    3.160000E+00    3.000000E+00    1.700000E+01    2.822000E+00    2.419000E+00    2.890000E+00    2.155000E+00    6.690000E-02    8.974000E-04   -9.774000E+00    1.400000E+01    1.000000E+00    2.610000E+03    0.000000E+00   -1.000000E+01   -1.000000E+00    8.379554E-02   -1.108000E+01   -1.102724E+01
   4.300000E-10    4.000000E+00    1.279000E+00    9.300000E+01    1.398000E+00   -2.190000E-01   -1.000000E+01    4.105000E+00    2.983000E+00    2.697000E+00    2.086000E+00   -1.000000E+01    1.250000E+01    6.194000E+00    1.380000E+00    7.000000E+00    9.200000E+01    3.368000E+00    6.207000E-01    4.990000E+00    1.690000E+00    7.345000E-01    8.974000E-04   -9.626000E+00    2.000000E+00    2.000000E+00    1.800000E+03    4.750000E+01   -1.000000E+01    0.000000E+00    4.805253E+00   -1.082000E+01   -1.075717E+01
   2.220000E-09    0.000000E+00    1.748000E+00    1.110000E+02    1.602000E+00   -7.620000E-01    1.567000E+00    3.375000E+00    2.707000E+00    3.224000E+00    1.850000E+00    3.685000E+00    7.570000E+00    1.360000E+01    2.200000E+00    1.000000E+00    1.000000E+00    8.499000E-01    7.700000E-01    8.500000E-01    1.297000E+00    4.289000E-02    6.389000E-04   -9.887000E+00    2.000000E+00    1.000000E+00    1.200000E+03    9.200000E+01   -1.000000E+01    0.000000E+00    7.163780E-02   -9.489000E+00   -9.625178E+00
   1.000000E-10    6.000000E+00    1.279000E+00    9.300000E+01    1.398000E+00   -1.000000E+01   -1.000000E+01   -1.000000E+01   -1.000000E+01   -1.000000E+01   -1.000000E+01   -1.000000E+01    9.000000E+00    6.194000E+00    1.380000E+00    7.000000E+00    9.200000E+01    3.368000E+00    1.443000E-01    4.990000E+00    1.690000E+00    1.368000E+00    8.974000E-04   -1.452000E+01    2.000000E+00    2.000000E+00    1.000000E+03    4.750000E+01   -1.000000E+01   -1.000000E+00    2.314472E+00   -1.076000E+01   -1.059753E+01
   4.530000E-09    1.000000E+00    1.279000E+00    9.300000E+01    1.778000E+00   -2.757000E-01    5.922000E-01    4.024000E+00    2.558000E+00    4.302000E+00   -1.000000E+01    4.065000E-01    8.300000E+00    3.894000E+00    7.900000E-01    6.000000E+00    5.500000E+01    2.333000E+00    4.054000E+00    4.360000E+00    1.690000E+00   -2.400000E-01    4.494000E-04   -9.630000E+00    2.000000E+00    1.000000E+00    1.600000E+03    4.750000E+01    1.477000E+00    1.000000E+00    2.762506E-01   -9.143000E+00   -9.152683E+00
   2.140000E-09    0.000000E+00    4.771000E-01    2.000000E+00    1.398000E+00   -1.000000E+01   -1.000000E+01   -1.000000E+01   -1.000000E+01   -1.000000E+01   -1.000000E+01   -1.000000E+01    6.000000E+00    1.360000E+01    2.200000E+00    1.000000E+00    1.000000E+00    8.499000E-01    7.796000E-01    8.500000E-01    8.239000E-01    3.752000E-02    8.974000E-04   -1.452000E+01    8.000000E+00    1.000000E+00    2.980000E+03    0.000000E+00   -1.000000E+01    0.000000E+00    4.481510E-02   -1.089000E+01   -1.141469E+01
   2.000000E-09    1.000000E+00    1.580000E+00    7.900000E+01    1.398000E+00   -2.000000E+00   -1.000000E+01    2.362000E+00   -1.000000E+01   -1.000000E+01   -1.000000E+01   -1.000000E+01    8.200000E+00    1.045000E+01    2.660000E+00    5.000000E+00    5.300000E+01    3.375000E+00    2.893000E+00    3.850000E+00    1.318000E+00    6.690000E-02    8.974000E-04   -1.052000E+01    2.000000E+00    1.000000E+00    8.000000E+02    8.000000E+01   -1.000000E+01   -1.000000E+00    1.403029E+00   -9.449000E+00   -9.316012E+00
   2.140000E-09    0.000000E+00   -1.549000E-01    1.000000E+01    1.362000E+00   -5.157000E-01    1.000000E+00    3.380000E+00    3.405000E+00    3.922000E+00    1.230000E+00    2.230000E+00    8.770000E+00    1.360000E+01    2.200000E+00    1.000000E+00    1.000000E+00    8.499000E-01    7.849000E-01    8.500000E-01    2.155000E+00    3.459000E-02    9.432000E-04   -9.776000E+00    1.400000E+01    1.000000E+00    2.610000E+03    0.000000E+00   -1.000000E+01    0.000000E+00    3.241104E-03   -1.077000E+01   -1.087824E+01
   2.570000E-09    1.000000E+00    1.453000E+00    1.080000E+02    1.699000E+00   -1.000000E+01   -1.000000E+01   -1.000000E+01   -1.000000E+01   -1.000000E+01   -1.000000E+01   -1.000000E+01    6.859000E+00    5.139000E+00    9.300000E-01    3.000000E+00    1.100000E+01    1.777000E+00    1.806000E+00    2.890000E+00    1.580000E+00   -7.034000E-03    5.279000E-04   -1.450000E+01    2.000000E+00    2.000000E+00    1.200000E+03    9.800000E+01   -1.000000E+01    1.000000E+00    1.374394E-01   -9.721000E+00   -9.711108E+00
   2.000000E-09    4.000000E+00    1.279000E+00    9.300000E+01    1.398000E+00   -2.815000E-01   -1.000000E+01    4.080000E+00   -1.000000E+01    4.259000E+00   -1.000000E+01   -1.000000E+01    7.000000E+00    7.280000E+00    1.900000E+00    5.000000E+00    4.300000E+01    2.817000E+00    2.415000E+00    3.850000E+00    1.690000E+00    6.690000E-02    8.974000E-04   -9.657000E+00    2.000000E+00    2.000000E+00    1.800000E+03    4.750000E+01   -1.000000E+01    0.000000E+00    2.984004E+00   -1.015000E+01   -1.027332E+01
   1.300000E-09    2.000000E+00    2.155000E+00    8.300000E+01    1.398000E+00   -1.549000E-01   -1.000000E+01    4.207000E+00   -1.000000E+01   -1.000000E+01   -1.000000E+01   -1.000000E+01    7.366000E+00    5.139000E+00    9.300000E-01    3.000000E+00    1.100000E+01    1.777000E+00    9.899000E-01    2.890000E+00    7.637000E-01    2.540000E-01    8.974000E-04   -9.594000E+00    3.000000E+00    1.000000E+00    1.950000E+03    1.000000E+02   -1.000000E+01    1.000000E+00    6.546646E-02   -1.028000E+01   -1.027891E+01
   2.100000E-09    1.000000E+00    1.453000E+00    1.080000E+02    1.602000E+00   -2.000000E+00   -1.000000E+01    2.362000E+00   -1.000000E+01    2.550000E+00   -1.000000E+01   -1.000000E+01    7.784000E+00    3.894000E+00    7.900000E-01    6.000000E+00    5.500000E+01    2.333000E+00    1.999000E+00    4.360000E+00    1.580000E+00    6.703000E-02    6.389000E-04   -1.051000E+01    2.000000E+00    2.000000E+00    9.100000E+02    9.999000E+01   -1.000000E+01    1.000000E+00    1.276468E+00   -9.580000E+00   -9.566358E+00
   8.500000E-10    2.000000E+00    6.021000E-01    6.700000E+01    1.398000E+00   -3.523000E+00   -1.000000E+01   -1.000000E+01   -1.000000E+01    8.506000E-01   -1.000000E+01   -1.000000E+01    6.200000E+00    5.212000E+00    8.900000E-01    6.000000E+00    5.600000E+01    2.699000E+00    9.833000E-01    4.360000E+00    2.224000E+00    4.385000E-01    8.974000E-04   -1.128000E+01    1.300000E+01    1.000000E+00    2.640000E+03    0.000000E+00   -1.000000E+01    2.000000E+00    7.635399E-02   -1.218000E+01   -1.230697E+01
   7.420000E-10    1.000000E+00    1.453000E+00    1.080000E+02    6.990000E-01   -1.000000E+01   -1.000000E+01   -1.000000E+01   -1.000000E+01   -1.000000E+01   -1.000000E+01   -1.000000E+01    6.158000E+00    5.139000E+00    9.300000E-01    3.000000E+00    1.100000E+01    1.777000E+00    6.056000E-01    2.890000E+00    1.580000E+00    4.674000E-01    1.536000E-03   -1.453000E+01    2.000000E+00    2.000000E+00    1.000000E+03    9.800000E+01   -1.000000E+01    1.000000E+00    1.581046E-01   -1.011000E+01   -1.012226E+01
   1.200000E-09    5.000000E+00    1.580000E+00    7.900000E+01    1.398000E+00   -3.000000E+00   -1.000000E+01   -1.000000E+01   -1.000000E+01   -1.000000E+01    2.086000E+00   -1.000000E+01    8.200000E+00    6.266000E+00    1.360000E+00    7.000000E+00    9.300000E+01    3.387000E+00    1.742000E+00    4.990000E+00    1.318000E+00    2.887000E-01    8.974000E-04   -1.102000E+01    2.000000E+00    2.000000E+00    2.000000E+03    8.000000E+01   -1.000000E+01    1.000000E+00    6.395189E-02   -1.073000E+01   -1.060700E+01
   2.090000E-09    1.000000E+00    1.453000E+00    1.080000E+02    1.398000E+00   -1.000000E+00   -1.000000E+01    3.362000E+00   -1.000000E+01    3.550000E+00   -1.000000E+01   -1.000000E+01    7.287000E+00    1.297000E+01    3.160000E+00    3.000000E+00    1.700000E+01    2.822000E+00    2.528000E+00    2.890000E+00    1.580000E+00    4.778000E-02    8.974000E-04   -1.002000E+01    2.000000E+00    2.000000E+00    1.000000E+03    9.800000E+01   -1.000000E+01   -1.000000E+00    7.091138E-01   -9.648000E+00   -9.656514E+00
   7.900000E-10    2.000000E+00    1.491000E+00    8.300000E+01    1.301000E+00   -2.839000E+00    5.441000E-01    9.191000E-01    1.114000E+00    6.990000E-01   -1.000000E+01    9.345000E-01    7.000000E+00    5.695000E+00    9.500000E-01    5.000000E+00    3.800000E+01    2.491000E+00    8.580000E-01    3.850000E+00    1.428000E+00    4.630000E-01    1.018000E-03   -1.094000E+01    2.000000E+00    1.000000E+00    1.000000E+03    8.000000E+01   -1.000000E+01    2.000000E+00    3.515735E-01   -1.074000E+01   -1.040628E+01
   7.900000E-10    2.000000E+00    1.580000E+00    7.900000E+01    1.398000E+00   -1.000000E+00   -1.000000E+01    3.362000E+00   -1.000000E+01    3.550000E+00   -1.000000E+01   -1.000000E+01    1.000000E+01    5.695000E+00    9.500000E-01    5.000000E+00    3.800000E+01    2.491000E+00    8.436000E-01    3.850000E+00    1.318000E+00    4.703000E-01    8.974000E-04   -1.002000E+01    2.000000E+00    3.000000E+00    1.000000E+03    8.200000E+01   -1.000000E+01    2.000000E+00    3.623742E-01   -8.854000E+00   -9.058202E+00
   2.000000E-09    1.000000E+00    1.491000E+00    8.300000E+01    1.362000E+00   -2.839000E+00    5.441000E-01    9.191000E-01    1.114000E+00    6.990000E-01   -1.000000E+01    9.345000E-01    7.000000E+00    1.045000E+01    2.660000E+00    5.000000E+00    5.300000E+01    3.375000E+00    2.913000E+00    3.850000E+00    1.428000E+00    6.398000E-02    9.432000E-04   -1.094000E+01    2.000000E+00    1.000000E+00    1.400000E+03    8.000000E+01    1.699000E+00   -1.000000E+00    1.116840E+00   -1.130000E+01   -1.099663E+01
   8.100000E-10    2.000000E+00    1.279000E+00    9.300000E+01    1.352000E+00   -1.000000E+01   -1.000000E+01   -1.000000E+01   -1.000000E+01   -1.000000E+01   -1.000000E+01   -1.000000E+01    7.250000E+00    9.752000E+00    2.550000E+00    4.000000E+00    3.400000E+01    2.921000E+00    1.023000E+00    3.450000E+00    1.690000E+00    4.558000E-01    9.552000E-04   -1.452000E+01    2.000000E+00    2.000000E+00    1.600000E+03    4.750000E+01    1.477000E+00   -1.000000E+00    1.410170E-02   -1.020000E+01   -1.020168E+01
   2.090000E-09    1.000000E+00   -1.549000E-01    1.000000E+01    1.398000E+00   -5.157000E-01    1.000000E+00    3.380000E+00    3.405000E+00    3.922000E+00    1.230000E+00    2.230000E+00    8.700000E+00    3.894000E+00    7.900000E-01    6.000000E+00    5.500000E+01    2.333000E+00    2.090000E+00    4.360000E+00    2.155000E+00    4.778000E-02    8.974000E-04   -9.774000E+00    1.400000E+01    1.000000E+00    2.730000E+03    0.000000E+00   -1.000000E+01    1.000000E+00    1.003262E-02   -1.160000E+01   -1.122406E+01
   7.900000E-10    2.000000E+00    1.580000E+00    7.900000E+01    1.398000E+00   -1.000000E+00   -1.000000E+01    3.362000E+00   -1.000000E+01    3.550000E+00   -1.000000E+01   -1.000000E+01    5.000000E+00    5.695000E+00    9.500000E-01    5.000000E+00    3.800000E+01    2.491000E+00    8.436000E-01    3.850000E+00    1.318000E+00    4.703000E-01    8.974000E-04   -1.002000E+01    2.000000E+00    3.000000E+00    1.000000E+03    8.200000E+01   -1.000000E+01    2.000000E+00    1.320255E-01   -8.886000E+00   -8.933541E+00
   2.000000E-09    1.000000E+00    2.477000E+00    5.000000E+01    1.380000E+00   -6.108000E-01    1.176000E+00    3.262000E+00    3.292000E+00    3.770000E+00    1.447000E+00    3.051000E+00    7.200000E+00    1.045000E+01    2.660000E+00    5.000000E+00    5.300000E+01    3.375000E+00    2.903000E+00    3.850000E+00    2.218000E-01    6.544000E-02    9.199000E-04   -9.822000E+00    2.600000E+01    1.000000E+00    1.380000E+03    3.500000E+01   -1.000000E+01   -1.000000E+00    3.228880E-01   -1.074000E+01   -1.087796E+01
   1.130000E-09    6.000000E+00    1.780000E+00    7.600000E+01    1.301000E+00   -3.010000E-01   -1.000000E+01    4.061000E+00   -1.000000E+01    4.249000E+00   -1.000000E+01   -1.000000E+01    7.500000E+00    6.767000E+00    1.660000E+00    4.000000E+00    2.400000E+01    2.434000E+00    1.199000E+00    3.450000E+00    1.100000E+00    3.075000E-01    1.018000E-03   -9.670000E+00    2.000000E+00    1.000000E+00    1.800000E+03    4.600000E+01   -1.000000E+01   -1.000000E+00    1.104771E-01   -1.107000E+01   -1.086121E+01
   2.140000E-09    0.000000E+00    1.580000E+00    7.900000E+01    1.398000E+00   -1.365000E+00    1.990000E+00    2.225000E+00    2.538000E+00    3.094000E+00   -1.000000E+01    2.238000E+00    7.800000E+00    1.360000E+01    2.200000E+00    1.000000E+00    1.000000E+00    8.499000E-01    7.796000E-01    8.500000E-01    1.318000E+00    3.752000E-02    8.974000E-04   -1.020000E+01    2.000000E+00    1.000000E+00    2.000000E+03    8.200000E+01   -1.000000E+01    0.000000E+00    1.538915E-02   -1.038000E+01   -1.042138E+01
   2.570000E-09    1.000000E+00    1.453000E+00    1.080000E+02    1.699000E+00   -1.000000E+01   -1.000000E+01   -1.000000E+01   -1.000000E+01   -1.000000E+01   -1.000000E+01   -1.000000E+01    7.877000E+00    5.139000E+00    9.300000E-01    3.000000E+00    1.100000E+01    1.777000E+00    1.806000E+00    2.890000E+00    1.580000E+00   -7.034000E-03    5.279000E-04   -1.450000E+01    2.000000E+00    2.000000E+00    7.000000E+02    9.800000E+01   -1.000000E+01    1.000000E+00    4.888374E-02   -9.324000E+00   -9.378985E+00
   2.000000E-09    1.000000E+00    1.580000E+00    7.900000E+01    1.380000E+00   -1.470000E+00    2.204000E+00    2.529000E+00    2.672000E+00    1.623000E+00   -1.000000E+01    1.362000E+00    1.160000E+01    1.297000E+01    3.160000E+00    3.000000E+00    1.700000E+01    2.822000E+00    2.427000E+00    2.890000E+00    1.318000E+00    6.544000E-02    9.199000E-04   -1.025000E+01    2.000000E+00    1.000000E+00    1.930000E+03    8.200000E+01    1.954000E+00   -1.000000E+00    4.243399E-02   -1.216000E+01   -1.215472E+01
   2.000000E-09    7.000000E+00    1.744000E+00    8.200000E+01    1.380000E+00   -5.918000E-01    1.146000E+00    3.279000E+00    3.330000E+00    3.785000E+00    1.831000E+00    3.016000E+00    7.500000E+00    7.280000E+00    1.900000E+00    5.000000E+00    4.300000E+01    2.817000E+00    2.423000E+00    3.850000E+00    1.170000E+00    6.544000E-02    9.199000E-04   -9.813000E+00    2.000000E+00    1.000000E+00    1.300000E+03    8.000000E+01   -1.000000E+01   -1.000000E+00    1.250384E-01   -9.836000E+00   -9.941841E+00
   1.550000E-09    1.000000E+00    1.453000E+00    1.080000E+02    1.477000E+00   -1.000000E+01   -1.000000E+01   -1.000000E+01   -1.000000E+01   -1.000000E+01   -1.000000E+01   -1.000000E+01    6.626000E+00    5.139000E+00    9.300000E-01    3.000000E+00    1.100000E+01    1.777000E+00    1.161000E+00    2.890000E+00    1.580000E+00    1.848000E-01    7.959000E-04   -1.451000E+01    2.000000E+00    2.000000E+00    1.600000E+03    9.800000E+01   -1.000000E+01    1.000000E+00    1.834861E-01   -1.029000E+01   -1.045045E+01
   2.032000E-10    1.000000E+00    1.748000E+00    1.110000E+02    1.903000E+00   -7.620000E-01    1.567000E+00    3.375000E+00    2.707000E+00    3.224000E+00    1.850000E+00    3.685000E+00    7.570000E+00    1.297000E+01    3.160000E+00    3.000000E+00    1.700000E+01    2.822000E+00    2.075000E-01    2.890000E+00    1.297000E+00    1.134000E+00    3.547000E-04   -9.860000E+00    2.000000E+00    1.000000E+00    1.200000E+03    9.200000E+01   -1.000000E+01   -1.000000E+00    2.545157E+00   -9.455000E+00   -9.698083E+00
   1.200000E-09    5.000000E+00    1.580000E+00    7.900000E+01    1.398000E+00   -3.768000E-01    1.041000E+00    3.454000E+00    3.583000E+00    4.045000E+00    1.041000E+00    2.714000E+00    8.500000E+00    6.266000E+00    1.360000E+00    7.000000E+00    9.300000E+01    3.387000E+00    1.742000E+00    4.990000E+00    1.318000E+00    2.887000E-01    8.974000E-04   -9.705000E+00    2.000000E+00    2.000000E+00    2.000000E+03    8.000000E+01   -1.000000E+01    1.000000E+00    8.833859E-02   -1.073000E+01   -1.051346E+01
   1.350000E-09    1.000000E+00    1.453000E+00    1.080000E+02    1.398000E+00   -1.000000E+01   -1.000000E+01   -1.000000E+01   -1.000000E+01   -1.000000E+01   -1.000000E+01   -1.000000E+01    6.884000E+00    5.139000E+00    9.300000E-01    3.000000E+00    1.100000E+01    1.777000E+00    1.028000E+00    2.890000E+00    1.580000E+00    2.376000E-01    8.974000E-04   -1.452000E+01    2.000000E+00    2.000000E+00    1.100000E+03    9.800000E+01   -1.000000E+01    1.000000E+00    1.967339E-01   -9.917000E+00   -9.877011E+00
   2.570000E-09    1.000000E+00    1.453000E+00    1.080000E+02    1.699000E+00   -1.000000E+01   -1.000000E+01   -1.000000E+01   -1.000000E+01   -1.000000E+01   -1.000000E+01   -1.000000E+01    7.562000E+00    5.139000E+00    9.300000E-01    3.000000E+00    1.100000E+01    1.777000E+00    1.806000E+00    2.890000E+00    1.580000E+00   -7.034000E-03    5.279000E-04   -1.450000E+01    2.000000E+00    2.000000E+00    1.000000E+03    9.800000E+01   -1.000000E+01    1.000000E+00    8.993727E-02   -9.573000E+00   -9.567598E+00
   1.550000E-09    4.000000E+00    6.232000E-01    6.700000E+01    1.491000E+00   -1.398000E+00    8.451000E-01    2.784000E+00    1.869000E+00    2.785000E+00   -1.000000E+01    2.785000E+00    7.900000E+00    9.752000E+00    2.550000E+00    4.000000E+00    3.400000E+01    2.921000E+00    1.903000E+00    3.450000E+00    2.203000E+00    1.863000E-01    7.777000E-04   -1.021000E+01    1.300000E+01    3.000000E+00    1.800000E+03    0.000000E+00   -1.000000E+01   -1.000000E+00    2.176541E-02   -9.921000E+00   -1.015783E+01
   7.420000E-10    1.000000E+00    1.453000E+00    1.080000E+02    6.990000E-01   -1.000000E+01   -1.000000E+01   -1.000000E+01   -1.000000E+01   -1.000000E+01   -1.000000E+01   -1.000000E+01    6.410000E+00    5.139000E+00    9.300000E-01    3.000000E+00    1.100000E+01    1.777000E+00    6.056000E-01    2.890000E+00    1.580000E+00    4.674000E-01    1.536000E-03   -1.453000E+01    2.000000E+00    2.000000E+00    8.000000E+02    9.800000E+01   -1.000000E+01    1.000000E+00    1.690621E-01   -9.939000E+00   -1.000290E+01
   2.010000E-09    1.000000E+00    1.453000E+00    1.080000E+02    1.602000E+00   -6.990000E-01   -1.000000E+01    3.663000E+00   -1.000000E+01    3.851000E+00   -1.000000E+01   -1.000000E+01    7.040000E+00    5.139000E+00    9.300000E-01    3.000000E+00    1.100000E+01    1.777000E+00    1.457000E+00    2.890000E+00    1.580000E+00    8.605000E-02    6.389000E-04   -9.855000E+00    2.000000E+00    2.000000E+00    1.000000E+03    9.800000E+01   -1.000000E+01    1.000000E+00    8.548004E-02   -9.666000E+00   -9.736263E+00
   1.300000E-09    1.000000E+00   -2.218000E-01    1.730000E+01    1.398000E+00   -1.292000E+00   -6.990000E-01    9.823000E-01    7.497000E-01    2.967000E-01    1.348000E+00    9.581000E-01    8.920000E+00    5.139000E+00    9.300000E-01    3.000000E+00    1.100000E+01    1.777000E+00    9.899000E-01    2.890000E+00    2.460000E+00    2.540000E-01    8.974000E-04   -1.016000E+01    2.700000E+01    1.000000E+00    2.430000E+03    0.000000E+00   -1.000000E+01    1.000000E+00    6.433016E-02   -1.072000E+01   -1.075387E+01
   1.010000E-09    1.000000E+00    1.453000E+00    1.080000E+02    1.176000E+00   -3.010000E-01   -1.000000E+01    4.061000E+00   -1.000000E+01    4.249000E+00   -1.000000E+01   -1.000000E+01    6.492000E+00    5.139000E+00    9.300000E-01    3.000000E+00    1.100000E+01    1.777000E+00    7.958000E-01    2.890000E+00    1.580000E+00    3.488000E-01    1.162000E-03   -9.674000E+00    2.000000E+00    2.000000E+00    1.000000E+03    9.800000E+01   -1.000000E+01    1.000000E+00    9.690139E-02   -9.963000E+00   -9.968732E+00
   8.480000E-10    2.000000E+00    4.771000E-01    2.000000E+00    1.398000E+00   -3.523000E+00   -1.000000E+01   -1.000000E+01    6.031000E-01    8.513000E-01   -1.000000E+01   -1.000000E+01    6.250000E+00    5.212000E+00    8.900000E-01    6.000000E+00    5.600000E+01    2.699000E+00    9.810000E-01    4.360000E+00    8.239000E-01    4.395000E-01    8.974000E-04   -1.128000E+01    8.000000E+00    1.000000E+00    2.640000E+03    0.000000E+00   -1.000000E+01    2.000000E+00    5.357916E-02   -1.218000E+01   -1.249349E+01
   5.000000E-10    3.000000E+00    1.436000E+00    5.870000E+01    1.176000E+00   -2.218000E-01   -1.000000E+01    4.140000E+00   -1.000000E+01    4.328000E+00   -1.000000E+01   -1.000000E+01    5.300000E+00    5.670000E+00    1.200000E+00    6.000000E+00    6.300000E+01    2.815000E+00    6.243000E-01    4.360000E+00    1.332000E+00    6.541000E-01    1.162000E-03   -9.635000E+00    2.000000E+00    1.000000E+00    1.400000E+03    7.800000E+01   -1.000000E+01   -1.000000E+00    2.903794E+00   -1.055000E+01   -1.048599E+01
   2.060000E-09    1.000000E+00   -1.549000E-01    1.000000E+01    1.362000E+00   -2.921000E+00   -8.239000E-01    1.200000E+00    7.168000E-01    7.536000E-01    1.409000E+00    7.388000E-01    9.500000E+00    3.894000E+00    7.900000E-01    6.000000E+00    5.500000E+01    2.333000E+00    2.074000E+00    4.360000E+00    2.155000E+00    5.114000E-02    9.432000E-04   -1.098000E+01    1.400000E+01    1.000000E+00    2.670000E+03    0.000000E+00   -1.000000E+01    1.000000E+00    5.217518E-02   -1.100000E+01   -1.114922E+01
   6.100000E-10    3.000000E+00    1.279000E+00    9.300000E+01    1.391000E+00   -2.222000E+00   -1.000000E+01   -1.000000E+01   -1.000000E+01    2.027000E+00   -1.000000E+01   -1.000000E+01    1.071000E+01    5.644000E+00    1.170000E+00    6.000000E+00    6.200000E+01    2.809000E+00    7.353000E-01    4.360000E+00    1.690000E+00    5.820000E-01    9.063000E-04   -1.063000E+01    2.000000E+00    2.000000E+00    1.400000E+03    4.750000E+01   -1.000000E+01   -1.000000E+00    3.830212E+00   -1.027000E+01   -1.034724E+01
   2.000000E-09    1.000000E+00   -2.218000E-01    1.730000E+01    1.398000E+00   -1.215000E+00   -6.990000E-01    9.823000E-01    7.497000E-01    2.967000E-01    1.348000E+00    9.581000E-01    8.920000E+00    1.297000E+01    3.160000E+00    3.000000E+00    1.700000E+01    2.822000E+00    2.419000E+00    2.890000E+00    2.460000E+00    6.690000E-02    8.974000E-04   -1.012000E+01    2.700000E+01    1.000000E+00    2.430000E+03    0.000000E+00   -1.000000E+01   -1.000000E+00    1.293745E-01   -1.074000E+01   -1.078025E+01
   2.000000E-09    1.000000E+00    6.128000E-01    1.090000E+01    1.398000E+00   -2.812000E+00    3.655000E-01    1.640000E+00    3.444000E-01    1.305000E+00   -1.000000E+01    8.932000E-01    9.050000E+00    1.045000E+01    2.660000E+00    5.000000E+00    5.300000E+01    3.375000E+00    2.893000E+00    3.850000E+00    1.425000E+00    6.690000E-02    8.974000E-04   -1.092000E+01    2.800000E+01    1.000000E+00    2.250000E+03    0.000000E+00   -1.000000E+01   -1.000000E+00    6.665272E-01   -1.085000E+01   -1.153874E+01
   2.090000E-09    1.000000E+00    1.580000E+00    7.870000E+01    1.398000E+00    0.000000E+00   -1.000000E+01    4.362000E+00   -1.000000E+01   -1.000000E+01   -1.000000E+01   -1.000000E+01    7.719000E+00    3.894000E+00    7.900000E-01    6.000000E+00    5.500000E+01    2.333000E+00    2.090000E+00    4.360000E+00    1.316000E+00    4.778000E-02    8.974000E-04   -9.516000E+00    2.000000E+00    1.000000E+00    1.600000E+03    8.200000E+01   -1.000000E+01    1.000000E+00    5.810019E-02   -1.008000E+01   -1.018727E+01
   1.010000E-09    1.000000E+00    1.453000E+00    1.080000E+02    1.176000E+00   -1.000000E+01   -1.000000E+01   -1.000000E+01   -1.000000E+01   -1.000000E+01   -1.000000E+01   -1.000000E+01    5.663000E+00    5.139000E+00    9.300000E-01    3.000000E+00    1.100000E+01    1.777000E+00    7.958000E-01    2.890000E+00    1.580000E+00    3.488000E-01    1.162000E-03   -1.452000E+01    2.000000E+00    2.000000E+00    1.800000E+03    9.800000E+01   -1.000000E+01    1.000000E+00    2.117062E-01   -1.071000E+01   -1.068041E+01
   2.140000E-09    0.000000E+00    1.000000E+00    1.400000E+01    1.362000E+00   -1.356000E+00    1.990000E+00    2.225000E+00    2.512000E+00    3.094000E+00    2.354000E+00    2.238000E+00    7.800000E+00    1.360000E+01    2.200000E+00    1.000000E+00    1.000000E+00    8.499000E-01    7.849000E-01    8.500000E-01    1.146000E+00    3.459000E-02    9.432000E-04   -1.020000E+01    4.000000E+00    1.000000E+00    2.670000E+03    7.000000E+01   -1.000000E+01    0.000000E+00    2.636231E-02   -1.070000E+01   -1.069460E+01
   2.000000E-09    7.000000E+00    1.744000E+00    8.200000E+01    1.398000E+00   -5.918000E-01    1.146000E+00    3.279000E+00    3.330000E+00    3.785000E+00    1.831000E+00    3.016000E+00    7.500000E+00    7.280000E+00    1.900000E+00    5.000000E+00    4.300000E+01    2.817000E+00    2.415000E+00    3.850000E+00    1.170000E+00    6.690000E-02    8.974000E-04   -9.812000E+00    2.000000E+00    2.000000E+00    1.130000E+03    8.000000E+01   -1.000000E+01   -1.000000E+00    1.949753E-01   -9.699000E+00   -9.639215E+00
   1.180000E-09    1.000000E+00    1.453000E+00    1.080000E+02    6.990000E-01   -1.000000E+01   -1.000000E+01   -1.000000E+01   -1.000000E+01   -1.000000E+01   -1.000000E+01   -1.000000E+01    5.514000E+00    1.297000E+01    3.160000E+00    3.000000E+00    1.700000E+01    2.822000E+00    1.530000E+00    2.890000E+00    1.580000E+00    2.659000E-01    1.536000E-03   -1.453000E+01    2.000000E+00    2.000000E+00    1.600000E+03    9.800000E+01   -1.000000E+01   -1.000000E+00    1.466081E-01   -1.040000E+01   -1.043652E+01
   4.300000E-10    6.000000E+00    1.279000E+00    9.300000E+01    1.398000E+00   -1.000000E+01   -1.000000E+01   -1.000000E+01   -1.000000E+01   -1.000000E+01   -1.000000E+01   -1.000000E+01    8.450000E+00    6.194000E+00    1.380000E+00    7.000000E+00    9.200000E+01    3.368000E+00    6.207000E-01    4.990000E+00    1.690000E+00    7.345000E-01    8.974000E-04   -1.452000E+01    2.000000E+00    2.000000E+00    1.600000E+03    4.750000E+01   -1.000000E+01   -4.000000E+00    2.610358E+00   -1.060000E+01   -1.091758E+01
   3.690000E-09    1.000000E+00    1.580000E+00    7.870000E+01    1.398000E+00    7.918000E-02   -1.000000E+01    4.441000E+00   -1.000000E+01    4.629000E+00   -1.000000E+01   -1.000000E+01    7.469000E+00    3.894000E+00    7.900000E-01    6.000000E+00    5.500000E+01    2.333000E+00    3.690000E+00    4.360000E+00    1.316000E+00   -1.991000E-01    8.974000E-04   -9.477000E+00    2.000000E+00    7.000000E+00    2.030000E+03    8.200000E+01   -1.000000E+01    1.000000E+00    2.808755E-01   -1.027000E+01   -1.023177E+01
   3.880000E-09    1.000000E+00    1.744000E+00    8.200000E+01    1.778000E+00   -5.834000E-01    9.156000E-01    3.281000E+00    3.328000E+00    3.810000E+00    1.833000E+00    3.016000E+00    8.565000E+00    1.297000E+01    3.160000E+00    3.000000E+00    1.700000E+01    2.822000E+00    4.200000E+00    2.890000E+00    1.170000E+00   -1.727000E-01    4.494000E-04   -9.784000E+00    2.000000E+00    2.000000E+00    1.620000E+03    8.000000E+01    1.699000E+00   -1.000000E+00    2.129464E-01   -9.567000E+00   -9.654091E+00
   1.200000E-09    4.000000E+00    1.279000E+00    9.300000E+01    1.398000E+00   -2.190000E-01   -1.000000E+01    4.105000E+00    2.983000E+00    2.697000E+00    2.086000E+00   -1.000000E+01    1.250000E+01    6.266000E+00    1.360000E+00    7.000000E+00    9.300000E+01    3.387000E+00    1.742000E+00    4.990000E+00    1.690000E+00    2.887000E-01    8.974000E-04   -9.626000E+00    2.000000E+00    2.000000E+00    1.200000E+03    4.750000E+01   -1.000000E+01    0.000000E+00    2.098561E-01   -9.821000E+00   -9.816011E+00
   2.000000E-09    1.000000E+00    2.477000E+00    5.000000E+01    1.380000E+00   -6.108000E-01    1.176000E+00    3.262000E+00    3.292000E+00    3.770000E+00    1.447000E+00    3.051000E+00    7.200000E+00    1.045000E+01    2.660000E+00    5.000000E+00    5.300000E+01    3.375000E+00    2.903000E+00    3.850000E+00    2.218000E-01    6.544000E-02    9.199000E-04   -9.822000E+00    2.600000E+01    1.000000E+00    1.360000E+03    3.500000E+01   -1.000000E+01   -1.000000E+00    3.228880E-01   -1.028000E+01   -1.087045E+01
   1.330000E-09    1.000000E+00   -1.549000E-01    1.000000E+01    1.362000E+00   -9.208000E-01    1.172000E+00    3.441000E+00   -1.000000E+01    2.754000E+00    3.409000E+00    2.739000E+00    9.500000E+00    5.139000E+00    9.300000E-01    3.000000E+00    1.100000E+01    1.777000E+00    1.020000E+00    2.890000E+00    2.155000E+00    2.412000E-01    9.432000E-04   -9.978000E+00    1.400000E+01    1.000000E+00    2.670000E+03    0.000000E+00   -1.000000E+01    1.000000E+00    1.896687E-02   -1.121000E+01   -1.148494E+01
   1.300000E-09    1.000000E+00   -1.549000E-01    1.000000E+01    1.398000E+00   -5.157000E-01    1.000000E+00    3.380000E+00    3.405000E+00    3.922000E+00    1.230000E+00    2.230000E+00    8.700000E+00    5.139000E+00    9.300000E-01    3.000000E+00    1.100000E+01    1.777000E+00    9.899000E-01    2.890000E+00    2.155000E+00    2.540000E-01    8.974000E-04   -9.774000E+00    1.400000E+01    1.000000E+00    2.730000E+03    0.000000E+00   -1.000000E+01    1.000000E+00    1.770861E-02   -1.133000E+01   -1.135337E+01
   9.000000E-10    2.000000E+00    1.279000E+00    9.300000E+01    1.398000E+00   -2.190000E-01   -1.000000E+01    4.105000E+00    2.983000E+00    2.697000E+00    2.086000E+00   -1.000000E+01    1.250000E+01    7.344000E+00    1.960000E+00    5.000000E+00    5.000000E+01    2.829000E+00    1.091000E+00    3.850000E+00    1.690000E+00    4.137000E-01    8.974000E-04   -9.626000E+00    2.000000E+00    2.000000E+00    1.200000E+03    4.750000E+01   -1.000000E+01    2.000000E+00    1.798458E+00   -9.947000E+00   -9.900928E+00
   1.910000E-09    1.000000E+00    2.025000E+00    8.100000E+01    1.352000E+00   -3.010000E-01   -1.000000E+01    4.061000E+00   -1.000000E+01    4.250000E+00   -1.000000E+01   -1.000000E+01    1.250000E+01    1.297000E+01    3.160000E+00    3.000000E+00    1.700000E+01    2.822000E+00    2.330000E+00    2.890000E+00    8.832000E-01    8.324000E-02    9.552000E-04   -9.669000E+00    2.500000E+01    1.000000E+00    1.650000E+03    0.000000E+00   -1.000000E+01   -1.000000E+00    3.168186E-02   -1.063000E+01   -1.084040E+01
   3.690000E-09    1.000000E+00    1.453000E+00    1.080000E+02    1.699000E+00   -1.000000E+01   -1.000000E+01   -1.000000E+01   -1.000000E+01   -1.000000E+01   -1.000000E+01   -1.000000E+01    6.084000E+00    1.297000E+01    3.160000E+00    3.000000E+00    1.700000E+01    2.822000E+00    4.118000E+00    2.890000E+00    1.580000E+00   -1.641000E-01    5.279000E-04   -1.450000E+01    2.000000E+00    2.000000E+00    1.200000E+03    9.800000E+01   -1.000000E+01   -1.000000E+00    4.157728E-01   -9.564000E+00   -9.583300E+00
   8.890000E-10    4.000000E+00    2.025000E+00    8.100000E+01    1.352000E+00   -2.000000E+00   -1.000000E+01    2.362000E+00   -1.000000E+01    2.550000E+00   -1.000000E+01   -1.000000E+01    1.250000E+01    1.126000E+01    2.550000E+00    2.000000E+00    6.000000E+00    1.811000E+00    6.958000E-01    1.990000E+00    8.832000E-01    4.154000E-01    9.552000E-04   -1.052000E+01    2.500000E+01    1.000000E+00    1.650000E+03    0.000000E+00   -1.000000E+01   -2.000000E+00    1.062332E-02   -1.089000E+01   -1.096870E+01
   6.600000E-10    2.000000E+00    6.990000E-01    4.000000E+00    1.398000E+00   -5.229000E-01   -1.000000E+01   -1.000000E+01   -1.000000E+01    3.851000E+00   -1.000000E+01   -1.000000E+01    7.100000E+00    7.640000E+00    1.910000E+00    4.000000E+00    2.800000E+01    2.586000E+00    7.315000E-01    3.450000E+00    9.031000E-01    5.484000E-01    8.974000E-04   -9.778000E+00    1.000000E+00    1.000000E+00    2.750000E+03    0.000000E+00   -1.000000E+01    2.000000E+00    6.327660E-02   -1.355000E+01   -1.334629E+01
   2.000000E-09    1.000000E+00    1.453000E+00    1.080000E+02    1.602000E+00   -2.000000E+00   -1.000000E+01    2.362000E+00   -1.000000E+01    2.550000E+00   -1.000000E+01   -1.000000E+01    6.562000E+00    1.045000E+01    2.660000E+00    5.000000E+00    5.300000E+01    3.375000E+00    2.755000E+00    3.850000E+00    1.580000E+00    8.822000E-02    6.389000E-04   -1.051000E+01    2.000000E+00    2.000000E+00    9.100000E+02    9.999000E+01   -1.000000E+01   -1.000000E+00    1.377551E+00   -9.600000E+00   -9.652650E+00
   1.010000E-09    1.000000E+00    1.453000E+00    1.080000E+02    1.176000E+00   -6.990000E-01   -1.000000E+01    3.663000E+00   -1.000000E+01    3.851000E+00   -1.000000E+01   -1.000000E+01    6.534000E+00    5.139000E+00    9.300000E-01    3.000000E+00    1.100000E+01    1.777000E+00    7.958000E-01    2.890000E+00    1.580000E+00    3.488000E-01    1.162000E-03   -9.873000E+00    2.000000E+00    2.000000E+00    1.000000E+03    9.800000E+01   -1.000000E+01    1.000000E+00    1.435833E-01   -9.963000E+00   -9.973892E+00
   3.690000E-09    1.000000E+00    1.453000E+00    1.080000E+02    1.699000E+00   -1.000000E+01   -1.000000E+01   -1.000000E+01   -1.000000E+01   -1.000000E+01   -1.000000E+01   -1.000000E+01    6.084000E+00    1.297000E+01    3.160000E+00    3.000000E+00    1.700000E+01    2.822000E+00    4.118000E+00    2.890000E+00    1.580000E+00   -1.641000E-01    5.279000E-04   -1.450000E+01    2.000000E+00    2.000000E+00    1.200000E+03    9.800000E+01   -1.000000E+01   -1.000000E+00    4.157728E-01   -9.564000E+00   -9.583300E+00
   8.100000E-10    4.000000E+00    2.025000E+00    8.100000E+01    1.342000E+00   -1.000000E+00   -1.000000E+01    3.362000E+00   -1.000000E+01    3.550000E+00   -1.000000E+01   -1.000000E+01    1.100000E+01    9.752000E+00    2.550000E+00    4.000000E+00    3.400000E+01    2.921000E+00    1.025000E+00    3.450000E+00    8.832000E-01    4.551000E-01    9.673000E-04   -1.002000E+01    2.500000E+01    1.000000E+00    1.530000E+03    0.000000E+00   -1.000000E+01   -2.000000E+00    2.244357E-02   -1.113000E+01   -1.125918E+01
   2.020000E-09    1.000000E+00    2.025000E+00    8.100000E+01    1.398000E+00   -3.010000E-01   -1.000000E+01    4.061000E+00   -1.000000E+01    4.250000E+00   -1.000000E+01   -1.000000E+01    1.250000E+01    1.045000E+01    2.660000E+00    5.000000E+00    5.300000E+01    3.375000E+00    2.922000E+00    3.850000E+00    8.832000E-01    6.258000E-02    8.974000E-04   -9.667000E+00    2.500000E+01    1.000000E+00    1.650000E+03    0.000000E+00   -1.000000E+01   -1.000000E+00    2.641442E-01   -1.030000E+01   -1.052418E+01
   2.032000E-10    1.000000E+00    1.602000E+00    1.400000E+01    1.362000E+00   -9.208000E-01    9.345000E-01    3.403000E+00    5.328000E-01    3.575000E+00    2.387000E+00    1.904000E+00    8.200000E+00    1.297000E+01    3.160000E+00    3.000000E+00    1.700000E+01    2.822000E+00    2.474000E-01    2.890000E+00    5.441000E-01    1.057000E+00    9.432000E-04   -9.978000E+00    5.000000E+00    1.000000E+00    2.450000E+03    0.000000E+00   -1.000000E+01   -1.000000E+00    2.070826E+00   -1.154000E+01   -1.153992E+01
   2.030000E-09    1.000000E+00    1.580000E+00    7.200000E+01    1.176000E+00   -3.010000E-01   -1.000000E+01    4.061000E+00   -1.000000E+01    4.249000E+00   -1.000000E+01   -1.000000E+01    6.800000E+00    1.045000E+01    2.660000E+00    5.000000E+00    5.300000E+01    3.375000E+00    3.039000E+00    3.850000E+00    1.278000E+00    4.562000E-02    1.162000E-03   -9.674000E+00    2.000000E+00    1.000000E+00    1.800000E+03    8.200000E+01   -1.000000E+01   -1.000000E+00    1.234509E+00   -1.055000E+01   -1.029904E+01
   2.000000E-09    1.000000E+00    1.580000E+00    7.900000E+01    1.398000E+00   -1.000000E+00   -1.000000E+01    3.362000E+00   -1.000000E+01   -1.000000E+01   -1.000000E+01   -1.000000E+01    8.200000E+00    1.045000E+01    2.660000E+00    5.000000E+00    5.300000E+01    3.375000E+00    2.893000E+00    3.850000E+00    1.318000E+00    6.690000E-02    8.974000E-04   -1.002000E+01    2.000000E+00    1.000000E+00    1.800000E+03    8.000000E+01   -1.000000E+01   -1.000000E+00    1.108058E+00   -1.029000E+01   -1.036189E+01
   1.330000E-09    1.000000E+00    1.453000E+00    1.100000E+02    1.362000E+00   -3.010000E-01   -1.000000E+01    4.061000E+00   -1.000000E+01    4.249000E+00   -1.000000E+01   -1.000000E+01    7.000000E+00    5.139000E+00    9.300000E-01    3.000000E+00    1.100000E+01    1.777000E+00    1.020000E+00    2.890000E+00    1.588000E+00    2.412000E-01    9.432000E-04   -9.668000E+00    2.000000E+00    1.000000E+00    8.000000E+02    9.800000E+01   -1.000000E+01    1.000000E+00    3.643724E-02   -1.012000E+01   -9.735773E+00
   1.350000E-09    1.000000E+00    1.453000E+00    1.080000E+02    1.398000E+00   -1.000000E+01   -1.000000E+01   -1.000000E+01   -1.000000E+01   -1.000000E+01   -1.000000E+01   -1.000000E+01    6.244000E+00    5.139000E+00    9.300000E-01    3.000000E+00    1.100000E+01    1.777000E+00    1.028000E+00    2.890000E+00    1.580000E+00    2.376000E-01    8.974000E-04   -1.452000E+01    2.000000E+00    2.000000E+00    1.800000E+03    9.800000E+01    1.447000E+00    1.000000E+00    1.822050E-01   -1.043000E+01   -1.047777E+01
   7.900000E-10    2.000000E+00    1.580000E+00    7.900000E+01    1.398000E+00   -3.010000E-01   -1.000000E+01    4.061000E+00   -1.000000E+01    4.248000E+00   -1.000000E+01   -1.000000E+01    6.600000E+00    5.695000E+00    9.500000E-01    5.000000E+00    3.800000E+01    2.491000E+00    8.436000E-01    3.850000E+00    1.318000E+00    4.703000E-01    8.974000E-04   -9.667000E+00    2.000000E+00    1.000000E+00    1.800000E+03    8.200000E+01   -1.000000E+01    2.000000E+00    4.440343E-02   -1.075000E+01   -1.101428E+01
   1.550000E-09    4.000000E+00    6.232000E-01    6.700000E+01    1.544000E+00   -1.146000E+00    1.301000E+00    3.024000E+00    2.243000E+00    3.027000E+00    2.556000E+00    2.970000E+00    7.580000E+00    9.752000E+00    2.550000E+00    4.000000E+00    3.400000E+01    2.921000E+00    1.878000E+00    3.450000E+00    2.203000E+00    1.919000E-01    7.106000E-04   -1.008000E+01    1.300000E+01    1.000000E+00    2.630000E+03    0.000000E+00   -1.000000E+01   -1.000000E+00    4.305622E-02   -1.268000E+01   -1.272078E+01
   2.000000E-09    1.000000E+00    1.580000E+00    7.900000E+01    1.398000E+00   -2.000000E+00   -1.000000E+01    2.362000E+00   -1.000000E+01   -1.000000E+01   -1.000000E+01   -1.000000E+01    8.200000E+00    1.297000E+01    3.160000E+00    3.000000E+00    1.700000E+01    2.822000E+00    2.419000E+00    2.890000E+00    1.318000E+00    6.690000E-02    8.974000E-04   -1.052000E+01    2.000000E+00    1.000000E+00    1.200000E+03    8.000000E+01   -1.000000E+01   -1.000000E+00    2.916236E-01   -9.754000E+00   -9.910299E+00
   7.300000E-10    2.000000E+00    1.580000E+00    7.870000E+01    1.398000E+00   -1.000000E+00   -1.000000E+01    3.362000E+00   -1.000000E+01   -1.000000E+01   -1.000000E+01   -1.000000E+01    6.053000E+00    7.881000E+00    1.880000E+00    4.000000E+00    2.700000E+01    2.626000E+00    8.217000E-01    3.450000E+00    1.316000E+00    5.046000E-01    8.974000E-04   -1.002000E+01    2.000000E+00    1.000000E+00    1.600000E+03    8.200000E+01   -1.000000E+01    2.000000E+00    1.493575E+00   -1.054000E+01   -1.023576E+01
   1.300000E-09    1.000000E+00    1.477000E+00    2.100000E+01    1.398000E+00   -6.576000E-01    2.000000E+00    2.230000E+00    2.544000E+00    3.090000E+00    2.000000E+00    2.230000E+00    7.200000E+00    5.139000E+00    9.300000E-01    3.000000E+00    1.100000E+01    1.777000E+00    9.899000E-01    2.890000E+00    8.451000E-01    2.540000E-01    8.974000E-04   -9.845000E+00    4.000000E+00    1.000000E+00    2.440000E+03    0.000000E+00   -1.000000E+01    1.000000E+00    3.848284E-02   -1.056000E+01   -1.041238E+01
   1.460000E-09    7.000000E+00    1.436000E+00    5.870000E+01    1.301000E+00   -3.010000E-01   -1.000000E+01    4.061000E+00   -1.000000E+01    4.249000E+00   -1.000000E+01   -1.000000E+01    7.600000E+00    7.834000E+00    1.900000E+00    6.000000E+00    7.500000E+01    3.309000E+00    2.106000E+00    4.360000E+00    1.332000E+00    1.962000E-01    1.018000E-03   -9.670000E+00    2.000000E+00    1.000000E+00    1.400000E+03    7.800000E+01   -1.000000E+01   -1.000000E+00    1.991490E-01   -1.010000E+01   -1.031164E+01
   2.100000E-09    1.000000E+00    6.128000E-01    1.090000E+01    1.398000E+00   -2.000000E+00   -1.000000E+01    2.362000E+00   -1.000000E+01    2.550000E+00   -1.000000E+01   -1.000000E+01    7.580000E+00    3.894000E+00    7.900000E-01    6.000000E+00    5.500000E+01    2.333000E+00    2.100000E+00    4.360000E+00    1.425000E+00    4.571000E-02    8.974000E-04   -1.052000E+01    2.800000E+01    2.000000E+00    2.250000E+03    0.000000E+00   -1.000000E+01    1.000000E+00    8.327976E-01   -9.991000E+00   -1.001733E+01
   1.690000E-09    2.000000E+00    1.744000E+00    8.200000E+01    1.778000E+00   -5.834000E-01    9.156000E-01    3.281000E+00    3.328000E+00    3.810000E+00    1.833000E+00    3.016000E+00    8.172000E+00    5.695000E+00    9.500000E-01    5.000000E+00    3.800000E+01    2.491000E+00    1.615000E+00    3.850000E+00    1.170000E+00    1.882000E-01    4.494000E-04   -9.784000E+00    2.000000E+00    2.000000E+00    1.600000E+03    8.000000E+01    1.699000E+00    2.000000E+00    1.547021E-02   -9.910000E+00   -1.014271E+01
   2.140000E-09    0.000000E+00    1.279000E+00    9.300000E+01    1.778000E+00   -2.757000E-01    5.922000E-01    4.024000E+00    2.558000E+00    4.302000E+00   -1.000000E+01    4.065000E-01    8.300000E+00    1.360000E+01    2.200000E+00    1.000000E+00    1.000000E+00    8.499000E-01    6.977000E-01    8.500000E-01    1.690000E+00    8.572000E-02    4.494000E-04   -9.630000E+00    2.000000E+00    1.000000E+00    1.600000E+03    4.800000E+01    1.477000E+00    0.000000E+00    1.432230E-02   -9.458000E+00   -9.679605E+00
   1.180000E-09    1.000000E+00    1.453000E+00    1.080000E+02    6.990000E-01   -1.000000E+01   -1.000000E+01   -1.000000E+01   -1.000000E+01   -1.000000E+01   -1.000000E+01   -1.000000E+01    4.951000E+00    1.297000E+01    3.160000E+00    3.000000E+00    1.700000E+01    2.822000E+00    1.530000E+00    2.890000E+00    1.580000E+00    2.659000E-01    1.536000E-03   -1.453000E+01    2.000000E+00    2.000000E+00    1.800000E+03    9.800000E+01   -1.000000E+01   -1.000000E+00    2.019649E-01   -1.059000E+01   -1.059749E+01
   2.090000E-09    1.000000E+00    1.453000E+00    1.080000E+02    1.398000E+00   -1.000000E+01   -1.000000E+01   -1.000000E+01   -1.000000E+01   -1.000000E+01   -1.000000E+01   -1.000000E+01    7.811000E+00    1.297000E+01    3.160000E+00    3.000000E+00    1.700000E+01    2.822000E+00    2.528000E+00    2.890000E+00    1.580000E+00    4.778000E-02    8.974000E-04   -1.452000E+01    2.000000E+00    2.000000E+00    7.000000E+02    9.800000E+01   -1.000000E+01   -1.000000E+00    1.498466E-01   -9.415000E+00   -9.426603E+00
   2.020000E-09    1.000000E+00    2.025000E+00    8.100000E+01    1.398000E+00   -2.000000E+00   -1.000000E+01    2.362000E+00   -1.000000E+01    2.550000E+00   -1.000000E+01   -1.000000E+01    1.250000E+01    1.045000E+01    2.660000E+00    5.000000E+00    5.300000E+01    3.375000E+00    2.922000E+00    3.850000E+00    8.832000E-01    6.258000E-02    8.974000E-04   -1.052000E+01    2.500000E+01    1.000000E+00    1.650000E+03    0.000000E+00   -1.000000E+01   -1.000000E+00    2.034277E-01   -1.040000E+01   -1.072084E+01
   2.090000E-09    1.000000E+00    1.447000E+00    1.080000E+02    1.398000E+00   -1.000000E+01   -1.000000E+01   -1.000000E+01   -1.000000E+01   -1.000000E+01   -1.000000E+01   -1.000000E+01    9.500000E+00    3.894000E+00    7.900000E-01    6.000000E+00    5.500000E+01    2.333000E+00    2.090000E+00    4.360000E+00    1.586000E+00    4.778000E-02    8.974000E-04   -1.452000E+01    2.000000E+00    2.000000E+00    1.370000E+03    1.000000E+02   -1.000000E+01    1.000000E+00    1.329121E+00   -9.987000E+00   -1.000056E+01
   9.000000E-10    2.000000E+00    1.279000E+00    9.300000E+01    1.398000E+00   -1.000000E+01   -1.000000E+01   -1.000000E+01   -1.000000E+01   -1.000000E+01   -1.000000E+01   -1.000000E+01    1.250000E+01    7.344000E+00    1.960000E+00    5.000000E+00    5.000000E+01    2.829000E+00    1.091000E+00    3.850000E+00    1.690000E+00    4.137000E-01    8.974000E-04   -1.452000E+01    2.000000E+00    2.000000E+00    1.200000E+03    4.750000E+01   -1.000000E+01    2.000000E+00    1.285570E+00   -9.943000E+00   -9.893942E+00
   2.000000E-09    7.000000E+00    1.415000E+00    3.800000E+01    1.362000E+00   -5.867000E-01    1.146000E+00    3.279000E+00    3.322000E+00    3.785000E+00    1.833000E+00    3.000000E+00    7.500000E+00    7.280000E+00    1.900000E+00    5.000000E+00    4.300000E+01    2.817000E+00    2.431000E+00    3.850000E+00    1.165000E+00    6.398000E-02    9.432000E-04   -9.811000E+00    2.000000E+00    1.000000E+00    1.160000E+03    3.300000E+01   -1.000000E+01   -1.000000E+00    2.360986E-01   -9.886000E+00   -1.002617E+01
   1.000000E-10    6.000000E+00    1.279000E+00    9.300000E+01    1.398000E+00   -1.000000E+01   -1.000000E+01   -1.000000E+01   -1.000000E+01   -1.000000E+01   -1.000000E+01   -1.000000E+01    9.000000E+00    6.194000E+00    1.380000E+00    7.000000E+00    9.200000E+01    3.368000E+00    1.443000E-01    4.990000E+00    1.690000E+00    1.368000E+00    8.974000E-04   -1.452000E+01    2.000000E+00    2.000000E+00    1.600000E+03    4.750000E+01   -1.000000E+01   -1.000000E+00    2.314472E+00   -1.124000E+01   -1.134680E+01
   2.140000E-09    0.000000E+00    1.477000E+00    2.100000E+01    1.398000E+00   -6.576000E-01    2.000000E+00    2.230000E+00    2.544000E+00    3.090000E+00    2.000000E+00    2.230000E+00    7.200000E+00    1.360000E+01    2.200000E+00    1.000000E+00    1.000000E+00    8.499000E-01    7.796000E-01    8.500000E-01    8.451000E-01    3.752000E-02    8.974000E-04   -9.845000E+00    4.000000E+00    1.000000E+00    2.440000E+03    0.000000E+00   -1.000000E+01    0.000000E+00    4.702064E-02   -1.043000E+01   -1.050077E+01
   1.550000E-09    1.000000E+00    1.453000E+00    1.080000E+02    1.477000E+00   -1.000000E+01   -1.000000E+01   -1.000000E+01   -1.000000E+01   -1.000000E+01   -1.000000E+01   -1.000000E+01    6.507000E+00    5.139000E+00    9.300000E-01    3.000000E+00    1.100000E+01    1.777000E+00    1.161000E+00    2.890000E+00    1.580000E+00    1.848000E-01    7.959000E-04   -1.451000E+01    2.000000E+00    2.000000E+00    1.400000E+03    9.800000E+01   -1.000000E+01    1.000000E+00    2.064822E-01   -1.011000E+01   -1.004029E+01
   1.550000E-09    4.000000E+00    6.232000E-01    6.700000E+01    1.491000E+00   -1.398000E+00    8.451000E-01    2.784000E+00    1.869000E+00    2.785000E+00   -1.000000E+01    2.785000E+00    7.500000E+00    9.752000E+00    2.550000E+00    4.000000E+00    3.400000E+01    2.921000E+00    1.903000E+00    3.450000E+00    2.203000E+00    1.863000E-01    7.777000E-04   -1.021000E+01    1.300000E+01    3.000000E+00    1.800000E+03    0.000000E+00   -1.000000E+01   -1.000000E+00    3.023130E-02   -9.866000E+00   -1.002550E+01
   4.300000E-10    4.000000E+00    1.580000E+00    7.900000E+01    1.398000E+00   -2.107000E+00    1.176000E+00    2.173000E+00    1.139000E-01    1.857000E+00    2.494000E+00    1.544000E+00    9.500000E+00    6.194000E+00    1.380000E+00    7.000000E+00    9.200000E+01    3.368000E+00    6.207000E-01    4.990000E+00    1.318000E+00    7.345000E-01    8.974000E-04   -1.057000E+01    2.000000E+00    1.000000E+00    7.600000E+02    8.200000E+01   -1.000000E+01    0.000000E+00    3.479024E+00   -1.172000E+01   -1.015303E+01
   2.000000E-09    1.000000E+00    1.279000E+00    9.300000E+01    1.352000E+00   -3.010000E-01   -1.000000E+01    4.061000E+00   -1.000000E+01   -1.000000E+01   -1.000000E+01   -1.000000E+01    1.250000E+01    1.297000E+01    3.160000E+00    3.000000E+00    1.700000E+01    2.822000E+00    2.440000E+00    2.890000E+00    1.690000E+00    6.324000E-02    9.552000E-04   -9.669000E+00    2.000000E+00    1.000000E+00    1.600000E+03    4.750000E+01    1.477000E+00   -1.000000E+00    5.660291E-02   -1.049000E+01   -1.040185E+01
   1.350000E-09    1.000000E+00    1.453000E+00    1.080000E+02    1.398000E+00   -1.000000E+01   -1.000000E+01   -1.000000E+01   -1.000000E+01   -1.000000E+01   -1.000000E+01   -1.000000E+01    6.323000E+00    5.139000E+00    9.300000E-01    3.000000E+00    1.100000E+01    1.777000E+00    1.028000E+00    2.890000E+00    1.580000E+00    2.376000E-01    8.974000E-04   -1.452000E+01    2.000000E+00    2.000000E+00    1.800000E+03    9.800000E+01    1.785000E+00    1.000000E+00    1.772976E-01   -1.020000E+01   -1.043209E+01
   2.000000E-09    1.000000E+00    6.021000E-01    6.700000E+01    1.398000E+00   -1.523000E+00   -1.000000E+01   -1.000000E+01   -1.000000E+01    2.851000E+00   -1.000000E+01   -1.000000E+01    6.500000E+00    1.045000E+01    2.660000E+00    5.000000E+00    5.300000E+01    3.375000E+00    2.893000E+00    3.850000E+00    2.224000E+00    6.690000E-02    8.974000E-04   -1.028000E+01    1.300000E+01    1.000000E+00    2.640000E+03    0.000000E+00   -1.000000E+01   -1.000000E+00    2.540735E-01   -1.221000E+01   -1.220134E+01
   1.550000E-09    4.000000E+00    6.232000E-01    6.700000E+01    1.491000E+00   -1.398000E+00    8.451000E-01    2.784000E+00    1.869000E+00    2.785000E+00   -1.000000E+01    2.785000E+00    6.200000E+00    9.752000E+00    2.550000E+00    4.000000E+00    3.400000E+01    2.921000E+00    1.903000E+00    3.450000E+00    2.203000E+00    1.863000E-01    7.777000E-04   -1.021000E+01    1.300000E+01    3.000000E+00    1.800000E+03    0.000000E+00   -1.000000E+01   -1.000000E+00    3.186416E-02   -1.011000E+01   -9.951379E+00
   2.450000E-09    0.000000E+00    1.744000E+00    8.200000E+01    1.362000E+00   -5.719000E-01    1.437000E+00    3.441000E+00    3.205000E+00    3.851000E+00    1.086000E+00    3.129000E+00    7.700000E+00    1.360000E+01    2.200000E+00    1.000000E+00    1.000000E+00    8.499000E-01    8.986000E-01    8.500000E-01    1.170000E+00   -2.416000E-02    9.432000E-04   -9.804000E+00    2.000000E+00    1.000000E+00    1.600000E+03    8.000000E+01    1.699000E+00    0.000000E+00    3.620789E-02   -1.008000E+01   -1.003050E+01
   5.740000E-09    1.000000E+00    1.744000E+00    8.200000E+01    1.954000E+00    1.335000E-01    1.469000E+00    3.704000E+00    4.176000E+00    4.535000E+00    1.000000E+00    2.898000E+00    9.233000E+00    1.297000E+01    3.160000E+00    3.000000E+00    1.700000E+01    2.822000E+00    5.700000E+00    2.890000E+00    1.170000E+00   -3.053000E-01    3.270000E-04   -9.407000E+00    2.000000E+00    2.000000E+00    1.660000E+03    8.000000E+01    1.699000E+00   -1.000000E+00    1.721234E-01   -9.434000E+00   -9.491209E+00
   2.220000E-09    0.000000E+00    6.232000E-01    6.700000E+01    1.398000E+00   -2.578000E+00   -1.550000E-01    1.756000E+00    8.701000E-01    1.225000E+00   -1.000000E+01    1.403000E+00    8.060000E+00    1.360000E+01    2.200000E+00    1.000000E+00    1.000000E+00    8.499000E-01    8.088000E-01    8.500000E-01    2.203000E+00    2.158000E-02    8.974000E-04   -1.081000E+01    1.300000E+01    1.000000E+00    1.450000E+03    0.000000E+00   -1.000000E+01    0.000000E+00    2.473435E-02   -8.845000E+00   -9.022145E+00
   1.350000E-09    1.000000E+00    1.453000E+00    1.080000E+02    1.398000E+00   -1.000000E+01   -1.000000E+01   -1.000000E+01   -1.000000E+01   -1.000000E+01   -1.000000E+01   -1.000000E+01    6.303000E+00    5.139000E+00    9.300000E-01    3.000000E+00    1.100000E+01    1.777000E+00    1.028000E+00    2.890000E+00    1.580000E+00    2.376000E-01    8.974000E-04   -1.452000E+01    2.000000E+00    2.000000E+00    1.800000E+03    9.800000E+01   -1.000000E+01    1.000000E+00    1.670167E-01   -1.053000E+01   -1.057070E+01
   2.090000E-09    1.000000E+00    1.580000E+00    7.900000E+01    1.398000E+00   -1.857000E+00    5.922000E-01    2.449000E+00    1.255000E+00    2.603000E+00    1.785000E+00    9.827000E-01    8.100000E+00    3.894000E+00    7.900000E-01    6.000000E+00    5.500000E+01    2.333000E+00    2.090000E+00    4.360000E+00    1.318000E+00    4.778000E-02    8.974000E-04   -1.044000E+01    2.000000E+00    5.000000E+00    1.800000E+03    8.000000E+01   -1.000000E+01    1.000000E+00    3.399204E-01   -9.410000E+00   -9.305387E+00
   6.020000E-10    3.000000E+00    1.580000E+00    7.900000E+01    1.398000E+00   -1.000000E+00   -1.000000E+01    3.362000E+00   -1.000000E+01    3.550000E+00   -1.000000E+01   -1.000000E+01    7.000000E+00    5.670000E+00    1.200000E+00    6.000000E+00    6.300000E+01    2.815000E+00    7.264000E-01    4.360000E+00    1.318000E+00    5.883000E-01    8.974000E-04   -1.002000E+01    2.000000E+00    3.000000E+00    1.000000E+03    8.200000E+01   -1.000000E+01    3.000000E+00    7.340711E+00   -1.060000E+01   -9.813386E+00
   2.570000E-09    1.000000E+00    1.453000E+00    1.080000E+02    1.699000E+00   -1.000000E+01   -1.000000E+01   -1.000000E+01   -1.000000E+01   -1.000000E+01   -1.000000E+01   -1.000000E+01    7.619000E+00    5.139000E+00    9.300000E-01    3.000000E+00    1.100000E+01    1.777000E+00    1.806000E+00    2.890000E+00    1.580000E+00   -7.034000E-03    5.279000E-04   -1.450000E+01    2.000000E+00    2.000000E+00    1.000000E+03    9.800000E+01   -1.000000E+01    1.000000E+00    8.870000E-02   -9.573000E+00   -9.558370E+00
   2.220000E-09    0.000000E+00    1.748000E+00    1.110000E+02    1.398000E+00   -7.620000E-01    1.567000E+00    3.375000E+00    2.707000E+00    3.224000E+00    1.850000E+00    3.685000E+00    7.570000E+00    1.360000E+01    2.200000E+00    1.000000E+00    1.000000E+00    8.499000E-01    8.088000E-01    8.500000E-01    1.297000E+00    2.158000E-02    8.974000E-04   -9.897000E+00    2.000000E+00    1.000000E+00    1.200000E+03    9.200000E+01   -1.000000E+01    0.000000E+00    5.433146E-02   -9.683000E+00   -9.736304E+00
   2.090000E-09    1.000000E+00    1.453000E+00    1.080000E+02    1.398000E+00   -1.000000E+00   -1.000000E+01    3.362000E+00   -1.000000E+01    3.550000E+00   -1.000000E+01   -1.000000E+01    7.325000E+00    1.297000E+01    3.160000E+00    3.000000E+00    1.700000E+01    2.822000E+00    2.528000E+00    2.890000E+00    1.580000E+00    4.778000E-02    8.974000E-04   -1.002000E+01    2.000000E+00    2.000000E+00    1.000000E+03    9.800000E+01   -1.000000E+01   -1.000000E+00    7.439344E-01   -9.648000E+00   -9.656514E+00
   2.090000E-09    1.000000E+00    1.580000E+00    7.870000E+01    1.398000E+00   -1.000000E+00   -1.000000E+01    3.362000E+00   -1.000000E+01   -1.000000E+01   -1.000000E+01   -1.000000E+01    7.992000E+00    3.894000E+00    7.900000E-01    6.000000E+00    5.500000E+01    2.333000E+00    2.090000E+00    4.360000E+00    1.316000E+00    4.778000E-02    8.974000E-04   -1.002000E+01    2.000000E+00    1.000000E+00    1.200000E+03    8.200000E+01   -1.000000E+01    1.000000E+00    3.469197E-01   -9.735000E+00   -9.842386E+00
   4.300000E-10    6.000000E+00    1.580000E+00    7.900000E+01    1.398000E+00   -2.127000E+00    4.314000E-01    2.167000E+00    4.139000E-02    1.763000E+00    2.513000E+00    1.505000E+00    8.400000E+00    6.194000E+00    1.380000E+00    7.000000E+00    9.200000E+01    3.368000E+00    6.207000E-01    4.990000E+00    1.318000E+00    7.345000E-01    8.974000E-04   -1.058000E+01    2.000000E+00    1.000000E+00    7.000000E+02    8.200000E+01   -1.000000E+01    2.000000E+00    1.678841E+00   -1.172000E+01   -1.000108E+01
   2.010000E-09    1.000000E+00    1.453000E+00    1.080000E+02    1.602000E+00   -3.010000E-01   -1.000000E+01    4.061000E+00   -1.000000E+01    4.249000E+00   -1.000000E+01   -1.000000E+01    7.267000E+00    5.139000E+00    9.300000E-01    3.000000E+00    1.100000E+01    1.777000E+00    1.457000E+00    2.890000E+00    1.580000E+00    8.605000E-02    6.389000E-04   -9.656000E+00    2.000000E+00    2.000000E+00    1.000000E+03    9.800000E+01   -1.000000E+01    1.000000E+00    8.425184E-02   -9.666000E+00   -9.744646E+00
   6.020000E-10    3.000000E+00    1.580000E+00    7.900000E+01    1.398000E+00   -1.000000E+00   -1.000000E+01    3.362000E+00   -1.000000E+01    3.550000E+00   -1.000000E+01   -1.000000E+01    8.000000E+00    5.670000E+00    1.200000E+00    6.000000E+00    6.300000E+01    2.815000E+00    7.264000E-01    4.360000E+00    1.318000E+00    5.883000E-01    8.974000E-04   -1.002000E+01    2.000000E+00    3.000000E+00    1.000000E+03    8.200000E+01   -1.000000E+01    3.000000E+00    3.243144E+01   -1.004000E+01   -9.800938E+00
   2.100000E-09    1.000000E+00    1.279000E+00    9.300000E+01    1.398000E+00   -2.190000E-01   -1.000000E+01    4.105000E+00    2.983000E+00    2.697000E+00    2.086000E+00   -1.000000E+01    1.250000E+01    3.894000E+00    7.900000E-01    6.000000E+00    5.500000E+01    2.333000E+00    2.100000E+00    4.360000E+00    1.690000E+00    4.571000E-02    8.974000E-04   -9.626000E+00    2.000000E+00    2.000000E+00    1.800000E+03    4.750000E+01   -1.000000E+01    1.000000E+00    9.982734E-02   -1.012000E+01   -9.994934E+00
   1.300000E-09    1.000000E+00    1.447000E+00    1.300000E+01    1.398000E+00   -4.089000E-01    1.799000E+00    3.742000E+00    3.015000E+00    4.027000E+00    1.462000E+00    3.132000E+00    7.600000E+00    5.139000E+00    9.300000E-01    3.000000E+00    1.100000E+01    1.777000E+00    9.899000E-01    2.890000E+00    6.668000E-01    2.540000E-01    8.974000E-04   -9.721000E+00    4.000000E+00    2.000000E+00    2.400000E+03    0.000000E+00   -1.000000E+01    1.000000E+00    4.948992E-02   -1.082000E+01   -1.058857E+01
   2.090000E-09    1.000000E+00    1.453000E+00    1.080000E+02    1.398000E+00   -1.000000E+01   -1.000000E+01   -1.000000E+01   -1.000000E+01   -1.000000E+01   -1.000000E+01   -1.000000E+01    7.060000E+00    1.297000E+01    3.160000E+00    3.000000E+00    1.700000E+01    2.822000E+00    2.528000E+00    2.890000E+00    1.580000E+00    4.778000E-02    8.974000E-04   -1.452000E+01    2.000000E+00    2.000000E+00    1.100000E+03    9.800000E+01   -1.000000E+01   -1.000000E+00    3.904201E-01   -9.728000E+00   -9.728194E+00
   1.460000E-09    7.000000E+00    1.408000E+00    3.750000E+01    1.398000E+00    2.166000E-03   -1.000000E+01    4.362000E+00   -1.000000E+01    4.550000E+00   -1.000000E+01   -1.000000E+01    7.000000E+00    7.834000E+00    1.900000E+00    6.000000E+00    7.500000E+01    3.309000E+00    2.071000E+00    4.360000E+00    1.166000E+00    2.036000E-01    8.974000E-04   -9.515000E+00    2.000000E+00    1.000000E+00    1.600000E+03    3.300000E+01   -1.000000E+01   -1.000000E+00    3.939889E-01   -1.012000E+01   -1.021141E+01
   2.100000E-09    1.000000E+00    1.279000E+00    9.300000E+01    1.398000E+00    8.198000E-01   -1.000000E+01    5.178000E+00    3.983000E+00    5.366000E+00    2.086000E+00   -1.000000E+01    1.250000E+01    3.894000E+00    7.900000E-01    6.000000E+00    5.500000E+01    2.333000E+00    2.100000E+00    4.360000E+00    1.690000E+00    4.571000E-02    8.974000E-04   -9.106000E+00    2.000000E+00    2.000000E+00    1.800000E+03    4.750000E+01   -1.000000E+01    1.000000E+00    5.411698E-02   -1.012000E+01   -9.986578E+00
   1.200000E-09    4.000000E+00    1.279000E+00    9.300000E+01    1.398000E+00   -2.301000E+00   -1.000000E+01    2.362000E+00   -1.000000E+01   -1.000000E+01   -1.000000E+01   -1.000000E+01    7.000000E+00    6.266000E+00    1.360000E+00    7.000000E+00    9.300000E+01    3.387000E+00    1.742000E+00    4.990000E+00    1.690000E+00    2.887000E-01    8.974000E-04   -1.067000E+01    2.000000E+00    2.000000E+00    1.800000E+03    4.750000E+01   -1.000000E+01    0.000000E+00    2.232663E-02   -1.037000E+01   -1.038906E+01
   8.050000E-10    2.000000E+00    1.580000E+00    7.870000E+01    1.398000E+00   -3.010000E-01   -1.000000E+01    4.061000E+00   -1.000000E+01   -1.000000E+01   -1.000000E+01   -1.000000E+01    7.239000E+00    5.695000E+00    9.500000E-01    5.000000E+00    3.800000E+01    2.491000E+00    8.596000E-01    3.850000E+00    1.316000E+00    4.621000E-01    8.974000E-04   -9.667000E+00    2.000000E+00    1.000000E+00    1.600000E+03    8.200000E+01   -1.000000E+01    2.000000E+00    2.530118E-02   -1.049000E+01   -1.052609E+01
   1.560000E-09    1.000000E+00    1.453000E+00    1.080000E+02    1.176000E+00   -1.000000E+01   -1.000000E+01   -1.000000E+01   -1.000000E+01   -1.000000E+01   -1.000000E+01   -1.000000E+01    5.183000E+00    1.297000E+01    3.160000E+00    3.000000E+00    1.700000E+01    2.822000E+00    1.952000E+00    2.890000E+00    1.580000E+00    1.600000E-01    1.162000E-03   -1.452000E+01    2.000000E+00    2.000000E+00    1.100000E+03    9.800000E+01   -1.000000E+01   -1.000000E+00    1.217875E-01   -9.857000E+00   -9.816575E+00
   7.420000E-10    1.000000E+00    1.453000E+00    1.080000E+02    6.990000E-01   -1.000000E+01   -1.000000E+01   -1.000000E+01   -1.000000E+01   -1.000000E+01   -1.000000E+01   -1.000000E+01    6.410000E+00    5.139000E+00    9.300000E-01    3.000000E+00    1.100000E+01    1.777000E+00    6.056000E-01    2.890000E+00    1.580000E+00    4.674000E-01    1.536000E-03   -1.453000E+01    2.000000E+00    2.000000E+00    7.000000E+02    9.800000E+01   -1.000000E+01    1.000000E+00    1.690621E-01   -9.863000E+00   -9.858872E+00
   1.300000E-09    1.000000E+00    6.990000E-01    4.000000E+00    1.398000E+00    2.625000E-01   -1.000000E+01    4.624000E+00   -1.000000E+01    4.812000E+00   -1.000000E+01   -1.000000E+01    5.500000E+00    5.139000E+00    9.300000E-01    3.000000E+00    1.100000E+01    1.777000E+00    9.899000E-01    2.890000E+00    9.031000E-01    2.540000E-01    8.974000E-04   -9.385000E+00    1.000000E+00    1.000000E+00    2.750000E+03    0.000000E+00   -1.000000E+01    1.000000E+00    4.302623E-02   -1.374000E+01   -1.355042E+01
   2.000000E-09    4.000000E+00    1.279000E+00    9.300000E+01    1.398000E+00   -2.301000E+00   -1.000000E+01    2.362000E+00   -1.000000E+01   -1.000000E+01   -1.000000E+01   -1.000000E+01    7.000000E+00    7.280000E+00    1.900000E+00    5.000000E+00    4.300000E+01    2.817000E+00    2.415000E+00    3.850000E+00    1.690000E+00    6.690000E-02    8.974000E-04   -1.067000E+01    2.000000E+00    2.000000E+00    1.800000E+03    4.750000E+01   -1.000000E+01    0.000000E+00    2.761270E+00   -1.015000E+01   -1.021465E+01
   6.020000E-10    3.000000E+00    1.580000E+00    7.900000E+01    1.362000E+00   -1.285000E+00    7.966000E-01    2.777000E+00    2.283000E+00    3.193000E+00   -1.000000E+01   -1.000000E+01    7.700000E+00    5.670000E+00    1.200000E+00    6.000000E+00    6.300000E+01    2.815000E+00    7.313000E-01    4.360000E+00    1.318000E+00    5.854000E-01    9.432000E-04   -1.016000E+01    2.000000E+00    2.000000E+00    1.150000E+03    8.200000E+01   -1.000000E+01    3.000000E+00    1.891292E+01   -9.495000E+00   -9.853585E+00
   1.010000E-09    1.000000E+00    1.453000E+00    1.080000E+02    1.176000E+00   -1.000000E+01   -1.000000E+01   -1.000000E+01   -1.000000E+01   -1.000000E+01   -1.000000E+01   -1.000000E+01    6.267000E+00    5.139000E+00    9.300000E-01    3.000000E+00    1.100000E+01    1.777000E+00    7.958000E-01    2.890000E+00    1.580000E+00    3.488000E-01    1.162000E-03   -1.452000E+01    2.000000E+00    2.000000E+00    1.100000E+03    9.800000E+01   -1.000000E+01    1.000000E+00    2.070912E-01   -1.004000E+01   -1.003151E+01
   4.300000E-10    6.000000E+00    1.580000E+00    7.900000E+01    1.398000E+00   -1.000000E+00   -1.000000E+01    3.362000E+00   -1.000000E+01    3.550000E+00   -1.000000E+01   -1.000000E+01    7.000000E+00    6.194000E+00    1.380000E+00    7.000000E+00    9.200000E+01    3.368000E+00    6.207000E-01    4.990000E+00    1.318000E+00    7.345000E-01    8.974000E-04   -1.002000E+01    2.000000E+00    3.000000E+00    9.500000E+02    8.200000E+01   -1.000000E+01    2.000000E+00    4.514643E+00   -9.747000E+00   -1.007100E+01
   8.100000E-10    2.000000E+00    2.025000E+00    8.100000E+01    1.362000E+00   -1.000000E+00   -1.000000E+01    3.362000E+00   -1.000000E+01    3.550000E+00   -1.000000E+01   -1.000000E+01    7.700000E+00    9.752000E+00    2.550000E+00    4.000000E+00    3.400000E+01    2.921000E+00    1.021000E+00    3.450000E+00    8.832000E-01    4.565000E-01    9.432000E-04   -1.002000E+01    2.500000E+01    1.000000E+00    1.500000E+03    0.000000E+00   -1.000000E+01   -1.000000E+00    1.034131E-01   -1.123000E+01   -1.130784E+01
   6.240000E-10    3.000000E+00    1.580000E+00    7.900000E+01    1.398000E+00   -1.399000E+00    1.041000E+00    2.824000E+00    8.202000E-01    2.121000E+00    2.778000E+00    2.940000E+00    8.900000E+00    5.974000E+00    1.300000E+00    7.000000E+00    9.500000E+01    3.307000E+00    8.845000E-01    4.990000E+00    1.318000E+00    5.727000E-01    8.974000E-04   -1.022000E+01    2.000000E+00    2.000000E+00    2.000000E+03    8.000000E+01   -1.000000E+01    3.000000E+00    2.536865E+01   -1.101000E+01   -1.089620E+01
   1.350000E-09    1.000000E+00    1.453000E+00    1.080000E+02    1.398000E+00   -1.000000E+01   -1.000000E+01   -1.000000E+01   -1.000000E+01   -1.000000E+01   -1.000000E+01   -1.000000E+01    7.797000E+00    5.139000E+00    9.300000E-01    3.000000E+00    1.100000E+01    1.777000E+00    1.028000E+00    2.890000E+00    1.580000E+00    2.376000E-01    8.974000E-04   -1.452000E+01    2.000000E+00    2.000000E+00    7.000000E+02    9.800000E+01   -1.000000E+01    1.000000E+00    1.422577E-01   -9.604000E+00   -9.550543E+00
   2.000000E-09    1.000000E+00    1.744000E+00    8.200000E+01    1.380000E+00   -5.918000E-01    1.146000E+00    3.279000E+00    3.328000E+00    3.785000E+00    1.831000E+00    3.016000E+00    7.500000E+00    1.045000E+01    2.660000E+00    5.000000E+00    5.300000E+01    3.375000E+00    2.903000E+00    3.850000E+00    1.170000E+00    6.544000E-02    9.199000E-04   -9.813000E+00    2.000000E+00    1.000000E+00    1.110000E+03    8.000000E+01   -1.000000E+01   -1.000000E+00    2.755688E-01   -1.057000E+01   -1.036242E+01
   1.010000E-09    1.000000E+00    1.453000E+00    1.080000E+02    1.176000E+00   -1.000000E+01   -1.000000E+01   -1.000000E+01   -1.000000E+01   -1.000000E+01   -1.000000E+01   -1.000000E+01    6.917000E+00    5.139000E+00    9.300000E-01    3.000000E+00    1.100000E+01    1.777000E+00    7.958000E-01    2.890000E+00    1.580000E+00    3.488000E-01    1.162000E-03   -1.452000E+01    2.000000E+00    2.000000E+00    1.000000E+03    9.800000E+01   -1.000000E+01    1.000000E+00    2.852694E-01   -9.979000E+00   -9.954639E+00
   7.900000E-10    2.000000E+00    1.491000E+00    8.300000E+01    1.362000E+00   -2.839000E+00    5.441000E-01    9.191000E-01    1.114000E+00    6.990000E-01   -1.000000E+01    9.345000E-01    7.000000E+00    5.695000E+00    9.500000E-01    5.000000E+00    3.800000E+01    2.491000E+00    8.493000E-01    3.850000E+00    1.428000E+00    4.674000E-01    9.432000E-04   -1.094000E+01    2.000000E+00    1.000000E+00    1.400000E+03    8.000000E+01    1.699000E+00    2.000000E+00    2.585403E-01   -1.106000E+01   -1.073852E+01
   6.020000E-10    3.000000E+00    1.580000E+00    7.900000E+01    1.398000E+00   -1.000000E+00   -1.000000E+01    3.362000E+00   -1.000000E+01    3.550000E+00   -1.000000E+01   -1.000000E+01    5.000000E+00    5.670000E+00    1.200000E+00    6.000000E+00    6.300000E+01    2.815000E+00    7.264000E-01    4.360000E+00    1.318000E+00    5.883000E-01    8.974000E-04   -1.002000E+01    2.000000E+00    3.000000E+00    1.000000E+03    8.200000E+01   -1.000000E+01    3.000000E+00    3.006919E+00   -9.301000E+00   -9.929662E+00
   2.100000E-09    1.000000E+00    1.279000E+00    9.300000E+01    1.398000E+00   -1.000000E+01   -1.000000E+01   -1.000000E+01   -1.000000E+01   -1.000000E+01   -1.000000E+01   -1.000000E+01    1.250000E+01    3.894000E+00    7.900000E-01    6.000000E+00    5.500000E+01    2.333000E+00    2.100000E+00    4.360000E+00    1.690000E+00    4.571000E-02    8.974000E-04   -1.452000E+01    2.000000E+00    2.000000E+00    1.200000E+03    4.750000E+01   -1.000000E+01    1.000000E+00    4.669943E-01   -9.573000E+00   -9.560169E+00
   8.500000E-10    2.000000E+00    6.021000E-01    6.700000E+01    1.398000E+00   -3.523000E+00   -1.000000E+01   -1.000000E+01   -1.000000E+01    8.506000E-01   -1.000000E+01   -1.000000E+01    6.200000E+00    5.212000E+00    8.900000E-01    6.000000E+00    5.600000E+01    2.699000E+00    9.833000E-01    4.360000E+00    2.224000E+00    4.385000E-01    8.974000E-04   -1.128000E+01    1.300000E+01    1.000000E+00    2.640000E+03    0.000000E+00   -1.000000E+01    2.000000E+00    7.635399E-02   -1.213000E+01   -1.230697E+01
   2.000000E-09    1.000000E+00    1.744000E+00    8.200000E+01    1.380000E+00   -5.918000E-01    1.146000E+00    3.279000E+00    3.328000E+00    3.785000E+00    1.831000E+00    3.016000E+00    7.500000E+00    1.045000E+01    2.660000E+00    5.000000E+00    5.300000E+01    3.375000E+00    2.903000E+00    3.850000E+00    1.170000E+00    6.544000E-02    9.199000E-04   -9.813000E+00    2.000000E+00    1.000000E+00    1.460000E+03    8.000000E+01   -1.000000E+01   -1.000000E+00    2.755688E-01   -1.192000E+01   -1.173089E+01
   2.000000E-09    1.000000E+00    2.477000E+00    5.000000E+01    1.380000E+00   -6.108000E-01    1.176000E+00    3.262000E+00    3.292000E+00    3.770000E+00    1.447000E+00    3.051000E+00    7.200000E+00    1.045000E+01    2.660000E+00    5.000000E+00    5.300000E+01    3.375000E+00    2.903000E+00    3.850000E+00    2.218000E-01    6.544000E-02    9.199000E-04   -9.822000E+00    2.600000E+01    1.000000E+00    1.380000E+03    3.500000E+01   -1.000000E+01   -1.000000E+00    3.228880E-01   -1.089000E+01   -1.087796E+01
   2.000000E-09    1.000000E+00    1.447000E+00    1.080000E+02    1.398000E+00   -1.398000E+00   -1.000000E+01   -1.000000E+01    2.904000E+00   -1.000000E+01   -1.000000E+01   -1.000000E+01    1.250000E+01    1.297000E+01    3.160000E+00    3.000000E+00    1.700000E+01    2.822000E+00    2.419000E+00    2.890000E+00    1.586000E+00    6.690000E-02    8.974000E-04   -1.022000E+01    2.000000E+00    1.000000E+00    1.600000E+03    9.800000E+01   -1.000000E+01   -1.000000E+00    4.411773E-02   -1.049000E+01   -1.083310E+01
   9.000000E-10    2.000000E+00    1.279000E+00    9.300000E+01    1.398000E+00   -2.190000E-01   -1.000000E+01    4.105000E+00    2.983000E+00    2.697000E+00    2.086000E+00   -1.000000E+01    1.250000E+01    7.344000E+00    1.960000E+00    5.000000E+00    5.000000E+01    2.829000E+00    1.091000E+00    3.850000E+00    1.690000E+00    4.137000E-01    8.974000E-04   -9.626000E+00    2.000000E+00    2.000000E+00    1.200000E+03    4.750000E+01   -1.000000E+01    2.000000E+00    1.798458E+00   -9.947000E+00   -9.900928E+00
   2.100000E-09    0.000000E+00    1.279000E+00    9.300000E+01    1.398000E+00    8.198000E-01   -1.000000E+01    5.178000E+00    3.983000E+00    5.366000E+00    2.086000E+00   -1.000000E+01    1.250000E+01    1.360000E+01    2.200000E+00    1.000000E+00    1.000000E+00    8.499000E-01    7.650000E-01    8.500000E-01    1.690000E+00    4.571000E-02    8.974000E-04   -9.106000E+00    2.000000E+00    2.000000E+00    1.200000E+03    4.750000E+01   -1.000000E+01    0.000000E+00    1.439838E-02   -9.289000E+00   -9.600337E+00
   7.900000E-10    2.000000E+00    1.580000E+00    7.900000E+01    1.398000E+00   -1.000000E+00   -1.000000E+01    3.362000E+00   -1.000000E+01    3.550000E+00   -1.000000E+01   -1.000000E+01    6.600000E+00    5.695000E+00    9.500000E-01    5.000000E+00    3.800000E+01    2.491000E+00    8.436000E-01    3.850000E+00    1.318000E+00    4.703000E-01    8.974000E-04   -1.002000E+01    2.000000E+00    3.000000E+00    1.000000E+03    8.200000E+01   -1.000000E+01    2.000000E+00    1.825088E-01   -8.824000E+00   -8.937936E+00
   2.090000E-09    4.000000E+00    1.580000E+00    7.900000E+01    1.398000E+00   -1.456000E+00    1.041000E+00    2.824000E+00    8.202000E-01    2.121000E+00   -1.000000E+01    2.940000E+00    8.900000E+00    6.307000E+00    1.300000E+00    7.000000E+00    9.000000E+01    3.398000E+00    3.044000E+00    4.990000E+00    1.318000E+00    4.778000E-02    8.974000E-04   -1.024000E+01    2.000000E+00    2.000000E+00    2.000000E+03    8.000000E+01   -1.000000E+01    0.000000E+00    6.172920E+00   -1.049000E+01   -1.043487E+01
   2.140000E-09    0.000000E+00    1.447000E+00    1.300000E+01    1.398000E+00   -6.990000E-01    2.228000E+00    3.538000E+00    2.462000E+00    3.754000E+00    1.279000E+00    2.983000E+00    7.900000E+00    1.360000E+01    2.200000E+00    1.000000E+00    1.000000E+00    8.499000E-01    7.796000E-01    8.500000E-01    6.668000E-01    3.752000E-02    8.974000E-04   -9.866000E+00    4.000000E+00    4.000000E+00    2.600000E+03    0.000000E+00   -1.000000E+01    0.000000E+00    8.058287E-02   -1.117000E+01   -1.126084E+01
   2.032000E-10    1.000000E+00    1.748000E+00    1.110000E+02    1.903000E+00   -7.282000E-01    1.596000E+00    3.415000E+00    2.736000E+00    3.353000E+00    1.827000E+00    3.670000E+00    7.560000E+00    1.297000E+01    3.160000E+00    3.000000E+00    1.700000E+01    2.822000E+00    2.075000E-01    2.890000E+00    1.297000E+00    1.134000E+00    3.547000E-04   -9.844000E+00    2.000000E+00    1.000000E+00    1.400000E+03    9.200000E+01   -1.000000E+01   -1.000000E+00    2.570913E+00   -9.824000E+00   -9.868967E+00
   2.060000E-09    1.000000E+00    1.453000E+00    1.100000E+02    1.362000E+00   -1.000000E+00   -1.000000E+01    3.362000E+00   -1.000000E+01    3.550000E+00   -1.000000E+01   -1.000000E+01    7.000000E+00    3.894000E+00    7.900000E-01    6.000000E+00    5.500000E+01    2.333000E+00    2.074000E+00    4.360000E+00    1.588000E+00    5.114000E-02    9.432000E-04   -1.002000E+01    2.000000E+00    1.000000E+00    8.000000E+02    9.800000E+01   -1.000000E+01    1.000000E+00    3.092121E-01   -9.192000E+00   -9.241566E+00
   2.030000E-09    1.000000E+00    1.580000E+00    7.200000E+01    1.176000E+00   -3.010000E-01   -1.000000E+01    4.061000E+00   -1.000000E+01    4.249000E+00   -1.000000E+01   -1.000000E+01    6.800000E+00    1.045000E+01    2.660000E+00    5.000000E+00    5.300000E+01    3.375000E+00    3.039000E+00    3.850000E+00    1.278000E+00    4.562000E-02    1.162000E-03   -9.674000E+00    2.000000E+00    1.000000E+00    1.200000E+03    8.200000E+01   -1.000000E+01   -1.000000E+00    1.234509E+00   -9.991000E+00   -9.859039E+00
   8.050000E-10    2.000000E+00    1.580000E+00    7.870000E+01    1.398000E+00   -2.218000E-01   -1.000000E+01    4.140000E+00   -1.000000E+01    4.328000E+00   -1.000000E+01   -1.000000E+01    7.293000E+00    5.695000E+00    9.500000E-01    5.000000E+00    3.800000E+01    2.491000E+00    8.596000E-01    3.850000E+00    1.316000E+00    4.621000E-01    8.974000E-04   -9.627000E+00    2.000000E+00    7.000000E+00    1.740000E+03    8.200000E+01   -1.000000E+01    2.000000E+00    4.468154E-02   -1.063000E+01   -1.033983E+01
   1.350000E-09    1.000000E+00    1.453000E+00    1.080000E+02    1.398000E+00   -1.000000E+01   -1.000000E+01   -1.000000E+01   -1.000000E+01   -1.000000E+01   -1.000000E+01   -1.000000E+01    6.229000E+00    5.139000E+00    9.300000E-01    3.000000E+00    1.100000E+01    1.777000E+00    1.028000E+00    2.890000E+00    1.580000E+00    2.376000E-01    8.974000E-04   -1.452000E+01    2.000000E+00    2.000000E+00    1.800000E+03    9.800000E+01    1.857000E+00    1.000000E+00    1.822050E-01   -1.009000E+01   -1.041658E+01
   2.000000E-09    7.000000E+00    1.744000E+00    8.200000E+01    1.380000E+00   -5.918000E-01    1.146000E+00    3.279000E+00    3.330000E+00    3.785000E+00    1.831000E+00    3.016000E+00    7.500000E+00    7.280000E+00    1.900000E+00    5.000000E+00    4.300000E+01    2.817000E+00    2.423000E+00    3.850000E+00    1.170000E+00    6.544000E-02    9.199000E-04   -9.813000E+00    2.000000E+00    1.000000E+00    9.500000E+02    8.000000E+01   -1.000000E+01   -1.000000E+00    1.250384E-01   -9.559000E+00   -9.618908E+00
   1.330000E-09    1.000000E+00    1.453000E+00    1.100000E+02    1.362000E+00   -2.000000E+00   -1.000000E+01    2.362000E+00   -1.000000E+01    2.550000E+00   -1.000000E+01   -1.000000E+01    7.000000E+00    5.139000E+00    9.300000E-01    3.000000E+00    1.100000E+01    1.777000E+00    1.020000E+00    2.890000E+00    1.588000E+00    2.412000E-01    9.432000E-04   -1.052000E+01    2.000000E+00    1.000000E+00    8.000000E+02    9.800000E+01   -1.000000E+01    1.000000E+00    2.318538E-01   -8.818000E+00   -9.044999E+00
   1.130000E-09    6.000000E+00    1.999000E+00    1.080000E+02    1.362000E+00   -3.010000E-01   -1.000000E+01    4.061000E+00   -1.000000E+01    4.249000E+00   -1.000000E+01   -1.000000E+01    8.600000E+00    6.767000E+00    1.660000E+00    4.000000E+00    2.400000E+01    2.434000E+00    1.187000E+00    3.450000E+00    1.034000E+00    3.119000E-01    9.432000E-04   -9.668000E+00    3.000000E+00    1.000000E+00    1.700000E+03    1.000000E+02    1.301000E+00   -1.000000E+00    3.762564E-02   -1.052000E+01   -1.053172E+01
   1.550000E-09    4.000000E+00    1.999000E+00    1.080000E+02    1.398000E+00   -1.355000E-01   -1.000000E+01    4.192000E+00   -1.000000E+01   -1.000000E+01   -1.000000E+01   -1.000000E+01    7.000000E+00    9.752000E+00    2.550000E+00    4.000000E+00    3.400000E+01    2.921000E+00    1.941000E+00    3.450000E+00    1.034000E+00    1.776000E-01    8.974000E-04   -9.584000E+00    3.000000E+00    1.000000E+00    1.600000E+03    1.000000E+02   -1.000000E+01   -1.000000E+00    2.907388E-02   -1.017000E+01   -1.041523E+01
   2.000000E-09    7.000000E+00    1.580000E+00    7.900000E+01    1.398000E+00   -1.000000E+00   -1.000000E+01    3.362000E+00   -1.000000E+01    3.550000E+00   -1.000000E+01   -1.000000E+01    8.000000E+00    7.280000E+00    1.900000E+00    5.000000E+00    4.300000E+01    2.817000E+00    2.415000E+00    3.850000E+00    1.318000E+00    6.690000E-02    8.974000E-04   -1.002000E+01    2.000000E+00    3.000000E+00    1.020000E+03    8.200000E+01   -1.000000E+01   -1.000000E+00    5.704410E-01   -9.469000E+00   -9.385286E+00
   1.550000E-09    1.000000E+00    1.453000E+00    1.080000E+02    1.477000E+00   -1.000000E+01   -1.000000E+01   -1.000000E+01   -1.000000E+01   -1.000000E+01   -1.000000E+01   -1.000000E+01    7.069000E+00    5.139000E+00    9.300000E-01    3.000000E+00    1.100000E+01    1.777000E+00    1.161000E+00    2.890000E+00    1.580000E+00    1.848000E-01    7.959000E-04   -1.451000E+01    2.000000E+00    2.000000E+00    1.000000E+03    9.800000E+01   -1.000000E+01    1.000000E+00    1.638733E-01   -9.793000E+00   -9.788050E+00
