   2.100000E-09    1.000000E+00    1.550000E+00    6.600000E-01    1.397940E+00   -4.975729E-01    1.549003E+00    3.692847E+00    3.615950E+00   -1.000000E+01   -1.000000E+01   -1.000000E+01    7.090000E+00    3.893900E+00    7.900000E-01    6.000000E+00    5.500000E+01    2.332971E+00    2.099903E+00    4.360000E+00    6.292123E-01    1.110990E+00    8.974315E-04    1.717721E-10    1.500000E+01   -1.070581E+00   -1.208105E+00
   6.600000E-10    2.000000E+00    2.400000E+01    8.750000E+01    1.903090E+00   -1.602060E+00   -1.000000E+01    2.759668E+00   -1.000000E+01   -1.000000E+01   -1.000000E+01   -1.000000E+01    8.080000E+00    7.639900E+00    1.910000E+00    4.000000E+00    2.800000E+01    2.585791E+00    6.175663E-01    3.450000E+00    1.561797E+00    4.187067E+00    3.546804E-04    5.241689E-11    3.000000E+00    1.637490E+00    1.541246E+00
   7.900000E-10    2.000000E+00    5.400000E+00    9.920000E+00    1.397940E+00   -1.829738E+00   -1.000000E+01    2.130334E+00    2.049218E+00   -1.000000E+01    2.509203E+00   -1.000000E+01    8.800000E+00    5.694900E+00    9.500000E-01    5.000000E+00    3.800000E+01    2.491348E+00    8.435911E-01    3.850000E+00    1.264118E+00    2.953264E+00    8.974315E-04    3.705697E-11    5.000000E+00   -5.100415E-01   -8.521269E-01
   4.300000E-10    4.000000E+00    9.100000E-01    1.200000E+00    1.397940E+00   -7.423214E-01    1.428135E+00    3.298853E+00    2.880814E+00    3.681241E+00    1.764176E+00    2.691081E+00    7.200000E+00    6.026000E+00    1.280000E+00    7.000000E+00    9.400000E+01    3.321587E+00    6.121878E-01    4.990000E+00    1.120140E+00    5.425765E+00    8.974315E-04    1.295921E-10    1.300000E+01    0.000000E+00   -1.164648E-01
   6.240000E-10    3.000000E+00    5.100000E+00    3.970000E+00    1.397940E+00   -2.192465E+00   -1.000000E+01    2.469822E+00   -1.000000E+01   -1.000000E+01    2.469822E+00   -1.000000E+01    8.800000E+00    5.973800E+00    1.300000E+00    7.000000E+00    9.500000E+01    3.307169E+00    8.845280E-01    4.990000E+00    8.912203E-01    3.738908E+00    8.974315E-04    2.440656E-11    1.000000E+00   -3.979400E-01   -7.108321E-01
   6.600000E-10    2.000000E+00    3.500000E+01    8.700000E+01    1.301030E+00   -1.000000E+00   -1.000000E+01    3.361728E+00   -1.000000E+01   -1.000000E+01   -1.000000E+01   -1.000000E+01    1.064000E+01    7.639900E+00    1.910000E+00    4.000000E+00    2.800000E+01    2.585791E+00    7.439657E-01    3.450000E+00    1.395451E+00    3.475686E+00    1.018135E-03    9.551391E-11    3.000000E+00    9.148718E-01    9.478234E-01
   2.090000E-09    4.000000E+00    8.640000E+01    6.500000E+00    1.397940E+00   -1.000000E+00   -1.000000E+01    3.361728E+00   -1.000000E+01    3.550228E+00   -1.000000E+01   -1.000000E+01    3.000000E+00    6.306700E+00    1.300000E+00    7.000000E+00    9.000000E+01    3.398069E+00    3.044031E+00    4.990000E+00   -1.236004E-01    1.116306E+00    8.974315E-04    9.632502E-11    2.100000E+01   -7.281584E-01   -8.774597E-01
   7.200000E-10    6.000000E+00    5.660000E+01    8.000000E+01    1.397940E+00   -1.000000E+00   -1.000000E+01    3.361728E+00   -1.000000E+01   -1.000000E+01   -1.000000E+01   -1.000000E+01    2.410000E+00    6.193900E+00    1.380000E+00    7.000000E+00    9.200000E+01    3.367543E+00    1.039241E+00    4.990000E+00    1.150274E+00    3.240387E+00    8.974315E-04    9.632502E-11    3.000000E+00   -1.931420E-01   -1.261071E+00
   7.200000E-10    6.000000E+00    3.100000E+01    8.210000E+01    1.397940E+00   -1.000000E+00   -1.000000E+01    3.361728E+00   -1.000000E+01   -1.000000E+01   -1.000000E+01   -1.000000E+01    5.076000E+00    6.193900E+00    1.380000E+00    7.000000E+00    9.200000E+01    3.367543E+00    1.039241E+00    4.990000E+00    1.422981E+00    3.240387E+00    8.974315E-04    9.632502E-11    3.000000E+00   -2.418454E-01   -1.255435E-02
   6.600000E-10    2.000000E+00    2.000000E+01    2.800000E+01    1.395326E+00   -1.000000E+00   -1.000000E+01    3.361539E+00   -1.000000E+01   -1.000000E+01   -1.000000E+01   -1.000000E+01    6.010000E+00    7.639900E+00    1.910000E+00    4.000000E+00    2.800000E+01    2.585791E+00    7.318575E-01    3.450000E+00    1.146128E+00    3.533189E+00    9.007563E-04    9.630078E-11    6.000000E+00   -2.343902E+00   -1.624907E+00
   2.100000E-09    1.000000E+00    3.750000E+01    1.442000E+02    1.397940E+00   -3.663540E+00   -1.399027E+00    7.846173E-01   -1.698970E+00    1.583625E-01   -1.000000E+01    1.335389E-01    1.070000E+01    3.893900E+00    7.900000E-01    6.000000E+00    5.500000E+01    2.332971E+00    2.099903E+00    4.360000E+00    1.584934E+00    1.110990E+00    8.974315E-04    4.487133E-12    2.500000E+01    1.662758E+00    4.844067E-01
   7.900000E-10    2.000000E+00    2.800000E+01    1.030000E+02    1.342423E+00   -1.000000E+00   -1.000000E+01    3.361539E+00   -1.000000E+01    3.549616E+00   -1.000000E+01   -1.000000E+01    7.290000E+00    5.694900E+00    9.500000E-01    5.000000E+00    3.800000E+01    2.491348E+00    8.521657E-01    3.850000E+00    1.565679E+00    2.923548E+00    9.673286E-04    9.583918E-11    3.000000E+00   -7.077439E-01   -8.880090E-01
   6.200000E-10    3.000000E+00    2.300000E+00    9.300000E+00    1.342423E+00   -1.004365E+00   -1.000000E+01   -1.000000E+01    3.120574E+00    3.369216E+00   -1.000000E+01   -1.000000E+01    6.700000E+00    5.670400E+00    1.200000E+00    6.000000E+00    6.300000E+01    2.815295E+00    7.557500E-01    4.360000E+00    1.606755E+00    3.725167E+00    9.673286E-04    9.535878E-11    1.300000E+01   -7.695511E-01   -1.293001E-01
   7.200000E-10    6.000000E+00    4.600000E+01    1.100000E+01    1.395326E+00   -2.000000E+00   -1.000000E+01    2.361539E+00   -1.000000E+01   -1.000000E+01   -1.000000E+01   -1.000000E+01    9.000000E+00    6.193900E+00    1.380000E+00    7.000000E+00    9.200000E+01    3.367543E+00    1.039764E+00    4.990000E+00    3.786348E-01    3.238757E+00    9.007563E-04    3.045298E-11    7.000000E+00   -9.625735E-01   -5.087686E-01
   6.200000E-10    3.000000E+00    2.800000E+01    1.210000E+02    1.397940E+00   -1.000000E+00   -1.000000E+01    3.361539E+00   -1.000000E+01   -1.000000E+01   -1.000000E+01   -1.000000E+01    3.990000E+00    5.670400E+00    1.200000E+00    6.000000E+00    6.300000E+01    2.815295E+00    7.481457E-01    4.360000E+00    1.635627E+00    3.763030E+00    8.974315E-04    9.632502E-11    3.000000E+00   -7.446482E-03   -1.403539E-02
   6.240000E-10    3.000000E+00    1.242000E+01    1.720000E+01    1.397940E+00   -3.468521E+00    8.976271E-01   -3.010300E-01    5.440680E-01   -1.000000E+01    1.139434E-01   -1.000000E+01    6.200000E+00    5.973800E+00    1.300000E+00    7.000000E+00    9.500000E+01    3.307169E+00    8.845280E-01    4.990000E+00    1.141407E+00    3.738908E+00    8.974315E-04    5.616665E-12    2.300000E+01    1.673173E-01    9.801167E-01
   1.200000E-09    5.000000E+00    1.961000E+01    7.600000E+01    6.989700E-01   -2.111259E+00    5.502284E-01    1.311966E+00    1.798858E+00    1.075912E+00    2.361822E+00    1.715753E+00    7.010000E+00    6.265700E+00    1.360000E+00    7.000000E+00    9.300000E+01    3.387005E+00    1.867340E+00    4.990000E+00    1.588336E+00    1.813813E+00    1.535544E-03    2.588402E-11    9.000000E+00   -7.447275E-01   -9.069825E-01
   8.890000E-10    2.000000E+00    5.020000E+01    1.210000E+02    1.397940E+00   -2.000000E+00   -1.000000E+01    2.361539E+00   -1.000000E+01    2.549616E+00   -1.000000E+01   -1.000000E+01    7.000000E+00    5.278400E+00    9.000000E-01    7.000000E+00    8.800000E+01    3.108725E+00    1.184553E+00    4.990000E+00    1.382082E+00    2.624386E+00    8.974315E-04    3.046064E-11    3.000000E+00    1.340444E+00    1.227564E+00
   9.450000E-10    2.000000E+00    3.700000E+01    7.500000E+01    1.826075E+00   -1.000000E+00   -1.000000E+01    3.361539E+00   -1.000000E+01    3.549616E+00   -1.000000E+01   -1.000000E+01    7.400000E+00    7.416700E+00    2.330000E+00    6.000000E+00    8.200000E+01    3.219752E+00    1.143113E+00    4.360000E+00    1.306860E+00    2.816652E+00    4.085716E-04    1.028862E-10    2.000000E+00    1.127105E+00    9.927302E-01
   2.100000E-09    1.000000E+00    3.000000E+01    6.000000E+01    1.397940E+00   -2.204035E-01   -1.000000E+01    4.110590E+00    2.748963E+00    4.318063E+00   -1.000000E+01   -1.000000E+01    8.590000E+00    3.893900E+00    7.900000E-01    6.000000E+00    5.500000E+01    2.332971E+00    2.099903E+00    4.360000E+00    1.301030E+00    1.110990E+00    8.974315E-04    2.363401E-10    2.000000E+00   -1.214670E+00   -1.111100E+00
   6.240000E-10    3.000000E+00    1.710000E+01    6.400000E-01    1.397940E+00   -1.000000E+00   -1.000000E+01    3.361539E+00   -1.000000E+01    3.549616E+00   -1.000000E+01   -1.000000E+01    5.600000E+00    5.973800E+00    1.300000E+00    7.000000E+00    9.500000E+01    3.307169E+00    8.845280E-01    4.990000E+00   -4.268161E-01    3.738908E+00    8.974315E-04    9.632502E-11    7.000000E+00    6.180481E-01    3.995390E-01
   4.300000E-10    4.000000E+00    6.000000E+01    1.900000E+01    1.342423E+00   -2.156145E+00    8.976271E-01    1.929930E+00    1.178977E+00   -1.000000E+01   -1.000000E+01   -1.000000E+01    8.540000E+00    6.026000E+00    1.280000E+00    7.000000E+00    9.400000E+01    3.321587E+00    6.184103E-01    4.990000E+00    5.006024E-01    5.371170E+00    9.673286E-04    2.532041E-11    5.000000E+00    1.342423E+00    1.266024E+00
   1.990000E-09    2.000000E+00    2.400000E+01    1.442000E+02    1.397940E+00   -1.000000E+00   -1.000000E+01    3.361728E+00   -1.000000E+01    3.550228E+00   -1.000000E+01   -1.000000E+01    1.080000E+01    8.336900E+00    2.200000E+00    5.000000E+00    4.600000E+01    3.014349E+00    2.571090E+00    3.850000E+00    1.778754E+00    1.172401E+00    8.974315E-04    9.632502E-11    2.500000E+01   -9.208188E-01   -1.932418E-02
   7.200000E-10    6.000000E+00    3.100000E+01    8.210000E+01    1.397940E+00   -1.000000E+00   -1.000000E+01    3.361728E+00   -1.000000E+01   -1.000000E+01   -1.000000E+01   -1.000000E+01    6.251000E+00    6.193900E+00    1.380000E+00    7.000000E+00    9.200000E+01    3.367543E+00    1.039241E+00    4.990000E+00    1.422981E+00    3.240387E+00    8.974315E-04    9.632502E-11    3.000000E+00    3.838154E-01    7.966238E-01
   7.200000E-10    6.000000E+00    3.300000E+01    1.020000E+02    1.342423E+00   -2.000000E+00   -1.000000E+01    2.361728E+00   -1.000000E+01   -1.000000E+01   -1.000000E+01   -1.000000E+01    4.000000E+00    6.193900E+00    1.380000E+00    7.000000E+00    9.200000E+01    3.367543E+00    1.049804E+00    4.990000E+00    1.490086E+00    3.207782E+00    9.673286E-04    3.030701E-11    3.000000E+00   -7.851562E-01   -8.370753E-01
   6.200000E-10    3.000000E+00    3.500000E+01    6.300000E+01    1.397940E+00   -1.000000E+00   -1.000000E+01    3.361728E+00   -1.000000E+01   -1.000000E+01   -1.000000E+01   -1.000000E+01    6.302000E+00    5.670400E+00    1.200000E+00    6.000000E+00    6.300000E+01    2.815295E+00    7.481457E-01    4.360000E+00    1.255273E+00    3.763030E+00    8.974315E-04    9.632502E-11    3.000000E+00   -1.007446E+00    5.424364E-01
   6.600000E-10    2.000000E+00    3.500000E+01    8.700000E+01    1.301030E+00   -1.000000E+00   -1.000000E+01    3.361728E+00   -1.000000E+01   -1.000000E+01   -1.000000E+01   -1.000000E+01    6.000000E+00    7.639900E+00    1.910000E+00    4.000000E+00    2.800000E+01    2.585791E+00    7.439657E-01    3.450000E+00    1.395451E+00    3.475686E+00    1.018135E-03    9.551391E-11    3.000000E+00   -2.502637E-01   -5.875277E-01
   6.600000E-10    2.000000E+00    2.000000E+01    2.800000E+01    1.395326E+00   -2.000000E+00   -1.000000E+01    2.361539E+00   -1.000000E+01   -1.000000E+01   -1.000000E+01   -1.000000E+01    7.100000E+00    7.639900E+00    1.910000E+00    4.000000E+00    2.800000E+01    2.585791E+00    7.318575E-01    3.450000E+00    1.146128E+00    3.533189E+00    9.007563E-04    3.045298E-11    6.000000E+00   -6.197888E-01   -2.570645E-02
   6.600000E-10    2.000000E+00    2.000000E+01    2.800000E+01    1.395326E+00   -2.000000E+00   -1.000000E+01    2.361539E+00   -1.000000E+01   -1.000000E+01   -1.000000E+01   -1.000000E+01    6.740000E+00    7.639900E+00    1.910000E+00    4.000000E+00    2.800000E+01    2.585791E+00    7.318575E-01    3.450000E+00    1.146128E+00    3.533189E+00    9.007563E-04    3.045298E-11    6.000000E+00   -9.065783E-01   -6.554054E-01
   2.100000E-09    1.000000E+00    2.400000E+01    8.750000E+01    1.903090E+00   -1.602060E+00   -1.000000E+01    2.759668E+00   -1.000000E+01   -1.000000E+01   -1.000000E+01   -1.000000E+01    6.400000E+00    3.893900E+00    7.900000E-01    6.000000E+00    5.500000E+01    2.332971E+00    1.772862E+00    4.360000E+00    1.561797E+00    1.315935E+00    3.546804E-04    5.241689E-11    3.000000E+00   -7.825161E-01   -9.185206E-01
   2.100000E-09    1.000000E+00    1.550000E+00    6.600000E-01    1.397940E+00   -2.480172E+00    1.217484E+00    1.782473E+00    1.354108E+00   -1.000000E+01   -1.000000E+01   -1.000000E+01    8.380000E+00    3.893900E+00    7.900000E-01    6.000000E+00    5.500000E+01    2.332971E+00    2.099903E+00    4.360000E+00    6.292123E-01    1.110990E+00    8.974315E-04    1.752480E-11    1.500000E+01   -1.853872E+00   -1.608592E+00
   7.200000E-10    6.000000E+00    5.660000E+01    8.000000E+01    1.397940E+00   -1.000000E+00   -1.000000E+01    3.361728E+00   -1.000000E+01   -1.000000E+01   -1.000000E+01   -1.000000E+01    6.100000E+00    6.193900E+00    1.380000E+00    7.000000E+00    9.200000E+01    3.367543E+00    1.039241E+00    4.990000E+00    1.150274E+00    3.240387E+00    8.974315E-04    9.632502E-11    3.000000E+00   -4.364805E-03    1.497085E-01
   6.600000E-10    2.000000E+00    3.500000E+01    8.700000E+01    1.301030E+00   -1.004365E+00   -1.698970E+00   -7.447275E-01    3.120574E+00   -1.000000E+01   -1.000000E+01   -1.000000E+01    5.600000E+00    7.639900E+00    1.910000E+00    4.000000E+00    2.800000E+01    2.585791E+00    7.439657E-01    3.450000E+00    1.395451E+00    3.475686E+00    1.018135E-03    9.503514E-11    3.000000E+00   -1.140261E+00   -1.148043E+00
   6.200000E-10    3.000000E+00    5.360000E+01    6.230000E+01    1.342423E+00   -1.000000E+00   -1.000000E+01    3.361728E+00   -1.000000E+01    3.550228E+00   -1.000000E+01   -1.000000E+01    4.040000E+00    5.670400E+00    1.200000E+00    6.000000E+00    6.300000E+01    2.815295E+00    7.557500E-01    4.360000E+00    1.065323E+00    3.725167E+00    9.673286E-04    9.583918E-11    2.000000E+00    1.238516E-01   -3.979110E-02
   4.300000E-10    5.000000E+00    7.090000E+01    6.500000E+00    1.301030E+00   -1.000000E+00   -1.000000E+01    3.361728E+00   -1.000000E+01   -1.000000E+01   -1.000000E+01   -1.000000E+01    5.910000E+00    6.026000E+00    1.280000E+00    7.000000E+00    9.400000E+01    3.321587E+00    6.226294E-01    4.990000E+00   -3.773288E-02    5.334774E+00    1.018135E-03    9.551391E-11    2.100000E+01    1.485721E+00    8.474997E-01
   7.900000E-10    2.000000E+00    5.400000E+00    9.920000E+00    1.397940E+00   -1.829738E+00   -1.000000E+01    2.130334E+00    2.049218E+00   -1.000000E+01    2.509203E+00   -1.000000E+01    8.800000E+00    5.694900E+00    9.500000E-01    5.000000E+00    3.800000E+01    2.491348E+00    8.435911E-01    3.850000E+00    1.264118E+00    2.953264E+00    8.974315E-04    3.705697E-11    5.000000E+00   -8.181564E-01   -8.521269E-01
   2.100000E-09    1.000000E+00    9.900000E+01    9.200000E+01    1.397940E+00   -1.000000E+00   -1.000000E+01    3.361728E+00   -1.000000E+01   -1.000000E+01   -1.000000E+01   -1.000000E+01    9.538000E+00    3.893900E+00    7.900000E-01    6.000000E+00    5.500000E+01    2.332971E+00    2.099903E+00    4.360000E+00    9.681526E-01    1.110990E+00    8.974315E-04    9.632502E-11    3.000000E+00   -3.496925E-01   -3.809824E-01
   2.090000E-09    4.000000E+00    3.000000E+01    7.600000E+01    1.397940E+00   -2.000000E+00   -1.000000E+01    2.361728E+00   -1.000000E+01   -1.000000E+01   -1.000000E+01   -1.000000E+01    3.100000E+00    6.306700E+00    1.300000E+00    7.000000E+00    9.000000E+01    3.398069E+00    3.044031E+00    4.990000E+00    1.403692E+00    1.116306E+00    8.974315E-04    3.046064E-11    2.000000E+00    1.902547E+00    1.473016E+00
   2.090000E-09    4.000000E+00    3.000000E+01    7.600000E+01    1.397940E+00   -2.000000E+00   -1.000000E+01    2.361728E+00   -1.000000E+01   -1.000000E+01   -1.000000E+01   -1.000000E+01    3.100000E+00    6.306700E+00    1.300000E+00    7.000000E+00    9.000000E+01    3.398069E+00    3.044031E+00    4.990000E+00    1.403692E+00    1.116306E+00    8.974315E-04    3.046064E-11    2.000000E+00    9.965117E-01    1.473016E+00
   1.200000E-09    5.000000E+00    8.379000E+01    8.440000E+01    1.397940E+00   -1.000000E+00   -1.000000E+01    3.361539E+00   -1.000000E+01   -1.000000E+01   -1.000000E+01   -1.000000E+01    9.010000E+00    6.265700E+00    1.360000E+00    7.000000E+00    9.300000E+01    3.387005E+00    1.742078E+00    4.990000E+00    1.003150E+00    1.944232E+00    8.974315E-04    9.632502E-11    3.000000E+00   -3.400838E-01   -6.587531E-01
   7.200000E-10    6.000000E+00    3.300000E+01    1.020000E+02    1.342423E+00   -1.000000E+00   -1.000000E+01    3.361728E+00   -1.000000E+01   -1.000000E+01   -1.000000E+01   -1.000000E+01    7.500000E+00    6.193900E+00    1.380000E+00    7.000000E+00    9.200000E+01    3.367543E+00    1.049804E+00    4.990000E+00    1.490086E+00    3.207782E+00    9.673286E-04    9.583918E-11    3.000000E+00    1.004321E+00    1.561217E-02
   2.100000E-09    1.000000E+00    2.800000E-01    7.600000E-01    1.397940E+00   -5.058454E-01    1.519828E+00    3.685742E+00    3.607455E+00   -1.000000E+01   -1.000000E+01   -1.000000E+01    7.790000E+00    3.893900E+00    7.900000E-01    6.000000E+00    5.500000E+01    2.332971E+00    2.099903E+00    4.360000E+00    1.433656E+00    1.110990E+00    8.974315E-04    1.701439E-10    1.600000E+01   -1.292430E+00   -1.235571E+00
   7.900000E-10    2.000000E+00    3.100000E-01    1.000000E-02    1.322219E+00   -2.000000E+00   -1.000000E+01    2.361728E+00   -1.000000E+01   -1.000000E+01   -1.000000E+01   -1.000000E+01    8.442000E+00    5.694900E+00    9.500000E-01    5.000000E+00    3.800000E+01    2.491348E+00    8.550627E-01    3.850000E+00   -4.913618E-01    2.913643E+00    9.922914E-04    3.025562E-11    2.200000E+01   -2.322393E+00   -2.583012E+00
   6.200000E-10    3.000000E+00    3.000000E+01    7.600000E+01    1.397940E+00   -2.000000E+00   -1.000000E+01    2.361728E+00   -1.000000E+01   -1.000000E+01   -1.000000E+01   -1.000000E+01    4.100000E+00    5.670400E+00    1.200000E+00    6.000000E+00    6.300000E+01    2.815295E+00    7.481457E-01    4.360000E+00    1.403692E+00    3.763030E+00    8.974315E-04    3.046064E-11    2.000000E+00    1.149219E+00    7.296772E-01
   7.200000E-10    6.000000E+00    2.090000E+00    1.000000E-02    1.397940E+00   -1.000000E+00   -1.000000E+01    3.361728E+00   -1.000000E+01   -1.000000E+01   -1.000000E+01   -1.000000E+01    6.920000E+00    6.193900E+00    1.380000E+00    7.000000E+00    9.200000E+01    3.367543E+00    1.039241E+00    4.990000E+00   -1.320146E+00    3.240387E+00    8.974315E-04    9.632502E-11    1.900000E+01   -3.904056E-01   -3.024575E-01
   7.900000E-10    2.000000E+00    2.800000E+01    1.210000E+02    1.397940E+00   -3.010300E-01   -1.000000E+01    4.060509E+00    1.903958E+00   -1.000000E+01   -1.000000E+01   -1.000000E+01    8.480000E+00    5.694900E+00    9.500000E-01    5.000000E+00    3.800000E+01    2.491348E+00    8.435911E-01    3.850000E+00    1.635627E+00    2.953264E+00    8.974315E-04    2.153893E-10    3.000000E+00   -1.671620E+00   -1.811391E+00
   1.200000E-09    5.000000E+00    1.100000E+01    5.470000E+01    1.602060E+00   -1.924453E+00   -1.000000E+01    2.361728E+00   -1.000000E+01    2.550228E+00    2.130334E+00   -1.000000E+01    8.000000E+00    6.265700E+00    1.360000E+00    7.000000E+00    9.300000E+01    3.387005E+00    1.658632E+00    4.990000E+00    1.696595E+00    2.042047E+00    6.388855E-04    3.405425E-11    2.000000E+00   -1.690370E+00   -9.868700E-01
   8.890000E-10    2.000000E+00    1.460000E+02    6.500000E+00    1.397940E+00   -2.000000E+00   -1.000000E+01    2.361539E+00   -1.000000E+01    2.549616E+00   -1.000000E+01   -1.000000E+01    5.000000E+00    5.278400E+00    9.000000E-01    7.000000E+00    8.800000E+01    3.108725E+00    1.184553E+00    4.990000E+00   -3.514395E-01    2.624386E+00    8.974315E-04    3.046064E-11    2.100000E+01   -3.575355E-01   -3.267665E-01
   6.240000E-10    3.000000E+00    3.750000E+01    1.650000E+01    1.397940E+00   -3.508638E+00    1.760913E-01    7.708520E-01   -6.048075E-02   -1.000000E+01    9.190781E-01   -1.000000E+01    7.200000E+00    5.973800E+00    1.300000E+00    7.000000E+00    9.500000E+01    3.307169E+00    8.845280E-01    4.990000E+00    6.434527E-01    3.738908E+00    8.974315E-04    5.363150E-12    2.500000E+01    1.553360E-01    5.080841E-02
   2.100000E-09    1.000000E+00    2.800000E-01    7.600000E-01    1.397940E+00   -6.695862E-01    1.367356E+00    3.991226E+00    8.870544E-01   -1.000000E+01   -1.000000E+01   -1.000000E+01    8.850000E+00    3.893900E+00    7.900000E-01    6.000000E+00    5.500000E+01    2.332971E+00    2.099903E+00    4.360000E+00    1.433656E+00    1.110990E+00    8.974315E-04    1.409113E-10    1.600000E+01   -1.229148E+00   -1.365650E+00
   2.100000E-09    1.000000E+00    7.960000E+01    7.600000E+01    1.397940E+00   -1.288193E+00    2.736397E+00    1.354108E+00    1.985875E+00    2.539076E+00    1.729165E+00    4.623980E-01    7.000000E+00    3.893900E+00    7.900000E-01    6.000000E+00    5.500000E+01    2.332971E+00    2.099903E+00    4.360000E+00    9.799005E-01    1.110990E+00    8.974315E-04    6.912620E-11    4.000000E+00   -2.403322E-01   -2.657117E-01
   6.200000E-10    3.000000E+00    2.400000E+01    8.750000E+01    1.602060E+00   -1.602060E+00   -1.000000E+01    2.759668E+00   -1.000000E+01   -1.000000E+01   -1.000000E+01   -1.000000E+01    4.530000E+00    5.670400E+00    1.200000E+00    6.000000E+00    6.300000E+01    2.815295E+00    7.123092E-01    4.360000E+00    1.561797E+00    3.952349E+00    6.388855E-04    4.935918E-11    3.000000E+00    8.853612E-01    1.369647E+00
   6.600000E-10    2.000000E+00    2.950000E+01    7.600000E+01    1.447158E+00   -2.000000E+00   -1.000000E+01    2.361728E+00   -1.000000E+01   -1.000000E+01   -1.000000E+01   -1.000000E+01    6.500000E+00    7.639900E+00    1.910000E+00    4.000000E+00    2.800000E+01    2.585791E+00    7.242024E-01    3.450000E+00    1.410992E+00    3.570537E+00    8.344425E-04    3.061351E-11    2.000000E+00    2.227165E-01    2.040890E-01
   2.100000E-09    1.000000E+00    4.000000E-01    4.000000E+00    1.397940E+00   -5.142786E-01    1.418301E+00    3.682145E+00    3.596597E+00   -1.000000E+01   -1.000000E+01   -1.000000E+01    7.330000E+00    3.893900E+00    7.900000E-01    6.000000E+00    5.500000E+01    2.332971E+00    2.099903E+00    4.360000E+00    2.000000E+00    1.110990E+00    8.974315E-04    1.685000E-10    1.300000E+01   -1.853872E+00   -1.580390E+00
   2.100000E-09    1.000000E+00    5.100000E+00    3.970000E+00    1.397940E+00   -2.192465E+00   -1.000000E+01    2.469822E+00   -1.000000E+01   -1.000000E+01    2.469822E+00   -1.000000E+01    8.800000E+00    3.893900E+00    7.900000E-01    6.000000E+00    5.500000E+01    2.332971E+00    2.099903E+00    4.360000E+00    8.912203E-01    1.110990E+00    8.974315E-04    2.440656E-11    1.000000E+00    3.424227E-01    2.300083E-01
   9.230000E-10    4.000000E+00    3.750000E+01    1.442000E+02    1.397940E+00   -3.663540E+00   -1.399027E+00    7.846173E-01   -1.698970E+00    1.583625E-01   -1.000000E+01    1.335389E-01    1.000000E+01    1.126030E+01    2.550000E+00    2.000000E+00    6.000000E+00    1.810750E+00    7.163593E-01    1.990000E+00    1.584934E+00    2.527713E+00    8.974315E-04    4.487133E-12    2.500000E+01   -1.344862E+00   -1.335576E+00
   6.200000E-10    3.000000E+00    3.000000E+01    7.600000E+01    1.397940E+00   -1.301030E+00   -1.000000E+01    3.060698E+00   -1.000000E+01   -1.000000E+01   -1.000000E+01   -1.000000E+01    2.498000E+00    5.670400E+00    1.200000E+00    6.000000E+00    6.300000E+01    2.815295E+00    7.481457E-01    4.360000E+00    1.403692E+00    3.763030E+00    8.974315E-04    6.811207E-11    2.000000E+00    6.445799E-02   -2.820970E-02
   7.200000E-10    6.000000E+00    5.660000E+01    8.000000E+01    1.397940E+00   -3.000000E+00   -1.000000E+01    1.361728E+00   -1.000000E+01   -1.000000E+01   -1.000000E+01   -1.000000E+01    6.800000E+00    6.193900E+00    1.380000E+00    7.000000E+00    9.200000E+01    3.367543E+00    1.039241E+00    4.990000E+00    1.150274E+00    3.240387E+00    8.974315E-04    9.632502E-12    3.000000E+00    7.664128E-01    6.884196E-01
   1.200000E-09    5.000000E+00    2.800000E+01    1.080000E+02    1.301030E+00   -2.000000E+00   -1.000000E+01    2.361539E+00   -1.000000E+01   -1.000000E+01   -1.000000E+01   -1.000000E+01    2.400000E+00    6.265700E+00    1.360000E+00    7.000000E+00    9.300000E+01    3.387005E+00    1.771792E+00    4.990000E+00    1.586266E+00    1.911627E+00    1.018135E-03    3.020415E-11    2.000000E+00   -6.989700E-01   -9.449094E-01
   6.030000E-10    2.000000E+00    2.800000E+01    1.210000E+02    1.397940E+00   -1.000000E+00   -1.000000E+01    3.361539E+00   -1.000000E+01   -1.000000E+01   -1.000000E+01   -1.000000E+01    8.500000E+00    6.113200E+00    1.000000E+00    4.000000E+00    2.000000E+01    2.313044E+00    5.978219E-01    3.450000E+00    1.635627E+00    3.869119E+00    8.974315E-04    9.632502E-11    3.000000E+00   -6.861328E-01   -6.516419E-01
   6.200000E-10    3.000000E+00    3.500000E+01    8.700000E+01    1.301030E+00   -7.033348E-01   -1.079054E-01    8.388491E-01    3.423246E+00   -1.000000E+01   -1.000000E+01   -1.000000E+01    7.000000E+00    5.670400E+00    1.200000E+00    6.000000E+00    6.300000E+01    2.815295E+00    7.609061E-01    4.360000E+00    1.395451E+00    3.699924E+00    1.018135E-03    1.344000E-10    3.000000E+00    1.049218E+00   -3.570939E-02
   2.100000E-09    1.000000E+00    2.400000E+01    8.750000E+01    1.397940E+00   -1.602060E+00   -1.000000E+01    2.759668E+00   -1.000000E+01   -1.000000E+01   -1.000000E+01   -1.000000E+01    4.200000E+00    3.893900E+00    7.900000E-01    6.000000E+00    5.500000E+01    2.332971E+00    2.099903E+00    4.360000E+00    1.561797E+00    1.110990E+00    8.974315E-04    4.816251E-11    3.000000E+00   -6.695862E-01   -7.399246E-01
   6.200000E-10    3.000000E+00    3.700000E-01    1.200000E-01    1.397940E+00   -1.301030E+00   -1.000000E+01    3.060698E+00   -1.000000E+01   -1.000000E+01   -1.000000E+01   -1.000000E+01    7.279000E+00    5.670400E+00    1.200000E+00    6.000000E+00    6.300000E+01    2.815295E+00    7.481457E-01    4.360000E+00    5.109795E-01    3.763030E+00    8.974315E-04    6.811207E-11    2.200000E+01    9.858754E-01   -1.875968E-01
   6.600000E-10    2.000000E+00    4.900000E-01    1.400000E+00    1.397940E+00   -3.010300E-01   -1.000000E+01    4.060698E+00   -1.000000E+01   -1.000000E+01   -1.000000E+01   -1.000000E+01    9.918000E+00    7.639900E+00    1.910000E+00    4.000000E+00    2.800000E+01    2.585791E+00    7.314893E-01    3.450000E+00    1.455932E+00    3.534968E+00    8.974315E-04    2.153893E-10    2.000000E+01    2.095150E-01    1.349470E-01
   2.100000E-09    1.000000E+00    2.400000E+01    8.750000E+01    1.397940E+00   -1.602060E+00   -1.000000E+01    2.759668E+00   -1.000000E+01   -1.000000E+01   -1.000000E+01   -1.000000E+01    7.820000E+00    3.893900E+00    7.900000E-01    6.000000E+00    5.500000E+01    2.332971E+00    2.099903E+00    4.360000E+00    1.561797E+00    1.110990E+00    8.974315E-04    4.816251E-11    3.000000E+00   -6.020600E-01   -7.705174E-01
   7.900000E-10    2.000000E+00    7.960000E+01    7.600000E+01    1.342423E+00   -1.000000E+00   -1.000000E+01    3.361539E+00   -1.000000E+01    3.549616E+00   -1.000000E+01   -1.000000E+01    7.000000E+00    5.694900E+00    9.500000E-01    5.000000E+00    3.800000E+01    2.491348E+00    8.521657E-01    3.850000E+00    9.799005E-01    2.923548E+00    9.673286E-04    9.583918E-11    4.000000E+00   -1.185087E+00   -1.304756E+00
   7.200000E-10    6.000000E+00    2.090000E+00    1.000000E-02    1.397940E+00   -1.000000E+00   -1.000000E+01    3.361728E+00   -1.000000E+01   -1.000000E+01   -1.000000E+01   -1.000000E+01    6.160000E+00    6.193900E+00    1.380000E+00    7.000000E+00    9.200000E+01    3.367543E+00    1.039241E+00    4.990000E+00   -1.320146E+00    3.240387E+00    8.974315E-04    9.632502E-11    1.900000E+01   -2.620127E-01   -4.250289E-01
   1.200000E-09    5.000000E+00    2.712000E+01    7.600000E+01    6.989700E-01   -2.088310E+00    5.502284E-01    1.311966E+00    1.838471E+00    1.075912E+00    2.378761E+00    1.715753E+00    8.300000E+00    6.265700E+00    1.360000E+00    7.000000E+00    9.300000E+01    3.387005E+00    1.867340E+00    4.990000E+00    1.447524E+00    1.813813E+00    1.535544E-03    2.657702E-11    4.000000E+00   -1.075721E+00   -1.127542E+00
   6.600000E-10    2.000000E+00    3.500000E+01    8.700000E+01    1.301030E+00   -1.522879E+00   -1.000000E+01    2.838849E+00   -1.000000E+01   -1.000000E+01   -1.000000E+01   -1.000000E+01    5.220000E+00    7.639900E+00    1.910000E+00    4.000000E+00    2.800000E+01    2.585791E+00    7.439657E-01    3.450000E+00    1.395451E+00    3.475686E+00    1.018135E-03    5.231512E-11    3.000000E+00    2.118930E-02    1.269953E-02
   7.200000E-10    6.000000E+00    5.660000E+01    8.000000E+01    1.397940E+00   -3.000000E+00   -1.000000E+01    1.361728E+00   -1.000000E+01   -1.000000E+01   -1.000000E+01   -1.000000E+01    6.800000E+00    6.193900E+00    1.380000E+00    7.000000E+00    9.200000E+01    3.367543E+00    1.039241E+00    4.990000E+00    1.150274E+00    3.240387E+00    8.974315E-04    9.632502E-12    3.000000E+00    2.380461E-01    6.884196E-01
   1.200000E-09    5.000000E+00    8.379000E+01    8.440000E+01    1.397940E+00   -1.000000E+00   -1.000000E+01    3.361539E+00   -1.000000E+01   -1.000000E+01   -1.000000E+01   -1.000000E+01    8.430000E+00    6.265700E+00    1.360000E+00    7.000000E+00    9.300000E+01    3.387005E+00    1.742078E+00    4.990000E+00    1.003150E+00    1.944232E+00    8.974315E-04    9.632502E-11    3.000000E+00   -5.670307E-01   -6.167797E-01
   7.200000E-10    6.000000E+00    3.300000E+01    1.020000E+02    1.342423E+00   -1.301030E+00   -1.000000E+01    3.060698E+00   -1.000000E+01   -1.000000E+01   -1.000000E+01   -1.000000E+01    8.020000E+00    6.193900E+00    1.380000E+00    7.000000E+00    9.200000E+01    3.367543E+00    1.049804E+00    4.990000E+00    1.490086E+00    3.207782E+00    9.673286E-04    6.776853E-11    3.000000E+00    9.991305E-01    5.259116E-01
   7.900000E-10    2.000000E+00    2.800000E+01    1.030000E+02    1.342423E+00   -1.000000E+00   -1.000000E+01    3.361539E+00   -1.000000E+01    3.549616E+00   -1.000000E+01   -1.000000E+01    9.260000E+00    5.694900E+00    9.500000E-01    5.000000E+00    3.800000E+01    2.491348E+00    8.521657E-01    3.850000E+00    1.565679E+00    2.923548E+00    9.673286E-04    9.583918E-11    3.000000E+00   -5.686362E-01   -6.484035E-01
   2.100000E-09    1.000000E+00    9.900000E+01    4.800000E+01    1.397940E+00   -1.000000E+00   -1.000000E+01    3.361728E+00   -1.000000E+01   -1.000000E+01   -1.000000E+01   -1.000000E+01    8.000000E+00    3.893900E+00    7.900000E-01    6.000000E+00    5.500000E+01    2.332971E+00    2.099903E+00    4.360000E+00    6.856061E-01    1.110990E+00    8.974315E-04    9.632502E-11    3.000000E+00   -6.925040E-01   -4.591625E-01
   2.100000E-09    1.000000E+00    3.750000E+01    1.442000E+02    1.397940E+00   -1.837587E-01    1.133539E+00    3.976350E+00    2.462398E+00    4.222716E+00   -1.000000E+01    3.442480E+00    8.700000E+00    3.893900E+00    7.900000E-01    6.000000E+00    5.500000E+01    2.332971E+00    2.099903E+00    4.360000E+00    1.584934E+00    1.110990E+00    8.974315E-04    2.465243E-10    2.500000E+01   -4.672456E-01   -5.272589E-01
   1.200000E-09    5.000000E+00    1.710000E+01    6.400000E-01    1.397940E+00   -1.000000E+00   -1.000000E+01    3.361539E+00   -1.000000E+01    3.549616E+00   -1.000000E+01   -1.000000E+01    6.960000E+00    6.265700E+00    1.360000E+00    7.000000E+00    9.300000E+01    3.387005E+00    1.742078E+00    4.990000E+00   -4.268161E-01    1.944232E+00    8.974315E-04    9.632502E-11    7.000000E+00   -1.248721E+00   -1.171607E+00
   1.550000E-09    4.000000E+00    2.500000E+02    1.000000E-02    1.301030E+00   -1.000000E+00   -1.000000E+01    3.361728E+00   -1.000000E+01    3.550228E+00   -1.000000E+01   -1.000000E+01    8.600000E+00    9.752400E+00    2.550000E+00    4.000000E+00    3.400000E+01    2.921497E+00    1.974025E+00    3.450000E+00   -3.397940E+00    1.479970E+00    1.018135E-03    9.551391E-11    1.900000E+01    1.461280E-01    2.093579E-01
   2.100000E-09    1.000000E+00    7.960000E+01    1.300000E+02    1.397940E+00   -3.230623E+00   -1.000000E+01   -1.000000E+01   -1.000000E+01    1.319106E+00   -1.000000E+01   -1.000000E+01    6.400000E+00    3.893900E+00    7.900000E-01    6.000000E+00    5.500000E+01    2.332971E+00    2.099903E+00    4.360000E+00    1.213030E+00    1.110990E+00    8.974315E-04    7.386314E-12    4.000000E+00   -2.557070E-01   -6.377632E-01
   6.600000E-10    2.000000E+00    3.950000E+01    9.000000E+01    1.777064E+00   -2.000000E+00   -1.000000E+01    2.361539E+00   -1.000000E+01   -1.000000E+01   -1.000000E+01   -1.000000E+01    6.000000E+00    7.639900E+00    1.910000E+00    4.000000E+00    2.800000E+01    2.585791E+00    6.549356E-01    3.450000E+00    1.357645E+00    3.948161E+00    4.503641E-04    3.219169E-11    3.000000E+00    7.331973E-01    3.857191E-01
   8.890000E-10    2.000000E+00    9.900000E+01    4.540000E+01    1.397940E+00   -1.000000E+00   -1.000000E+01    3.361728E+00   -1.000000E+01    3.550228E+00   -1.000000E+01   -1.000000E+01    9.000000E+00    5.278400E+00    9.000000E-01    7.000000E+00    8.800000E+01    3.108725E+00    1.184553E+00    4.990000E+00    6.614207E-01    2.624386E+00    8.974315E-04    9.632502E-11    3.000000E+00   -8.830984E-02   -8.231309E-02
   6.600000E-10    2.000000E+00    2.000000E+01    2.800000E+01    1.395326E+00   -2.000000E+00   -1.000000E+01    2.361539E+00   -1.000000E+01   -1.000000E+01   -1.000000E+01   -1.000000E+01    2.730000E+00    7.639900E+00    1.910000E+00    4.000000E+00    2.800000E+01    2.585791E+00    7.318575E-01    3.450000E+00    1.146128E+00    3.533189E+00    9.007563E-04    3.045298E-11    6.000000E+00   -2.078314E+00   -1.018789E+00
   7.200000E-10    6.000000E+00    1.916000E+01    7.600000E+01    6.989700E-01   -2.088310E+00    5.502284E-01    1.311966E+00    1.838471E+00    1.075912E+00    2.378761E+00    1.715753E+00    7.330000E+00    6.193900E+00    1.380000E+00    7.000000E+00    9.200000E+01    3.367543E+00    1.113966E+00    4.990000E+00    1.598418E+00    3.023021E+00    1.535544E-03    2.657702E-11    9.000000E+00   -4.317983E-01   -1.199352E-01
   8.890000E-10    2.000000E+00    3.000000E+01    6.000000E+01    1.397940E+00   -1.000000E+00   -1.000000E+01    3.361728E+00   -1.000000E+01    3.550228E+00   -1.000000E+01   -1.000000E+01    1.100000E+01    5.278400E+00    9.000000E-01    7.000000E+00    8.800000E+01    3.108725E+00    1.184553E+00    4.990000E+00    1.301030E+00    2.624386E+00    8.974315E-04    9.632502E-11    2.000000E+00   -3.872161E-01   -1.814282E-01
   6.600000E-10    2.000000E+00    3.500000E+01    8.700000E+01    1.301030E+00   -2.004365E+00   -1.698970E+00   -7.351822E-01    2.120574E+00   -1.000000E+01   -1.000000E+01   -1.000000E+01    3.910000E+00    7.639900E+00    1.910000E+00    4.000000E+00    2.800000E+01    2.585791E+00    7.439657E-01    3.450000E+00    1.395451E+00    3.475686E+00    1.018135E-03    3.005275E-11    3.000000E+00   -1.088310E+00   -9.336707E-01
   2.100000E-09    1.000000E+00    7.960000E+01    1.300000E+02    1.397940E+00   -3.473661E+00   -1.000000E+01   -1.000000E+01   -1.000000E+01    1.319106E+00   -1.000000E+01   -1.000000E+01    6.400000E+00    3.893900E+00    7.900000E-01    6.000000E+00    5.500000E+01    2.332971E+00    2.099903E+00    4.360000E+00    1.213030E+00    1.110990E+00    8.974315E-04    5.583528E-12    4.000000E+00   -6.550155E-02   -3.806770E-01
   2.100000E-09    1.000000E+00    2.400000E+01    8.750000E+01    1.397940E+00   -1.602060E+00   -1.000000E+01    2.759668E+00   -1.000000E+01   -1.000000E+01   -1.000000E+01   -1.000000E+01    4.700000E+00    3.893900E+00    7.900000E-01    6.000000E+00    5.500000E+01    2.332971E+00    2.099903E+00    4.360000E+00    1.561797E+00    1.110990E+00    8.974315E-04    4.816251E-11    3.000000E+00   -5.898576E-02   -8.571565E-01
   1.990000E-09    2.000000E+00    5.900000E-01    1.600000E+00    1.397940E+00   -2.000000E+00   -1.000000E+01    2.361728E+00   -1.000000E+01    2.550228E+00   -1.000000E+01   -1.000000E+01    8.000000E+00    8.336900E+00    2.200000E+00    5.000000E+00    4.600000E+01    3.014349E+00    2.571090E+00    3.850000E+00    1.433268E+00    1.172401E+00    8.974315E-04    3.046064E-11    1.400000E+01    1.079181E+00    3.620592E-01
   2.100000E-09    1.000000E+00    1.242000E+01    9.400000E+00    6.989700E-01   -2.111259E+00    5.502284E-01    1.311966E+00    1.798858E+00    1.075912E+00    2.361822E+00    1.715753E+00    6.810000E+00    3.893900E+00    7.900000E-01    6.000000E+00    5.500000E+01    2.332971E+00    2.250894E+00    4.360000E+00    8.790063E-01    1.036464E+00    1.535544E-03    2.588402E-11    2.400000E+01   -1.674911E-01   -1.463284E-01
   6.600000E-10    2.000000E+00    2.000000E+01    2.800000E+01    1.395326E+00   -1.000000E+00   -1.000000E+01    3.361539E+00   -1.000000E+01   -1.000000E+01   -1.000000E+01   -1.000000E+01    6.440000E+00    7.639900E+00    1.910000E+00    4.000000E+00    2.800000E+01    2.585791E+00    7.318575E-01    3.450000E+00    1.146128E+00    3.533189E+00    9.007563E-04    9.630078E-11    6.000000E+00   -8.124793E-01   -1.475738E+00
   7.200000E-10    6.000000E+00    5.660000E+01    8.000000E+01    1.397940E+00   -1.000000E+00   -1.000000E+01    3.361728E+00   -1.000000E+01   -1.000000E+01   -1.000000E+01   -1.000000E+01    8.590000E+00    6.193900E+00    1.380000E+00    7.000000E+00    9.200000E+01    3.367543E+00    1.039241E+00    4.990000E+00    1.150274E+00    3.240387E+00    8.974315E-04    9.632502E-11    3.000000E+00    3.598355E-01    1.837678E-01
   7.200000E-10    6.000000E+00    5.660000E+01    8.000000E+01    1.397940E+00   -1.000000E+00   -1.000000E+01    3.361728E+00   -1.000000E+01   -1.000000E+01   -1.000000E+01   -1.000000E+01    6.550000E+00    6.193900E+00    1.380000E+00    7.000000E+00    9.200000E+01    3.367543E+00    1.039241E+00    4.990000E+00    1.150274E+00    3.240387E+00    8.974315E-04    9.632502E-11    3.000000E+00   -9.205148E-02    2.836994E-01
   1.990000E-09    2.000000E+00    2.400000E+01    1.442000E+02    1.397940E+00   -2.000000E+00   -1.000000E+01    2.361728E+00   -1.000000E+01    2.550228E+00   -1.000000E+01   -1.000000E+01    5.000000E+00    8.336900E+00    2.200000E+00    5.000000E+00    4.600000E+01    3.014349E+00    2.571090E+00    3.850000E+00    1.778754E+00    1.172401E+00    8.974315E-04    3.046064E-11    2.500000E+01    1.380211E+00    8.097326E-01
   6.200000E-10    3.000000E+00    3.000000E+01    7.600000E+01    1.397940E+00   -1.301030E+00   -1.000000E+01    3.060698E+00   -1.000000E+01   -1.000000E+01   -1.000000E+01   -1.000000E+01    5.215000E+00    5.670400E+00    1.200000E+00    6.000000E+00    6.300000E+01    2.815295E+00    7.481457E-01    4.360000E+00    1.403692E+00    3.763030E+00    8.974315E-04    6.811207E-11    2.000000E+00    1.631444E+00    1.164999E+00
   7.900000E-10    2.000000E+00    2.800000E+01    1.210000E+02    1.397940E+00   -1.000000E+00   -1.000000E+01    3.361539E+00   -1.000000E+01   -1.000000E+01   -1.000000E+01   -1.000000E+01    1.266000E+01    5.694900E+00    9.500000E-01    5.000000E+00    3.800000E+01    2.491348E+00    8.435911E-01    3.850000E+00    1.635627E+00    2.953264E+00    8.974315E-04    9.632502E-11    3.000000E+00   -2.076083E-01   -1.516793E-01
   1.200000E-09    5.000000E+00    1.018000E+01    3.700000E+01    6.989700E-01   -2.088310E+00    5.502284E-01    1.311966E+00    1.838471E+00    1.075912E+00    2.378761E+00    1.715753E+00    7.110000E+00    6.265700E+00    1.360000E+00    7.000000E+00    9.300000E+01    3.387005E+00    1.867340E+00    4.990000E+00    1.560454E+00    1.813813E+00    1.535544E-03    2.657702E-11    9.000000E+00   -5.850267E-01   -4.814201E-01
   2.000000E-09    5.000000E+00    1.145800E+00    4.000000E+00    1.395326E+00   -3.801343E+00   -1.000000E+01   -1.000000E+01   -1.000000E+01   -1.000000E+01   -1.000000E+01   -1.000000E+01    2.850000E+00    1.045130E+01    2.660000E+00    5.000000E+00    5.300000E+01    3.375021E+00    2.894647E+00    3.850000E+00    1.542951E+00    1.165953E+00    9.007563E-04    3.827880E-12    1.300000E+01   -1.718967E+00   -1.805670E+00
   6.600000E-10    2.000000E+00    3.500000E+01    8.700000E+01    1.301030E+00   -1.000000E+00   -1.000000E+01    3.361728E+00   -1.000000E+01   -1.000000E+01   -1.000000E+01   -1.000000E+01    7.380000E+00    7.639900E+00    1.910000E+00    4.000000E+00    2.800000E+01    2.585791E+00    7.439657E-01    3.450000E+00    1.395451E+00    3.475686E+00    1.018135E-03    9.551391E-11    3.000000E+00    5.502284E-01    3.548199E-01
   1.200000E-09    5.000000E+00    9.000000E-01    4.610000E+00    1.397940E+00   -1.425969E+00   -1.000000E+01    2.480007E+00    2.792392E+00   -1.000000E+01    2.480007E+00    2.792392E+00    8.400000E+00    6.265700E+00    1.360000E+00    7.000000E+00    9.300000E+01    3.387005E+00    1.742078E+00    4.990000E+00    1.709458E+00    1.944232E+00    8.974315E-04    5.898678E-11    1.300000E+01   -8.096683E-01   -8.338530E-01
   6.600000E-10    2.000000E+00    2.950000E+01    7.600000E+01    1.799341E+00   -2.000000E+00   -1.000000E+01    2.361728E+00   -1.000000E+01   -1.000000E+01   -1.000000E+01   -1.000000E+01    5.000000E+00    7.639900E+00    1.910000E+00    4.000000E+00    2.800000E+01    2.585791E+00    6.487983E-01    3.450000E+00    1.410992E+00    3.985509E+00    4.306700E-04    3.234359E-11    2.000000E+00    1.398791E-01   -7.348048E-02
   6.240000E-10    3.000000E+00    1.242000E+01    8.700000E+00    1.397940E+00   -4.517126E+00   -6.989700E-01   -3.979400E-01   -1.000000E+00   -1.000000E+01   -3.010300E-01   -1.000000E+01    5.000000E+00    5.973800E+00    1.300000E+00    7.000000E+00    9.500000E+01    3.307169E+00    8.845280E-01    4.990000E+00    8.453977E-01    3.738908E+00    8.974315E-04    1.679484E-12    2.300000E+01    1.000000E+00    7.640891E-01
   7.200000E-10    6.000000E+00    2.500000E+01    7.200000E+01    1.397940E+00   -1.000000E+00    3.596498E+00   -1.000000E+01   -1.000000E+01    3.549616E+00   -1.000000E+01   -1.000000E+01    3.000000E+00    6.193900E+00    1.380000E+00    7.000000E+00    9.200000E+01    3.367543E+00    1.039241E+00    4.990000E+00    1.459392E+00    3.240387E+00    8.974315E-04    9.632502E-11    2.000000E+00   -1.238824E+00   -1.143608E+00
   2.100000E-09    1.000000E+00    6.610000E+01    1.960000E+01    1.397940E+00   -3.872161E-01    2.505150E+00    3.838849E+00    2.342423E+00    4.064458E+00    3.390935E+00    1.579784E+00    8.300000E+00    3.893900E+00    7.900000E-01    6.000000E+00    5.500000E+01    2.332971E+00    2.099903E+00    4.360000E+00    4.720546E-01    1.110990E+00    8.974315E-04    1.950433E-10    1.700000E+01   -1.346787E+00   -1.444476E+00
   6.200000E-10    3.000000E+00    2.300000E+00    9.300000E+00    1.342423E+00   -1.000000E+00   -1.000000E+01    3.361728E+00   -1.000000E+01    3.550228E+00   -1.000000E+01   -1.000000E+01    2.913000E+00    5.670400E+00    1.200000E+00    6.000000E+00    6.300000E+01    2.815295E+00    7.557500E-01    4.360000E+00    1.606755E+00    3.725167E+00    9.673286E-04    9.583918E-11    1.300000E+01   -2.479516E-01   -3.243927E-01
   6.600000E-10    2.000000E+00    3.750000E+01    1.442000E+02    1.397940E+00   -1.837587E-01    1.133539E+00    3.976350E+00    2.462398E+00    4.222716E+00   -1.000000E+01    3.442480E+00    8.600000E+00    7.639900E+00    1.910000E+00    4.000000E+00    2.800000E+01    2.585791E+00    7.314893E-01    3.450000E+00    1.584934E+00    3.534968E+00    8.974315E-04    2.465243E-10    2.500000E+01   -2.410881E-01   -3.740501E-01
   6.200000E-10    3.000000E+00    2.400000E+01    8.750000E+01    1.397940E+00   -1.602060E+00   -1.000000E+01    2.759668E+00   -1.000000E+01   -1.000000E+01   -1.000000E+01   -1.000000E+01    3.660000E+00    5.670400E+00    1.200000E+00    6.000000E+00    6.300000E+01    2.815295E+00    7.481457E-01    4.360000E+00    1.561797E+00    3.763030E+00    8.974315E-04    4.816251E-11    3.000000E+00    1.120574E+00    9.994328E-01
   6.200000E-10    3.000000E+00    3.500000E+01    6.300000E+01    1.397940E+00   -1.301030E+00   -1.000000E+01    3.060698E+00   -1.000000E+01   -1.000000E+01   -1.000000E+01   -1.000000E+01    6.017000E+00    5.670400E+00    1.200000E+00    6.000000E+00    6.300000E+01    2.815295E+00    7.481457E-01    4.360000E+00    1.255273E+00    3.763030E+00    8.974315E-04    6.811207E-11    3.000000E+00    8.014037E-01    6.809687E-01
   2.090000E-09    4.000000E+00    8.640000E+01    6.500000E+00    1.397940E+00   -2.000000E+00   -1.000000E+01    2.361728E+00   -1.000000E+01    2.550228E+00   -1.000000E+01   -1.000000E+01    2.900000E+00    6.306700E+00    1.300000E+00    7.000000E+00    9.000000E+01    3.398069E+00    3.044031E+00    4.990000E+00   -1.236004E-01    1.116306E+00    8.974315E-04    3.046064E-11    2.100000E+01   -1.421361E+00   -3.970054E-01
   6.600000E-10    2.000000E+00    3.500000E+01    8.700000E+01    1.301030E+00   -2.004365E+00   -1.698970E+00   -7.351822E-01    2.120574E+00   -1.000000E+01   -1.000000E+01   -1.000000E+01    8.430000E+00    7.639900E+00    1.910000E+00    4.000000E+00    2.800000E+01    2.585791E+00    7.439657E-01    3.450000E+00    1.395451E+00    3.475686E+00    1.018135E-03    3.005275E-11    3.000000E+00    1.068186E+00    1.106141E+00
   2.090000E-09    4.000000E+00    8.640000E+01    6.500000E+00    1.397940E+00   -1.000000E+00   -1.000000E+01    3.361728E+00   -1.000000E+01    3.550228E+00   -1.000000E+01   -1.000000E+01    2.900000E+00    6.306700E+00    1.300000E+00    7.000000E+00    9.000000E+01    3.398069E+00    3.044031E+00    4.990000E+00   -1.236004E-01    1.116306E+00    8.974315E-04    9.632502E-11    2.100000E+01   -1.220530E-01   -5.157670E-01
   7.200000E-10    6.000000E+00    2.800000E+01    1.210000E+02    1.361728E+00   -9.956786E-01   -1.000000E+01    3.361539E+00   -5.228787E-01    3.549616E+00    1.190892E+00   -1.000000E+01    6.910000E+00    6.193900E+00    1.380000E+00    7.000000E+00    9.200000E+01    3.367543E+00    1.046259E+00    4.990000E+00    1.635627E+00    3.218651E+00    9.432169E-04    9.648021E-11    3.000000E+00    9.400182E-01    6.632517E-01
   7.200000E-10    6.000000E+00    9.700000E+01    1.210000E+02    1.301030E+00   -1.000000E+00   -1.000000E+01    3.361728E+00   -1.000000E+01   -1.000000E+01   -1.000000E+01   -1.000000E+01    1.958000E+00    6.193900E+00    1.380000E+00    7.000000E+00    9.200000E+01    3.367543E+00    1.056966E+00    4.990000E+00    1.096014E+00    3.186046E+00    1.018135E-03    9.551391E-11    3.000000E+00   -1.257275E+00   -1.201369E+00
   6.200000E-10    3.000000E+00    3.000000E-01    4.000000E+00    1.397940E+00   -2.000000E+00   -1.000000E+01    2.361539E+00   -1.000000E+01    2.549616E+00   -1.000000E+01   -1.000000E+01    3.960000E+00    5.670400E+00    1.200000E+00    6.000000E+00    6.300000E+01    2.815295E+00    7.481457E-01    4.360000E+00    2.124939E+00    3.763030E+00    8.974315E-04    3.046064E-11    1.300000E+01    4.321374E-03   -5.984737E-02
   7.900000E-10    2.000000E+00    2.800000E+01    1.210000E+02    1.397940E+00   -3.010300E-01   -1.000000E+01    4.060509E+00    1.301898E+00   -1.000000E+01   -1.000000E+01   -1.000000E+01    9.230000E+00    5.694900E+00    9.500000E-01    5.000000E+00    3.800000E+01    2.491348E+00    8.435911E-01    3.850000E+00    1.635627E+00    2.953264E+00    8.974315E-04    2.153893E-10    3.000000E+00   -1.705534E+00   -1.701527E+00
   6.240000E-10    3.000000E+00    6.800000E+00    6.000000E+01    1.778151E+00   -2.519993E+00   -1.804561E-01    2.041393E+00   -3.098039E-01   -1.000000E+00    1.447158E+00    9.637878E-01    9.400000E+00    5.973800E+00    1.300000E+00    7.000000E+00    9.500000E+01    3.307169E+00    7.916015E-01    4.990000E+00    1.945642E+00    4.177821E+00    4.493767E-04    1.769478E-11    2.000000E+00    1.079181E+00    1.489106E+00
   2.100000E-09    1.000000E+00    9.900000E+01    6.400000E+01    1.397940E+00   -1.000000E+00   -1.000000E+01    3.361728E+00   -1.000000E+01   -1.000000E+01   -1.000000E+01   -1.000000E+01    4.356000E+00    3.893900E+00    7.900000E-01    6.000000E+00    5.500000E+01    2.332971E+00    2.099903E+00    4.360000E+00    8.105447E-01    1.110990E+00    8.974315E-04    9.632502E-11    3.000000E+00    2.068259E-01   -5.510622E-01
   6.240000E-10    3.000000E+00    2.300000E+00    9.300000E+00    1.342423E+00   -1.000000E+00   -1.000000E+01    3.361728E+00   -1.000000E+01    3.550228E+00   -1.000000E+01   -1.000000E+01    4.695000E+00    5.973800E+00    1.300000E+00    7.000000E+00    9.500000E+01    3.307169E+00    8.935187E-01    4.990000E+00    1.606755E+00    3.701287E+00    9.673286E-04    9.583918E-11    1.300000E+01   -3.798639E-01   -2.421616E-01
   6.200000E-10    3.000000E+00    3.000000E-01    4.000000E+00    1.397940E+00   -2.000000E+00   -1.000000E+01    2.361539E+00   -1.000000E+01    2.549616E+00   -1.000000E+01   -1.000000E+01    3.860000E+00    5.670400E+00    1.200000E+00    6.000000E+00    6.300000E+01    2.815295E+00    7.481457E-01    4.360000E+00    2.124939E+00    3.763030E+00    8.974315E-04    3.046064E-11    1.300000E+01    4.321374E-03   -6.060293E-02
   7.200000E-10    6.000000E+00    5.660000E+01    8.000000E+01    1.397940E+00   -1.000000E+00   -1.000000E+01    3.361728E+00   -1.000000E+01   -1.000000E+01   -1.000000E+01   -1.000000E+01    6.016000E+00    6.193900E+00    1.380000E+00    7.000000E+00    9.200000E+01    3.367543E+00    1.039241E+00    4.990000E+00    1.150274E+00    3.240387E+00    8.974315E-04    9.632502E-11    3.000000E+00    3.742650E-02    3.024314E-03
   2.090000E-09    4.000000E+00    3.000000E+01    7.600000E+01    1.397940E+00   -2.000000E+00   -1.000000E+01    2.361728E+00   -1.000000E+01   -1.000000E+01   -1.000000E+01   -1.000000E+01    3.100000E+00    6.306700E+00    1.300000E+00    7.000000E+00    9.000000E+01    3.398069E+00    3.044031E+00    4.990000E+00    1.403692E+00    1.116306E+00    8.974315E-04    3.046064E-11    2.000000E+00    1.155336E+00    1.473016E+00
   2.000000E-09    5.000000E+00    1.145800E+00    4.000000E+00    1.395326E+00   -3.010300E-01   -1.000000E+01    2.361539E+00   -1.000000E+01    2.549616E+00   -1.000000E+01   -1.000000E+01    3.730000E+00    1.045130E+01    2.660000E+00    5.000000E+00    5.300000E+01    3.375021E+00    2.894647E+00    3.850000E+00    1.542951E+00    1.165953E+00    9.007563E-04    2.153351E-10    1.300000E+01   -1.793174E+00   -2.209331E+00
   6.600000E-10    2.000000E+00    4.900000E-01    1.400000E+00    1.397940E+00   -2.000000E+00   -1.000000E+01    2.361728E+00   -1.000000E+01   -1.000000E+01   -1.000000E+01   -1.000000E+01    8.184000E+00    7.639900E+00    1.910000E+00    4.000000E+00    2.800000E+01    2.585791E+00    7.314893E-01    3.450000E+00    1.455932E+00    3.534968E+00    8.974315E-04    3.046064E-11    2.000000E+01   -3.914740E-01   -8.246929E-02
   1.200000E-09    5.000000E+00    9.700000E+01    1.210000E+02    1.301030E+00   -1.000000E+00   -1.000000E+01    3.361728E+00   -1.000000E+01   -1.000000E+01   -1.000000E+01   -1.000000E+01    3.000000E+00    6.265700E+00    1.360000E+00    7.000000E+00    9.300000E+01    3.387005E+00    1.771792E+00    4.990000E+00    1.096014E+00    1.911627E+00    1.018135E-03    9.551391E-11    3.000000E+00   -2.232102E+00   -2.335052E+00
   7.190000E-10    2.000000E+00    1.000000E+02    1.080000E+02    1.397940E+00   -1.000000E+00   -1.000000E+01    3.361539E+00   -1.000000E+01   -1.000000E+01   -1.000000E+01   -1.000000E+01    6.200000E+00    7.902400E+00    1.830000E+00    4.000000E+00    2.600000E+01    2.629839E+00    8.104545E-01    3.450000E+00    1.033424E+00    3.244894E+00    8.974315E-04    9.632502E-11    3.000000E+00   -4.377071E-01    1.003896E-01
   7.200000E-10    6.000000E+00    5.660000E+01    8.000000E+01    1.397940E+00   -1.000000E+00   -1.000000E+01    3.361728E+00   -1.000000E+01   -1.000000E+01   -1.000000E+01   -1.000000E+01    8.630000E+00    6.193900E+00    1.380000E+00    7.000000E+00    9.200000E+01    3.367543E+00    1.039241E+00    4.990000E+00    1.150274E+00    3.240387E+00    8.974315E-04    9.632502E-11    3.000000E+00    3.765770E-01    1.088421E-01
   7.900000E-10    2.000000E+00    1.961000E+01    7.600000E+01    6.989700E-01   -2.111259E+00    5.502284E-01    1.311966E+00    1.798858E+00    1.075912E+00    2.361822E+00    1.715753E+00    6.300000E+00    5.694900E+00    9.500000E-01    5.000000E+00    3.800000E+01    2.491348E+00    9.042484E-01    3.850000E+00    1.588336E+00    2.755158E+00    1.535544E-03    2.588402E-11    9.000000E+00   -2.096910E+00   -1.378934E+00
   6.600000E-10    2.000000E+00    3.890000E+01    8.900000E+01    1.301030E+00   -2.000000E+00   -1.000000E+01    2.361728E+00   -1.000000E+01   -1.000000E+01   -1.000000E+01   -1.000000E+01    7.400000E+00    7.639900E+00    1.910000E+00    4.000000E+00    2.800000E+01    2.585791E+00    7.439657E-01    3.450000E+00    1.359440E+00    3.475686E+00    1.018135E-03    3.020415E-11    3.000000E+00    3.031961E-01    9.532383E-03
   1.200000E-09    5.000000E+00    8.379000E+01    8.440000E+01    1.397940E+00   -1.000000E+00   -1.000000E+01    3.361539E+00   -1.000000E+01   -1.000000E+01   -1.000000E+01   -1.000000E+01    9.000000E+00    6.265700E+00    1.360000E+00    7.000000E+00    9.300000E+01    3.387005E+00    1.742078E+00    4.990000E+00    1.003150E+00    1.944232E+00    8.974315E-04    9.632502E-11    3.000000E+00   -7.189666E-01   -6.400569E-01
   6.200000E-10    3.000000E+00    2.400000E+01    8.750000E+01    1.397940E+00   -3.010300E-01   -1.000000E+01    4.060698E+00   -1.000000E+01   -1.000000E+01   -1.000000E+01   -1.000000E+01    3.040000E+00    5.670400E+00    1.200000E+00    6.000000E+00    6.300000E+01    2.815295E+00    7.481457E-01    4.360000E+00    1.561797E+00    3.763030E+00    8.974315E-04    2.153893E-10    3.000000E+00   -1.555228E-01   -7.638172E-01
   1.200000E-09    5.000000E+00    1.018000E+01    3.700000E+01    6.989700E-01   -2.088310E+00    5.502284E-01    1.311966E+00    1.838471E+00    1.075912E+00    2.378761E+00    1.715753E+00    7.450000E+00    6.265700E+00    1.360000E+00    7.000000E+00    9.300000E+01    3.387005E+00    1.867340E+00    4.990000E+00    1.560454E+00    1.813813E+00    1.535544E-03    2.657702E-11    9.000000E+00    0.000000E+00    1.299760E-01
   2.100000E-09    1.000000E+00    7.960000E+01    7.600000E+01    1.397940E+00   -2.000000E+00   -1.000000E+01    2.361728E+00   -1.000000E+01   -1.000000E+01   -1.000000E+01   -1.000000E+01    6.881000E+00    3.893900E+00    7.900000E-01    6.000000E+00    5.500000E+01    2.332971E+00    2.099903E+00    4.360000E+00    9.799005E-01    1.110990E+00    8.974315E-04    3.046064E-11    4.000000E+00    8.555192E-01    3.658052E-01
   2.100000E-09    1.000000E+00    2.000000E+00    5.000000E+00    1.397940E+00   -7.423214E-01    1.428135E+00    3.298853E+00    2.880814E+00    3.681241E+00    1.764176E+00    2.691081E+00    7.200000E+00    3.893900E+00    7.900000E-01    6.000000E+00    5.500000E+01    2.332971E+00    2.099903E+00    4.360000E+00    1.397940E+00    1.110990E+00    8.974315E-04    1.295921E-10    1.300000E+01   -2.420216E+00   -1.055667E+00
   2.100000E-09    1.000000E+00    3.400000E+00    8.200000E+00    1.477121E+00   -1.000000E+00   -1.000000E+01    3.361728E+00   -1.000000E+01   -1.000000E+01   -1.000000E+01   -1.000000E+01    6.200000E+00    3.893900E+00    7.900000E-01    6.000000E+00    5.500000E+01    2.332971E+00    2.065269E+00    4.360000E+00    1.382335E+00    1.129621E+00    7.959477E-04    9.712935E-11    1.800000E+01   -2.140261E+00   -2.810375E-01
   7.200000E-10    6.000000E+00    9.700000E+01    1.210000E+02    1.301030E+00   -1.000000E+00   -1.000000E+01    3.361728E+00   -1.000000E+01   -1.000000E+01   -1.000000E+01   -1.000000E+01    6.560000E+00    6.193900E+00    1.380000E+00    7.000000E+00    9.200000E+01    3.367543E+00    1.056966E+00    4.990000E+00    1.096014E+00    3.186046E+00    1.018135E-03    9.551391E-11    3.000000E+00    1.045323E+00    1.427302E+00
   6.240000E-10    3.000000E+00    9.500000E-01    1.320000E+02    1.342423E+00   -3.102373E+00    5.682017E-01    7.671559E-01    9.675480E-01   -1.000000E+01   -1.000000E+01   -1.000000E+01    8.230000E+00    5.973800E+00    1.300000E+00    7.000000E+00    9.500000E+01    3.307169E+00    8.935187E-01    4.990000E+00    3.142850E+00    3.701287E+00    9.673286E-04    8.518372E-12    1.300000E+01    7.918125E-02    7.935791E-01
   7.200000E-10    6.000000E+00    5.660000E+01    8.000000E+01    1.397940E+00   -1.000000E+00   -1.000000E+01    3.361728E+00   -1.000000E+01   -1.000000E+01   -1.000000E+01   -1.000000E+01    3.360000E+00    6.193900E+00    1.380000E+00    7.000000E+00    9.200000E+01    3.367543E+00    1.039241E+00    4.990000E+00    1.150274E+00    3.240387E+00    8.974315E-04    9.632502E-11    3.000000E+00   -7.211659E-02   -2.804640E-01
   2.100000E-09    1.000000E+00    2.400000E+01    8.750000E+01    1.397940E+00   -3.010300E-01   -1.000000E+01    4.060698E+00   -1.000000E+01   -1.000000E+01   -1.000000E+01   -1.000000E+01    6.380000E+00    3.893900E+00    7.900000E-01    6.000000E+00    5.500000E+01    2.332971E+00    2.099903E+00    4.360000E+00    1.561797E+00    1.110990E+00    8.974315E-04    2.153893E-10    3.000000E+00   -1.378824E+00   -1.396599E+00
   6.240000E-10    3.000000E+00    1.710000E+01    6.400000E-01    1.397940E+00   -1.000000E+00   -1.000000E+01    3.361539E+00   -1.000000E+01    3.549616E+00   -1.000000E+01   -1.000000E+01    4.100000E+00    5.973800E+00    1.300000E+00    7.000000E+00    9.500000E+01    3.307169E+00    8.845280E-01    4.990000E+00   -4.268161E-01    3.738908E+00    8.974315E-04    9.632502E-11    7.000000E+00   -4.122890E-01   -4.225484E-01
   6.600000E-10    2.000000E+00    3.500000E+01    8.700000E+01    1.301030E+00   -1.000000E+00   -1.000000E+01    3.361728E+00   -1.000000E+01   -1.000000E+01   -1.000000E+01   -1.000000E+01    8.180000E+00    7.639900E+00    1.910000E+00    4.000000E+00    2.800000E+01    2.585791E+00    7.439657E-01    3.450000E+00    1.395451E+00    3.475686E+00    1.018135E-03    9.551391E-11    3.000000E+00    9.400182E-01    7.340288E-01
   2.100000E-09    1.000000E+00    7.960000E+01    1.300000E+02    1.397940E+00   -3.230623E+00   -1.000000E+01   -1.000000E+01   -1.000000E+01    1.319106E+00   -1.000000E+01   -1.000000E+01    6.400000E+00    3.893900E+00    7.900000E-01    6.000000E+00    5.500000E+01    2.332971E+00    2.099903E+00    4.360000E+00    1.213030E+00    1.110990E+00    8.974315E-04    7.386314E-12    4.000000E+00   -1.951793E-01   -6.377632E-01
   1.550000E-09    4.000000E+00    6.000000E+01    1.900000E+01    1.322219E+00   -9.956786E-01    1.503791E+00    3.076706E+00    2.409108E+00    3.162400E+00    2.200446E+00    3.175667E+00    7.500000E+00    9.752400E+00    2.550000E+00    4.000000E+00    3.400000E+01    2.921497E+00    1.967314E+00    3.450000E+00    5.006024E-01    1.485018E+00    9.922914E-04    9.615388E-11    5.000000E+00   -2.290730E+00   -1.617054E+00
   7.200000E-10    2.000000E+00    3.100000E+01    8.210000E+01    1.397940E+00   -2.000000E+00   -1.000000E+01    2.361728E+00   -1.000000E+01   -1.000000E+01   -1.000000E+01   -1.000000E+01    5.411000E+00    8.993800E+00    1.690000E+00    5.000000E+00    4.800000E+01    3.130855E+00    9.661976E-01    3.850000E+00    1.422981E+00    3.240387E+00    8.974315E-04    3.046064E-11    3.000000E+00    6.253125E-01    6.393611E-01
   8.890000E-10    2.000000E+00    1.161000E+02    2.500000E+01    6.989700E-01   -2.000000E+00   -1.000000E+01    2.361728E+00   -1.000000E+01    2.550228E+00   -1.000000E+01   -1.000000E+01    6.500000E+00    5.278400E+00    9.000000E-01    7.000000E+00    8.800000E+01    3.108725E+00    1.269727E+00    4.990000E+00    3.331078E-01    2.448341E+00    1.535544E-03    2.942126E-11    6.000000E+00    1.315970E+00    3.149168E-01
   8.890000E-10    2.000000E+00    5.020000E+01    1.210000E+02    1.397940E+00   -2.000000E+00   -1.000000E+01    2.361539E+00   -1.000000E+01    2.549616E+00   -1.000000E+01   -1.000000E+01    9.000000E+00    5.278400E+00    9.000000E-01    7.000000E+00    8.800000E+01    3.108725E+00    1.184553E+00    4.990000E+00    1.382082E+00    2.624386E+00    8.974315E-04    3.046064E-11    3.000000E+00    1.287802E+00    1.201994E+00
   6.200000E-10    3.000000E+00    1.018000E+01    3.700000E+01    6.989700E-01   -2.111259E+00    5.502284E-01    1.311966E+00    1.798858E+00    1.075912E+00    2.361822E+00    1.715753E+00    7.580000E+00    5.670400E+00    1.200000E+00    6.000000E+00    6.300000E+01    2.815295E+00    8.019401E-01    4.360000E+00    1.560454E+00    3.510605E+00    1.535544E-03    2.588402E-11    9.000000E+00    1.886491E+00    1.815586E+00
   6.200000E-10    3.000000E+00    1.120000E+02    1.200000E+02    1.361728E+00   -1.301030E+00   -1.000000E+01    3.060509E+00   -1.000000E+01   -1.000000E+01   -1.000000E+01   -1.000000E+01    8.360000E+00    5.670400E+00    1.200000E+00    6.000000E+00    6.300000E+01    2.815295E+00    7.531981E-01    4.360000E+00    1.029963E+00    3.737788E+00    9.432169E-04    6.788324E-11    6.000000E+00    1.621176E+00    1.401776E+00
   2.100000E-09    1.000000E+00    7.960000E+01    7.600000E+01    1.397940E+00   -1.000000E+00   -1.000000E+01    3.361728E+00   -1.000000E+01   -1.000000E+01   -1.000000E+01   -1.000000E+01    5.874000E+00    3.893900E+00    7.900000E-01    6.000000E+00    5.500000E+01    2.332971E+00    2.099903E+00    4.360000E+00    9.799005E-01    1.110990E+00    8.974315E-04    9.632502E-11    4.000000E+00   -2.757241E-01   -4.802394E-01
   1.200000E-09    5.000000E+00    3.000000E+01    7.600000E+01    1.301030E+00   -2.000000E+00   -1.000000E+01    2.361539E+00   -1.000000E+01   -1.000000E+01   -1.000000E+01   -1.000000E+01    3.700000E+00    6.265700E+00    1.360000E+00    7.000000E+00    9.300000E+01    3.387005E+00    1.771792E+00    4.990000E+00    1.403692E+00    1.911627E+00    1.018135E-03    3.020415E-11    2.000000E+00   -2.291480E-01   -3.026626E-01
   6.030000E-10    2.000000E+00    2.800000E+01    1.210000E+02    1.397940E+00   -1.000000E+00   -1.000000E+01    3.361539E+00   -1.000000E+01   -1.000000E+01   -1.000000E+01   -1.000000E+01    1.155000E+01    6.113200E+00    1.000000E+00    4.000000E+00    2.000000E+01    2.313044E+00    5.978219E-01    3.450000E+00    1.635627E+00    3.869119E+00    8.974315E-04    9.632502E-11    3.000000E+00   -2.313619E-01   -2.749672E-01
   6.600000E-10    2.000000E+00    2.800000E+01    1.210000E+02    1.397940E+00   -3.010300E-01   -1.000000E+01    4.060509E+00    1.301898E+00    4.248586E+00   -1.000000E+01   -1.000000E+01    1.175000E+01    7.639900E+00    1.910000E+00    4.000000E+00    2.800000E+01    2.585791E+00    7.314893E-01    3.450000E+00    1.635627E+00    3.534968E+00    8.974315E-04    2.153893E-10    3.000000E+00    1.305351E+00    1.195251E+00
   2.100000E-09    1.000000E+00    4.000000E-01    4.000000E+00    1.397940E+00   -4.736607E-01    1.419956E+00    3.692847E+00    3.652246E+00   -1.000000E+01   -1.000000E+01   -1.000000E+01    7.220000E+00    3.893900E+00    7.900000E-01    6.000000E+00    5.500000E+01    2.332971E+00    2.099903E+00    4.360000E+00    2.000000E+00    1.110990E+00    8.974315E-04    1.765667E-10    1.300000E+01   -2.026872E+00   -2.064187E+00
   4.300000E-10    5.000000E+00    7.090000E+01    6.500000E+00    1.301030E+00   -1.000000E+00   -1.000000E+01    3.361728E+00   -1.000000E+01   -1.000000E+01   -1.000000E+01   -1.000000E+01    7.020000E+00    6.026000E+00    1.280000E+00    7.000000E+00    9.400000E+01    3.321587E+00    6.226294E-01    4.990000E+00   -3.773288E-02    5.334774E+00    1.018135E-03    9.551391E-11    2.100000E+01    1.292256E+00    1.423500E+00
   6.200000E-10    3.000000E+00    3.500000E+01    6.300000E+01    1.397940E+00   -1.000000E+00   -1.000000E+01    3.361728E+00   -1.000000E+01   -1.000000E+01   -1.000000E+01   -1.000000E+01    3.836000E+00    5.670400E+00    1.200000E+00    6.000000E+00    6.300000E+01    2.815295E+00    7.481457E-01    4.360000E+00    1.255273E+00    3.763030E+00    8.974315E-04    9.632502E-11    3.000000E+00   -1.634512E+00   -8.503196E-01
   2.090000E-09    4.000000E+00    3.000000E+01    7.600000E+01    1.397940E+00   -2.000000E+00   -1.000000E+01    2.361728E+00   -1.000000E+01    2.550228E+00   -1.000000E+01   -1.000000E+01    4.429000E+00    6.306700E+00    1.300000E+00    7.000000E+00    9.000000E+01    3.398069E+00    3.044031E+00    4.990000E+00    1.403692E+00    1.116306E+00    8.974315E-04    3.046064E-11    2.000000E+00    6.954817E-01    1.192203E+00
   9.450000E-10    2.000000E+00    6.680000E+01    2.310000E+01    1.397940E+00   -1.000000E+00   -1.000000E+01    3.361728E+00   -1.000000E+01   -1.000000E+01   -1.000000E+01   -1.000000E+01    6.819000E+00    7.416700E+00    2.330000E+00    6.000000E+00    8.200000E+01    3.219752E+00    1.304142E+00    4.360000E+00    5.388355E-01    2.468867E+00    8.974315E-04    9.632502E-11    6.000000E+00    9.831751E-01    7.660438E-01
   6.600000E-10    2.000000E+00    6.550000E+00    4.000000E+00    1.397940E+00   -2.000000E+00   -1.000000E+01    2.361728E+00   -1.000000E+01   -1.000000E+01   -1.000000E+01   -1.000000E+01    7.400000E+00    7.639900E+00    1.910000E+00    4.000000E+00    2.800000E+01    2.585791E+00    7.314893E-01    3.450000E+00    7.858187E-01    3.534968E+00    8.974315E-04    3.046064E-11    2.000000E+01   -9.546770E-01   -4.442530E-01
   2.100000E-09    1.000000E+00    3.400000E+00    8.200000E+00    1.477121E+00   -2.000000E+00    2.592177E+00   -1.000000E+01   -1.000000E+01   -1.000000E+01   -1.000000E+01   -1.000000E+01    6.200000E+00    3.893900E+00    7.900000E-01    6.000000E+00    5.500000E+01    2.332971E+00    2.065269E+00    4.360000E+00    1.382335E+00    1.129621E+00    7.959477E-04    3.071500E-11    1.800000E+01   -1.126679E+00   -1.003553E+00
   2.100000E-09    1.000000E+00    1.480000E+00    1.610000E+00    1.397940E+00   -7.958800E-01    8.932068E-01    3.440720E+00    2.716871E+00    3.695744E+00    1.086360E+00    1.875207E-01    7.900000E+00    3.893900E+00    7.900000E-01    6.000000E+00    5.500000E+01    2.332971E+00    2.099903E+00    4.360000E+00    1.036564E+00    1.110990E+00    8.974315E-04    1.218426E-10    1.200000E+01   -1.032920E+00   -9.609194E-01
   7.200000E-10    6.000000E+00    6.475000E+01    2.100000E+01    1.812913E+00   -2.000000E+00   -1.000000E+01    2.361728E+00   -1.000000E+01   -1.000000E+01   -1.000000E+01   -1.000000E+01    4.500000E+00    6.193900E+00    1.380000E+00    7.000000E+00    9.200000E+01    3.367543E+00    9.163084E-01    4.990000E+00    5.109795E-01    3.675120E+00    4.192377E-04    3.243967E-11    6.000000E+00    9.947569E-01    6.784043E-01
   6.600000E-10    2.000000E+00    1.018000E+01    3.700000E+01    6.989700E-01   -2.088310E+00    5.502284E-01    1.311966E+00    1.838471E+00    1.075912E+00    2.378761E+00    1.715753E+00    7.030000E+00    7.639900E+00    1.910000E+00    4.000000E+00    2.800000E+01    2.585791E+00    7.840861E-01    3.450000E+00    1.560454E+00    3.297841E+00    1.535544E-03    2.657702E-11    9.000000E+00    2.552725E-01    2.747319E-01
   7.200000E-10    6.000000E+00    2.090000E+00    1.000000E-02    1.397940E+00   -1.000000E+00   -1.000000E+01    3.361728E+00   -1.000000E+01   -1.000000E+01   -1.000000E+01   -1.000000E+01    2.910000E+00    6.193900E+00    1.380000E+00    7.000000E+00    9.200000E+01    3.367543E+00    1.039241E+00    4.990000E+00   -1.320146E+00    3.240387E+00    8.974315E-04    9.632502E-11    1.900000E+01   -2.508638E+00   -2.170491E+00
   8.890000E-10    2.000000E+00    1.460000E+02    6.500000E+00    1.397940E+00   -2.000000E+00   -1.000000E+01    2.361539E+00   -1.000000E+01    2.549616E+00   -1.000000E+01   -1.000000E+01    9.000000E+00    5.278400E+00    9.000000E-01    7.000000E+00    8.800000E+01    3.108725E+00    1.184553E+00    4.990000E+00   -3.514395E-01    2.624386E+00    8.974315E-04    3.046064E-11    2.100000E+01    1.468347E+00    1.364702E+00
   7.200000E-10    6.000000E+00    2.090000E+00    1.000000E-02    1.397940E+00   -1.000000E+00   -1.000000E+01    3.361728E+00   -1.000000E+01   -1.000000E+01   -1.000000E+01   -1.000000E+01    7.030000E+00    6.193900E+00    1.380000E+00    7.000000E+00    9.200000E+01    3.367543E+00    1.039241E+00    4.990000E+00   -1.320146E+00    3.240387E+00    8.974315E-04    9.632502E-11    1.900000E+01   -3.872161E-01   -3.942326E-01
   6.080000E-10    3.000000E+00    5.900000E-01    1.600000E+00    1.361728E+00   -1.617983E+00    7.810369E-01    2.824126E+00    5.145478E-01    1.465383E+00   -1.000000E+01    2.628389E+00    8.300000E+00    5.643700E+00    1.170000E+00    6.000000E+00    6.200000E+01    2.808659E+00    7.368791E-01    4.360000E+00    1.433268E+00    3.811560E+00    9.432169E-04    4.712877E-11    1.400000E+01    2.648178E-01    4.519565E-01
   1.550000E-09    4.000000E+00    6.000000E+01    1.900000E+01    1.322219E+00   -9.956786E-01    1.503791E+00    3.076706E+00    2.409108E+00    3.162400E+00    2.200446E+00    3.175667E+00    7.500000E+00    9.752400E+00    2.550000E+00    4.000000E+00    3.400000E+01    2.921497E+00    1.967314E+00    3.450000E+00    5.006024E-01    1.485018E+00    9.922914E-04    9.615388E-11    5.000000E+00   -6.675615E-01   -1.617054E+00
   7.200000E-10    6.000000E+00    5.660000E+01    8.000000E+01    1.397940E+00   -3.000000E+00   -1.000000E+01    1.361728E+00   -1.000000E+01   -1.000000E+01   -1.000000E+01   -1.000000E+01    9.231000E+00    6.193900E+00    1.380000E+00    7.000000E+00    9.200000E+01    3.367543E+00    1.039241E+00    4.990000E+00    1.150274E+00    3.240387E+00    8.974315E-04    9.632502E-12    3.000000E+00   -3.574037E-02    7.208971E-02
   6.600000E-10    2.000000E+00    6.680000E+01    2.310000E+01    1.397940E+00   -3.000000E+00   -1.000000E+01    1.361728E+00   -1.000000E+01   -1.000000E+01   -1.000000E+01   -1.000000E+01    3.941000E+00    7.639900E+00    1.910000E+00    4.000000E+00    2.800000E+01    2.585791E+00    7.314893E-01    3.450000E+00    5.388355E-01    3.534968E+00    8.974315E-04    9.632502E-12    6.000000E+00   -2.448877E-01   -2.509521E-01
   6.600000E-10    2.000000E+00    4.900000E-01    1.400000E+00    1.397940E+00   -2.000000E+00   -1.000000E+01    2.361728E+00   -1.000000E+01   -1.000000E+01   -1.000000E+01   -1.000000E+01    7.776000E+00    7.639900E+00    1.910000E+00    4.000000E+00    2.800000E+01    2.585791E+00    7.314893E-01    3.450000E+00    1.455932E+00    3.534968E+00    8.974315E-04    3.046064E-11    2.000000E+01   -7.109231E-02   -2.556379E-01
   6.600000E-10    2.000000E+00    3.500000E+01    8.700000E+01    1.301030E+00   -1.522879E+00   -1.000000E+01    2.838849E+00   -1.000000E+01   -1.000000E+01   -1.000000E+01   -1.000000E+01    9.410000E+00    7.639900E+00    1.910000E+00    4.000000E+00    2.800000E+01    2.585791E+00    7.439657E-01    3.450000E+00    1.395451E+00    3.475686E+00    1.018135E-03    5.231512E-11    3.000000E+00    9.898946E-01    1.288034E+00
   2.100000E-09    1.000000E+00    7.960000E+01    1.300000E+02    1.397940E+00   -3.473661E+00   -1.000000E+01   -1.000000E+01   -1.000000E+01    1.319106E+00   -1.000000E+01   -1.000000E+01    6.400000E+00    3.893900E+00    7.900000E-01    6.000000E+00    5.500000E+01    2.332971E+00    2.099903E+00    4.360000E+00    1.213030E+00    1.110990E+00    8.974315E-04    5.583528E-12    4.000000E+00   -2.240257E-01   -3.806770E-01
   2.100000E-09    1.000000E+00    9.900000E+01    6.400000E+01    1.397940E+00   -1.000000E+00   -1.000000E+01    3.361728E+00   -1.000000E+01   -1.000000E+01   -1.000000E+01   -1.000000E+01    8.000000E+00    3.893900E+00    7.900000E-01    6.000000E+00    5.500000E+01    2.332971E+00    2.099903E+00    4.360000E+00    8.105447E-01    1.110990E+00    8.974315E-04    9.632502E-11    3.000000E+00   -1.065502E+00   -4.116066E-01
   2.100000E-09    1.000000E+00    4.000000E-01    4.000000E+00    1.397940E+00   -2.573489E+00    6.989700E-01    1.814248E+00    1.217484E+00   -1.000000E+01   -1.000000E+01   -1.000000E+01    8.400000E+00    3.893900E+00    7.900000E-01    6.000000E+00    5.500000E+01    2.332971E+00    2.099903E+00    4.360000E+00    2.000000E+00    1.110990E+00    8.974315E-04    1.573964E-11    1.300000E+01   -7.958800E-01   -7.801163E-01
   2.100000E-09    1.000000E+00    7.960000E+01    1.300000E+02    1.397940E+00   -3.230623E+00   -1.000000E+01   -1.000000E+01   -1.000000E+01    1.319106E+00   -1.000000E+01   -1.000000E+01    6.400000E+00    3.893900E+00    7.900000E-01    6.000000E+00    5.500000E+01    2.332971E+00    2.099903E+00    4.360000E+00    1.213030E+00    1.110990E+00    8.974315E-04    7.386314E-12    4.000000E+00   -1.059982E+00   -6.377632E-01
   6.200000E-10    3.000000E+00    3.100000E-01    1.000000E-02    1.322219E+00   -2.000000E+00   -1.000000E+01    2.361728E+00   -1.000000E+01   -1.000000E+01   -1.000000E+01   -1.000000E+01    8.282000E+00    5.670400E+00    1.200000E+00    6.000000E+00    6.300000E+01    2.815295E+00    7.583193E-01    4.360000E+00   -4.913618E-01    3.712545E+00    9.922914E-04    3.025562E-11    2.200000E+01   -1.010544E-02   -2.287333E+00
   6.600000E-10    2.000000E+00    3.500000E+01    8.700000E+01    1.301030E+00   -2.004365E+00   -1.698970E+00   -7.351822E-01    2.120574E+00   -1.000000E+01   -1.000000E+01   -1.000000E+01    6.080000E+00    7.639900E+00    1.910000E+00    4.000000E+00    2.800000E+01    2.585791E+00    7.439657E-01    3.450000E+00    1.395451E+00    3.475686E+00    1.018135E-03    3.005275E-11    3.000000E+00   -2.518120E-01   -2.329742E-01
   1.200000E-09    5.000000E+00    2.800000E+01    1.080000E+02    1.301030E+00   -1.749580E+00   -1.000000E+01    2.361539E+00    2.017868E+00    2.265525E+00   -1.000000E+01   -1.000000E+01    2.100000E+00    6.265700E+00    1.360000E+00    7.000000E+00    9.300000E+01    3.387005E+00    1.771792E+00    4.990000E+00    1.586266E+00    1.911627E+00    1.018135E-03    4.029736E-11    2.000000E+00   -1.300162E+00   -1.245841E+00
   2.090000E-09    4.000000E+00    8.640000E+01    6.500000E+00    1.397940E+00   -1.000000E+00   -1.000000E+01    3.361728E+00   -1.000000E+01    3.550228E+00   -1.000000E+01   -1.000000E+01    2.900000E+00    6.306700E+00    1.300000E+00    7.000000E+00    9.000000E+01    3.398069E+00    3.044031E+00    4.990000E+00   -1.236004E-01    1.116306E+00    8.974315E-04    9.632502E-11    2.100000E+01   -2.958495E-01   -5.157670E-01
   1.200000E-09    5.000000E+00    8.379000E+01    8.440000E+01    1.397940E+00   -1.000000E+00   -1.000000E+01    3.361539E+00   -1.000000E+01   -1.000000E+01   -1.000000E+01   -1.000000E+01    9.000000E+00    6.265700E+00    1.360000E+00    7.000000E+00    9.300000E+01    3.387005E+00    1.742078E+00    4.990000E+00    1.003150E+00    1.944232E+00    8.974315E-04    9.632502E-11    3.000000E+00   -4.449056E-01   -6.400569E-01
   1.200000E-09    5.000000E+00    1.242000E+01    8.700000E+00    1.397940E+00   -4.517126E+00   -6.989700E-01   -3.979400E-01   -1.000000E+00   -1.000000E+01   -3.010300E-01   -1.000000E+01    5.000000E+00    6.265700E+00    1.360000E+00    7.000000E+00    9.300000E+01    3.387005E+00    1.742078E+00    4.990000E+00    8.453977E-01    1.944232E+00    8.974315E-04    1.679484E-12    2.300000E+01   -2.308919E+00   -2.328133E+00
   2.100000E-09    1.000000E+00    9.900000E+01    4.800000E+01    1.397940E+00   -1.000000E+00   -1.000000E+01    3.361728E+00   -1.000000E+01   -1.000000E+01   -1.000000E+01   -1.000000E+01    8.000000E+00    3.893900E+00    7.900000E-01    6.000000E+00    5.500000E+01    2.332971E+00    2.099903E+00    4.360000E+00    6.856061E-01    1.110990E+00    8.974315E-04    9.632502E-11    3.000000E+00   -2.865095E-01   -4.591625E-01
   1.550000E-09    6.000000E+00    2.500000E+02    1.000000E-02    1.301030E+00   -1.000000E+00   -1.000000E+01    3.361728E+00   -1.000000E+01    3.550228E+00   -1.000000E+01   -1.000000E+01    3.400000E+00    9.752400E+00    2.550000E+00    4.000000E+00    3.400000E+01    2.921497E+00    1.974025E+00    3.450000E+00   -3.397940E+00    1.479970E+00    1.018135E-03    9.551391E-11    1.900000E+01    3.692159E-01   -7.000153E-01
   6.600000E-10    2.000000E+00    1.961000E+01    7.600000E+01    6.989700E-01   -2.111259E+00    5.502284E-01    1.311966E+00    1.798858E+00    1.075912E+00    2.361822E+00    1.715753E+00    7.010000E+00    7.639900E+00    1.910000E+00    4.000000E+00    2.800000E+01    2.585791E+00    7.840861E-01    3.450000E+00    1.588336E+00    3.297841E+00    1.535544E-03    2.588402E-11    9.000000E+00    6.812412E-01    6.850524E-02
   1.200000E-09    5.000000E+00    3.000000E+01    7.600000E+01    1.301030E+00   -2.000000E+00   -1.000000E+01    2.361539E+00   -1.000000E+01   -1.000000E+01   -1.000000E+01   -1.000000E+01    2.500000E+00    6.265700E+00    1.360000E+00    7.000000E+00    9.300000E+01    3.387005E+00    1.771792E+00    4.990000E+00    1.403692E+00    1.911627E+00    1.018135E-03    3.020415E-11    2.000000E+00   -1.079054E-01   -3.086263E-01
   6.200000E-10    3.000000E+00    3.000000E+01    7.600000E+01    1.397940E+00   -2.000000E+00   -1.000000E+01    2.361728E+00   -1.000000E+01   -1.000000E+01   -1.000000E+01   -1.000000E+01    4.178000E+00    5.670400E+00    1.200000E+00    6.000000E+00    6.300000E+01    2.815295E+00    7.481457E-01    4.360000E+00    1.403692E+00    3.763030E+00    8.974315E-04    3.046064E-11    2.000000E+00    9.561684E-01    1.179916E+00
   7.150000E-10    2.000000E+00    6.680000E+01    2.310000E+01    1.397940E+00   -3.000000E+00   -1.000000E+01    1.361728E+00   -1.000000E+01   -1.000000E+01   -1.000000E+01   -1.000000E+01    7.373000E+00    9.394200E+00    1.650000E+00    4.000000E+00    3.000000E+01    2.867342E+00    8.787314E-01    3.450000E+00    5.388355E-01    3.263047E+00    8.974315E-04    9.632502E-12    6.000000E+00    4.265113E-01    6.141261E-01
   7.200000E-10    6.000000E+00    2.712000E+01    7.600000E+01    6.989700E-01   -2.111259E+00    5.502284E-01    1.311966E+00    1.798858E+00    1.075912E+00    2.361822E+00    1.715753E+00    8.290000E+00    6.193900E+00    1.380000E+00    7.000000E+00    9.200000E+01    3.367543E+00    1.113966E+00    4.990000E+00    1.447524E+00    3.023021E+00    1.535544E-03    2.588402E-11    4.000000E+00   -1.522879E+00   -1.516716E+00
   6.240000E-10    3.000000E+00    2.300000E+00    9.300000E+00    1.342423E+00   -1.000000E+00   -1.000000E+01    3.361728E+00   -1.000000E+01    3.550228E+00   -1.000000E+01   -1.000000E+01    3.446000E+00    5.973800E+00    1.300000E+00    7.000000E+00    9.500000E+01    3.307169E+00    8.935187E-01    4.990000E+00    1.606755E+00    3.701287E+00    9.673286E-04    9.583918E-11    1.300000E+01   -5.060999E-02   -2.343904E-01
   7.190000E-10    2.000000E+00    1.000000E+02    1.080000E+02    1.397940E+00   -1.000000E+00   -1.000000E+01    3.361539E+00   -1.000000E+01   -1.000000E+01   -1.000000E+01   -1.000000E+01    6.200000E+00    7.902400E+00    1.830000E+00    4.000000E+00    2.600000E+01    2.629839E+00    8.104545E-01    3.450000E+00    1.033424E+00    3.244894E+00    8.974315E-04    9.632502E-11    3.000000E+00    2.718416E-01    1.003896E-01
   6.600000E-10    2.000000E+00    6.680000E+01    2.310000E+01    1.397940E+00   -2.000000E+00   -1.000000E+01    2.361728E+00   -1.000000E+01   -1.000000E+01   -1.000000E+01   -1.000000E+01    6.675000E+00    7.639900E+00    1.910000E+00    4.000000E+00    2.800000E+01    2.585791E+00    7.314893E-01    3.450000E+00    5.388355E-01    3.534968E+00    8.974315E-04    3.046064E-11    6.000000E+00    3.096302E-01    2.412849E-02
   6.600000E-10    2.000000E+00    4.900000E-01    1.400000E+00    1.397940E+00   -1.000000E+00   -1.000000E+01    3.361728E+00   -1.000000E+01   -1.000000E+01   -1.000000E+01   -1.000000E+01    7.464000E+00    7.639900E+00    1.910000E+00    4.000000E+00    2.800000E+01    2.585791E+00    7.314893E-01    3.450000E+00    1.455932E+00    3.534968E+00    8.974315E-04    9.632502E-11    2.000000E+01    4.313638E-01   -2.301642E-01
   6.600000E-10    2.000000E+00    6.680000E+01    2.310000E+01    1.397940E+00   -3.000000E+00   -1.000000E+01    1.361728E+00   -1.000000E+01   -1.000000E+01   -1.000000E+01   -1.000000E+01    7.167000E+00    7.639900E+00    1.910000E+00    4.000000E+00    2.800000E+01    2.585791E+00    7.314893E-01    3.450000E+00    5.388355E-01    3.534968E+00    8.974315E-04    9.632502E-12    6.000000E+00    9.609462E-01    7.724312E-01
   2.100000E-09    1.000000E+00    2.400000E+01    8.750000E+01    1.903090E+00   -3.010300E-01   -1.000000E+01    4.060698E+00   -1.000000E+01   -1.000000E+01   -1.000000E+01   -1.000000E+01    2.370000E+00    3.893900E+00    7.900000E-01    6.000000E+00    5.500000E+01    2.332971E+00    1.772862E+00    4.360000E+00    1.561797E+00    1.315935E+00    3.546804E-04    2.344155E-10    3.000000E+00   -1.310691E+00   -1.693619E+00
   6.200000E-10    3.000000E+00    3.000000E+01    5.300000E+01    1.361728E+00   -6.989700E-01   -1.000000E+01    3.662569E+00   -1.000000E+01   -1.000000E+01   -1.000000E+01   -1.000000E+01    7.400000E+00    5.670400E+00    1.200000E+00    6.000000E+00    6.300000E+01    2.815295E+00    7.531981E-01    4.360000E+00    1.247155E+00    3.737788E+00    9.432169E-04    1.357665E-10    2.000000E+00    1.556303E+00    1.336761E+00
   1.550000E-09    4.000000E+00    1.000000E+02    1.080000E+02    1.361728E+00   -1.301030E+00   -1.000000E+01    3.060509E+00   -1.000000E+01    3.248586E+00   -1.000000E+01   -1.000000E+01    6.460000E+00    9.752400E+00    2.550000E+00    4.000000E+00    3.400000E+01    2.921497E+00    1.954028E+00    3.450000E+00    1.033424E+00    1.495115E+00    9.432169E-04    6.788324E-11    3.000000E+00   -1.896196E+00   -1.741543E+00
   2.100000E-09    1.000000E+00    4.000000E-01    4.000000E+00    1.397940E+00   -6.903698E-01    1.206826E+00    3.971276E+00    8.512583E-01   -1.000000E+01   -1.000000E+01   -1.000000E+01    8.440000E+00    3.893900E+00    7.900000E-01    6.000000E+00    5.500000E+01    2.332971E+00    2.099903E+00    4.360000E+00    2.000000E+00    1.110990E+00    8.974315E-04    1.375796E-10    1.300000E+01   -2.107905E+00   -2.269809E+00
   1.200000E-09    5.000000E+00    1.242000E+01    9.400000E+00    6.989700E-01   -2.088310E+00    5.502284E-01    1.311966E+00    1.838471E+00    1.075912E+00    2.378761E+00    1.715753E+00    7.030000E+00    6.265700E+00    1.360000E+00    7.000000E+00    9.300000E+01    3.387005E+00    1.867340E+00    4.990000E+00    8.790063E-01    1.813813E+00    1.535544E-03    2.657702E-11    2.400000E+01   -3.151705E-02   -4.528640E-01
   6.240000E-10    3.000000E+00    5.440000E+01    1.442000E+02    1.778151E+00   -2.175874E+00    9.542425E-01    1.986772E+00    6.989700E-01    9.395193E-01    1.672098E+00    2.204120E+00    9.200000E+00    5.973800E+00    1.300000E+00    7.000000E+00    9.500000E+01    3.307169E+00    7.916015E-01    4.990000E+00    1.423366E+00    4.177821E+00    4.493767E-04    2.629690E-11    2.500000E+01    1.342423E+00    9.337055E-01
   1.200000E-09    5.000000E+00    6.840000E+01    1.000000E-02    1.397940E+00   -1.000000E+00   -1.000000E+01    3.361539E+00   -1.000000E+01   -1.000000E+01   -1.000000E+01   -1.000000E+01    8.490000E+00    6.265700E+00    1.360000E+00    7.000000E+00    9.300000E+01    3.387005E+00    1.742078E+00    4.990000E+00   -2.835056E+00    1.944232E+00    8.974315E-04    9.632502E-11    1.900000E+01    6.069784E-02    6.514427E-01
   7.200000E-10    6.000000E+00    5.660000E+01    8.000000E+01    1.397940E+00   -2.000000E+00   -1.000000E+01    2.361728E+00   -1.000000E+01   -1.000000E+01   -1.000000E+01   -1.000000E+01    8.130000E+00    6.193900E+00    1.380000E+00    7.000000E+00    9.200000E+01    3.367543E+00    1.039241E+00    4.990000E+00    1.150274E+00    3.240387E+00    8.974315E-04    3.046064E-11    3.000000E+00    3.404441E-01    3.068798E-01
   7.190000E-10    2.000000E+00    1.000000E+02    1.080000E+02    1.397940E+00   -1.000000E+00   -1.000000E+01    3.361539E+00   -1.000000E+01   -1.000000E+01   -1.000000E+01   -1.000000E+01    6.200000E+00    7.902400E+00    1.830000E+00    4.000000E+00    2.600000E+01    2.629839E+00    8.104545E-01    3.450000E+00    1.033424E+00    3.244894E+00    8.974315E-04    9.632502E-11    3.000000E+00    1.367356E+00    1.003896E-01
   2.100000E-09    1.000000E+00    7.960000E+01    1.300000E+02    1.397940E+00   -3.230623E+00   -1.000000E+01   -1.000000E+01   -1.000000E+01    1.319106E+00   -1.000000E+01   -1.000000E+01    6.400000E+00    3.893900E+00    7.900000E-01    6.000000E+00    5.500000E+01    2.332971E+00    2.099903E+00    4.360000E+00    1.213030E+00    1.110990E+00    8.974315E-04    7.386314E-12    4.000000E+00   -3.106911E-01   -6.377632E-01
   6.600000E-10    2.000000E+00    3.500000E+01    8.700000E+01    1.301030E+00   -2.000000E+00   -1.000000E+01    2.361728E+00   -1.000000E+01   -1.000000E+01   -1.000000E+01   -1.000000E+01    5.200000E+00    7.639900E+00    1.910000E+00    4.000000E+00    2.800000E+01    2.585791E+00    7.439657E-01    3.450000E+00    1.395451E+00    3.475686E+00    1.018135E-03    3.020415E-11    3.000000E+00    9.800034E-01    7.314458E-01
   7.200000E-10    6.000000E+00    3.100000E+01    8.210000E+01    1.397940E+00   -2.000000E+00   -1.000000E+01    2.361728E+00   -1.000000E+01   -1.000000E+01   -1.000000E+01   -1.000000E+01    8.081000E+00    6.193900E+00    1.380000E+00    7.000000E+00    9.200000E+01    3.367543E+00    1.039241E+00    4.990000E+00    1.422981E+00    3.240387E+00    8.974315E-04    3.046064E-11    3.000000E+00    1.257679E+00    9.859722E-01
   6.200000E-10    3.000000E+00    2.400000E+01    8.750000E+01    1.602060E+00   -1.602060E+00   -1.000000E+01    2.759668E+00   -1.000000E+01   -1.000000E+01   -1.000000E+01   -1.000000E+01    5.600000E+00    5.670400E+00    1.200000E+00    6.000000E+00    6.300000E+01    2.815295E+00    7.123092E-01    4.360000E+00    1.561797E+00    3.952349E+00    6.388855E-04    4.935918E-11    3.000000E+00    1.789581E+00    1.415371E+00
   6.600000E-10    2.000000E+00    1.916000E+01    7.600000E+01    6.989700E-01   -2.088310E+00    5.502284E-01    1.311966E+00    1.838471E+00    1.075912E+00    2.378761E+00    1.715753E+00    8.040000E+00    7.639900E+00    1.910000E+00    4.000000E+00    2.800000E+01    2.585791E+00    7.840861E-01    3.450000E+00    1.598418E+00    3.297841E+00    1.535544E-03    2.657702E-11    9.000000E+00    7.634280E-01    6.935773E-01
   6.600000E-10    2.000000E+00    2.000000E+01    2.800000E+01    1.395326E+00   -1.000000E+00   -1.000000E+01    3.361539E+00   -1.000000E+01   -1.000000E+01   -1.000000E+01   -1.000000E+01    6.960000E+00    7.639900E+00    1.910000E+00    4.000000E+00    2.800000E+01    2.585791E+00    7.318575E-01    3.450000E+00    1.146128E+00    3.533189E+00    9.007563E-04    9.630078E-11    6.000000E+00   -5.559552E-01   -6.251422E-01
   2.100000E-09    1.000000E+00    1.100000E-01    4.000000E+00    1.380211E+00   -1.000000E+00   -1.000000E+01    3.361728E+00   -1.000000E+01   -1.000000E+01   -1.000000E+01   -1.000000E+01    9.240000E+00    3.893900E+00    7.900000E-01    6.000000E+00    5.500000E+01    2.332971E+00    2.106970E+00    4.360000E+00    2.560667E+00    1.107264E+00    9.199272E-04    9.616334E-11    1.300000E+01   -1.530178E+00   -1.542150E+00
   2.100000E-09    1.000000E+00    2.640000E+01    3.300000E+00    1.301030E+00   -2.000000E+00   -1.000000E+01    2.361728E+00   -1.000000E+01   -1.000000E+01   -1.000000E+01   -1.000000E+01    5.500000E+00    3.893900E+00    7.900000E-01    6.000000E+00    5.500000E+01    2.332971E+00    2.135720E+00    4.360000E+00    9.691001E-02    1.092359E+00    1.018135E-03    3.020415E-11    7.000000E+00   -1.698970E+00   -3.634394E-01
   7.200000E-10    6.000000E+00    5.660000E+01    8.000000E+01    1.397940E+00   -2.000000E+00   -1.000000E+01    2.361728E+00   -1.000000E+01   -1.000000E+01   -1.000000E+01   -1.000000E+01    6.031000E+00    6.193900E+00    1.380000E+00    7.000000E+00    9.200000E+01    3.367543E+00    1.039241E+00    4.990000E+00    1.150274E+00    3.240387E+00    8.974315E-04    3.046064E-11    3.000000E+00    2.648178E-01    4.264711E-01
   6.200000E-10    3.000000E+00    1.242000E+01    9.400000E+00    6.989700E-01   -2.088310E+00    5.502284E-01    1.311966E+00    1.838471E+00    1.075912E+00    2.378761E+00    1.715753E+00    7.030000E+00    5.670400E+00    1.200000E+00    6.000000E+00    6.300000E+01    2.815295E+00    8.019401E-01    4.360000E+00    8.790063E-01    3.510605E+00    1.535544E-03    2.657702E-11    2.400000E+01    2.787536E-01    3.682856E-01
   7.900000E-10    2.000000E+00    5.400000E+00    9.920000E+00    1.397940E+00   -1.829738E+00   -1.000000E+01    2.130334E+00    2.049218E+00   -1.000000E+01    2.509203E+00   -1.000000E+01    8.800000E+00    5.694900E+00    9.500000E-01    5.000000E+00    3.800000E+01    2.491348E+00    8.435911E-01    3.850000E+00    1.264118E+00    2.953264E+00    8.974315E-04    3.705697E-11    5.000000E+00   -9.172146E-01   -8.521269E-01
   2.100000E-09    1.000000E+00    2.800000E-01    7.600000E-01    1.397940E+00   -6.655462E-01    1.271842E+00    3.995635E+00    8.286599E-01   -1.000000E+01   -1.000000E+01   -1.000000E+01    8.790000E+00    3.893900E+00    7.900000E-01    6.000000E+00    5.500000E+01    2.332971E+00    2.099903E+00    4.360000E+00    1.433656E+00    1.110990E+00    8.974315E-04    1.415683E-10    1.600000E+01   -1.443697E+00   -1.397068E+00
   1.200000E-09    5.000000E+00    1.200000E+02    6.900000E+01    1.342423E+00   -1.000000E+00   -1.000000E+01    3.361728E+00   -1.000000E+01   -1.000000E+01   -1.000000E+01   -1.000000E+01    3.500000E+00    6.265700E+00    1.360000E+00    7.000000E+00    9.300000E+01    3.387005E+00    1.759786E+00    4.990000E+00    7.596678E-01    1.924669E+00    9.673286E-04    9.583918E-11    4.000000E+00   -2.199971E+00   -1.547434E+00
   6.200000E-10    3.000000E+00    1.120000E+02    1.200000E+02    1.361728E+00   -1.000000E+00   -1.000000E+01    3.361539E+00   -1.000000E+01   -1.000000E+01   -1.000000E+01   -1.000000E+01    4.000000E+00    5.670400E+00    1.200000E+00    6.000000E+00    6.300000E+01    2.815295E+00    7.531981E-01    4.360000E+00    1.029963E+00    3.737788E+00    9.432169E-04    9.600140E-11    6.000000E+00   -1.188716E-02    2.367100E-01
   6.600000E-10    2.000000E+00    2.950000E+01    7.600000E+01    1.447158E+00   -2.000000E+00   -1.000000E+01    2.361728E+00   -1.000000E+01   -1.000000E+01   -1.000000E+01   -1.000000E+01    6.500000E+00    7.639900E+00    1.910000E+00    4.000000E+00    2.800000E+01    2.585791E+00    7.242024E-01    3.450000E+00    1.410992E+00    3.570537E+00    8.344425E-04    3.061351E-11    2.000000E+00    2.988531E-01    2.040890E-01
   1.550000E-09    4.000000E+00    2.500000E+02    1.000000E-02    1.301030E+00   -1.000000E+00   -1.000000E+01    3.361728E+00   -1.000000E+01    3.550228E+00   -1.000000E+01   -1.000000E+01    1.020000E+01    9.752400E+00    2.550000E+00    4.000000E+00    3.400000E+01    2.921497E+00    1.974025E+00    3.450000E+00   -3.397940E+00    1.479970E+00    1.018135E-03    9.551391E-11    1.900000E+01   -1.233587E+00   -8.268562E-01
   7.200000E-10    6.000000E+00    2.290000E-01    1.000000E-02    1.397940E+00   -1.000000E+00   -1.000000E+01    3.361728E+00   -1.000000E+01   -1.000000E+01   -1.000000E+01   -1.000000E+01    5.530000E+00    6.193900E+00    1.380000E+00    7.000000E+00    9.200000E+01    3.367543E+00    1.039241E+00    4.990000E+00   -3.598355E-01    3.240387E+00    8.974315E-04    9.632502E-11    1.900000E+01   -1.270835E+00   -1.518773E+00
   4.300000E-10    4.000000E+00    5.100000E+00    3.970000E+00    1.397940E+00   -2.563837E+00   -1.000000E+01    1.998259E+00    4.698220E-01   -1.000000E+01   -1.000000E+01   -1.000000E+01    8.800000E+00    6.026000E+00    1.280000E+00    7.000000E+00    9.400000E+01    3.321587E+00    6.121878E-01    4.990000E+00    8.912203E-01    5.425765E+00    8.974315E-04    1.591550E-11    1.000000E+00   -1.744727E+00   -4.774353E-01
   8.890000E-10    2.000000E+00    9.900000E+01    4.540000E+01    1.397940E+00   -1.000000E+00   -1.000000E+01    3.361728E+00   -1.000000E+01    3.550228E+00   -1.000000E+01   -1.000000E+01    8.000000E+00    5.278400E+00    9.000000E-01    7.000000E+00    8.800000E+01    3.108725E+00    1.184553E+00    4.990000E+00    6.614207E-01    2.624386E+00    8.974315E-04    9.632502E-11    3.000000E+00   -3.829997E-01   -2.957439E-01
   6.600000E-10    2.000000E+00    2.950000E+01    7.600000E+01    1.681241E+00   -2.000000E+00   -1.000000E+01    2.361728E+00   -1.000000E+01   -1.000000E+01   -1.000000E+01   -1.000000E+01    5.000000E+00    7.639900E+00    1.910000E+00    4.000000E+00    2.800000E+01    2.585791E+00    6.791018E-01    3.450000E+00    1.410992E+00    3.807664E+00    5.470953E-04    3.161372E-11    2.000000E+00   -1.040253E-01   -4.971164E-02
   1.200000E-09    5.000000E+00    1.120000E+02    2.100000E+01    1.397940E+00   -1.000000E+00   -1.000000E+01    3.361539E+00   -1.000000E+01    3.549616E+00   -1.000000E+01   -1.000000E+01    7.200000E+00    6.265700E+00    1.360000E+00    7.000000E+00    9.300000E+01    3.387005E+00    1.742078E+00    4.990000E+00    2.730013E-01    1.944232E+00    8.974315E-04    9.632502E-11    6.000000E+00   -1.015023E+00   -2.668394E-01
   6.600000E-10    2.000000E+00    2.950000E+01    7.600000E+01    1.447158E+00   -2.000000E+00   -1.000000E+01    2.361728E+00   -1.000000E+01   -1.000000E+01   -1.000000E+01   -1.000000E+01    6.500000E+00    7.639900E+00    1.910000E+00    4.000000E+00    2.800000E+01    2.585791E+00    7.242024E-01    3.450000E+00    1.410992E+00    3.570537E+00    8.344425E-04    3.061351E-11    2.000000E+00    8.635983E-02    2.040890E-01
   6.600000E-10    2.000000E+00    3.890000E+01    8.900000E+01    1.301030E+00   -2.000000E+00   -1.000000E+01    2.361728E+00   -1.000000E+01   -1.000000E+01   -1.000000E+01   -1.000000E+01    4.985000E+00    7.639900E+00    1.910000E+00    4.000000E+00    2.800000E+01    2.585791E+00    7.439657E-01    3.450000E+00    1.359440E+00    3.475686E+00    1.018135E-03    3.020415E-11    3.000000E+00   -1.407823E+00   -6.708120E-01
   2.100000E-09    1.000000E+00    2.400000E+01    8.750000E+01    1.397940E+00   -1.602060E+00   -1.000000E+01    2.759668E+00   -1.000000E+01   -1.000000E+01   -1.000000E+01   -1.000000E+01    7.470000E+00    3.893900E+00    7.900000E-01    6.000000E+00    5.500000E+01    2.332971E+00    2.099903E+00    4.360000E+00    1.561797E+00    1.110990E+00    8.974315E-04    4.816251E-11    3.000000E+00   -9.393022E-01   -7.348973E-01
   7.200000E-10    6.000000E+00    2.090000E+00    1.000000E-02    1.397940E+00   -1.000000E+00   -1.000000E+01    3.361728E+00   -1.000000E+01   -1.000000E+01   -1.000000E+01   -1.000000E+01    3.330000E+00    6.193900E+00    1.380000E+00    7.000000E+00    9.200000E+01    3.367543E+00    1.039241E+00    4.990000E+00   -1.320146E+00    3.240387E+00    8.974315E-04    9.632502E-11    1.900000E+01   -2.787812E+00   -2.202559E+00
   6.200000E-10    3.000000E+00    1.120000E+02    1.200000E+02    1.361728E+00   -6.989700E-01   -1.000000E+01    3.662569E+00   -1.000000E+01   -1.000000E+01   -1.000000E+01   -1.000000E+01    4.180000E+00    5.670400E+00    1.200000E+00    6.000000E+00    6.300000E+01    2.815295E+00    7.531981E-01    4.360000E+00    1.029963E+00    3.737788E+00    9.432169E-04    1.357665E-10    6.000000E+00    2.253093E-01    4.432024E-01
   7.200000E-10    6.000000E+00    2.712000E+01    7.600000E+01    6.989700E-01   -2.111259E+00    5.502284E-01    1.311966E+00    1.798858E+00    1.075912E+00    2.361822E+00    1.715753E+00    8.210000E+00    6.193900E+00    1.380000E+00    7.000000E+00    9.200000E+01    3.367543E+00    1.113966E+00    4.990000E+00    1.447524E+00    3.023021E+00    1.535544E-03    2.588402E-11    4.000000E+00   -1.886057E+00   -1.586955E+00
   6.200000E-10    3.000000E+00    5.360000E+01    6.230000E+01    1.342423E+00   -1.000000E+00   -1.000000E+01    3.361728E+00   -1.000000E+01    3.550228E+00   -1.000000E+01   -1.000000E+01    6.010000E+00    5.670400E+00    1.200000E+00    6.000000E+00    6.300000E+01    2.815295E+00    7.557500E-01    4.360000E+00    1.065323E+00    3.725167E+00    9.673286E-04    9.583918E-11    2.000000E+00   -8.446640E-01    3.530759E-01
   6.200000E-10    3.000000E+00    2.300000E+00    9.300000E+00    1.342423E+00   -1.004365E+00   -1.000000E+01   -1.000000E+01    3.120574E+00    3.369216E+00   -1.000000E+01   -1.000000E+01    4.100000E+00    5.670400E+00    1.200000E+00    6.000000E+00    6.300000E+01    2.815295E+00    7.557500E-01    4.360000E+00    1.606755E+00    3.725167E+00    9.673286E-04    9.535878E-11    1.300000E+01   -1.311580E+00   -1.399363E+00
   2.100000E-09    1.000000E+00    2.800000E+01    1.030000E+02    1.342423E+00   -1.000000E+00   -1.000000E+01    3.361539E+00   -1.000000E+01    3.549616E+00   -1.000000E+01   -1.000000E+01    6.100000E+00    3.893900E+00    7.900000E-01    6.000000E+00    5.500000E+01    2.332971E+00    2.121247E+00    4.360000E+00    1.565679E+00    1.099811E+00    9.673286E-04    9.583918E-11    3.000000E+00   -8.416375E-01   -5.912539E-01
   9.450000E-10    2.000000E+00    6.680000E+01    2.310000E+01    1.397940E+00   -2.000000E+00   -1.000000E+01    2.361728E+00   -1.000000E+01   -1.000000E+01   -1.000000E+01   -1.000000E+01    4.866000E+00    7.416700E+00    2.330000E+00    6.000000E+00    8.200000E+01    3.219752E+00    1.304142E+00    4.360000E+00    5.388355E-01    2.468867E+00    8.974315E-04    3.046064E-11    6.000000E+00    5.809250E-01    7.983312E-01
   7.150000E-10    2.000000E+00    1.000000E+02    1.080000E+02    1.397940E+00   -1.000000E+00   -1.000000E+01    3.361539E+00   -1.000000E+01   -1.000000E+01   -1.000000E+01   -1.000000E+01    6.200000E+00    9.394200E+00    1.650000E+00    4.000000E+00    3.000000E+01    2.867342E+00    8.787314E-01    3.450000E+00    1.033424E+00    3.263047E+00    8.974315E-04    9.632502E-11    3.000000E+00    1.960946E+00    1.489173E+00
   1.550000E-09    4.000000E+00    6.000000E+01    1.900000E+01    1.322219E+00   -9.956786E-01    1.503791E+00    3.076706E+00    2.409108E+00    3.162400E+00    2.200446E+00    3.175667E+00    7.500000E+00    9.752400E+00    2.550000E+00    4.000000E+00    3.400000E+01    2.921497E+00    1.967314E+00    3.450000E+00    5.006024E-01    1.485018E+00    9.922914E-04    9.615388E-11    5.000000E+00   -2.376751E+00   -1.617054E+00
   1.200000E-09    5.000000E+00    2.800000E+01    1.080000E+02    1.301030E+00   -2.000000E+00   -1.000000E+01    2.361539E+00   -1.000000E+01   -1.000000E+01   -1.000000E+01   -1.000000E+01    7.400000E+00    6.265700E+00    1.360000E+00    7.000000E+00    9.300000E+01    3.387005E+00    1.771792E+00    4.990000E+00    1.586266E+00    1.911627E+00    1.018135E-03    3.020415E-11    2.000000E+00   -1.400117E+00   -1.726414E+00
   6.240000E-10    3.000000E+00    2.300000E+00    9.300000E+00    1.342423E+00   -1.000000E+00   -1.000000E+01    3.361728E+00   -1.000000E+01    3.550228E+00   -1.000000E+01   -1.000000E+01    3.066000E+00    5.973800E+00    1.300000E+00    7.000000E+00    9.500000E+01    3.307169E+00    8.935187E-01    4.990000E+00    1.606755E+00    3.701287E+00    9.673286E-04    9.583918E-11    1.300000E+01   -3.448616E-01   -2.212988E-01
   9.450000E-10    2.000000E+00    6.680000E+01    2.310000E+01    1.397940E+00   -2.000000E+00   -1.000000E+01    2.361728E+00   -1.000000E+01   -1.000000E+01   -1.000000E+01   -1.000000E+01    3.519000E+00    7.416700E+00    2.330000E+00    6.000000E+00    8.200000E+01    3.219752E+00    1.304142E+00    4.360000E+00    5.388355E-01    2.468867E+00    8.974315E-04    3.046064E-11    6.000000E+00   -2.881928E-01   -3.432789E-01
   6.200000E-10    3.000000E+00    9.700000E+01    2.250000E+01    1.380211E+00   -1.000000E+00   -1.000000E+01    3.361728E+00   -1.000000E+01   -1.000000E+01   -1.000000E+01   -1.000000E+01    4.210000E+00    5.670400E+00    1.200000E+00    6.000000E+00    6.300000E+01    2.815295E+00    7.506634E-01    4.360000E+00    3.654109E-01    3.750409E+00    9.199272E-04    9.616334E-11    6.000000E+00    3.521825E-01    3.769491E-01
   7.200000E-10    6.000000E+00    1.200000E+02    6.900000E+01    1.342423E+00   -2.000000E+00   -1.000000E+01    2.361728E+00   -1.000000E+01   -1.000000E+01   -1.000000E+01   -1.000000E+01    6.300000E+00    6.193900E+00    1.380000E+00    7.000000E+00    9.200000E+01    3.367543E+00    1.049804E+00    4.990000E+00    7.596678E-01    3.207782E+00    9.673286E-04    3.030701E-11    4.000000E+00    1.201397E+00    1.152120E+00
   7.200000E-10    6.000000E+00    3.000000E-02    1.000000E-02    1.301030E+00   -1.000000E+00   -1.000000E+01    3.361728E+00   -1.000000E+01   -1.000000E+01   -1.000000E+01   -1.000000E+01    7.153000E+00    6.193900E+00    1.380000E+00    7.000000E+00    9.200000E+01    3.367543E+00    1.056966E+00    4.990000E+00    5.228787E-01    3.186046E+00    1.018135E-03    9.551391E-11    2.200000E+01   -2.000000E+00   -1.533065E+00
   1.200000E-09    5.000000E+00    9.100000E-01    1.200000E+00    1.397940E+00   -7.423214E-01    1.428135E+00    3.298853E+00    2.880814E+00    3.681241E+00    1.764176E+00    2.691081E+00    7.200000E+00    6.265700E+00    1.360000E+00    7.000000E+00    9.300000E+01    3.387005E+00    1.742078E+00    4.990000E+00    1.120140E+00    1.944232E+00    8.974315E-04    1.295921E-10    1.300000E+01   -1.853872E+00   -1.812723E+00
   8.890000E-10    2.000000E+00    5.020000E+01    1.210000E+02    1.397940E+00   -2.000000E+00   -1.000000E+01    2.361539E+00   -1.000000E+01    2.549616E+00   -1.000000E+01   -1.000000E+01    3.000000E+00    5.278400E+00    9.000000E-01    7.000000E+00    8.800000E+01    3.108725E+00    1.184553E+00    4.990000E+00    1.382082E+00    2.624386E+00    8.974315E-04    3.046064E-11    3.000000E+00    8.041394E-01    8.652003E-01
   2.100000E-09    1.000000E+00    3.400000E+00    8.200000E+00    1.477121E+00   -9.393022E-01    3.592177E+00   -1.000000E+01   -1.000000E+01   -1.000000E+01   -1.000000E+01   -1.000000E+01    6.200000E+00    3.893900E+00    7.900000E-01    6.000000E+00    5.500000E+01    2.332971E+00    2.065269E+00    4.360000E+00    1.382335E+00    1.129621E+00    7.959477E-04    1.041596E-10    1.800000E+01   -2.716699E+00   -2.128485E+00
   7.200000E-10    6.000000E+00    3.000000E-02    1.000000E-02    1.301030E+00   -1.000000E+00   -1.000000E+01    3.361728E+00   -1.000000E+01   -1.000000E+01   -1.000000E+01   -1.000000E+01    5.612000E+00    6.193900E+00    1.380000E+00    7.000000E+00    9.200000E+01    3.367543E+00    1.056966E+00    4.990000E+00    5.228787E-01    3.186046E+00    1.018135E-03    9.551391E-11    2.200000E+01   -1.785156E+00   -1.497752E+00
   7.150000E-10    2.000000E+00    6.680000E+01    2.310000E+01    1.397940E+00   -1.000000E+00   -1.000000E+01    3.361728E+00   -1.000000E+01   -1.000000E+01   -1.000000E+01   -1.000000E+01    6.699000E+00    9.394200E+00    1.650000E+00    4.000000E+00    3.000000E+01    2.867342E+00    8.787314E-01    3.450000E+00    5.388355E-01    3.263047E+00    8.974315E-04    9.632502E-11    6.000000E+00   -1.084625E-01   -2.602364E-01
   9.230000E-10    0.000000E+00    3.750000E+01    1.442000E+02    1.397940E+00   -2.134304E+00    1.072100E-01    2.127105E+00    1.939519E+00   -1.769551E+00   -1.000000E+01    3.873898E-01    1.210000E+01    1.126030E+01    2.550000E+00    2.000000E+00    6.000000E+00    1.810750E+00    7.163593E-01    1.990000E+00    1.584934E+00    2.527713E+00    8.974315E-04    2.609679E-11    2.500000E+01   -2.274088E+00   -2.301913E+00
   1.200000E-09    5.000000E+00    1.120000E+02    2.100000E+01    1.397940E+00   -1.000000E+00   -1.000000E+01    3.361539E+00   -1.000000E+01    3.549616E+00   -1.000000E+01   -1.000000E+01    7.200000E+00    6.265700E+00    1.360000E+00    7.000000E+00    9.300000E+01    3.387005E+00    1.742078E+00    4.990000E+00    2.730013E-01    1.944232E+00    8.974315E-04    9.632502E-11    6.000000E+00   -8.794261E-01   -2.668394E-01
   7.200000E-10    6.000000E+00    5.660000E+01    8.000000E+01    1.397940E+00   -3.000000E+00   -1.000000E+01    1.361728E+00   -1.000000E+01   -1.000000E+01   -1.000000E+01   -1.000000E+01    6.590000E+00    6.193900E+00    1.380000E+00    7.000000E+00    9.200000E+01    3.367543E+00    1.039241E+00    4.990000E+00    1.150274E+00    3.240387E+00    8.974315E-04    9.632502E-12    3.000000E+00    9.175055E-01    9.724952E-01
   7.150000E-10    2.000000E+00    1.000000E+02    1.080000E+02    1.397940E+00   -1.000000E+00   -1.000000E+01    3.361539E+00   -1.000000E+01   -1.000000E+01   -1.000000E+01   -1.000000E+01    6.200000E+00    9.394200E+00    1.650000E+00    4.000000E+00    3.000000E+01    2.867342E+00    8.787314E-01    3.450000E+00    1.033424E+00    3.263047E+00    8.974315E-04    9.632502E-11    3.000000E+00    1.810233E+00    1.489173E+00
   6.600000E-10    2.000000E+00    4.900000E-01    1.400000E+00    1.397940E+00   -2.000000E+00   -1.000000E+01    2.361728E+00   -1.000000E+01   -1.000000E+01   -1.000000E+01   -1.000000E+01    6.000000E+00    7.639900E+00    1.910000E+00    4.000000E+00    2.800000E+01    2.585791E+00    7.314893E-01    3.450000E+00    1.455932E+00    3.534968E+00    8.974315E-04    3.046064E-11    2.000000E+01   -1.274905E+00   -1.673813E+00
   1.200000E-09    5.000000E+00    8.379000E+01    8.440000E+01    1.397940E+00   -1.000000E+00   -1.000000E+01    3.361539E+00   -1.000000E+01   -1.000000E+01   -1.000000E+01   -1.000000E+01    9.670000E+00    6.265700E+00    1.360000E+00    7.000000E+00    9.300000E+01    3.387005E+00    1.742078E+00    4.990000E+00    1.003150E+00    1.944232E+00    8.974315E-04    9.632502E-11    3.000000E+00   -1.449772E+00   -5.791175E-01
   6.200000E-10    3.000000E+00    6.840000E+01    2.000000E-02    1.322219E+00   -1.000000E+00   -1.000000E+01    3.361728E+00   -1.000000E+01   -1.000000E+01   -1.000000E+01   -1.000000E+01    3.938000E+00    5.670400E+00    1.200000E+00    6.000000E+00    6.300000E+01    2.815295E+00    7.583193E-01    4.360000E+00   -2.534026E+00    3.712545E+00    9.922914E-04    9.567668E-11    1.900000E+01   -8.477117E-01   -1.722552E+00
   6.240000E-10    3.000000E+00    2.300000E+00    9.300000E+00    1.342423E+00   -1.000000E+00   -1.000000E+01    3.361728E+00   -1.000000E+01    3.550228E+00   -1.000000E+01   -1.000000E+01    9.841000E+00    5.973800E+00    1.300000E+00    7.000000E+00    9.500000E+01    3.307169E+00    8.935187E-01    4.990000E+00    1.606755E+00    3.701287E+00    9.673286E-04    9.583918E-11    1.300000E+01    1.038037E-01   -4.715186E-01
   7.300000E-10    2.000000E+00    4.223000E+01    1.080000E+02    1.297761E+00   -2.000000E+00   -1.000000E+01    2.361539E+00   -1.000000E+01    2.549616E+00   -1.000000E+01   -1.000000E+01    5.990000E+00    7.881000E+00    1.880000E+00    4.000000E+00    2.700000E+01    2.626276E+00    8.361822E-01    3.450000E+00    1.407803E+00    3.140793E+00    1.022090E-03    3.019642E-11    3.000000E+00    1.072100E-01    1.562274E-01
   7.200000E-10    2.000000E+00    3.100000E+01    8.210000E+01    1.397940E+00   -2.000000E+00   -1.000000E+01    2.361728E+00   -1.000000E+01   -1.000000E+01   -1.000000E+01   -1.000000E+01    6.820000E+00    8.993800E+00    1.690000E+00    5.000000E+00    4.800000E+01    3.130855E+00    9.661976E-01    3.850000E+00    1.422981E+00    3.240387E+00    8.974315E-04    3.046064E-11    3.000000E+00    8.305887E-01    6.072101E-01
   2.100000E-09    1.000000E+00    1.476000E+01    1.299000E+01    1.342423E+00   -6.126102E-01    9.079485E-01    3.322219E+00    3.276462E+00    3.800029E+00    1.000000E+00    2.748188E+00    8.400000E+00    3.893900E+00    7.900000E-01    6.000000E+00    5.500000E+01    2.332971E+00    2.121247E+00    4.360000E+00    9.445228E-01    1.099811E+00    9.673286E-04    1.497056E-10    1.700000E+01   -1.876148E+00   -1.851088E+00
   2.100000E-09    1.000000E+00    6.000000E+01    1.900000E+01    1.342423E+00   -2.430626E+00    9.030900E-01    1.644439E+00    1.190332E+00   -1.000000E+01   -1.000000E+01   -1.000000E+01    8.700000E+00    3.893900E+00    7.900000E-01    6.000000E+00    5.500000E+01    2.332971E+00    2.121247E+00    4.360000E+00    5.006024E-01    1.099811E+00    9.673286E-04    1.845993E-11    5.000000E+00    3.802112E-01    4.337982E-01
   7.200000E-10    6.000000E+00    3.100000E+01    8.210000E+01    1.397940E+00   -2.000000E+00   -1.000000E+01    2.361728E+00   -1.000000E+01   -1.000000E+01   -1.000000E+01   -1.000000E+01    7.647000E+00    6.193900E+00    1.380000E+00    7.000000E+00    9.200000E+01    3.367543E+00    1.039241E+00    4.990000E+00    1.422981E+00    3.240387E+00    8.974315E-04    3.046064E-11    3.000000E+00    1.037426E+00    9.711263E-01
   7.200000E-10    6.000000E+00    3.100000E+01    7.400000E+01    1.397940E+00   -1.000000E+00   -1.000000E+01    3.361728E+00   -1.000000E+01   -1.000000E+01   -1.000000E+01   -1.000000E+01    7.490000E+00    6.193900E+00    1.380000E+00    7.000000E+00    9.200000E+01    3.367543E+00    1.039241E+00    4.990000E+00    1.377870E+00    3.240387E+00    8.974315E-04    9.632502E-11    3.000000E+00    1.143015E+00    1.035471E+00
   2.100000E-09    1.000000E+00    2.400000E+01    8.750000E+01    1.602060E+00   -3.010300E-01   -1.000000E+01    4.060698E+00   -1.000000E+01   -1.000000E+01   -1.000000E+01   -1.000000E+01    2.920000E+00    3.893900E+00    7.900000E-01    6.000000E+00    5.500000E+01    2.332971E+00    1.999317E+00    4.360000E+00    1.561797E+00    1.166884E+00    6.388855E-04    2.207409E-10    3.000000E+00   -4.202164E-01   -1.556454E+00
   2.100000E-09    1.000000E+00    6.000000E+01    1.900000E+01    1.845098E+00   -2.430626E+00    8.920946E-01    1.744293E+00    1.220108E+00   -1.000000E+01   -1.000000E+01   -1.000000E+01    8.500000E+00    3.893900E+00    7.900000E-01    6.000000E+00    5.500000E+01    2.332971E+00    1.824526E+00    4.360000E+00    5.006024E-01    1.278672E+00    3.938978E-04    1.990447E-11    5.000000E+00    2.504200E-01    4.949728E-01
   2.100000E-09    1.000000E+00    3.750000E+01    1.442000E+02    1.397940E+00   -3.663540E+00   -1.399027E+00    7.846173E-01   -1.698970E+00    1.583625E-01   -1.000000E+01    1.335389E-01    1.070000E+01    3.893900E+00    7.900000E-01    6.000000E+00    5.500000E+01    2.332971E+00    2.099903E+00    4.360000E+00    1.584934E+00    1.110990E+00    8.974315E-04    4.487133E-12    2.500000E+01    5.024271E-01    4.844067E-01
   7.200000E-10    6.000000E+00    2.500000E+01    7.200000E+01    1.397940E+00   -1.000000E+00    3.596498E+00   -1.000000E+01   -1.000000E+01    3.549616E+00   -1.000000E+01   -1.000000E+01    3.069000E+00    6.193900E+00    1.380000E+00    7.000000E+00    9.200000E+01    3.367543E+00    1.039241E+00    4.990000E+00    1.459392E+00    3.240387E+00    8.974315E-04    9.632502E-11    2.000000E+00   -1.284833E+00   -1.229742E+00
   1.200000E-09    5.000000E+00    1.120000E+02    2.100000E+01    1.397940E+00   -1.000000E+00   -1.000000E+01    3.361539E+00   -1.000000E+01    3.549616E+00   -1.000000E+01   -1.000000E+01    7.200000E+00    6.265700E+00    1.360000E+00    7.000000E+00    9.300000E+01    3.387005E+00    1.742078E+00    4.990000E+00    2.730013E-01    1.944232E+00    8.974315E-04    9.632502E-11    6.000000E+00   -1.649439E-01   -2.668394E-01
   2.100000E-09    1.000000E+00    4.000000E-01    4.000000E+00    1.397940E+00   -2.563837E+00    7.379873E-01    1.763428E+00    1.307496E+00   -1.000000E+01   -1.000000E+01   -1.000000E+01    8.230000E+00    3.893900E+00    7.900000E-01    6.000000E+00    5.500000E+01    2.332971E+00    2.099903E+00    4.360000E+00    2.000000E+00    1.110990E+00    8.974315E-04    1.591550E-11    1.300000E+01   -1.292430E+00   -1.478353E+00
   2.100000E-09    1.000000E+00    3.400000E+00    8.200000E+00    1.477121E+00   -1.000000E+00   -1.000000E+01    3.361728E+00   -1.000000E+01   -1.000000E+01   -1.000000E+01   -1.000000E+01    6.200000E+00    3.893900E+00    7.900000E-01    6.000000E+00    5.500000E+01    2.332971E+00    2.065269E+00    4.360000E+00    1.382335E+00    1.129621E+00    7.959477E-04    9.712935E-11    1.800000E+01    4.082400E-01   -2.810375E-01
   7.200000E-10    6.000000E+00    5.660000E+01    8.000000E+01    1.397940E+00   -3.000000E+00   -1.000000E+01    1.361728E+00   -1.000000E+01   -1.000000E+01   -1.000000E+01   -1.000000E+01    6.800000E+00    6.193900E+00    1.380000E+00    7.000000E+00    9.200000E+01    3.367543E+00    1.039241E+00    4.990000E+00    1.150274E+00    3.240387E+00    8.974315E-04    9.632502E-12    3.000000E+00    1.056905E+00    6.884196E-01
   6.600000E-10    2.000000E+00    3.950000E+01    9.000000E+01    1.600428E+00   -2.000000E+00   -1.000000E+01    2.361539E+00   -1.000000E+01   -1.000000E+01   -1.000000E+01   -1.000000E+01    6.000000E+00    7.639900E+00    1.910000E+00    4.000000E+00    2.800000E+01    2.585791E+00    6.967845E-01    3.450000E+00    1.357645E+00    3.711035E+00    6.408615E-04    3.121001E-11    3.000000E+00    5.831988E-01    9.713738E-02
   9.450000E-10    2.000000E+00    2.000000E+01    8.600000E+01    1.397940E+00   -1.000000E+00   -1.000000E+01    3.361728E+00   -1.000000E+01   -1.000000E+01   -1.000000E+01   -1.000000E+01    5.800000E+00    7.416700E+00    2.330000E+00    6.000000E+00    8.200000E+01    3.219752E+00    1.304142E+00    4.360000E+00    1.633468E+00    2.468867E+00    8.974315E-04    9.632502E-11    3.000000E+00   -4.775558E-01    1.000640E-01
   6.240000E-10    3.000000E+00    1.242000E+01    1.720000E+01    1.397940E+00   -3.468521E+00    8.976271E-01   -3.010300E-01    5.440680E-01   -1.000000E+01    1.139434E-01   -1.000000E+01    6.200000E+00    5.973800E+00    1.300000E+00    7.000000E+00    9.500000E+01    3.307169E+00    8.845280E-01    4.990000E+00    1.141407E+00    3.738908E+00    8.974315E-04    5.616665E-12    2.300000E+01    1.000000E+00    9.801167E-01
   2.100000E-09    1.000000E+00    7.960000E+01    7.600000E+01    1.397940E+00   -2.000000E+00   -1.000000E+01    2.361728E+00   -1.000000E+01   -1.000000E+01   -1.000000E+01   -1.000000E+01    6.705000E+00    3.893900E+00    7.900000E-01    6.000000E+00    5.500000E+01    2.332971E+00    2.099903E+00    4.360000E+00    9.799005E-01    1.110990E+00    8.974315E-04    3.046064E-11    4.000000E+00    7.803173E-01    3.810875E-01
   7.200000E-10    6.000000E+00    3.000000E-02    1.000000E-02    1.301030E+00   -1.000000E+00   -1.000000E+01    3.361728E+00   -1.000000E+01   -1.000000E+01   -1.000000E+01   -1.000000E+01    6.849000E+00    6.193900E+00    1.380000E+00    7.000000E+00    9.200000E+01    3.367543E+00    1.056966E+00    4.990000E+00    5.228787E-01    3.186046E+00    1.018135E-03    9.551391E-11    2.200000E+01   -1.404504E+00   -1.550860E+00
   1.200000E-09    5.000000E+00    1.710000E+01    6.400000E-01    1.397940E+00   -1.000000E+00   -1.000000E+01    3.361539E+00   -1.000000E+01    3.549616E+00   -1.000000E+01   -1.000000E+01    8.000000E+00    6.265700E+00    1.360000E+00    7.000000E+00    9.300000E+01    3.387005E+00    1.742078E+00    4.990000E+00   -4.268161E-01    1.944232E+00    8.974315E-04    9.632502E-11    7.000000E+00   -4.534573E-01   -4.804472E-01
   6.240000E-10    3.000000E+00    1.460000E+02    6.500000E+00    1.397940E+00   -1.000000E+00   -1.000000E+01    3.361728E+00   -1.000000E+01   -1.000000E+01   -1.000000E+01   -1.000000E+01    6.478000E+00    5.973800E+00    1.300000E+00    7.000000E+00    9.500000E+01    3.307169E+00    8.845280E-01    4.990000E+00   -3.514395E-01    3.738908E+00    8.974315E-04    9.632502E-11    2.100000E+01    8.773713E-01    9.738242E-01
   6.200000E-10    3.000000E+00    2.666900E+02    4.960000E+01    1.397940E+00   -1.301030E+00   -1.000000E+01    3.060698E+00   -1.000000E+01   -1.000000E+01   -1.000000E+01   -1.000000E+01    5.463000E+00    5.670400E+00    1.200000E+00    6.000000E+00    6.300000E+01    2.815295E+00    7.481457E-01    4.360000E+00    2.694749E-01    3.763030E+00    8.974315E-04    6.811207E-11    3.000000E+00    1.305351E+00    1.067046E+00
   6.200000E-10    3.000000E+00    3.700000E-01    1.200000E-01    1.397940E+00   -1.301030E+00   -1.000000E+01    3.060698E+00   -1.000000E+01   -1.000000E+01   -1.000000E+01   -1.000000E+01    1.009000E+01    5.670400E+00    1.200000E+00    6.000000E+00    6.300000E+01    2.815295E+00    7.481457E-01    4.360000E+00    5.109795E-01    3.763030E+00    8.974315E-04    6.811207E-11    2.200000E+01   -2.740884E-01    1.056614E+00
   6.240000E-10    3.000000E+00    2.700000E+01    2.800000E+02    1.342423E+00   -2.308919E+00    5.910646E-01    1.812913E+00    1.255273E+00    1.845098E+00    2.089905E+00    9.822712E-01    6.370000E+00    5.973800E+00    1.300000E+00    7.000000E+00    9.500000E+01    3.307169E+00    8.935187E-01    4.990000E+00    2.015794E+00    3.701287E+00    9.673286E-04    2.123654E-11    7.000000E+00    1.120574E+00    9.097643E-01
   2.100000E-09    1.000000E+00    2.800000E-01    7.600000E-01    1.397940E+00   -2.548214E+00    1.033424E+00    1.777427E+00    1.257679E+00   -1.000000E+01   -1.000000E+01   -1.000000E+01    8.540000E+00    3.893900E+00    7.900000E-01    6.000000E+00    5.500000E+01    2.332971E+00    2.099903E+00    4.360000E+00    1.433656E+00    1.110990E+00    8.974315E-04    1.620438E-11    1.600000E+01   -8.092191E-02   -3.325401E-01
   6.200000E-10    3.000000E+00    8.000000E-01    1.330000E+02    1.845098E+00   -3.168770E+00    5.118834E-01    7.888751E-01    9.698816E-01   -1.000000E+01   -1.000000E+01   -1.000000E+01    8.050000E+00    5.670400E+00    1.200000E+00    6.000000E+00    6.300000E+01    2.815295E+00    6.500353E-01    4.360000E+00    3.220762E+00    4.330987E+00    3.938978E-04    8.509000E-12    1.300000E+01   -1.000000E+00   -8.713329E-01
   7.200000E-10    6.000000E+00    3.000000E-02    1.000000E-02    1.301030E+00   -1.000000E+00   -1.000000E+01    3.361728E+00   -1.000000E+01   -1.000000E+01   -1.000000E+01   -1.000000E+01    6.465000E+00    6.193900E+00    1.380000E+00    7.000000E+00    9.200000E+01    3.367543E+00    1.056966E+00    4.990000E+00    5.228787E-01    3.186046E+00    1.018135E-03    9.551391E-11    2.200000E+01   -1.336299E+00   -1.283757E+00
   2.100000E-09    1.000000E+00    2.712000E+01    7.600000E+01    6.989700E-01   -2.111259E+00    5.502284E-01    1.311966E+00    1.798858E+00    1.075912E+00    2.361822E+00    1.715753E+00    8.470000E+00    3.893900E+00    7.900000E-01    6.000000E+00    5.500000E+01    2.332971E+00    2.250894E+00    4.360000E+00    1.447524E+00    1.036464E+00    1.535544E-03    2.588402E-11    4.000000E+00    1.139434E-01    1.985830E-01
   1.200000E-09    5.000000E+00    8.379000E+01    8.440000E+01    1.397940E+00   -2.000000E+00   -1.000000E+01    2.361539E+00   -1.000000E+01   -1.000000E+01   -1.000000E+01   -1.000000E+01    9.750000E+00    6.265700E+00    1.360000E+00    7.000000E+00    9.300000E+01    3.387005E+00    1.742078E+00    4.990000E+00    1.003150E+00    1.944232E+00    8.974315E-04    3.046064E-11    3.000000E+00   -1.289037E+00   -1.344147E+00
   6.200000E-10    3.000000E+00    3.000000E+01    7.600000E+01    1.397940E+00   -1.301030E+00   -1.000000E+01    3.060698E+00   -1.000000E+01   -1.000000E+01   -1.000000E+01   -1.000000E+01    4.960000E+00    5.670400E+00    1.200000E+00    6.000000E+00    6.300000E+01    2.815295E+00    7.481457E-01    4.360000E+00    1.403692E+00    3.763030E+00    8.974315E-04    6.811207E-11    2.000000E+00    1.662758E+00    1.268259E+00
   7.200000E-10    2.000000E+00    6.680000E+01    2.310000E+01    1.397940E+00   -1.000000E+00   -1.000000E+01    3.361728E+00   -1.000000E+01   -1.000000E+01   -1.000000E+01   -1.000000E+01    3.474000E+00    8.993800E+00    1.690000E+00    5.000000E+00    4.800000E+01    3.130855E+00    9.661976E-01    3.850000E+00    5.388355E-01    3.240387E+00    8.974315E-04    9.632502E-11    6.000000E+00   -2.534617E+00   -1.751824E+00
   7.190000E-10    2.000000E+00    1.000000E+02    1.080000E+02    1.397940E+00   -1.000000E+00   -1.000000E+01    3.361539E+00   -1.000000E+01   -1.000000E+01   -1.000000E+01   -1.000000E+01    6.200000E+00    7.902400E+00    1.830000E+00    4.000000E+00    2.600000E+01    2.629839E+00    8.104545E-01    3.450000E+00    1.033424E+00    3.244894E+00    8.974315E-04    9.632502E-11    3.000000E+00    1.172713E-01    1.003896E-01
   7.150000E-10    2.000000E+00    6.680000E+01    2.310000E+01    1.397940E+00   -1.000000E+00   -1.000000E+01    3.361728E+00   -1.000000E+01   -1.000000E+01   -1.000000E+01   -1.000000E+01    5.614000E+00    9.394200E+00    1.650000E+00    4.000000E+00    3.000000E+01    2.867342E+00    8.787314E-01    3.450000E+00    5.388355E-01    3.263047E+00    8.974315E-04    9.632502E-11    6.000000E+00   -8.860566E-01   -6.933189E-01
   7.200000E-10    6.000000E+00    5.660000E+01    8.000000E+01    1.397940E+00   -3.000000E+00   -1.000000E+01    1.361728E+00   -1.000000E+01   -1.000000E+01   -1.000000E+01   -1.000000E+01    6.800000E+00    6.193900E+00    1.380000E+00    7.000000E+00    9.200000E+01    3.367543E+00    1.039241E+00    4.990000E+00    1.150274E+00    3.240387E+00    8.974315E-04    9.632502E-12    3.000000E+00   -5.601112E-02    6.884196E-01
   7.190000E-10    2.000000E+00    1.000000E+02    1.080000E+02    1.397940E+00   -1.000000E+00   -1.000000E+01    3.361539E+00   -1.000000E+01   -1.000000E+01   -1.000000E+01   -1.000000E+01    6.200000E+00    7.902400E+00    1.830000E+00    4.000000E+00    2.600000E+01    2.629839E+00    8.104545E-01    3.450000E+00    1.033424E+00    3.244894E+00    8.974315E-04    9.632502E-11    3.000000E+00    4.014005E-01    1.003896E-01
   7.200000E-10    6.000000E+00    3.100000E+01    8.210000E+01    1.397940E+00   -1.000000E+00   -1.000000E+01    3.361728E+00   -1.000000E+01   -1.000000E+01   -1.000000E+01   -1.000000E+01    5.624000E+00    6.193900E+00    1.380000E+00    7.000000E+00    9.200000E+01    3.367543E+00    1.039241E+00    4.990000E+00    1.422981E+00    3.240387E+00    8.974315E-04    9.632502E-11    3.000000E+00    8.278537E-02    1.974659E-01
   6.240000E-10    3.000000E+00    3.000000E+01    1.305000E+02    1.397940E+00   -3.042872E+00   -3.001623E-01    1.301030E+00    7.918125E-02   -5.228787E-01    1.477121E+00    8.450980E-01    8.850000E+00    5.973800E+00    1.300000E+00    7.000000E+00    9.500000E+01    3.307169E+00    8.845280E-01    4.990000E+00    1.638489E+00    3.738908E+00    8.974315E-04    9.168603E-12    2.000000E+00    1.056905E+00    1.057313E+00
   7.200000E-10    6.000000E+00    1.115000E+02    2.120000E+01    1.397940E+00   -1.000000E+00   -1.000000E+01    3.361728E+00   -1.000000E+01   -1.000000E+01   -1.000000E+01   -1.000000E+01    3.950000E+00    6.193900E+00    1.380000E+00    7.000000E+00    9.200000E+01    3.367543E+00    1.039241E+00    4.990000E+00    2.790609E-01    3.240387E+00    8.974315E-04    9.632502E-11    6.000000E+00   -3.196645E-01   -4.222710E-01
   1.200000E-09    5.000000E+00    1.916000E+01    7.600000E+01    6.989700E-01   -2.111259E+00    5.502284E-01    1.311966E+00    1.798858E+00    1.075912E+00    2.361822E+00    1.715753E+00    7.080000E+00    6.265700E+00    1.360000E+00    7.000000E+00    9.300000E+01    3.387005E+00    1.867340E+00    4.990000E+00    1.598418E+00    1.813813E+00    1.535544E-03    2.588402E-11    9.000000E+00   -1.508638E+00   -1.040264E+00
   2.100000E-09    1.000000E+00    9.900000E+01    8.800000E+01    1.397940E+00   -1.000000E+00   -1.000000E+01    3.361728E+00   -1.000000E+01   -1.000000E+01   -1.000000E+01   -1.000000E+01    8.000000E+00    3.893900E+00    7.900000E-01    6.000000E+00    5.500000E+01    2.332971E+00    2.099903E+00    4.360000E+00    9.488475E-01    1.110990E+00    8.974315E-04    9.632502E-11    3.000000E+00   -1.565431E+00   -1.236036E+00
   7.900000E-10    2.000000E+00    2.800000E+01    1.030000E+02    1.342423E+00   -8.239087E-01   -1.000000E+01    3.537630E+00   -1.000000E+01    3.725707E+00   -1.000000E+01   -1.000000E+01    6.600000E+00    5.694900E+00    9.500000E-01    5.000000E+00    3.800000E+01    2.491348E+00    8.521657E-01    3.850000E+00    1.565679E+00    2.923548E+00    9.673286E-04    1.173785E-10    3.000000E+00   -1.598599E+00   -1.341172E+00
   1.550000E-09    4.000000E+00    2.500000E+02    1.000000E-02    1.301030E+00   -1.000000E+00   -1.000000E+01    3.361728E+00   -1.000000E+01    3.550228E+00   -1.000000E+01   -1.000000E+01    4.400000E+00    9.752400E+00    2.550000E+00    4.000000E+00    3.400000E+01    2.921497E+00    1.974025E+00    3.450000E+00   -3.397940E+00    1.479970E+00    1.018135E-03    9.551391E-11    1.900000E+01    1.110590E+00    1.167771E+00
   6.200000E-10    3.000000E+00    2.400000E+01    8.750000E+01    1.903090E+00   -3.010300E-01   -1.000000E+01    4.060698E+00   -1.000000E+01   -1.000000E+01   -1.000000E+01   -1.000000E+01    4.360000E+00    5.670400E+00    1.200000E+00    6.000000E+00    6.300000E+01    2.815295E+00    6.316286E-01    4.360000E+00    1.561797E+00    4.457200E+00    3.546804E-04    2.344155E-10    3.000000E+00    1.570543E+00    1.377283E+00
   1.200000E-09    5.000000E+00    1.200000E+02    6.900000E+01    1.342423E+00   -2.000000E+00   -1.000000E+01    2.361728E+00   -1.000000E+01   -1.000000E+01   -1.000000E+01   -1.000000E+01    6.000000E+00    6.265700E+00    1.360000E+00    7.000000E+00    9.300000E+01    3.387005E+00    1.759786E+00    4.990000E+00    7.596678E-01    1.924669E+00    9.673286E-04    3.030701E-11    4.000000E+00   -1.400117E+00   -1.299907E+00
   7.200000E-10    6.000000E+00    7.960000E+01    7.600000E+01    1.322219E+00   -1.747147E+00    2.264818E+00    1.893207E+00    2.436163E+00    3.424227E-01   -1.000000E+01    8.965262E-01    7.800000E+00    6.193900E+00    1.380000E+00    7.000000E+00    9.200000E+01    3.367543E+00    1.053373E+00    4.990000E+00    9.799005E-01    3.196914E+00    9.922914E-04    4.047927E-11    4.000000E+00   -3.467875E-01   -6.509867E-01
   4.300000E-10    4.000000E+00    7.090000E+01    6.500000E+00    1.301030E+00   -1.000000E+00   -1.000000E+01    3.361728E+00   -1.000000E+01   -1.000000E+01   -1.000000E+01   -1.000000E+01    7.100000E+00    6.026000E+00    1.280000E+00    7.000000E+00    9.400000E+01    3.321587E+00    6.226294E-01    4.990000E+00   -3.773288E-02    5.334774E+00    1.018135E-03    9.551391E-11    2.100000E+01    7.168377E-01    9.616738E-01
   1.200000E-09    5.000000E+00    3.000000E+01    7.600000E+01    1.301030E+00   -2.000000E+00   -1.000000E+01    2.361539E+00   -1.000000E+01   -1.000000E+01   -1.000000E+01   -1.000000E+01    2.200000E+00    6.265700E+00    1.360000E+00    7.000000E+00    9.300000E+01    3.387005E+00    1.771792E+00    4.990000E+00    1.403692E+00    1.911627E+00    1.018135E-03    3.020415E-11    2.000000E+00   -9.691001E-02   -3.074089E-01
   2.090000E-09    4.000000E+00    8.640000E+01    6.500000E+00    1.397940E+00   -1.000000E+00   -1.000000E+01    3.361728E+00   -1.000000E+01    3.550228E+00   -1.000000E+01   -1.000000E+01    2.900000E+00    6.306700E+00    1.300000E+00    7.000000E+00    9.000000E+01    3.398069E+00    3.044031E+00    4.990000E+00   -1.236004E-01    1.116306E+00    8.974315E-04    9.632502E-11    2.100000E+01   -9.469216E-01   -5.157670E-01
   2.090000E-09    4.000000E+00    3.000000E+01    7.600000E+01    1.397940E+00   -1.000000E+00   -1.000000E+01    3.361728E+00   -1.000000E+01   -1.000000E+01   -1.000000E+01   -1.000000E+01    5.013000E+00    6.306700E+00    1.300000E+00    7.000000E+00    9.000000E+01    3.398069E+00    3.044031E+00    4.990000E+00    1.403692E+00    1.116306E+00    8.974315E-04    9.632502E-11    2.000000E+00    1.041393E+00    8.773115E-01
   9.230000E-10    0.000000E+00    3.750000E+01    1.442000E+02    1.397940E+00   -2.134304E+00    1.072100E-01    2.127105E+00    1.939519E+00   -1.769551E+00   -1.000000E+01    3.873898E-01    1.210000E+01    1.126030E+01    2.550000E+00    2.000000E+00    6.000000E+00    1.810750E+00    7.163593E-01    1.990000E+00    1.584934E+00    2.527713E+00    8.974315E-04    2.609679E-11    2.500000E+01   -2.195179E+00   -2.301913E+00
   1.200000E-09    5.000000E+00    8.379000E+01    8.440000E+01    1.397940E+00   -1.000000E+00   -1.000000E+01    3.361539E+00   -1.000000E+01   -1.000000E+01   -1.000000E+01   -1.000000E+01    8.000000E+00    6.265700E+00    1.360000E+00    7.000000E+00    9.300000E+01    3.387005E+00    1.742078E+00    4.990000E+00    1.003150E+00    1.944232E+00    8.974315E-04    9.632502E-11    3.000000E+00   -8.416375E-01   -7.573812E-01
   1.200000E-09    5.000000E+00    1.242000E+01    8.700000E+00    1.397940E+00   -4.517126E+00   -6.989700E-01   -3.979400E-01   -1.000000E+00   -1.000000E+01   -3.010300E-01   -1.000000E+01    5.000000E+00    6.265700E+00    1.360000E+00    7.000000E+00    9.300000E+01    3.387005E+00    1.742078E+00    4.990000E+00    8.453977E-01    1.944232E+00    8.974315E-04    1.679484E-12    2.300000E+01   -2.277366E+00   -2.328133E+00
   2.100000E-09    1.000000E+00    1.550000E+00    6.600000E-01    1.397940E+00   -2.480172E+00    1.217484E+00    1.782473E+00    1.354108E+00   -1.000000E+01   -1.000000E+01   -1.000000E+01    8.380000E+00    3.893900E+00    7.900000E-01    6.000000E+00    5.500000E+01    2.332971E+00    2.099903E+00    4.360000E+00    6.292123E-01    1.110990E+00    8.974315E-04    1.752480E-11    1.500000E+01   -1.823909E+00   -1.608592E+00
   6.600000E-10    2.000000E+00    2.950000E+01    7.600000E+01    1.447158E+00   -3.000000E+00   -1.000000E+01    1.361728E+00   -1.000000E+01   -1.000000E+01   -1.000000E+01   -1.000000E+01    6.983000E+00    7.639900E+00    1.910000E+00    4.000000E+00    2.800000E+01    2.585791E+00    7.242024E-01    3.450000E+00    1.410992E+00    3.570537E+00    8.344425E-04    9.680842E-12    2.000000E+00    7.512791E-01    7.622279E-01
   8.890000E-10    2.000000E+00    9.900000E+01    4.540000E+01    1.397940E+00   -1.000000E+00   -1.000000E+01    3.361728E+00   -1.000000E+01    3.550228E+00   -1.000000E+01   -1.000000E+01    9.000000E+00    5.278400E+00    9.000000E-01    7.000000E+00    8.800000E+01    3.108725E+00    1.184553E+00    4.990000E+00    6.614207E-01    2.624386E+00    8.974315E-04    9.632502E-11    3.000000E+00   -6.752624E-02   -8.231309E-02
   6.240000E-10    3.000000E+00    2.300000E+00    9.300000E+00    1.342423E+00   -1.000000E+00   -1.000000E+01    3.361728E+00   -1.000000E+01    3.550228E+00   -1.000000E+01   -1.000000E+01    8.868000E+00    5.973800E+00    1.300000E+00    7.000000E+00    9.500000E+01    3.307169E+00    8.935187E-01    4.990000E+00    1.606755E+00    3.701287E+00    9.673286E-04    9.583918E-11    1.300000E+01   -1.752235E-01   -6.593964E-01
   2.000000E-09    5.000000E+00    1.145800E+00    4.000000E+00    1.395326E+00   -3.801343E+00   -1.000000E+01   -1.000000E+01   -1.000000E+01   -1.000000E+01   -1.000000E+01   -1.000000E+01    3.730000E+00    1.045130E+01    2.660000E+00    5.000000E+00    5.300000E+01    3.375021E+00    2.894647E+00    3.850000E+00    1.542951E+00    1.165953E+00    9.007563E-04    3.827880E-12    1.300000E+01   -2.219683E+00   -2.087529E+00
   6.240000E-10    3.000000E+00    5.100000E+00    3.970000E+00    1.397940E+00   -2.192465E+00   -1.000000E+01    2.469822E+00   -1.000000E+01   -1.000000E+01    2.469822E+00   -1.000000E+01    8.800000E+00    5.973800E+00    1.300000E+00    7.000000E+00    9.500000E+01    3.307169E+00    8.845280E-01    4.990000E+00    8.912203E-01    3.738908E+00    8.974315E-04    2.440656E-11    1.000000E+00   -5.287083E-01   -7.108321E-01
   2.100000E-09    1.000000E+00    7.960000E+01    7.600000E+01    1.397940E+00   -2.000000E+00   -1.000000E+01    2.361728E+00   -1.000000E+01   -1.000000E+01   -1.000000E+01   -1.000000E+01    9.486000E+00    3.893900E+00    7.900000E-01    6.000000E+00    5.500000E+01    2.332971E+00    2.099903E+00    4.360000E+00    9.799005E-01    1.110990E+00    8.974315E-04    3.046064E-11    4.000000E+00    4.321374E-03    4.644195E-01
   7.200000E-10    6.000000E+00    5.660000E+01    8.000000E+01    1.397940E+00   -1.000000E+00   -1.000000E+01    3.361728E+00   -1.000000E+01   -1.000000E+01   -1.000000E+01   -1.000000E+01    2.390000E+00    6.193900E+00    1.380000E+00    7.000000E+00    9.200000E+01    3.367543E+00    1.039241E+00    4.990000E+00    1.150274E+00    3.240387E+00    8.974315E-04    9.632502E-11    3.000000E+00   -2.636035E-01   -1.261071E+00
   6.600000E-10    2.000000E+00    1.961000E+01    7.600000E+01    6.989700E-01   -2.111259E+00    5.502284E-01    1.311966E+00    1.798858E+00    1.075912E+00    2.361822E+00    1.715753E+00    6.440000E+00    7.639900E+00    1.910000E+00    4.000000E+00    2.800000E+01    2.585791E+00    7.840861E-01    3.450000E+00    1.588336E+00    3.297841E+00    1.535544E-03    2.588402E-11    9.000000E+00   -5.686362E-01   -3.896011E-01
   1.200000E-09    5.000000E+00    1.120000E+02    2.100000E+01    1.397940E+00   -1.000000E+00   -1.000000E+01    3.361539E+00   -1.000000E+01    3.549616E+00   -1.000000E+01   -1.000000E+01    7.200000E+00    6.265700E+00    1.360000E+00    7.000000E+00    9.300000E+01    3.387005E+00    1.742078E+00    4.990000E+00    2.730013E-01    1.944232E+00    8.974315E-04    9.632502E-11    6.000000E+00    5.751878E-01   -2.668394E-01
   6.600000E-10    2.000000E+00    3.500000E+01    8.700000E+01    1.301030E+00   -1.522879E+00   -1.000000E+01    2.838849E+00   -1.000000E+01   -1.000000E+01   -1.000000E+01   -1.000000E+01    6.490000E+00    7.639900E+00    1.910000E+00    4.000000E+00    2.800000E+01    2.585791E+00    7.439657E-01    3.450000E+00    1.395451E+00    3.475686E+00    1.018135E-03    5.231512E-11    3.000000E+00    3.598355E-01    1.411485E-01
   6.200000E-10    3.000000E+00    2.300000E+00    9.300000E+00    1.903090E+00   -1.000000E+00   -1.000000E+01    3.361728E+00   -1.000000E+01    3.550228E+00   -1.000000E+01   -1.000000E+01    6.112000E+00    5.670400E+00    1.200000E+00    6.000000E+00    6.300000E+01    2.815295E+00    6.316286E-01    4.360000E+00    1.606755E+00    4.457200E+00    3.546804E-04    1.048338E-10    1.300000E+01    5.774918E-01    5.756715E-01
   2.100000E-09    1.000000E+00    1.961000E+01    7.600000E+01    6.989700E-01   -2.088310E+00    5.502284E-01    1.311966E+00    1.838471E+00    1.075912E+00    2.378761E+00    1.715753E+00    6.550000E+00    3.893900E+00    7.900000E-01    6.000000E+00    5.500000E+01    2.332971E+00    2.250894E+00    4.360000E+00    1.588336E+00    1.036464E+00    1.535544E-03    2.657702E-11    9.000000E+00   -1.322827E-02    4.639716E-02
   1.200000E-09    5.000000E+00    6.840000E+01    1.000000E-02    1.397940E+00   -2.000000E+00   -1.000000E+01    2.361539E+00   -1.000000E+01   -1.000000E+01   -1.000000E+01   -1.000000E+01    5.010000E+00    6.265700E+00    1.360000E+00    7.000000E+00    9.300000E+01    3.387005E+00    1.742078E+00    4.990000E+00   -2.835056E+00    1.944232E+00    8.974315E-04    3.046064E-11    1.900000E+01   -1.795880E+00   -1.791006E+00
   6.600000E-10    2.000000E+00    2.400000E+01    8.750000E+01    1.397940E+00   -1.602060E+00   -1.000000E+01    2.759668E+00   -1.000000E+01   -1.000000E+01   -1.000000E+01   -1.000000E+01    8.000000E+00    7.639900E+00    1.910000E+00    4.000000E+00    2.800000E+01    2.585791E+00    7.314893E-01    3.450000E+00    1.561797E+00    3.534968E+00    8.974315E-04    4.816251E-11    3.000000E+00    1.120574E+00    9.087139E-01
   2.100000E-09    1.000000E+00    1.550000E+00    6.600000E-01    1.397940E+00   -2.581699E+00    8.524800E-01    1.767898E+00    1.195900E+00   -1.000000E+01   -1.000000E+01   -1.000000E+01    8.630000E+00    3.893900E+00    7.900000E-01    6.000000E+00    5.500000E+01    2.332971E+00    2.099903E+00    4.360000E+00    6.292123E-01    1.110990E+00    8.974315E-04    1.559157E-11    1.500000E+01    3.979400E-01    2.995091E-01
   2.100000E-09    1.000000E+00    4.000000E-01    4.000000E+00    1.397940E+00   -2.568636E+00    9.258276E-01    1.766413E+00    1.271842E+00   -1.000000E+01   -1.000000E+01   -1.000000E+01    8.580000E+00    3.893900E+00    7.900000E-01    6.000000E+00    5.500000E+01    2.332971E+00    2.099903E+00    4.360000E+00    2.000000E+00    1.110990E+00    8.974315E-04    1.582782E-11    1.300000E+01   -2.086186E+00   -1.992133E+00
   6.200000E-10    3.000000E+00    3.000000E+01    5.300000E+01    1.361728E+00   -1.000000E+00   -1.000000E+01    3.361539E+00   -1.000000E+01   -1.000000E+01   -1.000000E+01   -1.000000E+01    5.700000E+00    5.670400E+00    1.200000E+00    6.000000E+00    6.300000E+01    2.815295E+00    7.531981E-01    4.360000E+00    1.247155E+00    3.737788E+00    9.432169E-04    9.600140E-11    2.000000E+00    1.187521E+00    1.301373E+00
   2.100000E-09    1.000000E+00    2.800000E+01    1.080000E+02    1.397940E+00   -2.000000E+00   -1.000000E+01    2.361728E+00   -1.000000E+01    2.550228E+00   -1.000000E+01   -1.000000E+01    7.000000E+00    3.893900E+00    7.900000E-01    6.000000E+00    5.500000E+01    2.332971E+00    2.099903E+00    4.360000E+00    1.586266E+00    1.110990E+00    8.974315E-04    3.046064E-11    3.000000E+00    3.765770E-01    2.793545E-01
   6.200000E-10    3.000000E+00    3.000000E-01    4.000000E+00    1.397940E+00   -2.000000E+00   -1.000000E+01    2.361539E+00   -1.000000E+01    2.549616E+00   -1.000000E+01   -1.000000E+01    3.790000E+00    5.670400E+00    1.200000E+00    6.000000E+00    6.300000E+01    2.815295E+00    7.481457E-01    4.360000E+00    2.124939E+00    3.763030E+00    8.974315E-04    3.046064E-11    1.300000E+01   -2.284125E-01   -1.183628E-01
   2.100000E-09    1.000000E+00    7.200000E-01    3.100000E+00    1.397940E+00   -3.010300E-01   -1.000000E+01    4.060698E+00   -1.000000E+01    4.247973E+00   -1.000000E+01   -1.000000E+01    9.400000E+00    3.893900E+00    7.900000E-01    6.000000E+00    5.500000E+01    2.332971E+00    2.099903E+00    4.360000E+00    1.634029E+00    1.110990E+00    8.974315E-04    2.153893E-10    1.300000E+01   -1.580044E+00   -1.694827E+00
   6.200000E-10    3.000000E+00    7.960000E+01    7.600000E+01    1.542203E+00   -1.857524E-01    1.551218E+00    4.024938E+00    2.886455E+00    4.123856E+00    2.414882E+00    3.880829E+00    4.000000E+00    5.670400E+00    1.200000E+00    6.000000E+00    6.300000E+01    2.815295E+00    7.242196E-01    4.360000E+00    9.799005E-01    3.887350E+00    7.129737E-04    2.499890E-10    4.000000E+00    9.547248E-01   -1.408938E-01
   6.200000E-10    3.000000E+00    5.360000E+01    6.230000E+01    1.342423E+00   -1.000000E+00   -1.000000E+01    3.361728E+00   -1.000000E+01    3.550228E+00   -1.000000E+01   -1.000000E+01    4.952000E+00    5.670400E+00    1.200000E+00    6.000000E+00    6.300000E+01    2.815295E+00    7.557500E-01    4.360000E+00    1.065323E+00    3.725167E+00    9.673286E-04    9.583918E-11    2.000000E+00    2.988531E-01    6.635386E-01
   6.200000E-10    3.000000E+00    3.100000E-01    1.000000E-02    1.322219E+00   -1.000000E+00   -1.000000E+01    3.361728E+00   -1.000000E+01   -1.000000E+01   -1.000000E+01   -1.000000E+01    4.060000E+00    5.670400E+00    1.200000E+00    6.000000E+00    6.300000E+01    2.815295E+00    7.583193E-01    4.360000E+00   -4.913618E-01    3.712545E+00    9.922914E-04    9.567668E-11    2.200000E+01   -1.170696E+00   -1.804339E+00
   1.200000E-09    5.000000E+00    1.120000E+02    2.100000E+01    1.397940E+00   -1.000000E+00   -1.000000E+01    3.361539E+00   -1.000000E+01    3.549616E+00   -1.000000E+01   -1.000000E+01    6.530000E+00    6.265700E+00    1.360000E+00    7.000000E+00    9.300000E+01    3.387005E+00    1.742078E+00    4.990000E+00    2.730013E-01    1.944232E+00    8.974315E-04    9.632502E-11    6.000000E+00    5.575072E-01   -6.816966E-01
   7.200000E-10    6.000000E+00    2.800000E+01    1.210000E+02    1.361728E+00   -9.829667E-01   -1.000000E+01    3.361539E+00   -7.695511E-01    3.549616E+00    2.047041E+00   -1.000000E+01    8.180000E+00    6.193900E+00    1.380000E+00    7.000000E+00    9.200000E+01    3.367543E+00    1.046259E+00    4.990000E+00    1.635627E+00    3.218651E+00    9.432169E-04    9.790260E-11    3.000000E+00   -1.278189E+00   -7.558812E-01
   7.200000E-10    6.000000E+00    1.916000E+01    7.600000E+01    6.989700E-01   -2.088310E+00    5.502284E-01    1.311966E+00    1.838471E+00    1.075912E+00    2.378761E+00    1.715753E+00    8.040000E+00    6.193900E+00    1.380000E+00    7.000000E+00    9.200000E+01    3.367543E+00    1.113966E+00    4.990000E+00    1.598418E+00    3.023021E+00    1.535544E-03    2.657702E-11    9.000000E+00   -5.850267E-01   -4.343865E-01
   1.200000E-09    5.000000E+00    1.916000E+01    7.600000E+01    6.989700E-01   -2.088310E+00    5.502284E-01    1.311966E+00    1.838471E+00    1.075912E+00    2.378761E+00    1.715753E+00    7.960000E+00    6.265700E+00    1.360000E+00    7.000000E+00    9.300000E+01    3.387005E+00    1.867340E+00    4.990000E+00    1.598418E+00    1.813813E+00    1.535544E-03    2.657702E-11    9.000000E+00   -3.565473E-01    4.005348E-01
   2.100000E-09    1.000000E+00    7.960000E+01    1.300000E+02    1.397940E+00   -3.230623E+00   -1.000000E+01   -1.000000E+01   -1.000000E+01    1.319106E+00   -1.000000E+01   -1.000000E+01    6.400000E+00    3.893900E+00    7.900000E-01    6.000000E+00    5.500000E+01    2.332971E+00    2.099903E+00    4.360000E+00    1.213030E+00    1.110990E+00    8.974315E-04    7.386314E-12    4.000000E+00   -6.516951E-01   -6.377632E-01
   6.600000E-10    2.000000E+00    2.950000E+01    7.600000E+01    1.681241E+00   -2.000000E+00   -1.000000E+01    2.361728E+00   -1.000000E+01   -1.000000E+01   -1.000000E+01   -1.000000E+01    5.000000E+00    7.639900E+00    1.910000E+00    4.000000E+00    2.800000E+01    2.585791E+00    6.791018E-01    3.450000E+00    1.410992E+00    3.807664E+00    5.470953E-04    3.161372E-11    2.000000E+00   -2.823295E-01   -4.971164E-02
   1.200000E-09    5.000000E+00    1.242000E+01    1.720000E+01    1.397940E+00   -3.468521E+00    8.976271E-01   -3.010300E-01    5.440680E-01   -1.000000E+01    1.139434E-01   -1.000000E+01    6.200000E+00    6.265700E+00    1.360000E+00    7.000000E+00    9.300000E+01    3.387005E+00    1.742078E+00    4.990000E+00    1.141407E+00    1.944232E+00    8.974315E-04    5.616665E-12    2.300000E+01   -1.480172E+00   -1.439175E+00
   2.100000E-09    1.000000E+00    1.242000E+01    9.400000E+00    6.989700E-01   -2.111259E+00    5.502284E-01    1.311966E+00    1.798858E+00    1.075912E+00    2.361822E+00    1.715753E+00    6.780000E+00    3.893900E+00    7.900000E-01    6.000000E+00    5.500000E+01    2.332971E+00    2.250894E+00    4.360000E+00    8.790063E-01    1.036464E+00    1.535544E-03    2.588402E-11    2.400000E+01    1.139434E-01   -1.084366E-01
   2.100000E-09    1.000000E+00    7.960000E+01    7.600000E+01    1.397940E+00   -1.000000E+00   -1.000000E+01    3.361728E+00   -1.000000E+01   -1.000000E+01   -1.000000E+01   -1.000000E+01    8.923000E+00    3.893900E+00    7.900000E-01    6.000000E+00    5.500000E+01    2.332971E+00    2.099903E+00    4.360000E+00    9.799005E-01    1.110990E+00    8.974315E-04    9.632502E-11    4.000000E+00   -5.622494E-01   -1.785763E-01
   7.900000E-10    2.000000E+00    2.800000E+01    1.210000E+02    1.397940E+00   -3.010300E-01   -1.000000E+01    4.060509E+00    1.301898E+00   -1.000000E+01   -1.000000E+01   -1.000000E+01    8.520000E+00    5.694900E+00    9.500000E-01    5.000000E+00    3.800000E+01    2.491348E+00    8.435911E-01    3.850000E+00    1.635627E+00    2.953264E+00    8.974315E-04    2.153893E-10    3.000000E+00   -1.669586E+00   -1.729044E+00
   2.100000E-09    1.000000E+00    6.000000E-01    1.900000E+00    1.397940E+00   -3.010300E-01   -1.000000E+01    4.060698E+00   -1.000000E+01    4.247973E+00   -1.000000E+01   -1.000000E+01    9.500000E+00    3.893900E+00    7.900000E-01    6.000000E+00    5.500000E+01    2.332971E+00    2.099903E+00    4.360000E+00    1.500602E+00    1.110990E+00    8.974315E-04    2.153893E-10    1.300000E+01   -1.882729E+00   -1.620448E+00
   6.200000E-10    3.000000E+00    3.100000E-01    1.000000E-02    1.322219E+00   -1.000000E+00   -1.000000E+01    3.361728E+00   -1.000000E+01   -1.000000E+01   -1.000000E+01   -1.000000E+01    5.916000E+00    5.670400E+00    1.200000E+00    6.000000E+00    6.300000E+01    2.815295E+00    7.583193E-01    4.360000E+00   -4.913618E-01    3.712545E+00    9.922914E-04    9.567668E-11    2.200000E+01    1.025306E+00   -1.830603E+00
   7.200000E-10    6.000000E+00    3.300000E+01    1.020000E+02    1.342423E+00   -1.000000E+00   -1.000000E+01    3.361728E+00   -1.000000E+01   -1.000000E+01   -1.000000E+01   -1.000000E+01    7.500000E+00    6.193900E+00    1.380000E+00    7.000000E+00    9.200000E+01    3.367543E+00    1.049804E+00    4.990000E+00    1.490086E+00    3.207782E+00    9.673286E-04    9.583918E-11    3.000000E+00    5.854607E-01    1.561217E-02
   6.600000E-10    2.000000E+00    2.400000E+01    8.750000E+01    1.903090E+00   -3.010300E-01   -1.000000E+01    4.060698E+00   -1.000000E+01   -1.000000E+01   -1.000000E+01   -1.000000E+01    8.330000E+00    7.639900E+00    1.910000E+00    4.000000E+00    2.800000E+01    2.585791E+00    6.175663E-01    3.450000E+00    1.561797E+00    4.187067E+00    3.546804E-04    2.344155E-10    3.000000E+00    7.664128E-01    9.618762E-01
   2.090000E-09    4.000000E+00    3.000000E+01    7.600000E+01    1.397940E+00   -2.000000E+00   -1.000000E+01    2.361728E+00   -1.000000E+01   -1.000000E+01   -1.000000E+01   -1.000000E+01    1.906000E+00    6.306700E+00    1.300000E+00    7.000000E+00    9.000000E+01    3.398069E+00    3.044031E+00    4.990000E+00    1.403692E+00    1.116306E+00    8.974315E-04    3.046064E-11    2.000000E+00    1.283722E-02    5.199804E-01
   7.200000E-10    6.000000E+00    5.660000E+01    8.000000E+01    1.397940E+00   -3.000000E+00   -1.000000E+01    1.361728E+00   -1.000000E+01   -1.000000E+01   -1.000000E+01   -1.000000E+01    6.800000E+00    6.193900E+00    1.380000E+00    7.000000E+00    9.200000E+01    3.367543E+00    1.039241E+00    4.990000E+00    1.150274E+00    3.240387E+00    8.974315E-04    9.632502E-12    3.000000E+00    1.832509E+00    6.884196E-01
   6.600000E-10    2.000000E+00    1.961000E+01    7.600000E+01    6.989700E-01   -2.088310E+00    5.502284E-01    1.311966E+00    1.838471E+00    1.075912E+00    2.378761E+00    1.715753E+00    7.080000E+00    7.639900E+00    1.910000E+00    4.000000E+00    2.800000E+01    2.585791E+00    7.840861E-01    3.450000E+00    1.588336E+00    3.297841E+00    1.535544E-03    2.657702E-11    9.000000E+00    4.913617E-01    3.151966E-01
   6.200000E-10    3.000000E+00    1.120000E+02    1.200000E+02    1.361728E+00   -6.989700E-01   -1.000000E+01    3.662569E+00   -1.000000E+01   -1.000000E+01   -1.000000E+01   -1.000000E+01    7.030000E+00    5.670400E+00    1.200000E+00    6.000000E+00    6.300000E+01    2.815295E+00    7.531981E-01    4.360000E+00    1.029963E+00    3.737788E+00    9.432169E-04    1.357665E-10    6.000000E+00    1.158362E+00    1.273279E+00
   2.090000E-09    4.000000E+00    3.000000E+01    7.200000E+01    1.397940E+00   -2.000000E+00   -1.000000E+01    2.361728E+00   -1.000000E+01   -1.000000E+01   -1.000000E+01   -1.000000E+01    3.100000E+00    6.306700E+00    1.300000E+00    7.000000E+00    9.000000E+01    3.398069E+00    3.044031E+00    4.990000E+00    1.380211E+00    1.116306E+00    8.974315E-04    3.046064E-11    2.000000E+00    1.657056E+00    1.518820E+00
   7.190000E-10    2.000000E+00    1.000000E+02    1.080000E+02    1.397940E+00   -1.000000E+00   -1.000000E+01    3.361539E+00   -1.000000E+01   -1.000000E+01   -1.000000E+01   -1.000000E+01    5.920000E+00    7.902400E+00    1.830000E+00    4.000000E+00    2.600000E+01    2.629839E+00    8.104545E-01    3.450000E+00    1.033424E+00    3.244894E+00    8.974315E-04    9.632502E-11    3.000000E+00    1.709270E+00    3.548196E-01
   7.900000E-10    2.000000E+00    6.840000E+01    2.000000E-02    1.322219E+00   -2.000000E+00   -1.000000E+01    2.361728E+00   -1.000000E+01   -1.000000E+01   -1.000000E+01   -1.000000E+01    7.391000E+00    5.694900E+00    9.500000E-01    5.000000E+00    3.800000E+01    2.491348E+00    8.550627E-01    3.850000E+00   -2.534026E+00    2.913643E+00    9.922914E-04    3.025562E-11    1.900000E+01   -1.133713E+00   -1.167970E+00
   6.200000E-10    3.000000E+00    3.000000E+01    7.600000E+01    1.397940E+00   -2.000000E+00   -1.000000E+01    2.361728E+00   -1.000000E+01   -1.000000E+01   -1.000000E+01   -1.000000E+01    4.100000E+00    5.670400E+00    1.200000E+00    6.000000E+00    6.300000E+01    2.815295E+00    7.481457E-01    4.360000E+00    1.403692E+00    3.763030E+00    8.974315E-04    3.046064E-11    2.000000E+00    8.068580E-01    7.296772E-01
   7.200000E-10    6.000000E+00    1.500000E+02    1.000000E-02    1.397940E+00   -1.000000E+00   -1.000000E+01    3.361539E+00   -1.000000E+01   -1.000000E+01   -1.000000E+01   -1.000000E+01    9.800000E+00    6.193900E+00    1.380000E+00    7.000000E+00    9.200000E+01    3.367543E+00    1.039241E+00    4.990000E+00   -3.176091E+00    3.240387E+00    8.974315E-04    9.632502E-11    1.900000E+01    1.041393E+00    1.071772E+00
   7.900000E-10    2.000000E+00    4.420000E+01    7.500000E+01    1.397940E+00   -8.538720E-01   -1.000000E+01    3.507856E+00   -1.000000E+01   -1.000000E+01   -1.000000E+01   -1.000000E+01    7.881000E+00    5.694900E+00    9.500000E-01    5.000000E+00    3.800000E+01    2.491348E+00    8.435911E-01    3.850000E+00    1.229639E+00    2.953264E+00    8.974315E-04    1.139733E-10    2.000000E+00   -6.600684E-02   -8.643998E-02
   7.200000E-10    6.000000E+00    3.300000E+01    1.020000E+02    1.342423E+00   -1.000000E+00   -1.000000E+01    3.361728E+00   -1.000000E+01   -1.000000E+01   -1.000000E+01   -1.000000E+01    7.500000E+00    6.193900E+00    1.380000E+00    7.000000E+00    9.200000E+01    3.367543E+00    1.049804E+00    4.990000E+00    1.490086E+00    3.207782E+00    9.673286E-04    9.583918E-11    3.000000E+00   -3.506651E-01    1.561217E-02
   7.200000E-10    6.000000E+00    7.960000E+01    7.600000E+01    1.322219E+00   -1.747147E+00    2.264818E+00    1.893207E+00    2.436163E+00    3.424227E-01   -1.000000E+01    8.965262E-01    1.110000E+01    6.193900E+00    1.380000E+00    7.000000E+00    9.200000E+01    3.367543E+00    1.053373E+00    4.990000E+00    9.799005E-01    3.196914E+00    9.922914E-04    4.047927E-11    4.000000E+00    7.781513E-01    3.056513E-01
   6.600000E-10    2.000000E+00    1.242000E+01    9.400000E+00    6.989700E-01   -2.111259E+00    5.502284E-01    1.311966E+00    1.798858E+00    1.075912E+00    2.361822E+00    1.715753E+00    6.630000E+00    7.639900E+00    1.910000E+00    4.000000E+00    2.800000E+01    2.585791E+00    7.840861E-01    3.450000E+00    8.790063E-01    3.297841E+00    1.535544E-03    2.588402E-11    2.400000E+01   -6.382722E-01   -3.300422E-01
   7.900000E-10    2.000000E+00    2.800000E+01    1.210000E+02    1.397940E+00   -3.010300E-01   -1.000000E+01    4.060509E+00    1.903958E+00   -1.000000E+01   -1.000000E+01   -1.000000E+01    1.135000E+01    5.694900E+00    9.500000E-01    5.000000E+00    3.800000E+01    2.491348E+00    8.435911E-01    3.850000E+00    1.635627E+00    2.953264E+00    8.974315E-04    2.153893E-10    3.000000E+00   -1.519993E+00   -1.353478E+00
   6.600000E-10    2.000000E+00    3.500000E+01    8.700000E+01    1.301030E+00   -1.000000E+00   -1.000000E+01    3.361728E+00   -1.000000E+01   -1.000000E+01   -1.000000E+01   -1.000000E+01    8.430000E+00    7.639900E+00    1.910000E+00    4.000000E+00    2.800000E+01    2.585791E+00    7.439657E-01    3.450000E+00    1.395451E+00    3.475686E+00    1.018135E-03    9.551391E-11    3.000000E+00    1.079181E+00    9.929264E-01
   1.200000E-09    5.000000E+00    3.750000E+01    1.650000E+01    1.397940E+00   -3.508638E+00    1.760913E-01    7.708520E-01   -6.048075E-02   -1.000000E+01    9.190781E-01   -1.000000E+01    4.070000E+00    6.265700E+00    1.360000E+00    7.000000E+00    9.300000E+01    3.387005E+00    1.742078E+00    4.990000E+00    6.434527E-01    1.944232E+00    8.974315E-04    5.363150E-12    2.500000E+01   -2.832683E+00   -2.348677E+00
   7.200000E-10    6.000000E+00    8.300000E-02    1.000000E-02    1.301030E+00   -1.000000E+00   -1.000000E+01    3.361728E+00   -1.000000E+01   -1.000000E+01   -1.000000E+01   -1.000000E+01    6.889000E+00    6.193900E+00    1.380000E+00    7.000000E+00    9.200000E+01    3.367543E+00    1.056966E+00    4.990000E+00    8.092181E-02    3.186046E+00    1.018135E-03    9.551391E-11    1.900000E+01   -9.136402E-01   -9.607021E-01
   6.200000E-10    3.000000E+00    7.960000E+01    7.600000E+01    1.171726E+00   -1.857524E-01    1.551218E+00    4.024938E+00    2.886455E+00    4.123856E+00    2.414882E+00    3.880829E+00    5.000000E+00    5.670400E+00    1.200000E+00    6.000000E+00    6.300000E+01    2.815295E+00    7.745126E-01    4.360000E+00    9.799005E-01    3.634925E+00    1.166403E-03    2.417362E-10    4.000000E+00   -1.284271E-01    3.610008E-01
   9.450000E-10    2.000000E+00    3.700000E+01    7.500000E+01    1.397940E+00   -1.000000E+00   -1.000000E+01    3.361539E+00   -1.000000E+01    3.549616E+00   -1.000000E+01   -1.000000E+01    6.600000E+00    7.416700E+00    2.330000E+00    6.000000E+00    8.200000E+01    3.219752E+00    1.304142E+00    4.360000E+00    1.306860E+00    2.468867E+00    8.974315E-04    9.632502E-11    2.000000E+00   -3.477537E-01   -2.697244E-02
   6.600000E-10    2.000000E+00    3.500000E+01    8.700000E+01    1.301030E+00   -2.000000E+00   -1.000000E+01    2.361728E+00   -1.000000E+01   -1.000000E+01   -1.000000E+01   -1.000000E+01    5.810000E+00    7.639900E+00    1.910000E+00    4.000000E+00    2.800000E+01    2.585791E+00    7.439657E-01    3.450000E+00    1.395451E+00    3.475686E+00    1.018135E-03    3.020415E-11    3.000000E+00    1.021189E+00    8.830660E-01
   6.200000E-10    3.000000E+00    3.000000E+01    7.600000E+01    1.397940E+00   -2.000000E+00   -1.000000E+01    2.361728E+00   -1.000000E+01   -1.000000E+01   -1.000000E+01   -1.000000E+01    2.873000E+00    5.670400E+00    1.200000E+00    6.000000E+00    6.300000E+01    2.815295E+00    7.481457E-01    4.360000E+00    1.403692E+00    3.763030E+00    8.974315E-04    3.046064E-11    2.000000E+00    7.965743E-01    4.731627E-01
   8.890000E-10    2.000000E+00    3.000000E+01    6.000000E+01    1.397940E+00   -1.000000E+00   -1.000000E+01    3.361728E+00   -1.000000E+01    3.550228E+00   -1.000000E+01   -1.000000E+01    1.000000E+01    5.278400E+00    9.000000E-01    7.000000E+00    8.800000E+01    3.108725E+00    1.184553E+00    4.990000E+00    1.301030E+00    2.624386E+00    8.974315E-04    9.632502E-11    2.000000E+00   -4.672366E-02   -2.665479E-01
   6.600000E-10    2.000000E+00    6.680000E+01    2.310000E+01    1.397940E+00   -3.000000E+00   -1.000000E+01    1.361728E+00   -1.000000E+01   -1.000000E+01   -1.000000E+01   -1.000000E+01    5.506000E+00    7.639900E+00    1.910000E+00    4.000000E+00    2.800000E+01    2.585791E+00    7.314893E-01    3.450000E+00    5.388355E-01    3.534968E+00    8.974315E-04    9.632502E-12    6.000000E+00    8.965262E-01    6.810618E-01
   1.200000E-09    5.000000E+00    2.800000E+01    1.210000E+02    1.361728E+00   -1.000000E+00   -1.000000E+01    3.361539E+00   -1.000000E+01    3.549616E+00   -1.000000E+01   -1.000000E+01    4.590000E+00    6.265700E+00    1.360000E+00    7.000000E+00    9.300000E+01    3.387005E+00    1.753843E+00    4.990000E+00    1.635627E+00    1.931190E+00    9.432169E-04    9.600140E-11    3.000000E+00   -2.235824E+00   -2.318669E+00
   1.200000E-09    5.000000E+00    9.700000E+01    1.210000E+02    1.301030E+00   -1.000000E+00   -1.000000E+01    3.361728E+00   -1.000000E+01   -1.000000E+01   -1.000000E+01   -1.000000E+01    7.760000E+00    6.265700E+00    1.360000E+00    7.000000E+00    9.300000E+01    3.387005E+00    1.771792E+00    4.990000E+00    1.096014E+00    1.911627E+00    1.018135E-03    9.551391E-11    3.000000E+00   -1.162412E+00   -1.003639E+00
   6.200000E-10    3.000000E+00    8.000000E-01    1.330000E+02    1.342423E+00   -3.102373E+00    5.682017E-01    7.671559E-01    9.675480E-01   -1.000000E+01   -1.000000E+01   -1.000000E+01    8.190000E+00    5.538700E+00    1.120000E+00    6.000000E+00    5.800000E+01    2.782409E+00    7.469220E-01    4.360000E+00    3.220762E+00    3.725167E+00    9.673286E-04    8.518372E-12    1.300000E+01   -7.520267E-01   -6.006252E-01
   6.600000E-10    2.000000E+00    2.800000E+01    1.210000E+02    1.397940E+00   -3.010300E-01   -1.000000E+01    4.060509E+00    1.903958E+00    4.248586E+00   -1.000000E+01   -1.000000E+01    9.030000E+00    7.639900E+00    1.910000E+00    4.000000E+00    2.800000E+01    2.585791E+00    7.314893E-01    3.450000E+00    1.635627E+00    3.534968E+00    8.974315E-04    2.153893E-10    3.000000E+00    1.130334E+00    1.026079E+00
   6.200000E-10    3.000000E+00    2.300000E+00    9.300000E+00    1.342423E+00   -1.004365E+00   -1.000000E+01   -1.000000E+01    3.120574E+00    3.369216E+00   -1.000000E+01   -1.000000E+01    6.700000E+00    5.670400E+00    1.200000E+00    6.000000E+00    6.300000E+01    2.815295E+00    7.557500E-01    4.360000E+00    1.606755E+00    3.725167E+00    9.673286E-04    9.535878E-11    1.300000E+01   -1.278077E-02   -1.293001E-01
   7.150000E-10    2.000000E+00    6.680000E+01    2.310000E+01    1.397940E+00   -2.000000E+00   -1.000000E+01    2.361728E+00   -1.000000E+01   -1.000000E+01   -1.000000E+01   -1.000000E+01    3.708000E+00    9.394200E+00    1.650000E+00    4.000000E+00    3.000000E+01    2.867342E+00    8.787314E-01    3.450000E+00    5.388355E-01    3.263047E+00    8.974315E-04    3.046064E-11    6.000000E+00   -5.482136E-01   -6.216868E-01
   2.100000E-09    1.000000E+00    7.960000E+01    1.300000E+02    1.397940E+00   -3.230623E+00   -1.000000E+01   -1.000000E+01   -1.000000E+01    1.319106E+00   -1.000000E+01   -1.000000E+01    6.400000E+00    3.893900E+00    7.900000E-01    6.000000E+00    5.500000E+01    2.332971E+00    2.099903E+00    4.360000E+00    1.213030E+00    1.110990E+00    8.974315E-04    7.386314E-12    4.000000E+00   -2.967086E-01   -6.377632E-01
   6.600000E-10    2.000000E+00    3.500000E+01    8.700000E+01    1.301030E+00   -1.000000E+00   -1.000000E+01    3.361728E+00   -1.000000E+01   -1.000000E+01   -1.000000E+01   -1.000000E+01    3.470000E+00    7.639900E+00    1.910000E+00    4.000000E+00    2.800000E+01    2.585791E+00    7.439657E-01    3.450000E+00    1.395451E+00    3.475686E+00    1.018135E-03    9.551391E-11    3.000000E+00   -1.030118E+00   -9.949779E-01
   7.200000E-10    6.000000E+00    5.660000E+01    8.000000E+01    1.397940E+00   -2.000000E+00   -1.000000E+01    2.361728E+00   -1.000000E+01   -1.000000E+01   -1.000000E+01   -1.000000E+01    9.117000E+00    6.193900E+00    1.380000E+00    7.000000E+00    9.200000E+01    3.367543E+00    1.039241E+00    4.990000E+00    1.150274E+00    3.240387E+00    8.974315E-04    3.046064E-11    3.000000E+00   -1.857524E-01   -1.819073E-01
   7.200000E-10    6.000000E+00    3.300000E+01    1.020000E+02    1.342423E+00   -1.000000E+00   -1.000000E+01    3.361728E+00   -1.000000E+01   -1.000000E+01   -1.000000E+01   -1.000000E+01    4.100000E+00    6.193900E+00    1.380000E+00    7.000000E+00    9.200000E+01    3.367543E+00    1.049804E+00    4.990000E+00    1.490086E+00    3.207782E+00    9.673286E-04    9.583918E-11    3.000000E+00    1.613680E-01    9.016807E-02
   6.200000E-10    3.000000E+00    1.242000E+01    1.292000E+01    1.397940E+00   -1.293282E+00   -8.239087E-01    3.060698E+00    9.542425E-01    3.243038E+00   -1.000000E+00    1.544068E+00    5.500000E+00    5.670400E+00    1.200000E+00    6.000000E+00    6.300000E+01    2.815295E+00    7.481457E-01    4.360000E+00    1.017141E+00    3.763030E+00    8.974315E-04    6.872235E-11    2.300000E+01   -4.202164E-01   -2.835119E-01
   6.240000E-10    3.000000E+00    3.000000E+01    1.305000E+02    1.397940E+00   -3.042872E+00   -3.001623E-01    1.301030E+00    7.918125E-02   -5.228787E-01    1.477121E+00    8.450980E-01    5.200000E+00    5.973800E+00    1.300000E+00    7.000000E+00    9.500000E+01    3.307169E+00    8.845280E-01    4.990000E+00    1.638489E+00    3.738908E+00    8.974315E-04    9.168603E-12    2.000000E+00    1.572872E+00    1.405595E+00
   2.100000E-09    1.000000E+00    7.960000E+01    7.600000E+01    1.397940E+00   -2.000000E+00   -1.000000E+01    2.361728E+00   -1.000000E+01   -1.000000E+01   -1.000000E+01   -1.000000E+01    3.972000E+00    3.893900E+00    7.900000E-01    6.000000E+00    5.500000E+01    2.332971E+00    2.099903E+00    4.360000E+00    9.799005E-01    1.110990E+00    8.974315E-04    3.046064E-11    4.000000E+00    5.198280E-01    4.142392E-01
   1.200000E-09    5.000000E+00    3.750000E+01    2.480000E+01    1.397940E+00   -2.642065E+00    6.720979E-01    1.683047E+00   -1.023729E-01   -1.000000E+01    2.133539E+00   -1.000000E+01    8.850000E+00    6.265700E+00    1.360000E+00    7.000000E+00    9.300000E+01    3.387005E+00    1.742078E+00    4.990000E+00    8.204204E-01    1.944232E+00    8.974315E-04    1.454476E-11    2.500000E+01   -2.663540E+00   -2.535504E+00
   2.100000E-09    1.000000E+00    9.900000E+01    6.400000E+01    1.397940E+00   -1.000000E+00   -1.000000E+01    3.361728E+00   -1.000000E+01   -1.000000E+01   -1.000000E+01   -1.000000E+01    2.872000E+00    3.893900E+00    7.900000E-01    6.000000E+00    5.500000E+01    2.332971E+00    2.099903E+00    4.360000E+00    8.105447E-01    1.110990E+00    8.974315E-04    9.632502E-11    3.000000E+00   -9.582563E-02   -7.700558E-01
   1.990000E-09    2.000000E+00    1.000000E+01    7.500000E+01    1.397940E+00   -1.000000E+00   -1.000000E+01    3.361728E+00   -1.000000E+01    3.550228E+00   -1.000000E+01   -1.000000E+01    5.100000E+00    8.336900E+00    2.200000E+00    5.000000E+00    4.600000E+01    3.014349E+00    2.571090E+00    3.850000E+00    1.875061E+00    1.172401E+00    8.974315E-04    9.632502E-11    2.000000E+00    1.788875E+00    9.354773E-01
   6.200000E-10    3.000000E+00    3.000000E+01    5.300000E+01    1.361728E+00   -1.000000E+00   -1.000000E+01    3.361539E+00   -1.000000E+01   -1.000000E+01   -1.000000E+01   -1.000000E+01    5.550000E+00    5.670400E+00    1.200000E+00    6.000000E+00    6.300000E+01    2.815295E+00    7.531981E-01    4.360000E+00    1.247155E+00    3.737788E+00    9.432169E-04    9.600140E-11    2.000000E+00    9.469433E-01    1.063231E+00
   2.100000E-09    1.000000E+00    7.960000E+01    1.300000E+02    1.397940E+00   -3.230623E+00   -1.000000E+01   -1.000000E+01   -1.000000E+01    1.319106E+00   -1.000000E+01   -1.000000E+01    6.400000E+00    3.893900E+00    7.900000E-01    6.000000E+00    5.500000E+01    2.332971E+00    2.099903E+00    4.360000E+00    1.213030E+00    1.110990E+00    8.974315E-04    7.386314E-12    4.000000E+00   -9.281180E-01   -6.377632E-01
   1.200000E-09    5.000000E+00    2.300000E-01    1.000000E-02    1.301030E+00   -2.000000E+00   -1.000000E+01    2.361728E+00   -1.000000E+01   -1.000000E+01   -1.000000E+01   -1.000000E+01    7.500000E+00    6.265700E+00    1.360000E+00    7.000000E+00    9.300000E+01    3.387005E+00    1.771792E+00    4.990000E+00   -3.617278E-01    1.911627E+00    1.018135E-03    3.020415E-11    1.900000E+01   -2.832683E+00   -2.146419E+00
   6.200000E-10    3.000000E+00    1.120000E+02    1.200000E+02    1.361728E+00   -1.000000E+00   -1.000000E+01    3.361539E+00   -1.000000E+01   -1.000000E+01   -1.000000E+01   -1.000000E+01    4.000000E+00    5.670400E+00    1.200000E+00    6.000000E+00    6.300000E+01    2.815295E+00    7.531981E-01    4.360000E+00    1.029963E+00    3.737788E+00    9.432169E-04    9.600140E-11    6.000000E+00    3.747483E-01    2.367100E-01
   7.900000E-10    2.000000E+00    7.960000E+01    7.600000E+01    1.342423E+00   -1.000000E+00   -1.000000E+01    3.361539E+00   -1.000000E+01    3.549616E+00   -1.000000E+01   -1.000000E+01    7.000000E+00    5.694900E+00    9.500000E-01    5.000000E+00    3.800000E+01    2.491348E+00    8.521657E-01    3.850000E+00    9.799005E-01    2.923548E+00    9.673286E-04    9.583918E-11    4.000000E+00   -1.094744E+00   -1.304756E+00
   6.200000E-10    3.000000E+00    5.360000E+01    6.230000E+01    1.342423E+00   -1.000000E+00   -1.000000E+01    3.361728E+00   -1.000000E+01    3.550228E+00   -1.000000E+01   -1.000000E+01    4.245000E+00    5.670400E+00    1.200000E+00    6.000000E+00    6.300000E+01    2.815295E+00    7.557500E-01    4.360000E+00    1.065323E+00    3.725167E+00    9.673286E-04    9.583918E-11    2.000000E+00    1.613680E-01    2.377066E-01
   6.030000E-10    2.000000E+00    2.800000E+01    1.210000E+02    1.397940E+00   -3.010300E-01   -1.000000E+01    4.060509E+00   -1.000000E+01   -1.000000E+01   -1.000000E+01   -1.000000E+01    9.500000E+00    6.113200E+00    1.000000E+00    4.000000E+00    2.000000E+01    2.313044E+00    5.978219E-01    3.450000E+00    1.635627E+00    3.869119E+00    8.974315E-04    2.153893E-10    3.000000E+00   -2.030584E+00   -1.550604E+00
   2.100000E-09    1.000000E+00    7.960000E+01    1.300000E+02    1.397940E+00   -3.230623E+00   -1.000000E+01   -1.000000E+01   -1.000000E+01    1.319106E+00   -1.000000E+01   -1.000000E+01    6.400000E+00    3.893900E+00    7.900000E-01    6.000000E+00    5.500000E+01    2.332971E+00    2.099903E+00    4.360000E+00    1.213030E+00    1.110990E+00    8.974315E-04    7.386314E-12    4.000000E+00   -4.814861E-01   -6.377632E-01
   1.550000E-09    4.000000E+00    1.860000E+01    9.700000E+01    1.361728E+00   -1.000000E+00   -1.000000E+01    3.361728E+00   -1.000000E+01    3.550228E+00   -1.000000E+01   -1.000000E+01    5.760000E+00    9.752400E+00    2.550000E+00    4.000000E+00    3.400000E+01    2.921497E+00    1.954028E+00    3.450000E+00    1.717259E+00    1.495115E+00    9.432169E-04    9.600140E-11    3.000000E+00   -1.787812E+00   -1.837516E+00
   7.200000E-10    6.000000E+00    5.660000E+01    8.000000E+01    1.397940E+00   -2.000000E+00   -1.000000E+01    2.361728E+00   -1.000000E+01   -1.000000E+01   -1.000000E+01   -1.000000E+01    3.201000E+00    6.193900E+00    1.380000E+00    7.000000E+00    9.200000E+01    3.367543E+00    1.039241E+00    4.990000E+00    1.150274E+00    3.240387E+00    8.974315E-04    3.046064E-11    3.000000E+00    4.321374E-03   -1.030597E-01
   2.090000E-09    4.000000E+00    3.000000E+01    7.200000E+01    1.397940E+00   -1.000000E+00   -1.000000E+01    3.361728E+00   -1.000000E+01   -1.000000E+01   -1.000000E+01   -1.000000E+01    2.533000E+00    6.306700E+00    1.300000E+00    7.000000E+00    9.000000E+01    3.398069E+00    3.044031E+00    4.990000E+00    1.380211E+00    1.116306E+00    8.974315E-04    9.632502E-11    2.000000E+00    1.712650E+00    7.300166E-01
   6.200000E-10    3.000000E+00    7.960000E+01    7.600000E+01    1.395326E+00   -1.857524E-01    1.551218E+00    4.024938E+00    2.886455E+00    4.123856E+00    2.414882E+00    3.880829E+00    2.000000E+00    5.670400E+00    1.200000E+00    6.000000E+00    6.300000E+01    2.815295E+00    7.485222E-01    4.360000E+00    9.799005E-01    3.761137E+00    9.007563E-04    2.458972E-10    4.000000E+00   -2.185752E+00   -1.933347E+00
   7.900000E-10    2.000000E+00    5.400000E+00    9.920000E+00    1.397940E+00   -1.829738E+00   -1.000000E+01    2.130334E+00    2.049218E+00   -1.000000E+01    2.509203E+00   -1.000000E+01    8.800000E+00    5.694900E+00    9.500000E-01    5.000000E+00    3.800000E+01    2.491348E+00    8.435911E-01    3.850000E+00    1.264118E+00    2.953264E+00    8.974315E-04    3.705697E-11    5.000000E+00   -5.214335E-01   -8.521269E-01
   7.190000E-10    2.000000E+00    1.000000E+02    1.080000E+02    1.397940E+00   -1.000000E+00   -1.000000E+01    3.361539E+00   -1.000000E+01   -1.000000E+01   -1.000000E+01   -1.000000E+01    6.200000E+00    7.902400E+00    1.830000E+00    4.000000E+00    2.600000E+01    2.629839E+00    8.104545E-01    3.450000E+00    1.033424E+00    3.244894E+00    8.974315E-04    9.632502E-11    3.000000E+00    5.843312E-01    1.003896E-01
   6.600000E-10    2.000000E+00    4.900000E-01    1.400000E+00    1.397940E+00   -2.000000E+00   -1.000000E+01    2.361728E+00   -1.000000E+01   -1.000000E+01   -1.000000E+01   -1.000000E+01    6.599000E+00    7.639900E+00    1.910000E+00    4.000000E+00    2.800000E+01    2.585791E+00    7.314893E-01    3.450000E+00    1.455932E+00    3.534968E+00    8.974315E-04    3.046064E-11    2.000000E+01   -1.130768E+00   -7.127715E-01
   7.200000E-10    6.000000E+00    5.660000E+01    8.000000E+01    1.397940E+00   -2.000000E+00   -1.000000E+01    2.361728E+00   -1.000000E+01   -1.000000E+01   -1.000000E+01   -1.000000E+01    5.122000E+00    6.193900E+00    1.380000E+00    7.000000E+00    9.200000E+01    3.367543E+00    1.039241E+00    4.990000E+00    1.150274E+00    3.240387E+00    8.974315E-04    3.046064E-11    3.000000E+00    3.560259E-01    3.871343E-01
   6.240000E-10    3.000000E+00    8.250000E+00    4.000000E+00    1.342423E+00   -2.308919E+00    5.910646E-01    1.812913E+00    1.255273E+00    1.845098E+00    2.089905E+00    9.822712E-01    6.740000E+00    5.973800E+00    1.300000E+00    7.000000E+00    9.500000E+01    3.307169E+00    8.935187E-01    4.990000E+00    6.856061E-01    3.701287E+00    9.673286E-04    2.123654E-11    1.300000E+01    1.461280E-01    9.375832E-01
   7.200000E-10    6.000000E+00    3.100000E-01    1.000000E-02    1.342423E+00   -1.000000E+00   -1.000000E+01    3.361728E+00   -1.000000E+01   -1.000000E+01   -1.000000E+01   -1.000000E+01    5.660000E+00    6.193900E+00    1.380000E+00    7.000000E+00    9.200000E+01    3.367543E+00    1.049804E+00    4.990000E+00   -4.913618E-01    3.207782E+00    9.673286E-04    9.583918E-11    2.200000E+01   -1.158641E+00   -1.140464E+00
   7.200000E-10    6.000000E+00    9.700000E+01    1.210000E+02    1.301030E+00   -1.000000E+00   -1.000000E+01    3.361728E+00   -1.000000E+01   -1.000000E+01   -1.000000E+01   -1.000000E+01    8.064000E+00    6.193900E+00    1.380000E+00    7.000000E+00    9.200000E+01    3.367543E+00    1.056966E+00    4.990000E+00    1.096014E+00    3.186046E+00    1.018135E-03    9.551391E-11    3.000000E+00    1.367206E-01   -6.963991E-01
   7.900000E-10    2.000000E+00    2.800000E+01    1.030000E+02    1.342423E+00   -1.000000E+00   -1.000000E+01    3.361539E+00   -1.000000E+01    3.549616E+00   -1.000000E+01   -1.000000E+01    8.280000E+00    5.694900E+00    9.500000E-01    5.000000E+00    3.800000E+01    2.491348E+00    8.521657E-01    3.850000E+00    1.565679E+00    2.923548E+00    9.673286E-04    9.583918E-11    3.000000E+00   -6.595559E-01   -8.473508E-01
   2.100000E-09    1.000000E+00    7.960000E+01    7.600000E+01    1.397940E+00   -1.000000E+00   -1.000000E+01    3.361728E+00   -1.000000E+01   -1.000000E+01   -1.000000E+01   -1.000000E+01    8.982000E+00    3.893900E+00    7.900000E-01    6.000000E+00    5.500000E+01    2.332971E+00    2.099903E+00    4.360000E+00    9.799005E-01    1.110990E+00    8.974315E-04    9.632502E-11    4.000000E+00   -2.160964E-01   -1.785763E-01
   6.600000E-10    2.000000E+00    3.500000E+01    8.700000E+01    1.301030E+00   -1.000000E+00   -1.000000E+01    3.361728E+00   -1.000000E+01   -1.000000E+01   -1.000000E+01   -1.000000E+01    7.000000E+00    7.639900E+00    1.910000E+00    4.000000E+00    2.800000E+01    2.585791E+00    7.439657E-01    3.450000E+00    1.395451E+00    3.475686E+00    1.018135E-03    9.551391E-11    3.000000E+00   -6.695862E-01   -1.516195E-01
   1.550000E-09    4.000000E+00    2.800000E+01    1.080000E+02    1.397940E+00   -1.000000E+00   -1.000000E+01    3.361539E+00   -1.000000E+01    3.549616E+00   -1.000000E+01   -1.000000E+01    7.660000E+00    9.752400E+00    2.550000E+00    4.000000E+00    3.400000E+01    2.921497E+00    1.940920E+00    3.450000E+00    1.586266E+00    1.505212E+00    8.974315E-04    9.632502E-11    2.000000E+00   -2.079877E+00   -1.901659E+00
   6.200000E-10    3.000000E+00    1.120000E+02    1.200000E+02    1.361728E+00   -1.000000E+00   -1.000000E+01    3.361539E+00   -1.000000E+01   -1.000000E+01   -1.000000E+01   -1.000000E+01    4.000000E+00    5.670400E+00    1.200000E+00    6.000000E+00    6.300000E+01    2.815295E+00    7.531981E-01    4.360000E+00    1.029963E+00    3.737788E+00    9.432169E-04    9.600140E-11    6.000000E+00   -7.695511E-01    2.367100E-01
   6.600000E-10    2.000000E+00    3.500000E+01    8.700000E+01    1.301030E+00   -2.004365E+00   -1.698970E+00   -7.351822E-01    2.120574E+00   -1.000000E+01   -1.000000E+01   -1.000000E+01    7.000000E+00    7.639900E+00    1.910000E+00    4.000000E+00    2.800000E+01    2.585791E+00    7.439657E-01    3.450000E+00    1.395451E+00    3.475686E+00    1.018135E-03    3.005275E-11    3.000000E+00   -8.297383E-01   -1.209258E-01
   6.600000E-10    2.000000E+00    2.950000E+01    7.600000E+01    1.799341E+00   -2.000000E+00   -1.000000E+01    2.361728E+00   -1.000000E+01   -1.000000E+01   -1.000000E+01   -1.000000E+01    5.000000E+00    7.639900E+00    1.910000E+00    4.000000E+00    2.800000E+01    2.585791E+00    6.487983E-01    3.450000E+00    1.410992E+00    3.985509E+00    4.306700E-04    3.234359E-11    2.000000E+00   -1.511953E-01   -7.348048E-02
   1.200000E-09    5.000000E+00    3.750000E+01    1.650000E+01    1.397940E+00   -3.508638E+00    1.760913E-01    7.708520E-01   -6.048075E-02   -1.000000E+01    9.190781E-01   -1.000000E+01    6.590000E+00    6.265700E+00    1.360000E+00    7.000000E+00    9.300000E+01    3.387005E+00    1.742078E+00    4.990000E+00    6.434527E-01    1.944232E+00    8.974315E-04    5.363150E-12    2.500000E+01   -2.645892E+00   -2.547784E+00
   2.100000E-09    1.000000E+00    2.000000E+00    5.000000E+00    1.397940E+00   -7.423214E-01    1.428135E+00    3.298853E+00    2.880814E+00    3.681241E+00    1.764176E+00    2.691081E+00    7.200000E+00    3.893900E+00    7.900000E-01    6.000000E+00    5.500000E+01    2.332971E+00    2.099903E+00    4.360000E+00    1.397940E+00    1.110990E+00    8.974315E-04    1.295921E-10    1.300000E+01   -1.356547E+00   -1.055667E+00
   1.200000E-09    5.000000E+00    1.916000E+01    7.600000E+01    6.989700E-01   -2.088310E+00    5.502284E-01    1.311966E+00    1.838471E+00    1.075912E+00    2.378761E+00    1.715753E+00    7.300000E+00    6.265700E+00    1.360000E+00    7.000000E+00    9.300000E+01    3.387005E+00    1.867340E+00    4.990000E+00    1.598418E+00    1.813813E+00    1.535544E-03    2.657702E-11    9.000000E+00   -9.208188E-01   -7.684534E-01
   7.900000E-10    2.000000E+00    1.961000E+01    7.600000E+01    6.989700E-01   -2.111259E+00    5.502284E-01    1.311966E+00    1.798858E+00    1.075912E+00    2.361822E+00    1.715753E+00    7.010000E+00    5.694900E+00    9.500000E-01    5.000000E+00    3.800000E+01    2.491348E+00    9.042484E-01    3.850000E+00    1.588336E+00    2.755158E+00    1.535544E-03    2.588402E-11    9.000000E+00   -1.000000E+00   -1.054317E+00
   4.300000E-10    4.000000E+00    6.000000E+01    1.900000E+01    1.342423E+00   -2.156145E+00    8.976271E-01    1.929930E+00    1.178977E+00   -1.000000E+01   -1.000000E+01   -1.000000E+01    8.540000E+00    6.026000E+00    1.280000E+00    7.000000E+00    9.400000E+01    3.321587E+00    6.184103E-01    4.990000E+00    5.006024E-01    5.371170E+00    9.673286E-04    2.532041E-11    5.000000E+00    9.030900E-01    1.266024E+00
   2.100000E-09    1.000000E+00    1.880000E+02    5.220000E+01    1.361728E+00   -1.943095E+00   -1.000000E+01    2.440909E+00    6.020600E-01    2.561101E+00   -1.000000E+01   -1.000000E+01    8.600000E+00    3.893900E+00    7.900000E-01    6.000000E+00    5.500000E+01    2.332971E+00    2.114085E+00    4.360000E+00    4.435127E-01    1.103537E+00    9.432169E-04    3.241380E-11    2.500000E+01    2.576786E-01    2.340872E-01
   7.900000E-10    2.000000E+00    6.840000E+01    2.000000E-02    1.322219E+00   -2.000000E+00   -1.000000E+01    2.361728E+00   -1.000000E+01   -1.000000E+01   -1.000000E+01   -1.000000E+01    7.119000E+00    5.694900E+00    9.500000E-01    5.000000E+00    3.800000E+01    2.491348E+00    8.550627E-01    3.850000E+00   -2.534026E+00    2.913643E+00    9.922914E-04    3.025562E-11    1.900000E+01   -9.172146E-01   -5.637904E-01
   7.200000E-10    6.000000E+00    3.300000E+01    1.020000E+02    1.342423E+00   -1.000000E+00   -1.000000E+01    3.361728E+00   -1.000000E+01   -1.000000E+01   -1.000000E+01   -1.000000E+01    7.500000E+00    6.193900E+00    1.380000E+00    7.000000E+00    9.200000E+01    3.367543E+00    1.049804E+00    4.990000E+00    1.490086E+00    3.207782E+00    9.673286E-04    9.583918E-11    3.000000E+00    7.649230E-01    1.561217E-02
   6.200000E-10    3.000000E+00    3.100000E-01    1.000000E-02    1.322219E+00   -1.000000E+00   -1.000000E+01    3.361728E+00   -1.000000E+01   -1.000000E+01   -1.000000E+01   -1.000000E+01    6.358000E+00    5.670400E+00    1.200000E+00    6.000000E+00    6.300000E+01    2.815290E+00    7.583190E-01    4.360000E+00   -4.913612E-01    3.712545E+00    9.922910E-04    9.567670E-11    8.000000E+00    6.711728E-01   -9.901817E-01
   6.240000E-10    3.000000E+00    3.750000E+01    2.480000E+01    1.397940E+00   -2.642065E+00    6.720979E-01    1.683047E+00   -1.023729E-01   -1.000000E+01    2.133539E+00   -1.000000E+01    8.850000E+00    5.973800E+00    1.300000E+00    7.000000E+00    9.500000E+01    3.307169E+00    8.845280E-01    4.990000E+00    8.204204E-01    3.738908E+00    8.974315E-04    1.454476E-11    2.500000E+01    2.405492E-01   -4.151806E-02
   6.600000E-10    2.000000E+00    2.800000E+01    1.210000E+02    1.397940E+00   -3.010300E-01   -1.000000E+01    4.060509E+00    1.903958E+00    4.248586E+00   -1.000000E+01   -1.000000E+01    7.640000E+00    7.639900E+00    1.910000E+00    4.000000E+00    2.800000E+01    2.585791E+00    7.314893E-01    3.450000E+00    1.635627E+00    3.534968E+00    8.974315E-04    2.153893E-10    3.000000E+00    9.691001E-02    7.594612E-02
   6.600000E-10    2.000000E+00    3.500000E+01    8.700000E+01    1.301030E+00   -1.000000E+00   -1.000000E+01    3.361728E+00   -1.000000E+01   -1.000000E+01   -1.000000E+01   -1.000000E+01    5.900000E+00    7.639900E+00    1.910000E+00    4.000000E+00    2.800000E+01    2.585791E+00    7.439657E-01    3.450000E+00    1.395451E+00    3.475686E+00    1.018135E-03    9.551391E-11    3.000000E+00   -6.003263E-01   -7.246629E-01
   2.100000E-09    1.000000E+00    9.900000E+01    8.800000E+01    1.397940E+00   -1.000000E+00   -1.000000E+01    3.361728E+00   -1.000000E+01   -1.000000E+01   -1.000000E+01   -1.000000E+01    1.219000E+01    3.893900E+00    7.900000E-01    6.000000E+00    5.500000E+01    2.332971E+00    2.099903E+00    4.360000E+00    9.488475E-01    1.110990E+00    8.974315E-04    9.632502E-11    3.000000E+00   -9.788107E-01   -8.158212E-01
   7.900000E-10    2.000000E+00    1.100000E-01    4.000000E+00    1.380211E+00   -1.000000E+00   -1.000000E+01    3.361728E+00   -1.000000E+01   -1.000000E+01   -1.000000E+01   -1.000000E+01    1.060000E+01    5.694900E+00    9.500000E-01    5.000000E+00    3.800000E+01    2.491348E+00    8.464301E-01    3.850000E+00    2.560667E+00    2.943359E+00    9.199272E-04    9.616334E-11    1.300000E+01   -2.537602E+00   -2.473718E+00
   7.900000E-10    2.000000E+00    2.712000E+01    7.600000E+01    6.989700E-01   -2.088310E+00    5.502284E-01    1.311966E+00    1.838471E+00    1.075912E+00    2.378761E+00    1.715753E+00    7.680000E+00    5.694900E+00    9.500000E-01    5.000000E+00    3.800000E+01    2.491348E+00    9.042484E-01    3.850000E+00    1.447524E+00    2.755158E+00    1.535544E-03    2.657702E-11    4.000000E+00   -1.886057E+00   -1.909461E+00
   7.900000E-10    2.000000E+00    1.100000E-01    4.000000E+00    1.380211E+00   -2.000000E+00   -1.000000E+01    2.361728E+00   -1.000000E+01   -1.000000E+01   -1.000000E+01   -1.000000E+01    1.040000E+01    5.694900E+00    9.500000E-01    5.000000E+00    3.800000E+01    2.491348E+00    8.464301E-01    3.850000E+00    2.560667E+00    2.943359E+00    9.199272E-04    3.040952E-11    1.300000E+01   -1.823909E+00   -2.170944E+00
   8.500000E-10    2.000000E+00    9.500000E-01    1.320000E+02    1.342423E+00   -3.102373E+00    5.682017E-01    7.671559E-01    9.675480E-01   -1.000000E+01   -1.000000E+01   -1.000000E+01    8.350000E+00    5.211700E+00    8.900000E-01    6.000000E+00    5.600000E+01    2.699024E+00    9.933179E-01    4.360000E+00    3.142850E+00    2.717180E+00    9.673286E-04    8.518372E-12    1.300000E+01   -5.917600E-01   -4.473591E-01
   7.200000E-10    2.000000E+00    6.680000E+01    2.310000E+01    1.397940E+00   -1.000000E+00   -1.000000E+01    3.361728E+00   -1.000000E+01   -1.000000E+01   -1.000000E+01   -1.000000E+01    3.068000E+00    8.993800E+00    1.690000E+00    5.000000E+00    4.800000E+01    3.130855E+00    9.661976E-01    3.850000E+00    5.388355E-01    3.240387E+00    8.974315E-04    9.632502E-11    6.000000E+00   -2.681937E+00   -1.620825E+00
   6.200000E-10    3.000000E+00    5.000000E-01    4.400000E+00    1.397940E+00   -1.000000E+00   -1.000000E+01    3.361539E+00   -1.000000E+01    3.549616E+00   -1.000000E+01   -1.000000E+01    4.370000E+00    5.670400E+00    1.200000E+00    6.000000E+00    6.300000E+01    2.815295E+00    7.481457E-01    4.360000E+00    1.944483E+00    3.763030E+00    8.974315E-04    9.632502E-11    8.000000E+00   -8.249449E-02   -8.577599E-02
   7.900000E-10    2.000000E+00    2.800000E+01    1.030000E+02    1.342423E+00   -1.000000E+00   -1.000000E+01    3.361539E+00   -1.000000E+01    3.549616E+00   -1.000000E+01   -1.000000E+01    4.420000E+00    5.694900E+00    9.500000E-01    5.000000E+00    3.800000E+01    2.491348E+00    8.521657E-01    3.850000E+00    1.565679E+00    2.923548E+00    9.673286E-04    9.583918E-11    3.000000E+00   -1.031050E+00   -1.097067E+00
   6.600000E-10    2.000000E+00    3.500000E+01    8.700000E+01    1.301030E+00   -1.000000E+00   -1.000000E+01    3.361728E+00   -1.000000E+01   -1.000000E+01   -1.000000E+01   -1.000000E+01    5.900000E+00    7.639900E+00    1.910000E+00    4.000000E+00    2.800000E+01    2.585791E+00    7.439657E-01    3.450000E+00    1.395451E+00    3.475686E+00    1.018135E-03    9.551391E-11    3.000000E+00   -3.001623E-01   -7.246629E-01
   2.100000E-09    1.000000E+00    1.480000E+00    1.610000E+00    1.397940E+00   -7.958800E-01    8.932068E-01    3.440720E+00    2.716871E+00    3.695744E+00    1.086360E+00    1.875207E-01    7.900000E+00    3.893900E+00    7.900000E-01    6.000000E+00    5.500000E+01    2.332971E+00    2.099903E+00    4.360000E+00    1.036564E+00    1.110990E+00    8.974315E-04    1.218426E-10    1.200000E+01   -1.429457E+00   -9.609194E-01
   6.200000E-10    3.000000E+00    6.840000E+01    2.000000E-02    1.322219E+00   -2.000000E+00   -1.000000E+01    2.361728E+00   -1.000000E+01   -1.000000E+01   -1.000000E+01   -1.000000E+01    3.137000E+00    5.670400E+00    1.200000E+00    6.000000E+00    6.300000E+01    2.815295E+00    7.583193E-01    4.360000E+00   -2.534026E+00    3.712545E+00    9.922914E-04    3.025562E-11    1.900000E+01   -1.946922E+00   -2.135299E+00
   7.200000E-10    6.000000E+00    1.200000E+02    6.900000E+01    1.342423E+00   -1.000000E+00   -1.000000E+01    3.361728E+00   -1.000000E+01   -1.000000E+01   -1.000000E+01   -1.000000E+01    4.900000E+00    6.193900E+00    1.380000E+00    7.000000E+00    9.200000E+01    3.367543E+00    1.049804E+00    4.990000E+00    7.596678E-01    3.207782E+00    9.673286E-04    9.583918E-11    4.000000E+00    1.003705E-01    7.093247E-01
   6.600000E-10    2.000000E+00    3.500000E+01    8.700000E+01    1.301030E+00   -2.004365E+00   -1.698970E+00   -7.351822E-01    2.120574E+00   -1.000000E+01   -1.000000E+01   -1.000000E+01    7.000000E+00    7.639900E+00    1.910000E+00    4.000000E+00    2.800000E+01    2.585791E+00    7.439657E-01    3.450000E+00    1.395451E+00    3.475686E+00    1.018135E-03    3.005275E-11    3.000000E+00    5.065050E-01   -1.209258E-01
   2.090000E-09    4.000000E+00    8.640000E+01    6.500000E+00    1.397940E+00   -3.010300E-01   -1.000000E+01    4.060698E+00   -1.000000E+01    4.247973E+00   -1.000000E+01   -1.000000E+01    2.900000E+00    6.306700E+00    1.300000E+00    7.000000E+00    9.000000E+01    3.398069E+00    3.044031E+00    4.990000E+00   -1.236004E-01    1.116306E+00    8.974315E-04    2.153893E-10    2.100000E+01   -9.913998E-01   -8.488204E-01
   6.600000E-10    2.000000E+00    3.890000E+01    8.900000E+01    1.301030E+00   -2.000000E+00   -1.000000E+01   -1.000000E+01   -1.000000E+01   -1.000000E+01   -1.000000E+01   -1.000000E+01    6.202000E+00    7.639900E+00    1.910000E+00    4.000000E+00    2.800000E+01    2.585791E+00    7.439657E-01    3.450000E+00    1.359440E+00    3.475686E+00    1.018135E-03    3.020415E-11    3.000000E+00   -4.001169E-01   -6.010838E-01
   6.600000E-10    2.000000E+00    1.018000E+01    3.700000E+01    6.989700E-01   -2.088310E+00    5.502284E-01    1.311966E+00    1.838471E+00    1.075912E+00    2.378761E+00    1.715753E+00    7.200000E+00    7.639900E+00    1.910000E+00    4.000000E+00    2.800000E+01    2.585791E+00    7.840861E-01    3.450000E+00    1.560454E+00    3.297841E+00    1.535544E-03    2.657702E-11    9.000000E+00    6.812412E-01    5.617687E-01
   6.600000E-10    2.000000E+00    3.500000E+01    8.700000E+01    1.301030E+00   -1.000000E+00   -1.000000E+01    3.361728E+00   -1.000000E+01   -1.000000E+01   -1.000000E+01   -1.000000E+01    5.900000E+00    7.639900E+00    1.910000E+00    4.000000E+00    2.800000E+01    2.585791E+00    7.439657E-01    3.450000E+00    1.395451E+00    3.475686E+00    1.018135E-03    9.551391E-11    3.000000E+00   -6.798537E-01   -7.246629E-01
   1.200000E-09    5.000000E+00    3.750000E+01    2.480000E+01    1.397940E+00   -2.642065E+00    6.720979E-01    1.683047E+00   -1.023729E-01   -1.000000E+01    2.133539E+00   -1.000000E+01    8.850000E+00    6.265700E+00    1.360000E+00    7.000000E+00    9.300000E+01    3.387005E+00    1.742078E+00    4.990000E+00    8.204204E-01    1.944232E+00    8.974315E-04    1.454476E-11    2.500000E+01   -2.497573E+00   -2.535504E+00
   6.240000E-10    3.000000E+00    2.300000E+00    9.300000E+00    1.342423E+00   -1.000000E+00   -1.000000E+01    3.361728E+00   -1.000000E+01    3.550228E+00   -1.000000E+01   -1.000000E+01    7.391000E+00    5.973800E+00    1.300000E+00    7.000000E+00    9.500000E+01    3.307169E+00    8.935187E-01    4.990000E+00    1.606755E+00    3.701287E+00    9.673286E-04    9.583918E-11    1.300000E+01   -9.871628E-01   -7.944042E-01
   9.230000E-10    4.000000E+00    3.750000E+01    1.442000E+02    1.397940E+00   -1.837587E-01    1.133539E+00    3.976350E+00    2.462398E+00    4.222716E+00   -1.000000E+01    3.442480E+00    8.300000E+00    1.126030E+01    2.550000E+00    2.000000E+00    6.000000E+00    1.810750E+00    7.163593E-01    1.990000E+00    1.584934E+00    2.527713E+00    8.974315E-04    2.465243E-10    2.500000E+01   -1.301030E+00   -1.268333E+00
   7.900000E-10    2.000000E+00    7.960000E+01    7.600000E+01    1.342423E+00   -1.000000E+00   -1.000000E+01    3.361539E+00   -1.000000E+01    3.549616E+00   -1.000000E+01   -1.000000E+01    7.000000E+00    5.694900E+00    9.500000E-01    5.000000E+00    3.800000E+01    2.491348E+00    8.521657E-01    3.850000E+00    9.799005E-01    2.923548E+00    9.673286E-04    9.583918E-11    4.000000E+00   -1.046240E+00   -1.304756E+00
   2.100000E-09    1.000000E+00    6.100000E-01    1.100000E+01    1.397940E+00   -6.126102E-01   -2.092051E+00    1.363612E+00    2.764618E-01    8.000294E-01   -2.006564E+00   -2.518120E-01    7.050000E+00    3.893900E+00    7.900000E-01    6.000000E+00    5.500000E+01    2.332971E+00    2.099903E+00    4.360000E+00    2.256063E+00    1.110990E+00    8.974315E-04    1.504645E-10    1.300000E+01   -1.777284E+00   -2.240242E+00
   7.300000E-10    2.000000E+00    4.223000E+01    1.080000E+02    1.697665E+00   -3.000000E+00   -1.000000E+01    1.361539E+00   -1.000000E+01    1.549616E+00   -1.000000E+01   -1.000000E+01    5.000000E+00    7.881000E+00    1.880000E+00    4.000000E+00    2.700000E+01    2.626276E+00    7.585183E-01    3.450000E+00    1.407803E+00    3.462376E+00    5.292565E-04    1.002589E-11    3.000000E+00    5.809250E-01    7.982569E-01
   6.030000E-10    2.000000E+00    2.800000E+01    1.210000E+02    1.397940E+00   -3.010300E-01   -1.000000E+01    4.060509E+00   -1.000000E+01   -1.000000E+01   -1.000000E+01   -1.000000E+01    7.960000E+00    6.113200E+00    1.000000E+00    4.000000E+00    2.000000E+01    2.313044E+00    5.978219E-01    3.450000E+00    1.635627E+00    3.869119E+00    8.974315E-04    2.153893E-10    3.000000E+00   -1.643974E+00   -1.629640E+00
   7.200000E-10    6.000000E+00    1.961000E+01    7.600000E+01    6.989700E-01   -2.088310E+00    5.502284E-01    1.311966E+00    1.838471E+00    1.075912E+00    2.378761E+00    1.715753E+00    6.580000E+00    6.193900E+00    1.380000E+00    7.000000E+00    9.200000E+01    3.367543E+00    1.113966E+00    4.990000E+00    1.588336E+00    3.023021E+00    1.535544E-03    2.657702E-11    9.000000E+00   -1.135093E-01    2.793917E-01
   6.240000E-10    3.000000E+00    1.242000E+01    8.700000E+00    1.397940E+00   -4.517126E+00   -6.989700E-01   -3.979400E-01   -1.000000E+00   -1.000000E+01   -3.010300E-01   -1.000000E+01    5.000000E+00    5.973800E+00    1.300000E+00    7.000000E+00    9.500000E+01    3.307169E+00    8.845280E-01    4.990000E+00    8.453977E-01    3.738908E+00    8.974315E-04    1.679484E-12    2.300000E+01    1.000000E+00    7.640891E-01
   6.600000E-10    2.000000E+00    4.900000E-01    1.400000E+00    1.397940E+00   -3.010300E-01   -1.000000E+01    4.060698E+00   -1.000000E+01   -1.000000E+01   -1.000000E+01   -1.000000E+01    6.415000E+00    7.639900E+00    1.910000E+00    4.000000E+00    2.800000E+01    2.585791E+00    7.314893E-01    3.450000E+00    1.455932E+00    3.534968E+00    8.974315E-04    2.153893E-10    2.000000E+01   -9.393022E-01   -9.859247E-01
   2.090000E-09    4.000000E+00    3.000000E+01    7.600000E+01    1.397940E+00   -2.000000E+00   -1.000000E+01    2.361728E+00   -1.000000E+01   -1.000000E+01   -1.000000E+01   -1.000000E+01    2.205000E+00    6.306700E+00    1.300000E+00    7.000000E+00    9.000000E+01    3.398069E+00    3.044031E+00    4.990000E+00    1.403692E+00    1.116306E+00    8.974315E-04    3.046064E-11    2.000000E+00    1.398791E-01    5.520144E-01
   1.550000E-09    4.000000E+00    2.800000E+01    1.080000E+02    1.397940E+00   -1.000000E+00   -1.000000E+01    3.361539E+00   -1.000000E+01    3.549616E+00   -1.000000E+01   -1.000000E+01    8.550000E+00    9.752400E+00    2.550000E+00    4.000000E+00    3.400000E+01    2.921497E+00    1.940920E+00    3.450000E+00    1.586266E+00    1.505212E+00    8.974315E-04    9.632502E-11    2.000000E+00   -2.117475E+00   -2.134895E+00
   7.900000E-10    2.000000E+00    5.100000E+00    3.970000E+00    1.397940E+00   -2.192465E+00   -1.000000E+01    2.469822E+00   -1.000000E+01   -1.000000E+01    2.469822E+00   -1.000000E+01    8.800000E+00    5.694900E+00    9.500000E-01    5.000000E+00    3.800000E+01    2.491348E+00    8.435911E-01    3.850000E+00    8.912203E-01    2.953264E+00    8.974315E-04    2.440656E-11    1.000000E+00   -1.090204E-01   -3.772829E-01
   2.100000E-09    1.000000E+00    1.100000E-01    4.000000E+00    1.380211E+00   -1.000000E+00   -1.000000E+01    3.361728E+00   -1.000000E+01   -1.000000E+01   -1.000000E+01   -1.000000E+01    6.570000E+00    3.893900E+00    7.900000E-01    6.000000E+00    5.500000E+01    2.332971E+00    2.106970E+00    4.360000E+00    2.560667E+00    1.107264E+00    9.199272E-04    9.616334E-11    1.300000E+01   -1.737549E+00   -1.804454E+00
   7.200000E-10    6.000000E+00    3.300000E+01    1.020000E+02    1.342423E+00   -1.000000E+00   -1.000000E+01    3.361728E+00   -1.000000E+01   -1.000000E+01   -1.000000E+01   -1.000000E+01    7.500000E+00    6.193900E+00    1.380000E+00    7.000000E+00    9.200000E+01    3.367543E+00    1.049804E+00    4.990000E+00    1.490086E+00    3.207782E+00    9.673286E-04    9.583918E-11    3.000000E+00   -1.159267E+00    1.561217E-02
   1.200000E-09    5.000000E+00    1.120000E+02    2.100000E+01    1.397940E+00   -1.000000E+00   -1.000000E+01    3.361539E+00   -1.000000E+01    3.549616E+00   -1.000000E+01   -1.000000E+01    6.360000E+00    6.265700E+00    1.360000E+00    7.000000E+00    9.300000E+01    3.387005E+00    1.742078E+00    4.990000E+00    2.730013E-01    1.944232E+00    8.974315E-04    9.632502E-11    6.000000E+00    1.818436E-01   -9.656455E-01
   6.200000E-10    3.000000E+00    3.000000E-01    4.000000E+00    1.397940E+00   -2.000000E+00   -1.000000E+01    2.361539E+00   -1.000000E+01    2.549616E+00   -1.000000E+01   -1.000000E+01    4.500000E+00    5.670400E+00    1.200000E+00    6.000000E+00    6.300000E+01    2.815295E+00    7.481457E-01    4.360000E+00    2.124939E+00    3.763030E+00    8.974315E-04    3.046064E-11    1.300000E+01    1.283722E-02   -1.287996E-01
   6.600000E-10    2.000000E+00    1.018000E+01    3.700000E+01    6.989700E-01   -2.111259E+00    5.502284E-01    1.311966E+00    1.798858E+00    1.075912E+00    2.361822E+00    1.715753E+00    7.400000E+00    7.639900E+00    1.910000E+00    4.000000E+00    2.800000E+01    2.585791E+00    7.840861E-01    3.450000E+00    1.560454E+00    3.297841E+00    1.535544E-03    2.588402E-11    9.000000E+00    7.323938E-01    7.762855E-01
   6.600000E-10    2.000000E+00    3.500000E+01    8.700000E+01    1.301030E+00   -1.000000E+00   -1.000000E+01    3.361728E+00   -1.000000E+01   -1.000000E+01   -1.000000E+01   -1.000000E+01    8.200000E+00    7.639900E+00    1.910000E+00    4.000000E+00    2.800000E+01    2.585791E+00    7.439657E-01    3.450000E+00    1.395451E+00    3.475686E+00    1.018135E-03    9.551391E-11    3.000000E+00    8.698182E-01    6.862054E-01
   7.200000E-10    6.000000E+00    3.300000E+01    1.020000E+02    1.342423E+00   -2.522879E+00   -1.000000E+01    1.838849E+00   -1.000000E+01   -1.000000E+01   -1.000000E+01   -1.000000E+01    8.140000E+00    6.193900E+00    1.380000E+00    7.000000E+00    9.200000E+01    3.367543E+00    1.049804E+00    4.990000E+00    1.490086E+00    3.207782E+00    9.673286E-04    1.659983E-11    3.000000E+00    1.068186E+00    1.270415E+00
   7.190000E-10    2.000000E+00    1.000000E+02    1.080000E+02    1.397940E+00   -1.000000E+00   -1.000000E+01    3.361539E+00   -1.000000E+01   -1.000000E+01   -1.000000E+01   -1.000000E+01    5.740000E+00    7.902400E+00    1.830000E+00    4.000000E+00    2.600000E+01    2.629839E+00    8.104545E-01    3.450000E+00    1.033424E+00    3.244894E+00    8.974315E-04    9.632502E-11    3.000000E+00    1.227887E+00    9.443073E-01
   2.100000E-09    1.000000E+00    2.500000E-01    2.200000E+00    1.397940E+00   -3.031517E+00   -6.989700E-01    1.201397E+00    7.075702E-01    7.242759E-01    1.408240E+00    7.403627E-01    6.700000E+00    3.893900E+00    7.900000E-01    6.000000E+00    5.500000E+01    2.332971E+00    2.099903E+00    4.360000E+00    1.944483E+00    1.110990E+00    8.974315E-04    9.289248E-12    1.300000E+01   -2.428291E+00   -1.986880E+00
   7.200000E-10    6.000000E+00    3.000000E-02    1.000000E-02    1.301030E+00   -1.000000E+00   -1.000000E+01    3.361728E+00   -1.000000E+01   -1.000000E+01   -1.000000E+01   -1.000000E+01    5.056000E+00    6.193900E+00    1.380000E+00    7.000000E+00    9.200000E+01    3.367543E+00    1.056966E+00    4.990000E+00    5.228787E-01    3.186046E+00    1.018135E-03    9.551391E-11    2.200000E+01   -2.213959E+00   -2.129841E+00
   6.240000E-10    3.000000E+00    1.710000E+01    6.400000E-01    1.397940E+00   -8.239087E-01   -1.000000E+01    3.537630E+00   -1.000000E+01    3.725707E+00   -1.000000E+01   -1.000000E+01    6.600000E+00    5.973800E+00    1.300000E+00    7.000000E+00    9.500000E+01    3.307169E+00    8.845280E-01    4.990000E+00   -4.268161E-01    3.738908E+00    8.974315E-04    1.179736E-10    7.000000E+00    1.385606E+00    7.957461E-01
   6.600000E-10    2.000000E+00    3.500000E+01    8.700000E+01    1.301030E+00   -1.000000E+00   -1.000000E+01    3.361728E+00   -1.000000E+01   -1.000000E+01   -1.000000E+01   -1.000000E+01    5.890000E+00    7.639900E+00    1.910000E+00    4.000000E+00    2.800000E+01    2.585791E+00    7.439657E-01    3.450000E+00    1.395451E+00    3.475686E+00    1.018135E-03    9.551391E-11    3.000000E+00   -2.700257E-01   -5.294239E-01
   7.200000E-10    6.000000E+00    5.360000E+01    6.230000E+01    1.397940E+00   -1.000000E+00   -1.000000E+01    3.361728E+00   -1.000000E+01    3.550228E+00   -1.000000E+01   -1.000000E+01    5.760000E+00    6.193900E+00    1.380000E+00    7.000000E+00    9.200000E+01    3.367543E+00    1.039241E+00    4.990000E+00    1.065323E+00    3.240387E+00    8.974315E-04    9.632502E-11    2.000000E+00   -9.420412E-02   -1.384466E-01
   6.600000E-10    2.000000E+00    2.800000E+01    1.210000E+02    1.395326E+00   -1.522879E+00   -1.000000E+01   -1.000000E+01   -1.000000E+01   -1.000000E+01   -1.000000E+01   -1.000000E+01    6.000000E+00    7.639900E+00    1.910000E+00    4.000000E+00    2.800000E+01    2.585791E+00    7.318575E-01    3.450000E+00    1.635627E+00    3.533189E+00    9.007563E-04    5.274611E-11    3.000000E+00   -4.045038E-01   -4.352461E-01
   6.200000E-10    3.000000E+00    1.120000E+02    1.200000E+02    1.361728E+00   -6.989700E-01   -1.000000E+01    3.662569E+00   -1.000000E+01   -1.000000E+01   -1.000000E+01   -1.000000E+01    5.520000E+00    5.670400E+00    1.200000E+00    6.000000E+00    6.300000E+01    2.815295E+00    7.531981E-01    4.360000E+00    1.029963E+00    3.737788E+00    9.432169E-04    1.357665E-10    6.000000E+00    6.424645E-01    7.718793E-01
   1.200000E-09    5.000000E+00    1.961000E+01    7.600000E+01    6.989700E-01   -2.088310E+00    5.502284E-01    1.311966E+00    1.838471E+00    1.075912E+00    2.378761E+00    1.715753E+00    6.580000E+00    6.265700E+00    1.360000E+00    7.000000E+00    9.300000E+01    3.387005E+00    1.867340E+00    4.990000E+00    1.588336E+00    1.813813E+00    1.535544E-03    2.657702E-11    9.000000E+00   -1.244125E+00   -8.769755E-01
   7.200000E-10    6.000000E+00    9.100000E-01    1.200000E+00    1.397940E+00   -7.423214E-01    1.428135E+00    3.298853E+00    2.880814E+00    3.681241E+00    1.764176E+00    2.691081E+00    7.200000E+00    6.193900E+00    1.380000E+00    7.000000E+00    9.200000E+01    3.367543E+00    1.039241E+00    4.990000E+00    1.120140E+00    3.240387E+00    8.974315E-04    1.295921E-10    1.300000E+01   -8.618615E-02    2.993686E-02
   6.600000E-10    2.000000E+00    2.800000E+01    1.210000E+02    1.397940E+00   -3.010300E-01   -1.000000E+01    4.060509E+00    1.903958E+00    4.248586E+00   -1.000000E+01   -1.000000E+01    1.086000E+01    7.639900E+00    1.910000E+00    4.000000E+00    2.800000E+01    2.585791E+00    7.314893E-01    3.450000E+00    1.635627E+00    3.534968E+00    8.974315E-04    2.153893E-10    3.000000E+00    1.670246E+00    1.509669E+00
   2.100000E-09    1.000000E+00    5.100000E+00    3.970000E+00    1.397940E+00   -2.192465E+00   -1.000000E+01    2.469822E+00   -1.000000E+01   -1.000000E+01    2.469822E+00   -1.000000E+01    8.800000E+00    3.893900E+00    7.900000E-01    6.000000E+00    5.500000E+01    2.332971E+00    2.099903E+00    4.360000E+00    8.912203E-01    1.110990E+00    8.974315E-04    2.440656E-11    1.000000E+00    2.405492E-01    2.300083E-01
   6.600000E-10    2.000000E+00    3.500000E+01    8.700000E+01    1.301030E+00   -2.004365E+00   -1.698970E+00   -7.351822E-01    2.120574E+00   -1.000000E+01   -1.000000E+01   -1.000000E+01    7.000000E+00    7.639900E+00    1.910000E+00    4.000000E+00    2.800000E+01    2.585791E+00    7.439657E-01    3.450000E+00    1.395451E+00    3.475686E+00    1.018135E-03    3.005275E-11    3.000000E+00    3.838154E-01   -1.209258E-01
   6.200000E-10    3.000000E+00    3.000000E+01    5.300000E+01    1.361728E+00   -1.301030E+00   -1.000000E+01    3.060509E+00   -1.000000E+01   -1.000000E+01   -1.000000E+01   -1.000000E+01    3.900000E+00    5.670400E+00    1.200000E+00    6.000000E+00    6.300000E+01    2.815295E+00    7.531981E-01    4.360000E+00    1.247155E+00    3.737788E+00    9.432169E-04    6.788324E-11    2.000000E+00    1.683047E+00    1.229378E+00
   6.600000E-10    2.000000E+00    2.800000E+01    1.210000E+02    1.395326E+00   -2.000000E+00   -1.000000E+01    2.361539E+00   -1.000000E+01   -1.000000E+01   -1.000000E+01   -1.000000E+01    6.000000E+00    7.639900E+00    1.910000E+00    4.000000E+00    2.800000E+01    2.585791E+00    7.318575E-01    3.450000E+00    1.635627E+00    3.533189E+00    9.007563E-04    3.045298E-11    3.000000E+00    2.329961E-01    3.197326E-01
   7.900000E-10    2.000000E+00    1.100000E-01    4.000000E+00    1.380211E+00   -2.000000E+00   -1.000000E+01    2.361728E+00   -1.000000E+01   -1.000000E+01   -1.000000E+01   -1.000000E+01    1.100000E+01    5.694900E+00    9.500000E-01    5.000000E+00    3.800000E+01    2.491348E+00    8.464301E-01    3.850000E+00    2.560667E+00    2.943359E+00    9.199272E-04    3.040952E-11    1.300000E+01   -1.769551E+00   -2.102465E+00
   7.190000E-10    2.000000E+00    1.000000E+02    1.080000E+02    1.397940E+00   -1.000000E+00   -1.000000E+01    3.361539E+00   -1.000000E+01   -1.000000E+01   -1.000000E+01   -1.000000E+01    6.200000E+00    7.902400E+00    1.830000E+00    4.000000E+00    2.600000E+01    2.629839E+00    8.104545E-01    3.450000E+00    1.033424E+00    3.244894E+00    8.974315E-04    9.632502E-11    3.000000E+00    1.731863E-01    1.003896E-01
   6.240000E-10    3.000000E+00    2.300000E+00    9.300000E+00    1.342423E+00   -1.000000E+00   -1.000000E+01    3.361728E+00   -1.000000E+01    3.550228E+00   -1.000000E+01   -1.000000E+01    4.079000E+00    5.973800E+00    1.300000E+00    7.000000E+00    9.500000E+01    3.307169E+00    8.935187E-01    4.990000E+00    1.606755E+00    3.701287E+00    9.673286E-04    9.583918E-11    1.300000E+01   -2.118316E-01   -2.062040E-01
   7.200000E-10    6.000000E+00    1.830000E+02    1.000000E-02    1.397940E+00   -1.000000E+00   -1.000000E+01    3.361728E+00   -1.000000E+01   -1.000000E+01   -1.000000E+01   -1.000000E+01    4.410000E+00    6.193900E+00    1.380000E+00    7.000000E+00    9.200000E+01    3.367543E+00    1.039241E+00    4.990000E+00   -3.262451E+00    3.240387E+00    8.974315E-04    9.632502E-11    2.200000E+01    3.673559E-01    1.766282E-01
   1.200000E-09    5.000000E+00    8.250000E+00    4.000000E+00    1.342423E+00   -2.308919E+00    5.910646E-01    1.812913E+00    1.255273E+00    1.845098E+00    2.089905E+00    9.822712E-01    8.680000E+00    6.265700E+00    1.360000E+00    7.000000E+00    9.300000E+01    3.387005E+00    1.759786E+00    4.990000E+00    6.856061E-01    1.924669E+00    9.673286E-04    2.123654E-11    1.300000E+01   -1.003926E+00   -3.615434E-01
   7.900000E-10    2.000000E+00    5.100000E+00    3.970000E+00    1.397940E+00   -2.192465E+00   -1.000000E+01    2.469822E+00   -1.000000E+01   -1.000000E+01    2.469822E+00   -1.000000E+01    8.800000E+00    5.694900E+00    9.500000E-01    5.000000E+00    3.800000E+01    2.491348E+00    8.435911E-01    3.850000E+00    8.912203E-01    2.953264E+00    8.974315E-04    2.440656E-11    1.000000E+00   -3.914740E-01   -3.772829E-01
   2.100000E-09    1.000000E+00    1.550000E+00    6.600000E-01    1.397940E+00   -6.716204E-01    1.278754E+00    3.989005E+00    9.025468E-01   -1.000000E+01   -1.000000E+01   -1.000000E+01    8.940000E+00    3.893900E+00    7.900000E-01    6.000000E+00    5.500000E+01    2.332971E+00    2.099903E+00    4.360000E+00    6.292123E-01    1.110990E+00    8.974315E-04    1.405817E-10    1.500000E+01   -1.045757E+00   -1.070499E+00
   7.200000E-10    6.000000E+00    5.660000E+01    8.000000E+01    1.397940E+00   -3.000000E+00   -1.000000E+01    1.361728E+00   -1.000000E+01   -1.000000E+01   -1.000000E+01   -1.000000E+01    6.800000E+00    6.193900E+00    1.380000E+00    7.000000E+00    9.200000E+01    3.367543E+00    1.039241E+00    4.990000E+00    1.150274E+00    3.240387E+00    8.974315E-04    9.632502E-12    3.000000E+00    5.307844E-02    6.884196E-01
   6.200000E-10    3.000000E+00    2.400000E+01    8.750000E+01    1.602060E+00   -3.010300E-01   -1.000000E+01    4.060698E+00   -1.000000E+01   -1.000000E+01   -1.000000E+01   -1.000000E+01    7.000000E+00    5.670400E+00    1.200000E+00    6.000000E+00    6.300000E+01    2.815295E+00    7.123092E-01    4.360000E+00    1.561797E+00    3.952349E+00    6.388855E-04    2.207409E-10    3.000000E+00    1.283301E+00    1.130734E+00
   6.200000E-10    3.000000E+00    3.000000E+01    5.300000E+01    1.361728E+00   -1.000000E+00   -1.000000E+01    3.361539E+00   -1.000000E+01   -1.000000E+01   -1.000000E+01   -1.000000E+01    6.100000E+00    5.670400E+00    1.200000E+00    6.000000E+00    6.300000E+01    2.815295E+00    7.531981E-01    4.360000E+00    1.247155E+00    3.737788E+00    9.432169E-04    9.600140E-11    2.000000E+00    1.793092E+00    1.479725E+00
   7.200000E-10    6.000000E+00    2.800000E+01    1.210000E+02    1.361728E+00   -1.000000E+00   -1.000000E+01    3.361539E+00   -4.559320E-01    3.549616E+00   -1.191864E-01   -1.000000E+01    4.600000E+00    6.193900E+00    1.380000E+00    7.000000E+00    9.200000E+01    3.367543E+00    1.046259E+00    4.990000E+00    1.635627E+00    3.218651E+00    9.432169E-04    9.600140E-11    3.000000E+00   -3.050752E-03   -1.133398E-01
   4.300000E-10    5.000000E+00    7.090000E+01    6.500000E+00    1.301030E+00   -1.000000E+00   -1.000000E+01    3.361728E+00   -1.000000E+01   -1.000000E+01   -1.000000E+01   -1.000000E+01    5.200000E+00    6.026000E+00    1.280000E+00    7.000000E+00    9.400000E+01    3.321587E+00    6.226294E-01    4.990000E+00   -3.773288E-02    5.334774E+00    1.018135E-03    9.551391E-11    2.100000E+01    6.127839E-01    4.141823E-02
   7.200000E-10    6.000000E+00    5.660000E+01    8.000000E+01    1.397940E+00   -1.000000E+00   -1.000000E+01    3.361728E+00   -1.000000E+01   -1.000000E+01   -1.000000E+01   -1.000000E+01    8.040000E+00    6.193900E+00    1.380000E+00    7.000000E+00    9.200000E+01    3.367543E+00    1.039241E+00    4.990000E+00    1.150274E+00    3.240387E+00    8.974315E-04    9.632502E-11    3.000000E+00    3.053514E-01    1.182597E-01
   1.200000E-09    5.000000E+00    6.840000E+01    1.000000E-02    1.397940E+00   -1.000000E+00   -1.000000E+01    3.361539E+00   -1.000000E+01   -1.000000E+01   -1.000000E+01   -1.000000E+01    7.500000E+00    6.265700E+00    1.360000E+00    7.000000E+00    9.300000E+01    3.387005E+00    1.742078E+00    4.990000E+00   -2.835056E+00    1.944232E+00    8.974315E-04    9.632502E-11    1.900000E+01    6.283889E-01    1.731113E-01
   6.600000E-10    2.000000E+00    2.000000E+01    8.600000E+01    1.301030E+00   -1.000000E+00   -1.000000E+01    3.361728E+00   -1.000000E+01   -1.000000E+01   -1.000000E+01   -1.000000E+01    7.630000E+00    7.639900E+00    1.910000E+00    4.000000E+00    2.800000E+01    2.585791E+00    7.439657E-01    3.450000E+00    1.633468E+00    3.475686E+00    1.018135E-03    9.551391E-11    3.000000E+00   -7.033348E-01    5.592991E-01
   7.200000E-10    6.000000E+00    5.660000E+01    8.000000E+01    1.397940E+00   -1.000000E+00   -1.000000E+01    3.361728E+00   -1.000000E+01   -1.000000E+01   -1.000000E+01   -1.000000E+01    3.210000E+00    6.193900E+00    1.380000E+00    7.000000E+00    9.200000E+01    3.367543E+00    1.039241E+00    4.990000E+00    1.150274E+00    3.240387E+00    8.974315E-04    9.632502E-11    3.000000E+00   -3.151705E-02   -7.432631E-01
   6.200000E-10    3.000000E+00    1.120000E+02    1.200000E+02    1.361728E+00   -1.000000E+00   -1.000000E+01    3.361539E+00   -1.000000E+01   -1.000000E+01   -1.000000E+01   -1.000000E+01    7.840000E+00    5.670400E+00    1.200000E+00    6.000000E+00    6.300000E+01    2.815295E+00    7.531981E-01    4.360000E+00    1.029963E+00    3.737788E+00    9.432169E-04    9.600140E-11    6.000000E+00    1.935003E+00    1.591406E+00
   6.600000E-10    2.000000E+00    3.950000E+01    9.000000E+01    1.297761E+00   -2.000000E+00   -1.000000E+01    2.361539E+00   -1.000000E+01   -1.000000E+01   -1.000000E+01   -1.000000E+01    6.000000E+00    7.639900E+00    1.910000E+00    4.000000E+00    2.800000E+01    2.585791E+00    7.443466E-01    3.450000E+00    1.357645E+00    3.473908E+00    1.022090E-03    3.019642E-11    3.000000E+00    6.989700E-01    4.248726E-01
   7.900000E-10    2.000000E+00    1.242000E+01    9.400000E+00    6.989700E-01   -2.088310E+00    5.502284E-01    1.311966E+00    1.838471E+00    1.075912E+00    2.378761E+00    1.715753E+00    6.670000E+00    5.694900E+00    9.500000E-01    5.000000E+00    3.800000E+01    2.491348E+00    9.042484E-01    3.850000E+00    8.790063E-01    2.755158E+00    1.535544E-03    2.657702E-11    2.400000E+01   -6.020600E-01   -1.032395E+00
   6.240000E-10    3.000000E+00    1.100000E-01    4.000000E+00    1.380211E+00   -2.000000E+00   -1.000000E+01    2.361728E+00   -1.000000E+01   -1.000000E+01   -1.000000E+01   -1.000000E+01    1.070000E+01    5.973800E+00    1.300000E+00    7.000000E+00    9.500000E+01    3.307169E+00    8.875047E-01    4.990000E+00    2.560667E+00    3.726368E+00    9.199272E-04    3.040952E-11    1.300000E+01    1.477121E+00    1.532460E+00
   2.100000E-09    1.000000E+00    3.400000E+00    8.200000E+00    1.477121E+00   -2.000000E+00   -1.000000E+01    2.361728E+00   -1.000000E+01   -1.000000E+01   -1.000000E+01   -1.000000E+01    6.200000E+00    3.893900E+00    7.900000E-01    6.000000E+00    5.500000E+01    2.332971E+00    2.065269E+00    4.360000E+00    1.382335E+00    1.129621E+00    7.959477E-04    3.071500E-11    1.800000E+01    7.759743E-01    4.117817E-01
   7.200000E-10    6.000000E+00    6.860000E-02    1.000000E-02    1.397940E+00   -1.000000E+00   -1.000000E+01    3.361728E+00   -1.000000E+01   -1.000000E+01   -1.000000E+01   -1.000000E+01    4.850000E+00    6.193900E+00    1.380000E+00    7.000000E+00    9.200000E+01    3.367543E+00    1.039241E+00    4.990000E+00    1.636759E-01    3.240387E+00    8.974315E-04    9.632502E-11    1.900000E+01   -2.029653E+00   -2.093517E+00
   1.200000E-09    5.000000E+00    9.000000E-01    4.610000E+00    1.397940E+00   -1.425969E+00   -1.000000E+01    2.480007E+00    2.792392E+00   -1.000000E+01    2.480007E+00    2.792392E+00    8.400000E+00    6.265700E+00    1.360000E+00    7.000000E+00    9.300000E+01    3.387005E+00    1.742078E+00    4.990000E+00    1.709458E+00    1.944232E+00    8.974315E-04    5.898678E-11    1.300000E+01   -8.356471E-01   -8.338530E-01
   2.100000E-09    1.000000E+00    9.900000E+01    8.800000E+01    1.397940E+00   -1.000000E+00   -1.000000E+01    3.361728E+00   -1.000000E+01   -1.000000E+01   -1.000000E+01   -1.000000E+01    8.000000E+00    3.893900E+00    7.900000E-01    6.000000E+00    5.500000E+01    2.332971E+00    2.099903E+00    4.360000E+00    9.488475E-01    1.110990E+00    8.974315E-04    9.632502E-11    3.000000E+00   -1.139662E+00   -1.236036E+00
   7.200000E-10    2.000000E+00    6.680000E+01    2.310000E+01    1.397940E+00   -3.000000E+00   -1.000000E+01    1.361728E+00   -1.000000E+01   -1.000000E+01   -1.000000E+01   -1.000000E+01    3.695000E+00    8.993800E+00    1.690000E+00    5.000000E+00    4.800000E+01    3.130855E+00    9.661976E-01    3.850000E+00    5.388355E-01    3.240387E+00    8.974315E-04    9.632502E-12    6.000000E+00   -4.461170E-01   -6.167706E-01
   2.100000E-09    1.000000E+00    1.476000E+01    1.299000E+01    1.397940E+00   -1.698970E+00    2.893207E+00   -1.000000E+01   -1.000000E+01    2.850646E+00   -1.000000E+01   -1.000000E+01    9.560000E+00    3.893900E+00    7.900000E-01    6.000000E+00    5.500000E+01    2.332971E+00    2.099903E+00    4.360000E+00    9.445228E-01    1.110990E+00    8.974315E-04    4.307786E-11    1.700000E+01   -1.537602E+00   -4.691398E-01
   6.240000E-10    3.000000E+00    1.200000E+02    6.900000E+01    1.342423E+00   -2.000000E+00   -1.000000E+01    2.361728E+00   -1.000000E+01   -1.000000E+01   -1.000000E+01   -1.000000E+01    7.600000E+00    5.973800E+00    1.300000E+00    7.000000E+00    9.500000E+01    3.307169E+00    8.935187E-01    4.990000E+00    7.596678E-01    3.701287E+00    9.673286E-04    3.030701E-11    4.000000E+00    8.998205E-01    1.055841E+00
   6.240000E-10    3.000000E+00    1.115000E+02    2.120000E+01    1.397940E+00   -1.000000E+00   -1.000000E+01    3.361728E+00   -1.000000E+01   -1.000000E+01   -1.000000E+01   -1.000000E+01    5.790000E+00    5.973800E+00    1.300000E+00    7.000000E+00    9.500000E+01    3.307169E+00    8.845280E-01    4.990000E+00    2.790609E-01    3.738908E+00    8.974315E-04    9.632502E-11    6.000000E+00    6.702459E-01    1.312626E+00
   7.200000E-10    6.000000E+00    2.090000E+00    1.000000E-02    1.397940E+00   -1.000000E+00   -1.000000E+01    3.361728E+00   -1.000000E+01   -1.000000E+01   -1.000000E+01   -1.000000E+01    6.110000E+00    6.193900E+00    1.380000E+00    7.000000E+00    9.200000E+01    3.367543E+00    1.039241E+00    4.990000E+00   -1.320146E+00    3.240387E+00    8.974315E-04    9.632502E-11    1.900000E+01   -3.151546E-01   -3.783167E-01
   2.100000E-09    1.000000E+00    4.000000E-01    4.000000E+00    1.397940E+00   -6.675615E-01    1.110590E+00    3.992995E+00    8.893017E-01   -1.000000E+01   -1.000000E+01   -1.000000E+01    8.660000E+00    3.893900E+00    7.900000E-01    6.000000E+00    5.500000E+01    2.332971E+00    2.099903E+00    4.360000E+00    2.000000E+00    1.110990E+00    8.974315E-04    1.412402E-10    1.300000E+01   -3.000000E+00   -2.735575E+00
   7.900000E-10    2.000000E+00    2.800000E+01    1.030000E+02    1.342423E+00   -8.239087E-01   -1.000000E+01    3.537630E+00   -1.000000E+01    3.725707E+00   -1.000000E+01   -1.000000E+01    6.600000E+00    5.694900E+00    9.500000E-01    5.000000E+00    3.800000E+01    2.491348E+00    8.521657E-01    3.850000E+00    1.565679E+00    2.923548E+00    9.673286E-04    1.173785E-10    3.000000E+00   -1.275724E+00   -1.341172E+00
   6.600000E-10    2.000000E+00    3.750000E+01    1.442000E+02    1.397940E+00   -1.837587E-01    1.133539E+00    3.976350E+00    2.462398E+00    4.222716E+00   -1.000000E+01    3.442480E+00    8.500000E+00    7.639900E+00    1.910000E+00    4.000000E+00    2.800000E+01    2.585791E+00    7.314893E-01    3.450000E+00    1.584934E+00    3.534968E+00    8.974315E-04    2.465243E-10    2.500000E+01   -4.989407E-01   -3.674432E-01
   7.900000E-10    2.000000E+00    9.000000E-01    4.610000E+00    1.397940E+00   -1.425969E+00   -1.000000E+01    2.480007E+00    2.792392E+00   -1.000000E+01    2.480007E+00    2.792392E+00    8.400000E+00    5.694900E+00    9.500000E-01    5.000000E+00    3.800000E+01    2.491348E+00    8.435911E-01    3.850000E+00    1.709458E+00    2.953264E+00    8.974315E-04    5.898678E-11    1.300000E+01   -1.785156E+00   -1.441034E+00
   1.200000E-09    5.000000E+00    2.800000E+01    1.080000E+02    1.301030E+00   -1.749580E+00   -1.000000E+01    2.361539E+00    2.017868E+00    2.265525E+00   -1.000000E+01   -1.000000E+01    3.600000E+00    6.265700E+00    1.360000E+00    7.000000E+00    9.300000E+01    3.387005E+00    1.771792E+00    4.990000E+00    1.586266E+00    1.911627E+00    1.018135E-03    4.029736E-11    2.000000E+00   -2.000000E+00   -1.952588E+00
   4.300000E-10    4.000000E+00    2.000000E+00    5.000000E+00    1.397940E+00   -7.423214E-01    1.428135E+00    3.298853E+00    2.880814E+00    3.681241E+00    1.764176E+00    2.691081E+00    7.200000E+00    6.026000E+00    1.280000E+00    7.000000E+00    9.400000E+01    3.321587E+00    6.121878E-01    4.990000E+00    1.397940E+00    5.425765E+00    8.974315E-04    1.295921E-10    1.300000E+01   -6.048075E-02   -3.454252E-02
   7.190000E-10    2.000000E+00    1.000000E+02    1.080000E+02    1.397940E+00   -1.000000E+00   -1.000000E+01    3.361539E+00   -1.000000E+01   -1.000000E+01   -1.000000E+01   -1.000000E+01    6.200000E+00    7.902400E+00    1.830000E+00    4.000000E+00    2.600000E+01    2.629839E+00    8.104545E-01    3.450000E+00    1.033424E+00    3.244894E+00    8.974315E-04    9.632502E-11    3.000000E+00   -4.571746E-01    1.003896E-01
   6.240000E-10    3.000000E+00    1.320000E+01    2.800000E+00    1.397940E+00   -1.000000E+00   -1.000000E+01    3.361728E+00   -1.000000E+01   -1.000000E+01   -1.000000E+01   -1.000000E+01    5.640000E+00    5.973800E+00    1.300000E+00    7.000000E+00    9.500000E+01    3.307169E+00    8.845280E-01    4.990000E+00    3.265841E-01    3.738908E+00    8.974315E-04    9.632502E-11    7.000000E+00    1.859739E+00    2.100626E-01
   6.600000E-10    2.000000E+00    1.916000E+01    7.600000E+01    6.989700E-01   -2.088310E+00    5.502284E-01    1.311966E+00    1.838471E+00    1.075912E+00    2.378761E+00    1.715753E+00    7.650000E+00    7.639900E+00    1.910000E+00    4.000000E+00    2.800000E+01    2.585791E+00    7.840861E-01    3.450000E+00    1.598418E+00    3.297841E+00    1.535544E-03    2.657702E-11    9.000000E+00    5.910646E-01    4.942635E-01
   6.200000E-10    3.000000E+00    1.120000E+02    1.200000E+02    1.361728E+00   -6.989700E-01   -1.000000E+01    3.662569E+00   -1.000000E+01   -1.000000E+01   -1.000000E+01   -1.000000E+01    4.010000E+00    5.670400E+00    1.200000E+00    6.000000E+00    6.300000E+01    2.815295E+00    7.531981E-01    4.360000E+00    1.029963E+00    3.737788E+00    9.432169E-04    1.357665E-10    6.000000E+00    2.430380E-01   -1.844390E-02
   6.240000E-10    3.000000E+00    2.300000E+00    9.300000E+00    1.342423E+00   -1.000000E+00   -1.000000E+01    3.361728E+00   -1.000000E+01    3.550228E+00   -1.000000E+01   -1.000000E+01    3.954000E+00    5.973800E+00    1.300000E+00    7.000000E+00    9.500000E+01    3.307169E+00    8.935187E-01    4.990000E+00    1.606755E+00    3.701287E+00    9.673286E-04    9.583918E-11    1.300000E+01   -1.014574E+00   -2.684238E-01
   1.200000E-09    5.000000E+00    6.840000E+01    1.000000E-02    1.397940E+00   -1.000000E+00   -1.000000E+01    3.361539E+00   -1.000000E+01   -1.000000E+01   -1.000000E+01   -1.000000E+01    6.500000E+00    6.265700E+00    1.360000E+00    7.000000E+00    9.300000E+01    3.387005E+00    1.742078E+00    4.990000E+00   -2.835056E+00    1.944232E+00    8.974315E-04    9.632502E-11    1.900000E+01   -1.021819E+00   -7.865625E-01
   1.550000E-09    4.000000E+00    3.000000E+01    7.900000E+01    1.361728E+00   -1.301030E+00   -1.000000E+01    3.060509E+00   -1.000000E+01   -1.000000E+01   -1.000000E+01   -1.000000E+01    4.000000E+00    9.752400E+00    2.550000E+00    4.000000E+00    3.400000E+01    2.921497E+00    1.954028E+00    3.450000E+00    1.420506E+00    1.495115E+00    9.432169E-04    6.788324E-11    2.000000E+00   -1.235824E+00   -1.476728E+00
   1.550000E-09    4.000000E+00    3.000000E+01    7.900000E+01    1.361728E+00   -1.301030E+00   -1.000000E+01    3.060509E+00   -1.000000E+01   -1.000000E+01   -1.000000E+01   -1.000000E+01    4.000000E+00    9.752400E+00    2.550000E+00    4.000000E+00    3.400000E+01    2.921497E+00    1.954028E+00    3.450000E+00    1.420506E+00    1.495115E+00    9.432169E-04    6.788324E-11    2.000000E+00   -2.026410E+00   -1.476728E+00
   7.200000E-10    6.000000E+00    5.660000E+01    8.000000E+01    1.397940E+00   -2.000000E+00   -1.000000E+01    2.361728E+00   -1.000000E+01   -1.000000E+01   -1.000000E+01   -1.000000E+01    9.960000E+00    6.193900E+00    1.380000E+00    7.000000E+00    9.200000E+01    3.367543E+00    1.039241E+00    4.990000E+00    1.150274E+00    3.240387E+00    8.974315E-04    3.046064E-11    3.000000E+00   -3.565473E-01   -3.094361E-01
   6.600000E-10    2.000000E+00    3.500000E+01    8.700000E+01    1.301030E+00   -1.000000E+00   -1.000000E+01    3.361728E+00   -1.000000E+01   -1.000000E+01   -1.000000E+01   -1.000000E+01    8.200000E+00    7.639900E+00    1.910000E+00    4.000000E+00    2.800000E+01    2.585791E+00    7.439657E-01    3.450000E+00    1.395451E+00    3.475686E+00    1.018135E-03    9.551391E-11    3.000000E+00    9.498777E-01    6.862054E-01
   6.200000E-10    3.000000E+00    2.300000E+00    9.300000E+00    1.342423E+00   -1.000000E+00   -1.000000E+01    3.361728E+00   -1.000000E+01    3.550228E+00   -1.000000E+01   -1.000000E+01    4.712000E+00    5.670400E+00    1.200000E+00    6.000000E+00    6.300000E+01    2.815295E+00    7.557500E-01    4.360000E+00    1.606755E+00    3.725167E+00    9.673286E-04    9.583918E-11    1.300000E+01   -9.030900E-01   -2.223570E-01
   1.200000E-09    5.000000E+00    2.712000E+01    7.600000E+01    6.989700E-01   -2.111259E+00    5.502284E-01    1.311966E+00    1.798858E+00    1.075912E+00    2.361822E+00    1.715753E+00    8.470000E+00    6.265700E+00    1.360000E+00    7.000000E+00    9.300000E+01    3.387005E+00    1.867340E+00    4.990000E+00    1.447524E+00    1.813813E+00    1.535544E-03    2.588402E-11    4.000000E+00   -1.045757E+00   -9.589515E-01
   6.600000E-10    2.000000E+00    3.500000E+01    8.700000E+01    1.301030E+00   -1.000000E+00   -1.000000E+01    3.361728E+00   -1.000000E+01   -1.000000E+01   -1.000000E+01   -1.000000E+01    8.200000E+00    7.639900E+00    1.910000E+00    4.000000E+00    2.800000E+01    2.585791E+00    7.439657E-01    3.450000E+00    1.395451E+00    3.475686E+00    1.018135E-03    9.551391E-11    3.000000E+00    8.202015E-01    6.862054E-01
   6.600000E-10    2.000000E+00    2.000000E+01    2.800000E+01    1.395326E+00   -1.000000E+00   -1.000000E+01    3.361539E+00   -1.000000E+01   -1.000000E+01   -1.000000E+01   -1.000000E+01    7.160000E+00    7.639900E+00    1.910000E+00    4.000000E+00    2.800000E+01    2.585791E+00    7.318575E-01    3.450000E+00    1.146128E+00    3.533189E+00    9.007563E-04    9.630078E-11    6.000000E+00   -7.931741E-01   -3.073837E-01
   7.200000E-10    6.000000E+00    1.200000E+02    6.900000E+01    1.342423E+00   -1.000000E+00   -1.000000E+01    3.361728E+00   -1.000000E+01   -1.000000E+01   -1.000000E+01   -1.000000E+01    3.000000E+00    6.193900E+00    1.380000E+00    7.000000E+00    9.200000E+01    3.367543E+00    1.049804E+00    4.990000E+00    7.596678E-01    3.207782E+00    9.673286E-04    9.583918E-11    4.000000E+00   -1.100179E+00   -5.675583E-01
   7.200000E-10    6.000000E+00    3.300000E+01    1.020000E+02    1.342423E+00   -2.522879E+00   -1.000000E+01    1.838849E+00   -1.000000E+01   -1.000000E+01   -1.000000E+01   -1.000000E+01    3.060000E+00    6.193900E+00    1.380000E+00    7.000000E+00    9.200000E+01    3.367543E+00    1.049804E+00    4.990000E+00    1.490086E+00    3.207782E+00    9.673286E-04    1.659983E-11    3.000000E+00    1.912222E+00    1.689151E+00
   6.200000E-10    3.000000E+00    5.360000E+01    6.230000E+01    1.342423E+00   -1.000000E+00   -1.000000E+01    3.361728E+00   -1.000000E+01    3.550228E+00   -1.000000E+01   -1.000000E+01    4.674000E+00    5.670400E+00    1.200000E+00    6.000000E+00    6.300000E+01    2.815295E+00    7.557500E-01    4.360000E+00    1.065323E+00    3.725167E+00    9.673286E-04    9.583918E-11    2.000000E+00    7.419391E-01    4.026405E-01
   1.990000E-09    2.000000E+00    5.900000E-01    1.600000E+00    1.397940E+00   -2.000000E+00   -1.000000E+01    2.361728E+00   -1.000000E+01    2.550228E+00   -1.000000E+01   -1.000000E+01    1.100000E+01    8.336900E+00    2.200000E+00    5.000000E+00    4.600000E+01    3.014349E+00    2.571090E+00    3.850000E+00    1.433268E+00    1.172401E+00    8.974315E-04    3.046064E-11    1.400000E+01    6.830470E-01   -6.324986E-01
   6.200000E-10    3.000000E+00    2.800000E+01    1.210000E+02    1.397940E+00   -1.045757E+00   -1.000000E+01    3.315781E+00   -1.000000E+01    3.503859E+00   -1.000000E+01   -1.000000E+01    4.650000E+00    5.670400E+00    1.200000E+00    6.000000E+00    6.300000E+01    2.815295E+00    7.481457E-01    4.360000E+00    1.635627E+00    3.763030E+00    8.974315E-04    9.138193E-11    3.000000E+00    5.682017E-01    8.181805E-01
   2.000000E-09    5.000000E+00    1.145800E+00    4.000000E+00    1.395326E+00   -3.801343E+00   -1.000000E+01   -1.000000E+01   -1.000000E+01   -1.000000E+01   -1.000000E+01   -1.000000E+01    8.570000E+00    1.045130E+01    2.660000E+00    5.000000E+00    5.300000E+01    3.375021E+00    2.894647E+00    3.850000E+00    1.542951E+00    1.165953E+00    9.007563E-04    3.827880E-12    1.300000E+01   -2.596879E+00   -2.700996E+00
   6.240000E-10    3.000000E+00    1.100000E-01    4.000000E+00    1.380211E+00   -2.000000E+00   -1.000000E+01    2.361728E+00   -1.000000E+01   -1.000000E+01   -1.000000E+01   -1.000000E+01    3.200000E+00    5.973800E+00    1.300000E+00    7.000000E+00    9.500000E+01    3.307169E+00    8.875047E-01    4.990000E+00    2.560667E+00    3.726368E+00    9.199272E-04    3.040952E-11    1.300000E+01   -1.853872E+00   -1.415919E+00
   6.600000E-10    2.000000E+00    3.500000E+01    8.700000E+01    1.301030E+00   -2.004365E+00   -1.698970E+00   -7.351822E-01    2.120574E+00   -1.000000E+01   -1.000000E+01   -1.000000E+01    5.630000E+00    7.639900E+00    1.910000E+00    4.000000E+00    2.800000E+01    2.585791E+00    7.439657E-01    3.450000E+00    1.395451E+00    3.475686E+00    1.018135E-03    3.005275E-11    3.000000E+00   -5.072396E-01   -4.653580E-01
   6.200000E-10    3.000000E+00    3.000000E+01    5.300000E+01    1.361728E+00   -1.000000E+00   -1.000000E+01    3.361539E+00   -1.000000E+01   -1.000000E+01   -1.000000E+01   -1.000000E+01    5.840000E+00    5.670400E+00    1.200000E+00    6.000000E+00    6.300000E+01    2.815295E+00    7.531981E-01    4.360000E+00    1.247155E+00    3.737788E+00    9.432169E-04    9.600140E-11    2.000000E+00    1.495544E+00    1.394422E+00
   7.200000E-10    6.000000E+00    3.100000E+01    7.400000E+01    1.397940E+00   -3.000000E+00   -1.000000E+01    1.361728E+00   -1.000000E+01   -1.000000E+01   -1.000000E+01   -1.000000E+01    4.570000E+00    6.193900E+00    1.380000E+00    7.000000E+00    9.200000E+01    3.367543E+00    1.039241E+00    4.990000E+00    1.377870E+00    3.240387E+00    8.974315E-04    9.632502E-12    3.000000E+00    1.380211E+00    9.940863E-01
   6.600000E-10    2.000000E+00    4.900000E-01    1.400000E+00    1.397940E+00   -2.000000E+00   -1.000000E+01    2.361728E+00   -1.000000E+01   -1.000000E+01   -1.000000E+01   -1.000000E+01    6.000000E+00    7.639900E+00    1.910000E+00    4.000000E+00    2.800000E+01    2.585791E+00    7.314893E-01    3.450000E+00    1.455932E+00    3.534968E+00    8.974315E-04    3.046064E-11    2.000000E+01   -1.756962E+00   -1.673813E+00
   7.200000E-10    6.000000E+00    9.700000E+01    1.210000E+02    1.301030E+00   -1.000000E+00   -1.000000E+01    3.361728E+00   -1.000000E+01   -1.000000E+01   -1.000000E+01   -1.000000E+01    6.889000E+00    6.193900E+00    1.380000E+00    7.000000E+00    9.200000E+01    3.367543E+00    1.056966E+00    4.990000E+00    1.096014E+00    3.186046E+00    1.018135E-03    9.551391E-11    3.000000E+00    9.872192E-01    1.078695E+00
   1.200000E-09    5.000000E+00    2.800000E+01    1.080000E+02    1.301030E+00   -2.000000E+00   -1.000000E+01    2.361539E+00   -1.000000E+01   -1.000000E+01   -1.000000E+01   -1.000000E+01    2.500000E+00    6.265700E+00    1.360000E+00    7.000000E+00    9.300000E+01    3.387005E+00    1.771792E+00    4.990000E+00    1.586266E+00    1.911627E+00    1.018135E-03    3.020415E-11    2.000000E+00   -6.989700E-01   -1.190417E+00
   7.900000E-10    2.000000E+00    2.800000E+01    1.030000E+02    1.342423E+00   -1.000000E+00   -1.000000E+01    3.361539E+00   -1.000000E+01    3.549616E+00   -1.000000E+01   -1.000000E+01    7.000000E+00    5.694900E+00    9.500000E-01    5.000000E+00    3.800000E+01    2.491348E+00    8.521657E-01    3.850000E+00    1.565679E+00    2.923548E+00    9.673286E-04    9.583918E-11    3.000000E+00   -7.055338E-01   -7.913818E-01
   2.000000E-09    5.000000E+00    1.145800E+00    4.000000E+00    1.395326E+00   -3.010300E-01   -1.000000E+01    2.361539E+00   -1.000000E+01    2.549616E+00   -1.000000E+01   -1.000000E+01    4.210000E+00    1.045130E+01    2.660000E+00    5.000000E+00    5.300000E+01    3.375021E+00    2.894647E+00    3.850000E+00    1.542951E+00    1.165953E+00    9.007563E-04    2.153351E-10    1.300000E+01   -2.469800E+00   -2.297654E+00
   6.200000E-10    3.000000E+00    7.960000E+01    7.600000E+01    1.171726E+00   -1.857524E-01    1.551218E+00    4.024938E+00    2.886455E+00    4.123856E+00    2.414882E+00    3.880829E+00    4.000000E+00    5.670400E+00    1.200000E+00    6.000000E+00    6.300000E+01    2.815295E+00    7.745126E-01    4.360000E+00    9.799005E-01    3.634925E+00    1.166403E-03    2.417362E-10    4.000000E+00   -2.967086E-01   -6.334266E-01
   7.300000E-10    2.000000E+00    4.223000E+01    1.080000E+02    1.297761E+00   -3.000000E+00   -1.000000E+01    1.361539E+00   -1.000000E+01    1.549616E+00   -1.000000E+01   -1.000000E+01    5.000000E+00    7.881000E+00    1.880000E+00    4.000000E+00    2.700000E+01    2.626276E+00    8.361822E-01    3.450000E+00    1.407803E+00    3.140793E+00    1.022090E-03    9.548947E-12    3.000000E+00    1.643529E-01    1.951692E-01
   2.100000E-09    1.000000E+00    1.550000E+00    6.600000E-01    1.397940E+00   -6.716204E-01    1.278754E+00    3.989005E+00    9.025468E-01   -1.000000E+01   -1.000000E+01   -1.000000E+01    8.940000E+00    3.893900E+00    7.900000E-01    6.000000E+00    5.500000E+01    2.332971E+00    2.099903E+00    4.360000E+00    6.292123E-01    1.110990E+00    8.974315E-04    1.405817E-10    1.500000E+01   -9.586073E-01   -1.070499E+00
   2.100000E-09    1.000000E+00    7.960000E+01    7.600000E+01    1.397940E+00   -2.000000E+00   -1.000000E+01    2.361728E+00   -1.000000E+01   -1.000000E+01   -1.000000E+01   -1.000000E+01    2.977000E+00    3.893900E+00    7.900000E-01    6.000000E+00    5.500000E+01    2.332971E+00    2.099903E+00    4.360000E+00    9.799005E-01    1.110990E+00    8.974315E-04    3.046064E-11    4.000000E+00    2.041200E-01    9.969686E-02
   7.200000E-10    6.000000E+00    5.660000E+01    8.000000E+01    1.397940E+00   -1.000000E+00   -1.000000E+01    3.361728E+00   -1.000000E+01   -1.000000E+01   -1.000000E+01   -1.000000E+01    8.490000E+00    6.193900E+00    1.380000E+00    7.000000E+00    9.200000E+01    3.367543E+00    1.039241E+00    4.990000E+00    1.150274E+00    3.240387E+00    8.974315E-04    9.632502E-11    3.000000E+00   -1.084625E-01    2.389067E-02
   2.100000E-09    1.000000E+00    7.960000E+01    1.300000E+02    1.397940E+00   -3.230623E+00   -1.000000E+01   -1.000000E+01   -1.000000E+01    1.319106E+00   -1.000000E+01   -1.000000E+01    6.400000E+00    3.893900E+00    7.900000E-01    6.000000E+00    5.500000E+01    2.332971E+00    2.099903E+00    4.360000E+00    1.213030E+00    1.110990E+00    8.974315E-04    7.386314E-12    4.000000E+00   -2.487209E-01   -6.377632E-01
   6.240000E-10    3.000000E+00    2.300000E+00    9.300000E+00    1.342423E+00   -1.000000E+00   -1.000000E+01    3.361728E+00   -1.000000E+01    3.550228E+00   -1.000000E+01   -1.000000E+01    6.500000E+00    5.973800E+00    1.300000E+00    7.000000E+00    9.500000E+01    3.307169E+00    8.935187E-01    4.990000E+00    1.606755E+00    3.701287E+00    9.673286E-04    9.583918E-11    1.300000E+01   -2.890369E-01    2.182111E-01
   6.200000E-10    3.000000E+00    2.300000E+00    9.300000E+00    1.342423E+00   -1.004365E+00   -1.000000E+01   -1.000000E+01    3.120574E+00    3.369216E+00   -1.000000E+01   -1.000000E+01    6.700000E+00    5.670400E+00    1.200000E+00    6.000000E+00    6.300000E+01    2.815295E+00    7.557500E-01    4.360000E+00    1.606755E+00    3.725167E+00    9.673286E-04    9.535878E-11    1.300000E+01    3.404441E-01   -1.293001E-01
   6.200000E-10    3.000000E+00    1.120000E+02    1.200000E+02    1.361728E+00   -3.000000E+00   -1.000000E+01    1.361539E+00   -1.000000E+01   -1.000000E+01   -1.000000E+01   -1.000000E+01    7.950000E+00    5.670400E+00    1.200000E+00    6.000000E+00    6.300000E+01    2.815295E+00    7.531981E-01    4.360000E+00    1.029963E+00    3.737788E+00    9.432169E-04    9.600140E-12    6.000000E+00    1.992111E+00    1.561223E+00
   6.200000E-10    3.000000E+00    1.916000E+01    7.600000E+01    6.989700E-01   -2.111259E+00    5.502284E-01    1.311966E+00    1.798858E+00    1.075912E+00    2.361822E+00    1.715753E+00    6.920000E+00    5.670400E+00    1.200000E+00    6.000000E+00    6.300000E+01    2.815295E+00    8.019401E-01    4.360000E+00    1.598418E+00    3.510605E+00    1.535544E-03    2.588402E-11    9.000000E+00    8.920946E-01    1.109273E+00
   7.900000E-10    2.000000E+00    9.900000E+01    1.097000E+02    1.397940E+00   -1.000000E+00   -1.000000E+01    3.361728E+00   -1.000000E+01   -1.000000E+01   -1.000000E+01   -1.000000E+01    2.515000E+00    5.694900E+00    9.500000E-01    5.000000E+00    3.800000E+01    2.491348E+00    8.435911E-01    3.850000E+00    1.044572E+00    2.953264E+00    8.974315E-04    9.632502E-11    3.000000E+00   -1.041436E+00   -1.248732E+00
   6.200000E-10    3.000000E+00    3.000000E+01    7.600000E+01    1.397940E+00   -2.000000E+00   -1.000000E+01    2.361728E+00   -1.000000E+01   -1.000000E+01   -1.000000E+01   -1.000000E+01    7.567000E+00    5.670400E+00    1.200000E+00    6.000000E+00    6.300000E+01    2.815295E+00    7.481457E-01    4.360000E+00    1.403692E+00    3.763030E+00    8.974315E-04    3.046064E-11    2.000000E+00    4.297523E-01    1.222908E+00
   7.200000E-10    6.000000E+00    1.500000E+02    1.000000E-02    1.397940E+00   -1.000000E+00   -1.000000E+01    3.361539E+00   -1.000000E+01   -1.000000E+01   -1.000000E+01   -1.000000E+01    1.020000E+01    6.193900E+00    1.380000E+00    7.000000E+00    9.200000E+01    3.367543E+00    1.039241E+00    4.990000E+00   -3.176091E+00    3.240387E+00    8.974315E-04    9.632502E-11    1.900000E+01    8.864907E-01    7.835538E-01
   6.200000E-10    3.000000E+00    2.300000E+00    9.300000E+00    1.342423E+00   -1.000000E+00   -1.000000E+01    3.361728E+00   -1.000000E+01    3.550228E+00   -1.000000E+01   -1.000000E+01    9.112000E+00    5.670400E+00    1.200000E+00    6.000000E+00    6.300000E+01    2.815295E+00    7.557500E-01    4.360000E+00    1.606755E+00    3.725167E+00    9.673286E-04    9.583918E-11    1.300000E+01   -5.114493E-01    6.061522E-01
   1.550000E-09    4.000000E+00    4.600000E+00    4.400000E+00    1.397940E+00   -2.000000E+00   -1.000000E+01    2.361728E+00   -1.000000E+01    2.550228E+00   -1.000000E+01   -1.000000E+01    8.470000E+00    9.752400E+00    2.550000E+00    4.000000E+00    3.400000E+01    2.921497E+00    1.940920E+00    3.450000E+00    9.806948E-01    1.505212E+00    8.974315E-04    3.046064E-11    8.000000E+00   -1.721246E+00   -1.462985E+00
   7.200000E-10    6.000000E+00    3.300000E+01    1.020000E+02    1.342423E+00   -1.301030E+00   -1.000000E+01    3.060698E+00   -1.000000E+01   -1.000000E+01   -1.000000E+01   -1.000000E+01    5.910000E+00    6.193900E+00    1.380000E+00    7.000000E+00    9.200000E+01    3.367543E+00    1.049804E+00    4.990000E+00    1.490086E+00    3.207782E+00    9.673286E-04    6.776853E-11    3.000000E+00    1.488551E+00    3.879010E-01
   7.200000E-10    6.000000E+00    9.700000E+01    1.210000E+02    1.301030E+00   -1.000000E+00   -1.000000E+01    3.361728E+00   -1.000000E+01   -1.000000E+01   -1.000000E+01   -1.000000E+01    3.224000E+00    6.193900E+00    1.380000E+00    7.000000E+00    9.200000E+01    3.367543E+00    1.056966E+00    4.990000E+00    1.096014E+00    3.186046E+00    1.018135E-03    9.551391E-11    3.000000E+00   -9.100949E-01   -8.255377E-01
   7.900000E-10    2.000000E+00    5.100000E+00    3.970000E+00    1.397940E+00   -2.192465E+00   -1.000000E+01    2.469822E+00   -1.000000E+01   -1.000000E+01    2.469822E+00   -1.000000E+01    8.800000E+00    5.694900E+00    9.500000E-01    5.000000E+00    3.800000E+01    2.491348E+00    8.435911E-01    3.850000E+00    8.912203E-01    2.953264E+00    8.974315E-04    2.440656E-11    1.000000E+00   -2.881928E-01   -3.772829E-01
   2.100000E-09    1.000000E+00    3.400000E-01    4.000000E+00    1.397940E+00   -7.958800E-01    8.932068E-01    3.440720E+00    2.716871E+00    3.695744E+00    1.086360E+00    1.875207E-01    7.000000E+00    3.893900E+00    7.900000E-01    6.000000E+00    5.500000E+01    2.332971E+00    2.099903E+00    4.360000E+00    2.070581E+00    1.110990E+00    8.974315E-04    1.218426E-10    1.300000E+01   -9.172146E-01   -1.367663E+00
   6.240000E-10    3.000000E+00    2.700000E+01    2.800000E+02    1.342423E+00   -2.308919E+00    5.910646E-01    1.812913E+00    1.255273E+00    1.845098E+00    2.089905E+00    9.822712E-01    8.760000E+00    5.973800E+00    1.300000E+00    7.000000E+00    9.500000E+01    3.307169E+00    8.935187E-01    4.990000E+00    2.015794E+00    3.701287E+00    9.673286E-04    2.123654E-11    7.000000E+00    1.075547E+00    1.309107E+00
   6.200000E-10    3.000000E+00    9.700000E+01    2.250000E+01    1.380211E+00   -1.000000E+00   -1.000000E+01    3.361728E+00   -1.000000E+01   -1.000000E+01   -1.000000E+01   -1.000000E+01    5.130000E+00    5.670400E+00    1.200000E+00    6.000000E+00    6.300000E+01    2.815295E+00    7.506634E-01    4.360000E+00    3.654109E-01    3.750409E+00    9.199272E-04    9.616334E-11    6.000000E+00    1.021189E+00    9.469659E-01
   1.550000E-09    4.000000E+00    1.760000E+01    6.500000E+00    1.397940E+00   -2.000000E+00   -1.000000E+01    2.361728E+00   -1.000000E+01    2.550228E+00   -1.000000E+01   -1.000000E+01    1.027000E+01    9.752400E+00    2.550000E+00    4.000000E+00    3.400000E+01    2.921497E+00    1.940920E+00    3.450000E+00    5.674007E-01    1.505212E+00    8.974315E-04    3.046064E-11    2.100000E+01   -1.031517E+00   -1.326163E+00
   6.600000E-10    2.000000E+00    2.950000E+01    7.600000E+01    1.447158E+00   -2.000000E+00   -1.000000E+01    2.361728E+00   -1.000000E+01   -1.000000E+01   -1.000000E+01   -1.000000E+01    5.000000E+00    7.639900E+00    1.910000E+00    4.000000E+00    2.800000E+01    2.585791E+00    7.242024E-01    3.450000E+00    1.410992E+00    3.570537E+00    8.344425E-04    3.061351E-11    2.000000E+00   -3.018995E-01   -1.496689E-01
   9.450000E-10    2.000000E+00    3.700000E+01    7.500000E+01    1.397940E+00   -1.602060E+00   -1.000000E+01    2.759479E+00   -1.000000E+01    2.947556E+00   -1.000000E+01   -1.000000E+01    7.200000E+00    7.416700E+00    2.330000E+00    6.000000E+00    8.200000E+01    3.219752E+00    1.304142E+00    4.360000E+00    1.306860E+00    2.468867E+00    8.974315E-04    4.816251E-11    2.000000E+00    1.127105E+00    1.301156E+00
   1.200000E-09    5.000000E+00    2.700000E+01    2.800000E+02    1.342423E+00   -2.308919E+00    5.910646E-01    1.812913E+00    1.255273E+00    1.845098E+00    2.089905E+00    9.822712E-01    7.670000E+00    6.265700E+00    1.360000E+00    7.000000E+00    9.300000E+01    3.387005E+00    1.759786E+00    4.990000E+00    2.015794E+00    1.924669E+00    9.673286E-04    2.123654E-11    7.000000E+00   -1.218245E+00   -1.477638E+00
   6.600000E-10    2.000000E+00    2.800000E+01    1.210000E+02    1.397940E+00   -3.010300E-01   -1.000000E+01    4.060509E+00   -1.000000E+01    4.248586E+00   -1.000000E+01   -1.000000E+01    8.710000E+00    7.639900E+00    1.910000E+00    4.000000E+00    2.800000E+01    2.585791E+00    7.314893E-01    3.450000E+00    1.635627E+00    3.534968E+00    8.974315E-04    2.153893E-10    3.000000E+00    1.198657E+00    1.012663E+00
   7.200000E-10    6.000000E+00    5.660000E+01    8.000000E+01    1.397940E+00   -3.000000E+00   -1.000000E+01    1.361728E+00   -1.000000E+01   -1.000000E+01   -1.000000E+01   -1.000000E+01    6.800000E+00    6.193900E+00    1.380000E+00    7.000000E+00    9.200000E+01    3.367543E+00    1.039241E+00    4.990000E+00    1.150274E+00    3.240387E+00    8.974315E-04    9.632502E-12    3.000000E+00    7.259116E-01    6.884196E-01
   7.190000E-10    2.000000E+00    1.000000E+02    1.080000E+02    1.397940E+00   -1.000000E+00   -1.000000E+01    3.361539E+00   -1.000000E+01   -1.000000E+01   -1.000000E+01   -1.000000E+01    4.950000E+00    7.902400E+00    1.830000E+00    4.000000E+00    2.600000E+01    2.629839E+00    8.104545E-01    3.450000E+00    1.033424E+00    3.244894E+00    8.974315E-04    9.632502E-11    3.000000E+00    7.259116E-01    5.240970E-01
   7.150000E-10    2.000000E+00    6.680000E+01    2.310000E+01    1.397940E+00   -1.000000E+00   -1.000000E+01    3.361728E+00   -1.000000E+01   -1.000000E+01   -1.000000E+01   -1.000000E+01    7.058000E+00    9.394200E+00    1.650000E+00    4.000000E+00    3.000000E+01    2.867342E+00    8.787314E-01    3.450000E+00    5.388355E-01    3.263047E+00    8.974315E-04    9.632502E-11    6.000000E+00    3.031961E-01   -1.211823E-02
   6.600000E-10    2.000000E+00    2.800000E+01    1.210000E+02    1.395326E+00   -9.586073E-01   -1.000000E+01   -1.000000E+01    3.018977E-01   -1.000000E+01   -1.000000E+01   -1.000000E+01    6.000000E+00    7.639900E+00    1.910000E+00    4.000000E+00    2.800000E+01    2.585791E+00    7.318575E-01    3.450000E+00    1.635627E+00    3.533189E+00    9.007563E-04    1.010011E-10    3.000000E+00   -7.569620E-01   -9.236914E-01
   6.200000E-10    3.000000E+00    6.840000E+01    2.000000E-02    1.322219E+00   -2.000000E+00   -1.000000E+01    2.361728E+00   -1.000000E+01   -1.000000E+01   -1.000000E+01   -1.000000E+01    7.833000E+00    5.670400E+00    1.200000E+00    6.000000E+00    6.300000E+01    2.815295E+00    7.583193E-01    4.360000E+00   -2.534026E+00    3.712545E+00    9.922914E-04    3.025562E-11    1.900000E+01   -1.882729E+00   -1.412233E+00
   7.900000E-10    2.000000E+00    4.420000E+01    7.500000E+01    1.397940E+00   -8.538720E-01   -1.000000E+01    3.507856E+00   -1.000000E+01   -1.000000E+01   -1.000000E+01   -1.000000E+01    4.093000E+00    5.694900E+00    9.500000E-01    5.000000E+00    3.800000E+01    2.491348E+00    8.435911E-01    3.850000E+00    1.229639E+00    2.953264E+00    8.974315E-04    1.139733E-10    2.000000E+00   -1.745739E-01   -6.016389E-01
   6.600000E-10    2.000000E+00    4.900000E-01    1.400000E+00    1.397940E+00   -1.000000E+00   -1.000000E+01    3.361728E+00   -1.000000E+01   -1.000000E+01   -1.000000E+01   -1.000000E+01    6.926000E+00    7.639900E+00    1.910000E+00    4.000000E+00    2.800000E+01    2.585791E+00    7.314893E-01    3.450000E+00    1.455932E+00    3.534968E+00    8.974315E-04    9.632502E-11    2.000000E+01   -1.999706E-01   -2.620814E-01
   2.090000E-09    4.000000E+00    8.640000E+01    6.500000E+00    1.397940E+00   -1.000000E+00   -1.000000E+01    3.361728E+00   -1.000000E+01    3.550228E+00   -1.000000E+01   -1.000000E+01    2.900000E+00    6.306700E+00    1.300000E+00    7.000000E+00    9.000000E+01    3.398069E+00    3.044031E+00    4.990000E+00   -1.236004E-01    1.116306E+00    8.974315E-04    9.632502E-11    2.100000E+01   -1.549020E-01   -5.157670E-01
   6.600000E-10    2.000000E+00    3.950000E+01    9.000000E+01    1.297761E+00   -3.000000E+00   -1.000000E+01    1.361539E+00   -1.000000E+01   -1.000000E+01   -1.000000E+01   -1.000000E+01    2.240000E+00    7.639900E+00    1.910000E+00    4.000000E+00    2.800000E+01    2.585791E+00    7.443466E-01    3.450000E+00    1.357645E+00    3.473908E+00    1.022090E-03    9.548947E-12    3.000000E+00   -5.214335E-01   -6.004140E-01
   1.200000E-09    5.000000E+00    1.360000E+00    3.500000E+00    1.397940E+00   -7.423214E-01    1.428135E+00    3.298853E+00    2.880814E+00    3.681241E+00    1.764176E+00    2.691081E+00    7.200000E+00    6.265700E+00    1.360000E+00    7.000000E+00    9.300000E+01    3.387005E+00    1.742078E+00    4.990000E+00    1.410529E+00    1.944232E+00    8.974315E-04    1.295921E-10    1.300000E+01   -2.102373E+00   -1.948368E+00
   2.090000E-09    4.000000E+00    8.640000E+01    6.500000E+00    1.397940E+00   -1.000000E+00   -1.000000E+01    3.361728E+00   -1.000000E+01    3.550228E+00   -1.000000E+01   -1.000000E+01    2.900000E+00    6.306700E+00    1.300000E+00    7.000000E+00    9.000000E+01    3.398069E+00    3.044031E+00    4.990000E+00   -1.236004E-01    1.116306E+00    8.974315E-04    9.632502E-11    2.100000E+01   -1.129596E+00   -5.157670E-01
   7.900000E-10    2.000000E+00    9.000000E-01    4.610000E+00    1.397940E+00   -1.425969E+00   -1.000000E+01    2.480007E+00    2.792392E+00   -1.000000E+01    2.480007E+00    2.792392E+00    8.400000E+00    5.694900E+00    9.500000E-01    5.000000E+00    3.800000E+01    2.491348E+00    8.435911E-01    3.850000E+00    1.709458E+00    2.953264E+00    8.974315E-04    5.898678E-11    1.300000E+01   -1.441291E+00   -1.441034E+00
   2.100000E-09    1.000000E+00    1.018000E+01    3.700000E+01    6.989700E-01   -2.088310E+00    5.502284E-01    1.311966E+00    1.838471E+00    1.075912E+00    2.378761E+00    1.715753E+00    7.110000E+00    3.893900E+00    7.900000E-01    6.000000E+00    5.500000E+01    2.332971E+00    2.250894E+00    4.360000E+00    1.560454E+00    1.036464E+00    1.535544E-03    2.657702E-11    9.000000E+00   -3.872161E-01   -2.027172E-01
   1.990000E-09    2.000000E+00    2.400000E+01    1.442000E+02    1.397940E+00   -1.000000E+00   -1.000000E+01    3.361728E+00   -1.000000E+01    3.550228E+00   -1.000000E+01   -1.000000E+01    1.100000E+01    8.336900E+00    2.200000E+00    5.000000E+00    4.600000E+01    3.014349E+00    2.571090E+00    3.850000E+00    1.778754E+00    1.172401E+00    8.974315E-04    9.632502E-11    2.500000E+01   -1.249387E-01   -9.252311E-01
   1.200000E-09    5.000000E+00    8.379000E+01    8.440000E+01    1.397940E+00   -1.000000E+00   -1.000000E+01    3.361539E+00   -1.000000E+01   -1.000000E+01   -1.000000E+01   -1.000000E+01    9.000000E+00    6.265700E+00    1.360000E+00    7.000000E+00    9.300000E+01    3.387005E+00    1.742078E+00    4.990000E+00    1.003150E+00    1.944232E+00    8.974315E-04    9.632502E-11    3.000000E+00   -8.068754E-01   -6.400569E-01
   8.500000E-10    2.000000E+00    1.100000E-01    4.000000E+00    1.380211E+00   -1.000000E+00   -1.000000E+01    3.361728E+00   -1.000000E+01   -1.000000E+01   -1.000000E+01   -1.000000E+01    8.400000E+00    5.211700E+00    8.900000E-01    6.000000E+00    5.600000E+01    2.699024E+00    9.866323E-01    4.360000E+00    2.560667E+00    2.735593E+00    9.199272E-04    9.616334E-11    1.300000E+01   -2.283997E+00   -2.262355E+00
   7.190000E-10    2.000000E+00    1.000000E+02    1.080000E+02    1.397940E+00   -1.000000E+00   -1.000000E+01    3.361539E+00   -1.000000E+01   -1.000000E+01   -1.000000E+01   -1.000000E+01    6.200000E+00    7.902400E+00    1.830000E+00    4.000000E+00    2.600000E+01    2.629839E+00    8.104545E-01    3.450000E+00    1.033424E+00    3.244894E+00    8.974315E-04    9.632502E-11    3.000000E+00   -5.638374E-01    1.003896E-01
   7.200000E-10    6.000000E+00    5.660000E+01    8.000000E+01    1.397940E+00   -3.000000E+00   -1.000000E+01    1.361728E+00   -1.000000E+01   -1.000000E+01   -1.000000E+01   -1.000000E+01    6.800000E+00    6.193900E+00    1.380000E+00    7.000000E+00    9.200000E+01    3.367543E+00    1.039241E+00    4.990000E+00    1.150274E+00    3.240387E+00    8.974315E-04    9.632502E-12    3.000000E+00    1.164353E+00    6.884196E-01
   7.200000E-10    6.000000E+00    5.660000E+01    8.000000E+01    1.397940E+00   -3.000000E+00   -1.000000E+01    1.361728E+00   -1.000000E+01   -1.000000E+01   -1.000000E+01   -1.000000E+01    6.800000E+00    6.193900E+00    1.380000E+00    7.000000E+00    9.200000E+01    3.367543E+00    1.039241E+00    4.990000E+00    1.150274E+00    3.240387E+00    8.974315E-04    9.632502E-12    3.000000E+00    3.180633E-01    6.884196E-01
   1.200000E-09    5.000000E+00    2.800000E+01    1.080000E+02    1.301030E+00   -2.000000E+00   -1.000000E+01    2.361539E+00   -1.000000E+01   -1.000000E+01   -1.000000E+01   -1.000000E+01    3.600000E+00    6.265700E+00    1.360000E+00    7.000000E+00    9.300000E+01    3.387005E+00    1.771792E+00    4.990000E+00    1.586266E+00    1.911627E+00    1.018135E-03    3.020415E-11    2.000000E+00   -1.199971E+00   -1.564012E+00
   4.300000E-10    4.000000E+00    7.090000E+01    6.500000E+00    1.301030E+00   -1.000000E+00   -1.000000E+01    3.361728E+00   -1.000000E+01   -1.000000E+01   -1.000000E+01   -1.000000E+01    2.980000E+00    6.026000E+00    1.280000E+00    7.000000E+00    9.400000E+01    3.321587E+00    6.226294E-01    4.990000E+00   -3.773288E-02    5.334774E+00    1.018135E-03    9.551391E-11    2.100000E+01    3.138672E-01    2.343648E-01
   7.200000E-10    6.000000E+00    9.700000E+01    1.210000E+02    1.301030E+00   -1.000000E+00   -1.000000E+01    3.361728E+00   -1.000000E+01   -1.000000E+01   -1.000000E+01   -1.000000E+01    7.254000E+00    6.193900E+00    1.380000E+00    7.000000E+00    9.200000E+01    3.367543E+00    1.056966E+00    4.990000E+00    1.096014E+00    3.186046E+00    1.018135E-03    9.551391E-11    3.000000E+00    6.042261E-01    9.492833E-01
   2.100000E-09    1.000000E+00    7.960000E+01    1.300000E+02    1.397940E+00   -3.297569E+00   -1.000000E+01   -1.000000E+01   -1.000000E+01    1.319106E+00   -1.000000E+01   -1.000000E+01    6.400000E+00    3.893900E+00    7.900000E-01    6.000000E+00    5.500000E+01    2.332971E+00    2.099903E+00    4.360000E+00    1.213030E+00    1.110990E+00    8.974315E-04    6.838398E-12    4.000000E+00   -3.595186E-01   -6.377632E-01
   7.200000E-10    6.000000E+00    5.360000E+01    6.230000E+01    1.397940E+00   -1.000000E+00   -1.000000E+01    3.361728E+00   -1.000000E+01    3.550228E+00   -1.000000E+01   -1.000000E+01    4.479000E+00    6.193900E+00    1.380000E+00    7.000000E+00    9.200000E+01    3.367543E+00    1.039241E+00    4.990000E+00    1.065323E+00    3.240387E+00    8.974315E-04    9.632502E-11    2.000000E+00   -5.421181E-01   -6.205408E-01
   6.200000E-10    3.000000E+00    3.000000E+01    7.600000E+01    1.397940E+00   -2.000000E+00   -1.000000E+01    2.361728E+00   -1.000000E+01   -1.000000E+01   -1.000000E+01   -1.000000E+01    5.205000E+00    5.670400E+00    1.200000E+00    6.000000E+00    6.300000E+01    2.815295E+00    7.481457E-01    4.360000E+00    1.403692E+00    3.763030E+00    8.974315E-04    3.046064E-11    2.000000E+00    1.326336E+00    1.486190E+00
   7.900000E-10    2.000000E+00    6.840000E+01    2.000000E-02    1.322219E+00   -2.000000E+00   -1.000000E+01    2.361728E+00   -1.000000E+01   -1.000000E+01   -1.000000E+01   -1.000000E+01    5.196000E+00    5.694900E+00    9.500000E-01    5.000000E+00    3.800000E+01    2.491348E+00    8.550627E-01    3.850000E+00   -2.534026E+00    2.913643E+00    9.922914E-04    3.025562E-11    1.900000E+01   -2.162412E+00   -1.551195E+00
   7.200000E-10    6.000000E+00    2.630000E-01    1.610000E+00    1.397940E+00   -7.447275E-01    1.023541E+00    3.275353E+00    3.050086E+00    3.695744E+00    1.057050E+00    2.595326E+00    7.820000E+00    6.193900E+00    1.380000E+00    7.000000E+00    9.200000E+01    3.367543E+00    1.039241E+00    4.990000E+00    1.786870E+00    3.240387E+00    8.974315E-04    1.292336E-10    1.100000E+01   -2.387216E+00   -2.287064E+00
   6.240000E-10    3.000000E+00    1.880000E+02    5.220000E+01    1.361728E+00   -2.340084E+00    1.301030E+00    2.060698E+00   -1.000000E+01    1.740363E+00   -1.000000E+01   -1.000000E+01    8.600000E+00    5.973800E+00    1.300000E+00    7.000000E+00    9.500000E+01    3.307169E+00    8.905016E-01    4.990000E+00    4.435127E-01    3.713828E+00    9.432169E-04    2.052275E-11    2.500000E+01   -9.528445E-02   -1.294525E-01
   7.200000E-10    2.000000E+00    6.680000E+01    2.310000E+01    1.397940E+00   -2.000000E+00   -1.000000E+01    2.361728E+00   -1.000000E+01   -1.000000E+01   -1.000000E+01   -1.000000E+01    5.597000E+00    8.993800E+00    1.690000E+00    5.000000E+00    4.800000E+01    3.130855E+00    9.661976E-01    3.850000E+00    5.388355E-01    3.240387E+00    8.974315E-04    3.046064E-11    6.000000E+00    2.148438E-01    1.057113E-01
   7.200000E-10    6.000000E+00    3.300000E+01    1.020000E+02    1.342423E+00   -1.000000E+00   -1.000000E+01    3.361728E+00   -1.000000E+01   -1.000000E+01   -1.000000E+01   -1.000000E+01    7.500000E+00    6.193900E+00    1.380000E+00    7.000000E+00    9.200000E+01    3.367543E+00    1.049804E+00    4.990000E+00    1.490086E+00    3.207782E+00    9.673286E-04    9.583918E-11    3.000000E+00    4.800069E-01    1.561217E-02
   6.600000E-10    2.000000E+00    3.500000E+01    8.700000E+01    1.301030E+00   -1.000000E+00   -1.000000E+01    3.361728E+00   -1.000000E+01   -1.000000E+01   -1.000000E+01   -1.000000E+01    8.200000E+00    7.639900E+00    1.910000E+00    4.000000E+00    2.800000E+01    2.585791E+00    7.439657E-01    3.450000E+00    1.395451E+00    3.475686E+00    1.018135E-03    9.551391E-11    3.000000E+00    1.000000E+00    6.862054E-01
   6.200000E-10    3.000000E+00    3.000000E+01    7.600000E+01    1.397940E+00   -2.000000E+00   -1.000000E+01    2.361728E+00   -1.000000E+01   -1.000000E+01   -1.000000E+01   -1.000000E+01    4.100000E+00    5.670400E+00    1.200000E+00    6.000000E+00    6.300000E+01    2.815295E+00    7.481457E-01    4.360000E+00    1.403692E+00    3.763030E+00    8.974315E-04    3.046064E-11    2.000000E+00    4.638930E-01    7.296772E-01
   6.600000E-10    2.000000E+00    3.500000E+01    8.700000E+01    1.301030E+00   -2.004365E+00   -1.698970E+00   -7.351822E-01    2.120574E+00   -1.000000E+01   -1.000000E+01   -1.000000E+01    5.670000E+00    7.639900E+00    1.910000E+00    4.000000E+00    2.800000E+01    2.585791E+00    7.439657E-01    3.450000E+00    1.395451E+00    3.475686E+00    1.018135E-03    3.005275E-11    3.000000E+00   -5.406075E-01   -3.811609E-01
   7.200000E-10    6.000000E+00    5.660000E+01    8.000000E+01    1.397940E+00   -3.000000E+00   -1.000000E+01    1.361728E+00   -1.000000E+01   -1.000000E+01   -1.000000E+01   -1.000000E+01    6.800000E+00    6.193900E+00    1.380000E+00    7.000000E+00    9.200000E+01    3.367543E+00    1.039241E+00    4.990000E+00    1.150274E+00    3.240387E+00    8.974315E-04    9.632502E-12    3.000000E+00    2.530587E-02    6.884196E-01
   2.100000E-09    1.000000E+00    9.900000E+01    6.400000E+01    1.397940E+00   -1.000000E+00   -1.000000E+01    3.361728E+00   -1.000000E+01   -1.000000E+01   -1.000000E+01   -1.000000E+01    8.000000E+00    3.893900E+00    7.900000E-01    6.000000E+00    5.500000E+01    2.332971E+00    2.099903E+00    4.360000E+00    8.105447E-01    1.110990E+00    8.974315E-04    9.632502E-11    3.000000E+00   -3.645163E-01   -4.116066E-01
   2.100000E-09    1.000000E+00    7.960000E+01    1.300000E+02    1.397940E+00   -3.297569E+00   -1.000000E+01   -1.000000E+01   -1.000000E+01    1.319106E+00   -1.000000E+01   -1.000000E+01    6.400000E+00    3.893900E+00    7.900000E-01    6.000000E+00    5.500000E+01    2.332971E+00    2.099903E+00    4.360000E+00    1.213030E+00    1.110990E+00    8.974315E-04    6.838398E-12    4.000000E+00   -7.399286E-01   -6.377632E-01
   7.200000E-10    6.000000E+00    5.660000E+01    8.000000E+01    1.397940E+00   -1.000000E+00   -1.000000E+01    3.361728E+00   -1.000000E+01   -1.000000E+01   -1.000000E+01   -1.000000E+01    3.220000E+00    6.193900E+00    1.380000E+00    7.000000E+00    9.200000E+01    3.367543E+00    1.039241E+00    4.990000E+00    1.150274E+00    3.240387E+00    8.974315E-04    9.632502E-11    3.000000E+00   -1.378824E+00   -7.432631E-01
   6.200000E-10    3.000000E+00    5.360000E+01    6.230000E+01    1.342423E+00   -1.000000E+00   -1.000000E+01    3.361728E+00   -1.000000E+01    3.550228E+00   -1.000000E+01   -1.000000E+01    5.343000E+00    5.670400E+00    1.200000E+00    6.000000E+00    6.300000E+01    2.815295E+00    7.557500E-01    4.360000E+00    1.065323E+00    3.725167E+00    9.673286E-04    9.583918E-11    2.000000E+00    3.654880E-01    5.719828E-01
   6.200000E-10    3.000000E+00    5.360000E+01    6.230000E+01    1.342423E+00   -1.000000E+00   -1.000000E+01    3.361728E+00   -1.000000E+01    3.550228E+00   -1.000000E+01   -1.000000E+01    6.530000E+00    5.670400E+00    1.200000E+00    6.000000E+00    6.300000E+01    2.815295E+00    7.557500E-01    4.360000E+00    1.065323E+00    3.725167E+00    9.673286E-04    9.583918E-11    2.000000E+00    1.731589E+00    4.738259E-01
   6.600000E-10    2.000000E+00    3.500000E+01    8.700000E+01    1.301030E+00   -1.000000E+00   -1.000000E+01    3.361728E+00   -1.000000E+01   -1.000000E+01   -1.000000E+01   -1.000000E+01    5.900000E+00    7.639900E+00    1.910000E+00    4.000000E+00    2.800000E+01    2.585791E+00    7.439657E-01    3.450000E+00    1.395451E+00    3.475686E+00    1.018135E-03    9.551391E-11    3.000000E+00   -3.798639E-01   -7.246629E-01
   7.900000E-10    2.000000E+00    6.840000E+01    2.000000E-02    1.322219E+00   -2.000000E+00   -1.000000E+01    2.361728E+00   -1.000000E+01   -1.000000E+01   -1.000000E+01   -1.000000E+01    6.350000E+00    5.694900E+00    9.500000E-01    5.000000E+00    3.800000E+01    2.491348E+00    8.550627E-01    3.850000E+00   -2.534026E+00    2.913643E+00    9.922914E-04    3.025562E-11    1.900000E+01   -1.146910E+00   -9.193882E-01
   7.200000E-10    6.000000E+00    5.660000E+01    8.000000E+01    1.397940E+00   -1.000000E+00   -1.000000E+01    3.361728E+00   -1.000000E+01   -1.000000E+01   -1.000000E+01   -1.000000E+01    8.110000E+00    6.193900E+00    1.380000E+00    7.000000E+00    9.200000E+01    3.367543E+00    1.039241E+00    4.990000E+00    1.150274E+00    3.240387E+00    8.974315E-04    9.632502E-11    3.000000E+00    7.092700E-01    4.921037E-02
   7.200000E-10    6.000000E+00    5.660000E+01    8.000000E+01    1.397940E+00   -1.000000E+00   -1.000000E+01    3.361728E+00   -1.000000E+01   -1.000000E+01   -1.000000E+01   -1.000000E+01    2.204000E+00    6.193900E+00    1.380000E+00    7.000000E+00    9.200000E+01    3.367543E+00    1.039241E+00    4.990000E+00    1.150274E+00    3.240387E+00    8.974315E-04    9.632502E-11    3.000000E+00   -1.853872E+00   -1.411106E+00
   7.200000E-10    6.000000E+00    9.700000E+01    1.210000E+02    1.301030E+00   -1.000000E+00   -1.000000E+01    3.361728E+00   -1.000000E+01   -1.000000E+01   -1.000000E+01   -1.000000E+01    7.590000E+00    6.193900E+00    1.380000E+00    7.000000E+00    9.200000E+01    3.367543E+00    1.056966E+00    4.990000E+00    1.096014E+00    3.186046E+00    1.018135E-03    9.551391E-11    3.000000E+00    6.618127E-01    6.532136E-01
   7.200000E-10    6.000000E+00    6.860000E-02    1.000000E-02    1.397940E+00   -1.000000E+00   -1.000000E+01    3.361728E+00   -1.000000E+01   -1.000000E+01   -1.000000E+01   -1.000000E+01    6.360000E+00    6.193900E+00    1.380000E+00    7.000000E+00    9.200000E+01    3.367543E+00    1.039241E+00    4.990000E+00    1.636759E-01    3.240387E+00    8.974315E-04    9.632502E-11    1.900000E+01   -1.319664E+00   -1.162821E+00
   9.450000E-10    2.000000E+00    6.680000E+01    2.310000E+01    1.397940E+00   -3.000000E+00   -1.000000E+01    1.361728E+00   -1.000000E+01   -1.000000E+01   -1.000000E+01   -1.000000E+01    7.128000E+00    7.416700E+00    2.330000E+00    6.000000E+00    8.200000E+01    3.219752E+00    1.304142E+00    4.360000E+00    5.388355E-01    2.468867E+00    8.974315E-04    9.632502E-12    6.000000E+00    1.423246E+00    1.073242E+00
   2.100000E-09    1.000000E+00    3.900000E-01    1.600000E+00    1.397940E+00   -3.010300E-01   -1.000000E+01    4.060698E+00   -1.000000E+01    4.247973E+00   -1.000000E+01   -1.000000E+01    7.800000E+00    3.893900E+00    7.900000E-01    6.000000E+00    5.500000E+01    2.332971E+00    2.099903E+00    4.360000E+00    1.613055E+00    1.110990E+00    8.974315E-04    2.153893E-10    1.300000E+01   -1.342944E+00   -1.466815E+00
   7.200000E-10    2.000000E+00    6.680000E+01    2.310000E+01    1.397940E+00   -2.000000E+00   -1.000000E+01    2.361728E+00   -1.000000E+01   -1.000000E+01   -1.000000E+01   -1.000000E+01    7.517000E+00    8.993800E+00    1.690000E+00    5.000000E+00    4.800000E+01    3.130855E+00    9.661976E-01    3.850000E+00    5.388355E-01    3.240387E+00    8.974315E-04    3.046064E-11    6.000000E+00    2.479733E-01    5.057239E-01
   7.200000E-10    6.000000E+00    3.300000E+01    1.020000E+02    1.342423E+00   -2.000000E+00   -1.000000E+01    2.361728E+00   -1.000000E+01   -1.000000E+01   -1.000000E+01   -1.000000E+01    5.780000E+00    6.193900E+00    1.380000E+00    7.000000E+00    9.200000E+01    3.367543E+00    1.049804E+00    4.990000E+00    1.490086E+00    3.207782E+00    9.673286E-04    3.030701E-11    3.000000E+00    1.434569E+00    3.510290E-01
   1.990000E-09    2.000000E+00    2.400000E+01    1.442000E+02    1.397940E+00   -2.000000E+00   -1.000000E+01    2.361728E+00   -1.000000E+01    2.550228E+00   -1.000000E+01   -1.000000E+01    7.800000E+00    8.336900E+00    2.200000E+00    5.000000E+00    4.600000E+01    3.014349E+00    2.571090E+00    3.850000E+00    1.778754E+00    1.172401E+00    8.974315E-04    3.046064E-11    2.500000E+01   -2.441251E-01    2.037605E-01
   6.200000E-10    3.000000E+00    3.100000E-01    1.000000E-02    1.322219E+00   -1.000000E+00   -1.000000E+01    3.361728E+00   -1.000000E+01   -1.000000E+01   -1.000000E+01   -1.000000E+01    8.567000E+00    5.670400E+00    1.200000E+00    6.000000E+00    6.300000E+01    2.815295E+00    7.583193E-01    4.360000E+00   -4.913618E-01    3.712545E+00    9.922914E-04    9.567668E-11    2.200000E+01   -3.011836E-02   -2.378705E+00
   6.600000E-10    2.000000E+00    3.750000E+01    1.442000E+02    1.397940E+00   -2.038579E+00   -6.550155E-02    2.086360E+00    2.075547E+00   -1.301030E+00   -1.000000E+01    1.387390E+00    1.190000E+01    7.639900E+00    1.910000E+00    4.000000E+00    2.800000E+01    2.585791E+00    7.314893E-01    3.450000E+00    1.584934E+00    3.534968E+00    8.974315E-04    2.913732E-11    2.500000E+01   -1.557520E+00   -1.563605E+00
   1.550000E-09    4.000000E+00    2.500000E+02    1.000000E-02    1.301030E+00   -1.000000E+00   -1.000000E+01    3.361728E+00   -1.000000E+01    3.550228E+00   -1.000000E+01   -1.000000E+01    9.400000E+00    9.752400E+00    2.550000E+00    4.000000E+00    3.400000E+01    2.921497E+00    1.974025E+00    3.450000E+00   -3.397940E+00    1.479970E+00    1.018135E-03    9.551391E-11    1.900000E+01   -4.248122E-01   -1.218228E-01
   6.600000E-10    2.000000E+00    3.500000E+01    8.700000E+01    1.301030E+00   -1.004365E+00   -1.698970E+00   -7.447275E-01    3.120574E+00   -1.000000E+01   -1.000000E+01   -1.000000E+01    8.380000E+00    7.639900E+00    1.910000E+00    4.000000E+00    2.800000E+01    2.585791E+00    7.439657E-01    3.450000E+00    1.395451E+00    3.475686E+00    1.018135E-03    9.503514E-11    3.000000E+00    6.522463E-01    6.810635E-01
   2.100000E-09    1.000000E+00    2.400000E+01    8.750000E+01    1.903090E+00   -3.010300E-01   -1.000000E+01    4.060698E+00   -1.000000E+01   -1.000000E+01   -1.000000E+01   -1.000000E+01    8.340000E+00    3.893900E+00    7.900000E-01    6.000000E+00    5.500000E+01    2.332971E+00    1.772862E+00    4.360000E+00    1.561797E+00    1.315935E+00    3.546804E-04    2.344155E-10    3.000000E+00   -1.173277E+00   -1.741952E+00
   2.100000E-09    1.000000E+00    2.800000E+01    1.030000E+02    1.342423E+00   -1.000000E+00   -1.000000E+01    3.361539E+00   -1.000000E+01    3.549616E+00   -1.000000E+01   -1.000000E+01    2.490000E+00    3.893900E+00    7.900000E-01    6.000000E+00    5.500000E+01    2.332971E+00    2.121247E+00    4.360000E+00    1.565679E+00    1.099811E+00    9.673286E-04    9.583918E-11    3.000000E+00   -8.996295E-01   -1.011033E+00
   6.200000E-10    3.000000E+00    3.500000E+01    6.300000E+01    1.397940E+00   -1.000000E+00   -1.000000E+01    3.361728E+00   -1.000000E+01   -1.000000E+01   -1.000000E+01   -1.000000E+01    6.544000E+00    5.670400E+00    1.200000E+00    6.000000E+00    6.300000E+01    2.815295E+00    7.481457E-01    4.360000E+00    1.255273E+00    3.763030E+00    8.974315E-04    9.632502E-11    3.000000E+00   -6.736641E-01    8.466736E-01
   1.200000E-09    5.000000E+00    1.916000E+01    7.600000E+01    6.989700E-01   -2.111259E+00    5.502284E-01    1.311966E+00    1.798858E+00    1.075912E+00    2.361822E+00    1.715753E+00    7.150000E+00    6.265700E+00    1.360000E+00    7.000000E+00    9.300000E+01    3.387005E+00    1.867340E+00    4.990000E+00    1.598418E+00    1.813813E+00    1.535544E-03    2.588402E-11    9.000000E+00   -1.267606E+00   -7.946927E-01
   7.200000E-10    6.000000E+00    5.660000E+01    8.000000E+01    1.397940E+00   -3.000000E+00   -1.000000E+01    1.361728E+00   -1.000000E+01   -1.000000E+01   -1.000000E+01   -1.000000E+01    6.800000E+00    6.193900E+00    1.380000E+00    7.000000E+00    9.200000E+01    3.367543E+00    1.039241E+00    4.990000E+00    1.150274E+00    3.240387E+00    8.974315E-04    9.632502E-12    3.000000E+00    3.560259E-01    6.884196E-01
   6.600000E-10    2.000000E+00    4.900000E-01    1.400000E+00    1.397940E+00   -3.010300E-01   -1.000000E+01    4.060698E+00   -1.000000E+01   -1.000000E+01   -1.000000E+01   -1.000000E+01    9.068000E+00    7.639900E+00    1.910000E+00    4.000000E+00    2.800000E+01    2.585791E+00    7.314893E-01    3.450000E+00    1.455932E+00    3.534968E+00    8.974315E-04    2.153893E-10    2.000000E+01   -2.358239E-01    5.342502E-02
   1.200000E-09    5.000000E+00    1.961000E+01    7.600000E+01    6.989700E-01   -2.111259E+00    5.502284E-01    1.311966E+00    1.798858E+00    1.075912E+00    2.361822E+00    1.715753E+00    6.520000E+00    6.265700E+00    1.360000E+00    7.000000E+00    9.300000E+01    3.387005E+00    1.867340E+00    4.990000E+00    1.588336E+00    1.813813E+00    1.535544E-03    2.588402E-11    9.000000E+00   -1.468521E+00   -1.169645E+00
   7.190000E-10    2.000000E+00    1.000000E+02    1.080000E+02    1.397940E+00   -1.000000E+00   -1.000000E+01    3.361539E+00   -1.000000E+01   -1.000000E+01   -1.000000E+01   -1.000000E+01    6.200000E+00    7.902400E+00    1.830000E+00    4.000000E+00    2.600000E+01    2.629839E+00    8.104545E-01    3.450000E+00    1.033424E+00    3.244894E+00    8.974315E-04    9.632502E-11    3.000000E+00    6.304279E-01    1.003896E-01
   1.200000E-09    5.000000E+00    3.000000E+01    7.600000E+01    1.301030E+00   -2.000000E+00   -1.000000E+01    2.361539E+00   -1.000000E+01   -1.000000E+01   -1.000000E+01   -1.000000E+01    7.600000E+00    6.265700E+00    1.360000E+00    7.000000E+00    9.300000E+01    3.387005E+00    1.771792E+00    4.990000E+00    1.403692E+00    1.911627E+00    1.018135E-03    3.020415E-11    2.000000E+00   -3.979400E-01   -3.410688E-01
   6.200000E-10    3.000000E+00    5.360000E+01    6.230000E+01    1.342423E+00   -1.000000E+00   -1.000000E+01    3.361728E+00   -1.000000E+01    3.550228E+00   -1.000000E+01   -1.000000E+01    6.530000E+00    5.670400E+00    1.200000E+00    6.000000E+00    6.300000E+01    2.815295E+00    7.557500E-01    4.360000E+00    1.065323E+00    3.725167E+00    9.673286E-04    9.583918E-11    2.000000E+00    1.559907E+00    4.738259E-01
   6.200000E-10    3.000000E+00    1.242000E+01    9.400000E+00    6.989700E-01   -2.088310E+00    5.502284E-01    1.311966E+00    1.838471E+00    1.075912E+00    2.378761E+00    1.715753E+00    7.080000E+00    5.670400E+00    1.200000E+00    6.000000E+00    6.300000E+01    2.815295E+00    8.019401E-01    4.360000E+00    8.790063E-01    3.510605E+00    1.535544E-03    2.657702E-11    2.400000E+01    1.461280E-01    3.322932E-01
   1.550000E-09    4.000000E+00    2.480000E+01    8.880000E+00    1.397940E+00   -3.000000E+00   -1.000000E+01    1.361728E+00   -1.000000E+01    1.550228E+00   -1.000000E+01   -1.000000E+01    9.259000E+00    9.752400E+00    2.550000E+00    4.000000E+00    3.400000E+01    2.921497E+00    1.940920E+00    3.450000E+00    5.539613E-01    1.505212E+00    8.974315E-04    9.632502E-12    7.000000E+00   -1.528708E+00   -1.512225E+00
   6.200000E-10    3.000000E+00    5.360000E+01    6.230000E+01    1.342423E+00   -1.000000E+00   -1.000000E+01    3.361728E+00   -1.000000E+01    3.550228E+00   -1.000000E+01   -1.000000E+01    6.041000E+00    5.670400E+00    1.200000E+00    6.000000E+00    6.300000E+01    2.815295E+00    7.557500E-01    4.360000E+00    1.065323E+00    3.725167E+00    9.673286E-04    9.583918E-11    2.000000E+00    1.996074E+00    4.438959E-01
   6.600000E-10    2.000000E+00    3.500000E+01    8.700000E+01    1.301030E+00   -2.000000E+00   -1.000000E+01    2.361728E+00   -1.000000E+01   -1.000000E+01   -1.000000E+01   -1.000000E+01    6.110000E+00    7.639900E+00    1.910000E+00    4.000000E+00    2.800000E+01    2.585791E+00    7.439657E-01    3.450000E+00    1.395451E+00    3.475686E+00    1.018135E-03    3.020415E-11    3.000000E+00    1.068186E+00    6.405864E-01
   1.200000E-09    5.000000E+00    6.840000E+01    1.000000E-02    1.397940E+00   -1.000000E+00   -1.000000E+01    3.361539E+00   -1.000000E+01   -1.000000E+01   -1.000000E+01   -1.000000E+01    8.500000E+00    6.265700E+00    1.360000E+00    7.000000E+00    9.300000E+01    3.387005E+00    1.742078E+00    4.990000E+00   -2.835056E+00    1.944232E+00    8.974315E-04    9.632502E-11    1.900000E+01    1.064458E+00    6.677633E-01
   9.450000E-10    2.000000E+00    3.700000E+01    7.500000E+01    1.397940E+00   -1.602060E+00   -1.000000E+01    2.759479E+00   -1.000000E+01    2.947556E+00   -1.000000E+01   -1.000000E+01    7.720000E+00    7.416700E+00    2.330000E+00    6.000000E+00    8.200000E+01    3.219752E+00    1.304142E+00    4.360000E+00    1.306860E+00    2.468867E+00    8.974315E-04    4.816251E-11    2.000000E+00    1.068186E+00    1.167384E+00
   7.200000E-10    6.000000E+00    2.500000E+01    7.200000E+01    1.397940E+00   -1.301030E+00   -1.000000E+01    3.060509E+00   -1.000000E+01    3.248586E+00   -1.000000E+01   -1.000000E+01    2.400000E+00    6.193900E+00    1.380000E+00    7.000000E+00    9.200000E+01    3.367543E+00    1.039241E+00    4.990000E+00    1.459392E+00    3.240387E+00    8.974315E-04    6.811207E-11    2.000000E+00   -1.213959E+00   -9.284472E-01
   6.600000E-10    2.000000E+00    3.500000E+01    8.700000E+01    1.301030E+00   -1.000000E+00   -1.000000E+01    3.361728E+00   -1.000000E+01   -1.000000E+01   -1.000000E+01   -1.000000E+01    6.430000E+00    7.639900E+00    1.910000E+00    4.000000E+00    2.800000E+01    2.585791E+00    7.439657E-01    3.450000E+00    1.395451E+00    3.475686E+00    1.018135E-03    9.551391E-11    3.000000E+00   -1.999663E-02   -2.316681E-01
   2.000000E-09    5.000000E+00    1.145800E+00    4.000000E+00    1.395326E+00   -3.801343E+00   -1.000000E+01   -1.000000E+01   -1.000000E+01   -1.000000E+01   -1.000000E+01   -1.000000E+01    4.660000E+00    1.045130E+01    2.660000E+00    5.000000E+00    5.300000E+01    3.375021E+00    2.894647E+00    3.850000E+00    1.542951E+00    1.165953E+00    9.007563E-04    3.827880E-12    1.300000E+01   -2.405607E+00   -2.425910E+00
   9.450000E-10    2.000000E+00    3.700000E+01    7.500000E+01    1.397940E+00   -1.000000E+00   -1.000000E+01    3.361539E+00   -1.000000E+01    3.549616E+00   -1.000000E+01   -1.000000E+01    6.310000E+00    7.416700E+00    2.330000E+00    6.000000E+00    8.200000E+01    3.219752E+00    1.304142E+00    4.360000E+00    1.306860E+00    2.468867E+00    8.974315E-04    9.632502E-11    2.000000E+00   -5.451551E-01   -1.667982E-01
   2.090000E-09    4.000000E+00    8.640000E+01    6.500000E+00    1.397940E+00   -1.000000E+00   -1.000000E+01    3.361728E+00   -1.000000E+01    3.550228E+00   -1.000000E+01   -1.000000E+01    2.900000E+00    6.306700E+00    1.300000E+00    7.000000E+00    9.000000E+01    3.398069E+00    3.044031E+00    4.990000E+00   -1.236004E-01    1.116306E+00    8.974315E-04    9.632502E-11    2.100000E+01   -1.637371E-02   -5.157670E-01
   6.240000E-10    3.000000E+00    1.880000E+02    5.220000E+01    1.361728E+00   -1.826814E+00    1.301030E+00    2.537819E+00    6.020600E-01    2.580925E+00    1.785330E+00   -1.000000E+01    8.700000E+00    5.973800E+00    1.300000E+00    7.000000E+00    9.500000E+01    3.307169E+00    8.905016E-01    4.990000E+00    4.435127E-01    3.713828E+00    9.432169E-04    3.705704E-11    2.500000E+01   -5.601112E-02   -3.090821E-01
   2.090000E-09    4.000000E+00    3.000000E+01    7.600000E+01    1.397940E+00   -2.000000E+00   -1.000000E+01    2.361728E+00   -1.000000E+01   -1.000000E+01   -1.000000E+01   -1.000000E+01    3.781000E+00    6.306700E+00    1.300000E+00    7.000000E+00    9.000000E+01    3.398069E+00    3.044031E+00    4.990000E+00    1.403692E+00    1.116306E+00    8.974315E-04    3.046064E-11    2.000000E+00    6.159501E-01    8.417498E-01
   7.200000E-10    6.000000E+00    1.500000E+02    1.000000E-02    1.397940E+00   -7.958800E-01   -1.000000E+01    3.361539E+00    2.903958E+00   -1.000000E+01   -1.000000E+01   -1.000000E+01    9.400000E+00    6.193900E+00    1.380000E+00    7.000000E+00    9.200000E+01    3.367543E+00    1.039241E+00    4.990000E+00   -3.176091E+00    3.240387E+00    8.974315E-04    1.218426E-10    1.900000E+01   -2.757241E-01    6.232364E-03
   7.200000E-10    6.000000E+00    5.660000E+01    8.000000E+01    1.397940E+00   -3.000000E+00   -1.000000E+01    1.361728E+00   -1.000000E+01   -1.000000E+01   -1.000000E+01   -1.000000E+01    6.800000E+00    6.193900E+00    1.380000E+00    7.000000E+00    9.200000E+01    3.367543E+00    1.039241E+00    4.990000E+00    1.150274E+00    3.240387E+00    8.974315E-04    9.632502E-12    3.000000E+00    1.903317E-01    6.884196E-01
   1.550000E-09    6.000000E+00    2.500000E+02    1.000000E-02    1.301030E+00   -1.000000E+00   -1.000000E+01    3.361728E+00   -1.000000E+01    3.550228E+00   -1.000000E+01   -1.000000E+01    5.800000E+00    9.752400E+00    2.550000E+00    4.000000E+00    3.400000E+01    2.921497E+00    1.974025E+00    3.450000E+00   -3.397940E+00    1.479970E+00    1.018135E-03    9.551391E-11    1.900000E+01   -7.055338E-01   -1.760519E+00
   7.200000E-10    6.000000E+00    2.090000E+00    1.000000E-02    1.397940E+00   -1.000000E+00   -1.000000E+01    3.361728E+00   -1.000000E+01   -1.000000E+01   -1.000000E+01   -1.000000E+01    7.040000E+00    6.193900E+00    1.380000E+00    7.000000E+00    9.200000E+01    3.367543E+00    1.039241E+00    4.990000E+00   -1.320146E+00    3.240387E+00    8.974315E-04    9.632502E-11    1.900000E+01   -3.695721E-01   -3.942326E-01
   7.900000E-10    2.000000E+00    6.840000E+01    2.000000E-02    1.322219E+00   -2.000000E+00   -1.000000E+01    2.361728E+00   -1.000000E+01   -1.000000E+01   -1.000000E+01   -1.000000E+01    6.190000E+00    5.694900E+00    9.500000E-01    5.000000E+00    3.800000E+01    2.491348E+00    8.550627E-01    3.850000E+00   -2.534026E+00    2.913643E+00    9.922914E-04    3.025562E-11    1.900000E+01   -1.159267E+00   -1.598801E+00
   4.300000E-10    4.000000E+00    7.090000E+01    6.500000E+00    1.301030E+00   -1.000000E+00   -1.000000E+01    3.361728E+00   -1.000000E+01   -1.000000E+01   -1.000000E+01   -1.000000E+01    7.100000E+00    6.026000E+00    1.280000E+00    7.000000E+00    9.400000E+01    3.321587E+00    6.226294E-01    4.990000E+00   -3.773288E-02    5.334774E+00    1.018135E-03    9.551391E-11    2.100000E+01    6.702459E-01    9.616738E-01
   6.200000E-10    3.000000E+00    2.300000E+00    9.300000E+00    1.342423E+00   -1.000000E+00   -1.000000E+01    3.361728E+00   -1.000000E+01    3.550228E+00   -1.000000E+01   -1.000000E+01    5.014000E+00    5.670400E+00    1.200000E+00    6.000000E+00    6.300000E+01    2.815295E+00    7.557500E-01    4.360000E+00    1.606755E+00    3.725167E+00    9.673286E-04    9.583918E-11    1.300000E+01    1.238516E-01   -2.086803E-01
   7.200000E-10    6.000000E+00    2.500000E+01    7.200000E+01    1.397940E+00   -2.000000E+00   -1.000000E+01   -1.000000E+01   -1.000000E+01    2.549616E+00   -1.000000E+01   -1.000000E+01    4.564000E+00    6.193900E+00    1.380000E+00    7.000000E+00    9.200000E+01    3.367543E+00    1.039241E+00    4.990000E+00    1.459392E+00    3.240387E+00    8.974315E-04    3.046064E-11    2.000000E+00    1.003705E-01   -1.388753E-01
   2.100000E-09    1.000000E+00    3.700000E+01    7.500000E+01    1.301030E+00   -2.591760E+00    2.068186E+00    2.068186E+00   -1.000000E+01   -1.000000E+01   -1.000000E+01   -1.000000E+01    8.800000E+00    3.893900E+00    7.900000E-01    6.000000E+00    5.500000E+01    2.332971E+00    2.135720E+00    4.360000E+00    1.306860E+00    1.092359E+00    1.018135E-03    1.528223E-11    2.000000E+00   -8.092191E-02    2.941953E-01
   6.600000E-10    2.000000E+00    3.500000E+01    8.700000E+01    1.301030E+00   -1.000000E+00   -1.000000E+01    3.361728E+00   -1.000000E+01   -1.000000E+01   -1.000000E+01   -1.000000E+01    1.186000E+01    7.639900E+00    1.910000E+00    4.000000E+00    2.800000E+01    2.585791E+00    7.439657E-01    3.450000E+00    1.395451E+00    3.475686E+00    1.018135E-03    9.551391E-11    3.000000E+00    3.117539E-01    2.594043E-01
   6.200000E-10    3.000000E+00    1.242000E+01    9.400000E+00    6.989700E-01   -2.088310E+00    5.502284E-01    1.311966E+00    1.838471E+00    1.075912E+00    2.378761E+00    1.715753E+00    7.090000E+00    5.670400E+00    1.200000E+00    6.000000E+00    6.300000E+01    2.815295E+00    8.019401E-01    4.360000E+00    8.790063E-01    3.510605E+00    1.535544E-03    2.657702E-11    2.400000E+01    0.000000E+00    3.087415E-01
   7.200000E-10    6.000000E+00    9.700000E+01    1.210000E+02    1.301030E+00   -1.000000E+00   -1.000000E+01    3.361728E+00   -1.000000E+01   -1.000000E+01   -1.000000E+01   -1.000000E+01    3.485000E+00    6.193900E+00    1.380000E+00    7.000000E+00    9.200000E+01    3.367543E+00    1.056966E+00    4.990000E+00    1.096014E+00    3.186046E+00    1.018135E-03    9.551391E-11    3.000000E+00   -1.592297E-02   -6.305680E-01
   6.200000E-10    3.000000E+00    5.360000E+01    6.230000E+01    1.342423E+00   -1.000000E+00   -1.000000E+01    3.361728E+00   -1.000000E+01    3.550228E+00   -1.000000E+01   -1.000000E+01    6.530000E+00    5.670400E+00    1.200000E+00    6.000000E+00    6.300000E+01    2.815295E+00    7.557500E-01    4.360000E+00    1.065323E+00    3.725167E+00    9.673286E-04    9.583918E-11    2.000000E+00    1.810904E+00    4.738259E-01
   1.200000E-09    5.000000E+00    2.800000E+01    1.080000E+02    1.301030E+00   -1.749580E+00   -1.000000E+01    2.361539E+00    2.017868E+00    2.265525E+00   -1.000000E+01   -1.000000E+01    7.300000E+00    6.265700E+00    1.360000E+00    7.000000E+00    9.300000E+01    3.387005E+00    1.771792E+00    4.990000E+00    1.586266E+00    1.911627E+00    1.018135E-03    4.029736E-11    2.000000E+00   -1.600326E+00   -1.683096E+00
   7.200000E-10    6.000000E+00    9.900000E+01    4.540000E+01    1.397940E+00   -3.000000E+00   -1.000000E+01    1.361728E+00   -1.000000E+01   -1.000000E+01   -1.000000E+01   -1.000000E+01    6.530000E+00    6.193900E+00    1.380000E+00    7.000000E+00    9.200000E+01    3.367543E+00    1.039241E+00    4.990000E+00    6.614207E-01    3.240387E+00    8.974315E-04    9.632502E-12    3.000000E+00    1.176091E+00    1.494751E+00
   1.200000E-09    5.000000E+00    1.120000E+02    2.100000E+01    1.397940E+00   -1.000000E+00   -1.000000E+01    3.361539E+00   -1.000000E+01    3.549616E+00   -1.000000E+01   -1.000000E+01    5.550000E+00    6.265700E+00    1.360000E+00    7.000000E+00    9.300000E+01    3.387005E+00    1.742078E+00    4.990000E+00    2.730013E-01    1.944232E+00    8.974315E-04    9.632502E-11    6.000000E+00   -5.917600E-01   -1.121526E+00
   7.200000E-10    6.000000E+00    1.500000E+02    1.000000E-02    1.397940E+00   -1.000000E+00   -1.000000E+01    3.361539E+00   -1.000000E+01   -1.000000E+01   -1.000000E+01   -1.000000E+01    9.900000E+00    6.193900E+00    1.380000E+00    7.000000E+00    9.200000E+01    3.367543E+00    1.039241E+00    4.990000E+00   -3.176091E+00    3.240387E+00    8.974315E-04    9.632502E-11    1.900000E+01    9.030900E-01    1.084565E+00
   2.090000E-09    4.000000E+00    3.000000E+01    7.600000E+01    1.397940E+00   -2.000000E+00   -1.000000E+01    2.361728E+00   -1.000000E+01    2.550228E+00   -1.000000E+01   -1.000000E+01    5.576000E+00    6.306700E+00    1.300000E+00    7.000000E+00    9.000000E+01    3.398069E+00    3.044031E+00    4.990000E+00    1.403692E+00    1.116306E+00    8.974315E-04    3.046064E-11    2.000000E+00    1.815578E+00    1.297327E+00
   7.900000E-10    2.000000E+00    6.840000E+01    2.000000E-02    1.322219E+00   -1.000000E+00   -1.000000E+01    3.361728E+00   -1.000000E+01   -1.000000E+01   -1.000000E+01   -1.000000E+01    8.180000E+00    5.694900E+00    9.500000E-01    5.000000E+00    3.800000E+01    2.491348E+00    8.550627E-01    3.850000E+00   -2.534026E+00    2.913643E+00    9.922914E-04    9.567668E-11    1.900000E+01   -1.325139E+00   -1.255326E+00
   7.200000E-10    6.000000E+00    1.500000E+02    1.000000E-02    1.397940E+00   -1.000000E+00   -1.000000E+01    3.361539E+00   -1.000000E+01   -1.000000E+01   -1.000000E+01   -1.000000E+01    9.400000E+00    6.193900E+00    1.380000E+00    7.000000E+00    9.200000E+01    3.367543E+00    1.039241E+00    4.990000E+00   -3.176091E+00    3.240387E+00    8.974315E-04    9.632502E-11    1.900000E+01   -2.441251E-01   -3.673597E-02
   2.100000E-09    1.000000E+00    3.900000E-01    1.600000E+00    1.397940E+00   -3.010300E-01   -1.000000E+01    4.060698E+00   -1.000000E+01    4.247973E+00   -1.000000E+01   -1.000000E+01    6.900000E+00    3.893900E+00    7.900000E-01    6.000000E+00    5.500000E+01    2.332971E+00    2.099903E+00    4.360000E+00    1.613055E+00    1.110990E+00    8.974315E-04    2.153893E-10    1.300000E+01   -1.300162E+00   -1.368360E+00
   2.090000E-09    4.000000E+00    3.000000E+01    7.200000E+01    1.397940E+00   -2.000000E+00   -1.000000E+01    2.361728E+00   -1.000000E+01   -1.000000E+01   -1.000000E+01   -1.000000E+01    3.100000E+00    6.306700E+00    1.300000E+00    7.000000E+00    9.000000E+01    3.398069E+00    3.044031E+00    4.990000E+00    1.380211E+00    1.116306E+00    8.974315E-04    3.046064E-11    2.000000E+00    1.025306E+00    1.518820E+00
   7.200000E-10    6.000000E+00    3.300000E+01    1.020000E+02    1.342423E+00   -1.000000E+00   -1.000000E+01    3.361728E+00   -1.000000E+01   -1.000000E+01   -1.000000E+01   -1.000000E+01    4.100000E+00    6.193900E+00    1.380000E+00    7.000000E+00    9.200000E+01    3.367543E+00    1.049804E+00    4.990000E+00    1.490086E+00    3.207782E+00    9.673286E-04    9.583918E-11    3.000000E+00   -3.160529E-01    9.016807E-02
   8.890000E-10    2.000000E+00    5.020000E+01    1.210000E+02    1.397940E+00   -2.000000E+00   -1.000000E+01    2.361539E+00   -1.000000E+01    2.549616E+00   -1.000000E+01   -1.000000E+01    7.000000E+00    5.278400E+00    9.000000E-01    7.000000E+00    8.800000E+01    3.108725E+00    1.184553E+00    4.990000E+00    1.382082E+00    2.624386E+00    8.974315E-04    3.046064E-11    3.000000E+00    8.020893E-01    1.227564E+00
   7.200000E-10    6.000000E+00    9.700000E+01    1.210000E+02    1.301030E+00   -1.000000E+00   -1.000000E+01    3.361728E+00   -1.000000E+01   -1.000000E+01   -1.000000E+01   -1.000000E+01    3.007000E+00    6.193900E+00    1.380000E+00    7.000000E+00    9.200000E+01    3.367543E+00    1.056966E+00    4.990000E+00    1.096014E+00    3.186046E+00    1.018135E-03    9.551391E-11    3.000000E+00   -1.158641E+00   -9.541398E-01
   6.240000E-10    3.000000E+00    6.800000E+00    6.000000E+01    1.778151E+00   -2.519993E+00   -1.804561E-01    2.041393E+00   -3.098039E-01   -1.000000E+00    1.447158E+00    9.637878E-01    9.400000E+00    5.973800E+00    1.300000E+00    7.000000E+00    9.500000E+01    3.307169E+00    7.916015E-01    4.990000E+00    1.945642E+00    4.177821E+00    4.493767E-04    1.769478E-11    2.000000E+00    2.000000E+00    1.489106E+00
   6.200000E-10    3.000000E+00    3.700000E-01    1.200000E-01    1.397940E+00   -1.301030E+00   -1.000000E+01    3.060698E+00   -1.000000E+01   -1.000000E+01   -1.000000E+01   -1.000000E+01    8.903000E+00    5.670400E+00    1.200000E+00    6.000000E+00    6.300000E+01    2.815295E+00    7.481457E-01    4.360000E+00    5.109795E-01    3.763030E+00    8.974315E-04    6.811207E-11    2.200000E+01   -4.317983E-01    2.594910E-01
   6.200000E-10    3.000000E+00    2.800000E+01    1.210000E+02    1.397940E+00   -1.000000E+00   -1.000000E+01    3.361539E+00   -1.000000E+01   -1.000000E+01   -1.000000E+01   -1.000000E+01    4.090000E+00    5.670400E+00    1.200000E+00    6.000000E+00    6.300000E+01    2.815295E+00    7.481457E-01    4.360000E+00    1.635627E+00    3.763030E+00    8.974315E-04    9.632502E-11    3.000000E+00    2.118930E-02    8.053422E-02
   6.240000E-10    3.000000E+00    7.960000E+01    7.600000E+01    1.397940E+00   -2.000000E+00   -1.000000E+01    2.361728E+00   -1.000000E+01    2.550228E+00   -1.000000E+01   -1.000000E+01    5.000000E+00    5.973800E+00    1.300000E+00    7.000000E+00    9.500000E+01    3.307169E+00    8.845280E-01    4.990000E+00    9.799005E-01    3.738908E+00    8.974315E-04    3.046064E-11    4.000000E+00    1.931966E+00    1.601079E+00
   9.450000E-10    2.000000E+00    3.700000E+01    7.500000E+01    1.826075E+00   -1.000000E+00   -1.000000E+01    3.361539E+00   -1.000000E+01    3.549616E+00   -1.000000E+01   -1.000000E+01    3.100000E+00    7.416700E+00    2.330000E+00    6.000000E+00    8.200000E+01    3.219752E+00    1.143113E+00    4.360000E+00    1.306860E+00    2.816652E+00    4.085716E-04    1.028862E-10    2.000000E+00   -7.931741E-01   -1.211456E+00
   7.200000E-10    6.000000E+00    1.250000E-01    1.610000E+00    1.397940E+00   -7.447275E-01    1.023541E+00    3.275353E+00    3.050086E+00    3.695744E+00    1.057050E+00    2.595326E+00    8.030000E+00    6.193900E+00    1.380000E+00    7.000000E+00    9.200000E+01    3.367543E+00    1.039241E+00    4.990000E+00    2.109916E+00    3.240387E+00    8.974315E-04    1.292336E-10    1.100000E+01   -2.578396E+00   -2.613915E+00
   2.100000E-09    1.000000E+00    1.476000E+01    1.299000E+01    1.397940E+00   -1.698970E+00    2.893207E+00   -1.000000E+01   -1.000000E+01    2.850646E+00   -1.000000E+01   -1.000000E+01    9.500000E+00    3.893900E+00    7.900000E-01    6.000000E+00    5.500000E+01    2.332971E+00    2.099903E+00    4.360000E+00    9.445228E-01    1.110990E+00    8.974315E-04    4.307786E-11    1.700000E+01   -1.508638E+00   -4.685328E-01
   6.200000E-10    3.000000E+00    3.000000E+01    5.300000E+01    1.361728E+00   -1.000000E+00   -1.000000E+01    3.361539E+00   -1.000000E+01   -1.000000E+01   -1.000000E+01   -1.000000E+01    3.800000E+00    5.670400E+00    1.200000E+00    6.000000E+00    6.300000E+01    2.815295E+00    7.531981E-01    4.360000E+00    1.247155E+00    3.737788E+00    9.432169E-04    9.600140E-11    2.000000E+00    5.954962E-01    4.406386E-01
   6.600000E-10    2.000000E+00    3.500000E+01    8.700000E+01    1.301030E+00   -1.000000E+00   -1.000000E+01    3.361728E+00   -1.000000E+01   -1.000000E+01   -1.000000E+01   -1.000000E+01    1.206000E+01    7.639900E+00    1.910000E+00    4.000000E+00    2.800000E+01    2.585791E+00    7.439657E-01    3.450000E+00    1.395451E+00    3.475686E+00    1.018135E-03    9.551391E-11    3.000000E+00   -8.724670E-02    1.811913E-01
   2.100000E-09    1.000000E+00    7.960000E+01    7.600000E+01    1.397940E+00   -2.000000E+00   -1.000000E+01    2.361728E+00   -1.000000E+01   -1.000000E+01   -1.000000E+01   -1.000000E+01    4.553000E+00    3.893900E+00    7.900000E-01    6.000000E+00    5.500000E+01    2.332971E+00    2.099903E+00    4.360000E+00    9.799005E-01    1.110990E+00    8.974315E-04    3.046064E-11    4.000000E+00    5.693739E-01    3.838799E-01
   1.200000E-09    5.000000E+00    2.800000E+01    1.210000E+02    1.361728E+00   -1.000000E+00   -1.000000E+01    3.361539E+00   -1.000000E+01    3.549616E+00   -1.000000E+01   -1.000000E+01    8.500000E+00    6.265700E+00    1.360000E+00    7.000000E+00    9.300000E+01    3.387005E+00    1.753843E+00    4.990000E+00    1.635627E+00    1.931190E+00    9.432169E-04    9.600140E-11    3.000000E+00   -4.534573E-01   -7.112870E-01
   7.150000E-10    2.000000E+00    6.680000E+01    2.310000E+01    1.397940E+00   -3.000000E+00   -1.000000E+01    1.361728E+00   -1.000000E+01   -1.000000E+01   -1.000000E+01   -1.000000E+01    6.337000E+00    9.394200E+00    1.650000E+00    4.000000E+00    3.000000E+01    2.867342E+00    8.787314E-01    3.450000E+00    5.388355E-01    3.263047E+00    8.974315E-04    9.632502E-12    6.000000E+00    9.647309E-01    9.837078E-01
   9.450000E-10    2.000000E+00    3.700000E+01    7.500000E+01    1.397940E+00   -1.000000E+00   -1.000000E+01    3.361539E+00   -1.000000E+01    3.549616E+00   -1.000000E+01   -1.000000E+01    3.660000E+00    7.416700E+00    2.330000E+00    6.000000E+00    8.200000E+01    3.219752E+00    1.304142E+00    4.360000E+00    1.306860E+00    2.468867E+00    8.974315E-04    9.632502E-11    2.000000E+00   -1.500313E+00   -1.165053E+00
   6.240000E-10    3.000000E+00    1.115000E+02    2.120000E+01    1.397940E+00   -1.000000E+00   -1.000000E+01    3.361728E+00   -1.000000E+01   -1.000000E+01   -1.000000E+01   -1.000000E+01    2.760000E+00    5.973800E+00    1.300000E+00    7.000000E+00    9.500000E+01    3.307169E+00    8.845280E-01    4.990000E+00    2.790609E-01    3.738908E+00    8.974315E-04    9.632502E-11    6.000000E+00   -2.313619E-01   -2.618378E-01
   7.200000E-10    6.000000E+00    9.900000E+01    4.540000E+01    1.397940E+00   -3.000000E+00   -1.000000E+01    1.361728E+00   -1.000000E+01   -1.000000E+01   -1.000000E+01   -1.000000E+01    4.040000E+00    6.193900E+00    1.380000E+00    7.000000E+00    9.200000E+01    3.367543E+00    1.039241E+00    4.990000E+00    6.614207E-01    3.240387E+00    8.974315E-04    9.632502E-12    3.000000E+00    7.788745E-01    4.337787E-01
   9.450000E-10    2.000000E+00    1.000000E+02    1.080000E+02    1.397940E+00   -6.020600E-01   -1.000000E+01    3.759668E+00   -1.000000E+01    3.947434E+00   -1.000000E+01   -1.000000E+01    6.000000E+00    7.416700E+00    2.330000E+00    6.000000E+00    8.200000E+01    3.219752E+00    1.304142E+00    4.360000E+00    1.033424E+00    2.468867E+00    8.974315E-04    1.523032E-10    3.000000E+00    1.875207E-01    6.229805E-03
   2.100000E-09    1.000000E+00    2.000000E+00    5.000000E+00    1.397940E+00   -7.423214E-01    1.428135E+00    3.298853E+00    2.880814E+00    3.681241E+00    1.764176E+00    2.691081E+00    7.200000E+00    3.893900E+00    7.900000E-01    6.000000E+00    5.500000E+01    2.332971E+00    2.099903E+00    4.360000E+00    1.397940E+00    1.110990E+00    8.974315E-04    1.295921E-10    1.300000E+01   -2.552842E+00   -1.055667E+00
   7.150000E-10    2.000000E+00    6.680000E+01    2.310000E+01    1.397940E+00   -1.000000E+00   -1.000000E+01    3.361728E+00   -1.000000E+01   -1.000000E+01   -1.000000E+01   -1.000000E+01    6.177000E+00    9.394200E+00    1.650000E+00    4.000000E+00    3.000000E+01    2.867342E+00    8.787314E-01    3.450000E+00    5.388355E-01    3.263047E+00    8.974315E-04    9.632502E-11    6.000000E+00   -6.216021E-01   -5.090060E-01
   7.190000E-10    2.000000E+00    1.000000E+02    1.080000E+02    1.397940E+00   -1.000000E+00   -1.000000E+01    3.361539E+00   -1.000000E+01   -1.000000E+01   -1.000000E+01   -1.000000E+01    6.200000E+00    7.902400E+00    1.830000E+00    4.000000E+00    2.600000E+01    2.629839E+00    8.104545E-01    3.450000E+00    1.033424E+00    3.244894E+00    8.974315E-04    9.632502E-11    3.000000E+00   -5.917600E-01    1.003896E-01
   6.600000E-10    2.000000E+00    3.500000E+01    8.700000E+01    1.301030E+00   -2.004365E+00   -1.698970E+00   -7.351822E-01    2.120574E+00   -1.000000E+01   -1.000000E+01   -1.000000E+01    9.900000E+00    7.639900E+00    1.910000E+00    4.000000E+00    2.800000E+01    2.585791E+00    7.439657E-01    3.450000E+00    1.395451E+00    3.475686E+00    1.018135E-03    3.005275E-11    3.000000E+00    1.206826E+00    1.087548E+00
   6.600000E-10    2.000000E+00    3.500000E+01    8.700000E+01    1.301030E+00   -1.000000E+00   -1.000000E+01    3.361728E+00   -1.000000E+01   -1.000000E+01   -1.000000E+01   -1.000000E+01    1.180000E+01    7.639900E+00    1.910000E+00    4.000000E+00    2.800000E+01    2.585791E+00    7.439657E-01    3.450000E+00    1.395451E+00    3.475686E+00    1.018135E-03    9.551391E-11    3.000000E+00    1.789769E-01    4.726762E-01
   7.200000E-10    6.000000E+00    1.500000E+02    1.000000E-02    1.397940E+00   -7.958800E-01   -1.000000E+01    3.361539E+00    2.903958E+00   -1.000000E+01   -1.000000E+01   -1.000000E+01    1.020000E+01    6.193900E+00    1.380000E+00    7.000000E+00    9.200000E+01    3.367543E+00    1.039241E+00    4.990000E+00   -3.176091E+00    3.240387E+00    8.974315E-04    1.218426E-10    1.900000E+01    7.708520E-01    8.895119E-01
   2.090000E-09    4.000000E+00    3.000000E+01    7.200000E+01    1.397940E+00   -2.000000E+00   -1.000000E+01    2.361728E+00   -1.000000E+01   -1.000000E+01   -1.000000E+01   -1.000000E+01    3.100000E+00    6.306700E+00    1.300000E+00    7.000000E+00    9.000000E+01    3.398069E+00    3.044031E+00    4.990000E+00    1.380211E+00    1.116306E+00    8.974315E-04    3.046064E-11    2.000000E+00    1.840733E+00    1.518820E+00
   7.900000E-10    2.000000E+00    2.800000E+01    1.210000E+02    1.397940E+00   -1.301030E+00   -1.000000E+01    3.060509E+00   -1.000000E+01   -1.000000E+01   -1.000000E+01   -1.000000E+01    1.193000E+01    5.694900E+00    9.500000E-01    5.000000E+00    3.800000E+01    2.491348E+00    8.435911E-01    3.850000E+00    1.635627E+00    2.953264E+00    8.974315E-04    6.811207E-11    3.000000E+00    9.342169E-02   -4.414230E-02
   7.200000E-10    6.000000E+00    2.090000E+00    1.000000E-02    1.397940E+00   -1.000000E+00   -1.000000E+01    3.361728E+00   -1.000000E+01   -1.000000E+01   -1.000000E+01   -1.000000E+01    3.120000E+00    6.193900E+00    1.380000E+00    7.000000E+00    9.200000E+01    3.367543E+00    1.039241E+00    4.990000E+00   -1.320146E+00    3.240387E+00    8.974315E-04    9.632502E-11    1.900000E+01   -2.241845E+00   -2.451242E+00
   1.200000E-09    5.000000E+00    9.700000E+01    1.210000E+02    1.301030E+00   -1.000000E+00   -1.000000E+01    3.361728E+00   -1.000000E+01   -1.000000E+01   -1.000000E+01   -1.000000E+01    7.300000E+00    6.265700E+00    1.360000E+00    7.000000E+00    9.300000E+01    3.387005E+00    1.771792E+00    4.990000E+00    1.096014E+00    1.911627E+00    1.018135E-03    9.551391E-11    3.000000E+00   -1.455932E+00   -1.427002E+00
   6.200000E-10    3.000000E+00    5.360000E+01    6.230000E+01    1.342423E+00   -1.000000E+00   -1.000000E+01    3.361728E+00   -1.000000E+01    3.550228E+00   -1.000000E+01   -1.000000E+01    4.040000E+00    5.670400E+00    1.200000E+00    6.000000E+00    6.300000E+01    2.815295E+00    7.557500E-01    4.360000E+00    1.065323E+00    3.725167E+00    9.673286E-04    9.583918E-11    2.000000E+00   -3.344190E-01   -3.979110E-02
   4.300000E-10    5.000000E+00    7.090000E+01    6.500000E+00    1.301030E+00   -1.000000E+00   -1.000000E+01    3.361728E+00   -1.000000E+01   -1.000000E+01   -1.000000E+01   -1.000000E+01    5.960000E+00    6.026000E+00    1.280000E+00    7.000000E+00    9.400000E+01    3.321587E+00    6.226294E-01    4.990000E+00   -3.773288E-02    5.334774E+00    1.018135E-03    9.551391E-11    2.100000E+01    1.271048E-01    8.474997E-01
   7.190000E-10    2.000000E+00    1.000000E+02    1.080000E+02    1.397940E+00   -1.000000E+00   -1.000000E+01    3.361539E+00   -1.000000E+01   -1.000000E+01   -1.000000E+01   -1.000000E+01    6.200000E+00    7.902400E+00    1.830000E+00    4.000000E+00    2.600000E+01    2.629839E+00    8.104545E-01    3.450000E+00    1.033424E+00    3.244894E+00    8.974315E-04    9.632502E-11    3.000000E+00    8.419848E-01    1.003896E-01
   6.240000E-10    3.000000E+00    1.460000E+02    6.500000E+00    1.397940E+00   -1.000000E+00   -1.000000E+01    3.361728E+00   -1.000000E+01   -1.000000E+01   -1.000000E+01   -1.000000E+01    5.989000E+00    5.973800E+00    1.300000E+00    7.000000E+00    9.500000E+01    3.307169E+00    8.845280E-01    4.990000E+00   -3.514395E-01    3.738908E+00    8.974315E-04    9.632502E-11    2.100000E+01    1.012837E+00    1.126993E+00
   7.200000E-10    6.000000E+00    5.360000E+01    6.230000E+01    1.397940E+00   -1.000000E+00   -1.000000E+01    3.361728E+00   -1.000000E+01    3.550228E+00   -1.000000E+01   -1.000000E+01    4.780000E+00    6.193900E+00    1.380000E+00    7.000000E+00    9.200000E+01    3.367543E+00    1.039241E+00    4.990000E+00    1.065323E+00    3.240387E+00    8.974315E-04    9.632502E-11    2.000000E+00   -7.644716E-01   -7.122768E-01
   2.100000E-09    1.000000E+00    2.712000E+01    7.600000E+01    6.989700E-01   -2.088310E+00    5.502284E-01    1.311966E+00    1.838471E+00    1.075912E+00    2.378761E+00    1.715753E+00    8.240000E+00    3.893900E+00    7.900000E-01    6.000000E+00    5.500000E+01    2.332971E+00    2.250894E+00    4.360000E+00    1.447524E+00    1.036464E+00    1.535544E-03    2.657702E-11    4.000000E+00    3.222193E-01    5.462506E-02
   6.600000E-10    2.000000E+00    3.500000E+01    8.700000E+01    1.301030E+00   -1.522879E+00   -1.000000E+01    2.838849E+00   -1.000000E+01   -1.000000E+01   -1.000000E+01   -1.000000E+01    4.710000E+00    7.639900E+00    1.910000E+00    4.000000E+00    2.800000E+01    2.585791E+00    7.439657E-01    3.450000E+00    1.395451E+00    3.475686E+00    1.018135E-03    5.231512E-11    3.000000E+00   -1.010544E-02   -2.923526E-02
   7.200000E-10    6.000000E+00    9.700000E+01    1.210000E+02    1.301030E+00   -1.000000E+00   -1.000000E+01    3.361728E+00   -1.000000E+01   -1.000000E+01   -1.000000E+01   -1.000000E+01    6.096000E+00    6.193900E+00    1.380000E+00    7.000000E+00    9.200000E+01    3.367543E+00    1.056966E+00    4.990000E+00    1.096014E+00    3.186046E+00    1.018135E-03    9.551391E-11    3.000000E+00    1.522444E+00    1.141591E+00
   7.900000E-10    2.000000E+00    4.420000E+01    7.500000E+01    1.397940E+00   -8.538720E-01   -1.000000E+01    3.507856E+00   -1.000000E+01   -1.000000E+01   -1.000000E+01   -1.000000E+01    4.157000E+00    5.694900E+00    9.500000E-01    5.000000E+00    3.800000E+01    2.491348E+00    8.435911E-01    3.850000E+00    1.229639E+00    2.953264E+00    8.974315E-04    1.139733E-10    2.000000E+00   -1.713401E-01   -3.443789E-01
   6.200000E-10    3.000000E+00    3.000000E+01    5.300000E+01    1.361728E+00   -1.000000E+00   -1.000000E+01    3.361539E+00   -1.000000E+01   -1.000000E+01   -1.000000E+01   -1.000000E+01    6.700000E+00    5.670400E+00    1.200000E+00    6.000000E+00    6.300000E+01    2.815295E+00    7.531981E-01    4.360000E+00    1.247155E+00    3.737788E+00    9.432169E-04    9.600140E-11    2.000000E+00    1.086360E+00    1.292770E+00
   2.100000E-09    1.000000E+00    5.300000E+00    6.000000E+00    1.397940E+00   -1.000000E+00   -1.000000E+01    3.361539E+00   -1.000000E+01    3.549616E+00   -1.000000E+01   -1.000000E+01    6.200000E+00    3.893900E+00    7.900000E-01    6.000000E+00    5.500000E+01    2.332971E+00    2.099903E+00    4.360000E+00    1.053875E+00    1.110990E+00    8.974315E-04    9.632502E-11    4.000000E+00    8.278537E-02   -4.319335E-02
   7.150000E-10    2.000000E+00    1.000000E+02    1.080000E+02    1.397940E+00   -1.000000E+00   -1.000000E+01    3.361539E+00   -1.000000E+01   -1.000000E+01   -1.000000E+01   -1.000000E+01    6.200000E+00    9.394200E+00    1.650000E+00    4.000000E+00    3.000000E+01    2.867342E+00    8.787314E-01    3.450000E+00    1.033424E+00    3.263047E+00    8.974315E-04    9.632502E-11    3.000000E+00    7.024305E-01    1.489173E+00
   6.600000E-10    2.000000E+00    3.500000E+01    8.700000E+01    1.301030E+00   -1.000000E+00   -1.000000E+01    3.361728E+00   -1.000000E+01   -1.000000E+01   -1.000000E+01   -1.000000E+01    8.510000E+00    7.639900E+00    1.910000E+00    4.000000E+00    2.800000E+01    2.585791E+00    7.439657E-01    3.450000E+00    1.395451E+00    3.475686E+00    1.018135E-03    9.551391E-11    3.000000E+00    1.089905E+00    1.066868E+00
   4.300000E-10    5.000000E+00    7.090000E+01    6.500000E+00    1.301030E+00   -1.000000E+00   -1.000000E+01    3.361728E+00   -1.000000E+01   -1.000000E+01   -1.000000E+01   -1.000000E+01    6.570000E+00    6.026000E+00    1.280000E+00    7.000000E+00    9.400000E+01    3.321587E+00    6.226294E-01    4.990000E+00   -3.773288E-02    5.334774E+00    1.018135E-03    9.551391E-11    2.100000E+01    1.201397E+00    1.237397E+00
   6.240000E-10    3.000000E+00    3.750000E+01    1.650000E+01    1.397940E+00   -3.508638E+00    1.760913E-01    7.708520E-01   -6.048075E-02   -1.000000E+01    9.190781E-01   -1.000000E+01    7.200000E+00    5.973800E+00    1.300000E+00    7.000000E+00    9.500000E+01    3.307169E+00    8.845280E-01    4.990000E+00    6.434527E-01    3.738908E+00    8.974315E-04    5.363150E-12    2.500000E+01   -3.205721E-01    5.080841E-02
   7.200000E-10    6.000000E+00    9.700000E+01    1.210000E+02    1.301030E+00   -1.000000E+00   -1.000000E+01    3.361728E+00   -1.000000E+01   -1.000000E+01   -1.000000E+01   -1.000000E+01    2.441000E+00    6.193900E+00    1.380000E+00    7.000000E+00    9.200000E+01    3.367543E+00    1.056966E+00    4.990000E+00    1.096014E+00    3.186046E+00    1.018135E-03    9.551391E-11    3.000000E+00   -8.386320E-01   -1.122215E+00
   6.600000E-10    2.000000E+00    2.800000E+01    1.210000E+02    1.395326E+00   -2.000000E+00   -1.000000E+01    2.361539E+00   -1.000000E+01   -1.000000E+01   -1.000000E+01   -1.000000E+01    6.000000E+00    7.639900E+00    1.910000E+00    4.000000E+00    2.800000E+01    2.585791E+00    7.318575E-01    3.450000E+00    1.635627E+00    3.533189E+00    9.007563E-04    3.045298E-11    3.000000E+00    3.909351E-01    3.197326E-01
   1.550000E-09    4.000000E+00    6.000000E+01    1.900000E+01    1.322219E+00   -9.956786E-01    1.503791E+00    3.076706E+00    2.409108E+00    3.162400E+00    2.200446E+00    3.175667E+00    7.500000E+00    9.752400E+00    2.550000E+00    4.000000E+00    3.400000E+01    2.921497E+00    1.967314E+00    3.450000E+00    5.006024E-01    1.485018E+00    9.922914E-04    9.615388E-11    5.000000E+00   -7.375489E-01   -1.617054E+00
   2.100000E-09    1.000000E+00    3.750000E+01    1.442000E+02    1.397940E+00   -2.134304E+00    1.072100E-01    2.127105E+00    1.939519E+00   -1.769551E+00   -1.000000E+01    3.873898E-01    1.210000E+01    3.893900E+00    7.900000E-01    6.000000E+00    5.500000E+01    2.332971E+00    2.099903E+00    4.360000E+00    1.584934E+00    1.110990E+00    8.974315E-04    2.609679E-11    2.500000E+01    6.901961E-01    7.231827E-01
   6.600000E-10    2.000000E+00    6.680000E+01    2.310000E+01    1.397940E+00   -1.000000E+00   -1.000000E+01    3.361728E+00   -1.000000E+01   -1.000000E+01   -1.000000E+01   -1.000000E+01    5.255000E+00    7.639900E+00    1.910000E+00    4.000000E+00    2.800000E+01    2.585791E+00    7.314893E-01    3.450000E+00    5.388355E-01    3.534968E+00    8.974315E-04    9.632502E-11    6.000000E+00   -1.164944E+00   -1.454661E+00
   7.200000E-10    6.000000E+00    5.660000E+01    8.000000E+01    1.397940E+00   -2.000000E+00   -1.000000E+01    2.361728E+00   -1.000000E+01   -1.000000E+01   -1.000000E+01   -1.000000E+01    6.644000E+00    6.193900E+00    1.380000E+00    7.000000E+00    9.200000E+01    3.367543E+00    1.039241E+00    4.990000E+00    1.150274E+00    3.240387E+00    8.974315E-04    3.046064E-11    3.000000E+00    6.589648E-01    5.653893E-01
   7.200000E-10    6.000000E+00    5.660000E+01    8.000000E+01    1.397940E+00   -1.000000E+00   -1.000000E+01    3.361728E+00   -1.000000E+01   -1.000000E+01   -1.000000E+01   -1.000000E+01    4.511000E+00    6.193900E+00    1.380000E+00    7.000000E+00    9.200000E+01    3.367543E+00    1.039241E+00    4.990000E+00    1.150274E+00    3.240387E+00    8.974315E-04    9.632502E-11    3.000000E+00   -9.829667E-01   -5.142259E-01
   7.900000E-10    2.000000E+00    2.800000E+01    1.210000E+02    1.397940E+00   -1.000000E+00   -1.000000E+01    3.361539E+00   -1.000000E+01   -1.000000E+01   -1.000000E+01   -1.000000E+01    9.260000E+00    5.694900E+00    9.500000E-01    5.000000E+00    3.800000E+01    2.491348E+00    8.435911E-01    3.850000E+00    1.635627E+00    2.953264E+00    8.974315E-04    9.632502E-11    3.000000E+00   -6.635403E-01   -5.295004E-01
   9.230000E-10    4.000000E+00    3.750000E+01    1.442000E+02    1.397940E+00   -2.038579E+00   -6.550155E-02    2.086360E+00    2.075547E+00   -1.301030E+00   -1.000000E+01    1.387390E+00    1.200000E+01    1.126030E+01    2.550000E+00    2.000000E+00    6.000000E+00    1.810750E+00    7.163593E-01    1.990000E+00    1.584934E+00    2.527713E+00    8.974315E-04    2.913732E-11    2.500000E+01   -1.051098E+00   -1.138802E+00
   6.200000E-10    3.000000E+00    3.500000E+01    6.300000E+01    1.397940E+00   -1.000000E+00   -1.000000E+01    3.361728E+00   -1.000000E+01   -1.000000E+01   -1.000000E+01   -1.000000E+01    2.730000E+00    5.670400E+00    1.200000E+00    6.000000E+00    6.300000E+01    2.815295E+00    7.481457E-01    4.360000E+00    1.255273E+00    3.763030E+00    8.974315E-04    9.632502E-11    3.000000E+00   -1.051303E-01   -1.329176E+00
   1.200000E-09    5.000000E+00    2.712000E+01    7.600000E+01    6.989700E-01   -2.111259E+00    5.502284E-01    1.311966E+00    1.798858E+00    1.075912E+00    2.361822E+00    1.715753E+00    8.500000E+00    6.265700E+00    1.360000E+00    7.000000E+00    9.300000E+01    3.387005E+00    1.867340E+00    4.990000E+00    1.447524E+00    1.813813E+00    1.535544E-03    2.588402E-11    4.000000E+00   -8.239087E-01   -8.994729E-01
   6.200000E-10    3.000000E+00    7.960000E+01    7.600000E+01    1.397940E+00   -1.000000E+00   -1.000000E+01    3.361728E+00   -1.000000E+01    3.550228E+00   -1.000000E+01   -1.000000E+01    6.040000E+00    5.670400E+00    1.200000E+00    6.000000E+00    6.300000E+01    2.815295E+00    7.481457E-01    4.360000E+00    9.799005E-01    3.763030E+00    8.974315E-04    9.632502E-11    3.000000E+00   -5.686362E-01    5.136785E-01
   2.100000E-09    1.000000E+00    1.360000E+00    3.500000E+00    1.397940E+00   -7.423214E-01    1.428135E+00    3.298853E+00    2.880814E+00    3.681241E+00    1.764176E+00    2.691081E+00    7.200000E+00    3.893900E+00    7.900000E-01    6.000000E+00    5.500000E+01    2.332971E+00    2.099903E+00    4.360000E+00    1.410529E+00    1.110990E+00    8.974315E-04    1.295921E-10    1.300000E+01   -6.575773E-01   -1.205277E+00
   1.200000E-09    5.000000E+00    1.018000E+01    3.700000E+01    6.989700E-01   -2.111259E+00    5.502284E-01    1.311966E+00    1.798858E+00    1.075912E+00    2.361822E+00    1.715753E+00    7.120000E+00    6.265700E+00    1.360000E+00    7.000000E+00    9.300000E+01    3.387005E+00    1.867340E+00    4.990000E+00    1.560454E+00    1.813813E+00    1.535544E-03    2.588402E-11    9.000000E+00   -6.550155E-02   -9.502162E-02
   1.200000E-09    5.000000E+00    2.800000E+01    1.080000E+02    1.301030E+00   -2.000000E+00   -1.000000E+01    2.361539E+00   -1.000000E+01   -1.000000E+01   -1.000000E+01   -1.000000E+01    2.100000E+00    6.265700E+00    1.360000E+00    7.000000E+00    9.300000E+01    3.387005E+00    1.771792E+00    4.990000E+00    1.586266E+00    1.911627E+00    1.018135E-03    3.020415E-11    2.000000E+00   -6.003263E-01   -9.171129E-01
   2.000000E-09    5.000000E+00    1.145800E+00    4.000000E+00    1.395326E+00   -3.801343E+00   -1.000000E+01   -1.000000E+01   -1.000000E+01   -1.000000E+01   -1.000000E+01   -1.000000E+01    7.000000E+00    1.045130E+01    2.660000E+00    5.000000E+00    5.300000E+01    3.375021E+00    2.894647E+00    3.850000E+00    1.542951E+00    1.165953E+00    9.007563E-04    3.827880E-12    1.300000E+01   -2.896196E+00   -2.912116E+00
   9.450000E-10    2.000000E+00    3.700000E+01    7.500000E+01    1.397940E+00   -1.000000E+00   -1.000000E+01    3.361539E+00   -1.000000E+01    3.549616E+00   -1.000000E+01   -1.000000E+01    7.480000E+00    7.416700E+00    2.330000E+00    6.000000E+00    8.200000E+01    3.219752E+00    1.304142E+00    4.360000E+00    1.306860E+00    2.468867E+00    8.974315E-04    9.632502E-11    2.000000E+00    1.711807E+00    1.044137E+00
   6.600000E-10    2.000000E+00    3.500000E+01    8.700000E+01    1.301030E+00   -1.522879E+00   -1.000000E+01    2.838849E+00   -1.000000E+01   -1.000000E+01   -1.000000E+01   -1.000000E+01    8.900000E+00    7.639900E+00    1.910000E+00    4.000000E+00    2.800000E+01    2.585791E+00    7.439657E-01    3.450000E+00    1.395451E+00    3.475686E+00    1.018135E-03    5.231512E-11    3.000000E+00    1.041393E+00    9.814462E-01
   6.200000E-10    3.000000E+00    7.960000E+01    7.600000E+01    1.397940E+00   -1.000000E+00   -1.000000E+01    3.361728E+00   -1.000000E+01    3.550228E+00   -1.000000E+01   -1.000000E+01    6.040000E+00    5.670400E+00    1.200000E+00    6.000000E+00    6.300000E+01    2.815295E+00    7.481457E-01    4.360000E+00    9.799005E-01    3.763030E+00    8.974315E-04    9.632502E-11    3.000000E+00   -9.507820E-01    5.136785E-01
   2.100000E-09    1.000000E+00    2.800000E-01    7.600000E-01    1.397940E+00   -5.142786E-01    1.571709E+00    3.683047E+00    3.594393E+00   -1.000000E+01   -1.000000E+01   -1.000000E+01    8.100000E+00    3.893900E+00    7.900000E-01    6.000000E+00    5.500000E+01    2.332971E+00    2.099903E+00    4.360000E+00    1.433656E+00    1.110990E+00    8.974315E-04    1.685000E-10    1.600000E+01   -1.387216E+00   -1.346293E+00
   2.100000E-09    1.000000E+00    3.400000E+00    8.200000E+00    1.477121E+00   -9.393022E-01    3.592177E+00   -1.000000E+01   -1.000000E+01   -1.000000E+01   -1.000000E+01   -1.000000E+01    6.200000E+00    3.893900E+00    7.900000E-01    6.000000E+00    5.500000E+01    2.332971E+00    2.065269E+00    4.360000E+00    1.382335E+00    1.129621E+00    7.959477E-04    1.041596E-10    1.800000E+01   -1.585027E+00   -2.128485E+00
   2.100000E-09    1.000000E+00    1.018000E+01    3.700000E+01    6.989700E-01   -2.111259E+00    5.502284E-01    1.311966E+00    1.798858E+00    1.075912E+00    2.361822E+00    1.715753E+00    6.780000E+00    3.893900E+00    7.900000E-01    6.000000E+00    5.500000E+01    2.332971E+00    2.250894E+00    4.360000E+00    1.560454E+00    1.036464E+00    1.535544E-03    2.588402E-11    9.000000E+00   -6.989700E-01   -7.016050E-01
   9.450000E-10    2.000000E+00    3.180000E+01    7.640000E+01    1.301030E+00   -2.000000E+00   -1.000000E+01    2.361728E+00   -1.000000E+01   -1.000000E+01   -1.000000E+01   -1.000000E+01    5.000000E+00    7.416700E+00    2.330000E+00    6.000000E+00    8.200000E+01    3.219752E+00    1.326385E+00    4.360000E+00    1.380666E+00    2.427463E+00    1.018135E-03    3.020415E-11    3.000000E+00    1.301030E+00    1.338799E+00
   9.450000E-10    2.000000E+00    3.700000E+01    7.500000E+01    1.397940E+00   -1.000000E+00   -1.000000E+01    3.361539E+00   -1.000000E+01    3.549616E+00   -1.000000E+01   -1.000000E+01    5.840000E+00    7.416700E+00    2.330000E+00    6.000000E+00    8.200000E+01    3.219752E+00    1.304142E+00    4.360000E+00    1.306860E+00    2.468867E+00    8.974315E-04    9.632502E-11    2.000000E+00    1.139434E-01   -4.290172E-01
   7.200000E-10    6.000000E+00    5.660000E+01    8.000000E+01    1.397940E+00   -1.000000E+00   -1.000000E+01    3.361728E+00   -1.000000E+01   -1.000000E+01   -1.000000E+01   -1.000000E+01    3.080000E+00    6.193900E+00    1.380000E+00    7.000000E+00    9.200000E+01    3.367543E+00    1.039241E+00    4.990000E+00    1.150274E+00    3.240387E+00    8.974315E-04    9.632502E-11    3.000000E+00   -1.284833E+00   -8.059875E-01
   7.900000E-10    2.000000E+00    9.900000E+01    4.800000E+01    1.397940E+00   -1.000000E+00   -1.000000E+01    3.361728E+00   -1.000000E+01   -1.000000E+01   -1.000000E+01   -1.000000E+01    4.665000E+00    5.694900E+00    9.500000E-01    5.000000E+00    3.800000E+01    2.491348E+00    8.435911E-01    3.850000E+00    6.856061E-01    2.953264E+00    8.974315E-04    9.632502E-11    3.000000E+00   -1.158015E+00   -1.104673E+00
   7.200000E-10    6.000000E+00    3.300000E+01    1.020000E+02    1.342423E+00   -1.000000E+00   -1.000000E+01    3.361728E+00   -1.000000E+01   -1.000000E+01   -1.000000E+01   -1.000000E+01    7.500000E+00    6.193900E+00    1.380000E+00    7.000000E+00    9.200000E+01    3.367543E+00    1.049804E+00    4.990000E+00    1.490086E+00    3.207782E+00    9.673286E-04    9.583918E-11    3.000000E+00    3.891661E-01    1.561217E-02
   4.300000E-10    4.000000E+00    6.000000E+01    1.900000E+01    1.845098E+00   -2.156145E+00    8.976271E-01    1.929930E+00    1.178977E+00   -1.000000E+01   -1.000000E+01   -1.000000E+01    8.460000E+00    6.026000E+00    1.280000E+00    7.000000E+00    9.400000E+01    3.321587E+00    5.319068E-01    4.990000E+00    5.006024E-01    6.244679E+00    3.938978E-04    2.730181E-11    5.000000E+00    1.176091E+00    3.823714E-01
   2.100000E-09    1.000000E+00    1.476000E+01    1.299000E+01    1.397940E+00   -2.175274E-01    2.633468E+00    4.136721E+00   -1.000000E+01    4.322219E+00    2.961421E+00   -1.000000E+01    8.710000E+00    3.893900E+00    7.900000E-01    6.000000E+00    5.500000E+01    2.332971E+00    2.099903E+00    4.360000E+00    9.445228E-01    1.110990E+00    8.974315E-04    2.371239E-10    1.700000E+01   -1.522879E+00   -1.471882E+00
   6.200000E-10    3.000000E+00    2.800000E+01    1.210000E+02    1.397940E+00   -1.045757E+00   -1.000000E+01    3.315781E+00   -1.000000E+01    3.503859E+00   -1.000000E+01   -1.000000E+01    5.990000E+00    5.670400E+00    1.200000E+00    6.000000E+00    6.300000E+01    2.815295E+00    7.481457E-01    4.360000E+00    1.635627E+00    3.763030E+00    8.974315E-04    9.138193E-11    3.000000E+00    1.206826E+00    1.500653E+00
   2.100000E-09    1.000000E+00    7.960000E+01    7.600000E+01    1.397940E+00   -1.288193E+00    2.736397E+00    1.354108E+00    1.985875E+00    2.539076E+00    1.729165E+00    4.623980E-01    5.000000E+00    3.893900E+00    7.900000E-01    6.000000E+00    5.500000E+01    2.332971E+00    2.099903E+00    4.360000E+00    9.799005E-01    1.110990E+00    8.974315E-04    6.912620E-11    4.000000E+00    1.760913E-01    1.145242E-01
   4.300000E-10    4.000000E+00    5.440000E+01    1.442000E+02    1.778151E+00   -2.175874E+00    9.542425E-01    1.986772E+00    6.989700E-01    9.395193E-01    1.672098E+00    2.204120E+00    9.200000E+00    6.026000E+00    1.280000E+00    7.000000E+00    9.400000E+01    3.321587E+00    5.478727E-01    4.990000E+00    1.423366E+00    6.062698E+00    4.493767E-04    2.629690E-11    2.500000E+01   -1.191864E-01    7.998589E-02
   7.200000E-10    6.000000E+00    3.300000E+01    1.020000E+02    1.342423E+00   -2.000000E+00   -1.000000E+01    2.361728E+00   -1.000000E+01   -1.000000E+01   -1.000000E+01   -1.000000E+01    7.230000E+00    6.193900E+00    1.380000E+00    7.000000E+00    9.200000E+01    3.367543E+00    1.049804E+00    4.990000E+00    1.490086E+00    3.207782E+00    9.673286E-04    3.030701E-11    3.000000E+00    1.103804E+00   -1.463289E-02
   2.090000E-09    4.000000E+00    3.000000E+01    7.600000E+01    1.397940E+00   -2.000000E+00   -1.000000E+01    2.361728E+00   -1.000000E+01   -1.000000E+01   -1.000000E+01   -1.000000E+01    4.327000E+00    6.306700E+00    1.300000E+00    7.000000E+00    9.000000E+01    3.398069E+00    3.044031E+00    4.990000E+00    1.403692E+00    1.116306E+00    8.974315E-04    3.046064E-11    2.000000E+00    7.050080E-01    1.520898E+00
   6.600000E-10    2.000000E+00    3.500000E+01    8.700000E+01    1.301030E+00   -1.004365E+00   -1.698970E+00   -7.447275E-01    3.120574E+00   -1.000000E+01   -1.000000E+01   -1.000000E+01    3.310000E+00    7.639900E+00    1.910000E+00    4.000000E+00    2.800000E+01    2.585791E+00    7.439657E-01    3.450000E+00    1.395451E+00    3.475686E+00    1.018135E-03    9.503514E-11    3.000000E+00   -2.036684E+00   -1.892940E+00
   6.200000E-10    3.000000E+00    2.712000E+01    7.600000E+01    6.989700E-01   -2.088310E+00    5.502284E-01    1.311966E+00    1.838471E+00    1.075912E+00    2.378761E+00    1.715753E+00    7.940000E+00    5.670400E+00    1.200000E+00    6.000000E+00    6.300000E+01    2.815295E+00    8.019401E-01    4.360000E+00    1.447524E+00    3.510605E+00    1.535544E-03    2.657702E-11    4.000000E+00    2.552725E-01    1.914990E-01
   6.200000E-10    3.000000E+00    3.000000E+01    7.600000E+01    1.397940E+00   -2.000000E+00   -1.000000E+01    2.361728E+00   -1.000000E+01   -1.000000E+01   -1.000000E+01   -1.000000E+01    4.100000E+00    5.670400E+00    1.200000E+00    6.000000E+00    6.300000E+01    2.815295E+00    7.481457E-01    4.360000E+00    1.403692E+00    3.763030E+00    8.974315E-04    3.046064E-11    2.000000E+00    6.063814E-01    7.296772E-01
   7.900000E-10    2.000000E+00    1.242000E+01    9.400000E+00    6.989700E-01   -2.111259E+00    5.502284E-01    1.311966E+00    1.798858E+00    1.075912E+00    2.361822E+00    1.715753E+00    6.810000E+00    5.694900E+00    9.500000E-01    5.000000E+00    3.800000E+01    2.491348E+00    9.042484E-01    3.850000E+00    8.790063E-01    2.755158E+00    1.535544E-03    2.588402E-11    2.400000E+01   -3.098039E-01   -3.638385E-01
   7.200000E-10    2.000000E+00    6.680000E+01    2.310000E+01    1.397940E+00   -1.000000E+00   -1.000000E+01    3.361728E+00   -1.000000E+01   -1.000000E+01   -1.000000E+01   -1.000000E+01    7.049000E+00    8.993800E+00    1.690000E+00    5.000000E+00    4.800000E+01    3.130855E+00    9.661976E-01    3.850000E+00    5.388355E-01    3.240387E+00    8.974315E-04    9.632502E-11    6.000000E+00    5.690485E-02   -1.341100E-01
   2.100000E-09    1.000000E+00    1.550000E+00    6.600000E-01    1.397940E+00   -2.552842E+00    1.093422E+00    1.765669E+00    1.232996E+00   -1.000000E+01   -1.000000E+01   -1.000000E+01    8.410000E+00    3.893900E+00    7.900000E-01    6.000000E+00    5.500000E+01    2.332971E+00    2.099903E+00    4.360000E+00    6.292123E-01    1.110990E+00    8.974315E-04    1.611826E-11    1.500000E+01   -2.006595E-01   -3.808710E-01
   7.200000E-10    6.000000E+00    5.660000E+01    8.000000E+01    1.397940E+00   -3.000000E+00   -1.000000E+01    1.361728E+00   -1.000000E+01   -1.000000E+01   -1.000000E+01   -1.000000E+01    6.800000E+00    6.193900E+00    1.380000E+00    7.000000E+00    9.200000E+01    3.367543E+00    1.039241E+00    4.990000E+00    1.150274E+00    3.240387E+00    8.974315E-04    9.632502E-12    3.000000E+00    1.948413E+00    6.884196E-01
   6.200000E-10    3.000000E+00    3.200000E+01    7.600000E+01    1.380211E+00   -7.033348E-01   -1.000000E+01   -1.000000E+01    3.423246E+00   -1.000000E+01   -1.000000E+01   -1.000000E+01    6.990000E+00    5.670400E+00    1.200000E+00    6.000000E+00    6.300000E+01    2.815295E+00    7.506634E-01    4.360000E+00    1.375664E+00    3.750409E+00    9.199272E-04    1.353138E-10    3.000000E+00    3.031961E-01    6.514742E-01
   4.300000E-10    4.000000E+00    6.000000E+01    1.190000E+01    1.397940E+00   -2.031050E+00    5.010593E-01    1.747412E+00    9.052560E-01   -1.000000E+01   -1.000000E+01   -1.000000E+01    8.800000E+00    6.026000E+00    1.280000E+00    7.000000E+00    9.400000E+01    3.321587E+00    6.121878E-01    4.990000E+00    2.973956E-01    5.425765E+00    8.974315E-04    2.939097E-11    5.000000E+00    1.462398E+00    3.906943E-01
   6.600000E-10    2.000000E+00    2.950000E+01    7.600000E+01    1.447158E+00   -2.000000E+00   -1.000000E+01    2.361728E+00   -1.000000E+01    2.550228E+00   -1.000000E+01   -1.000000E+01    7.079000E+00    7.639900E+00    1.910000E+00    4.000000E+00    2.800000E+01    2.585791E+00    7.242024E-01    3.450000E+00    1.410992E+00    3.570537E+00    8.344425E-04    3.061351E-11    2.000000E+00    6.424645E-01    5.851782E-01
   6.200000E-10    3.000000E+00    3.200000E+01    7.600000E+01    1.380211E+00   -7.033348E-01   -1.000000E+01   -1.000000E+01    3.423246E+00   -1.000000E+01   -1.000000E+01   -1.000000E+01    7.400000E+00    5.670400E+00    1.200000E+00    6.000000E+00    6.300000E+01    2.815295E+00    7.506634E-01    4.360000E+00    1.375664E+00    3.750409E+00    9.199272E-04    1.353138E-10    3.000000E+00    1.539076E+00    9.372687E-01
   6.600000E-10    2.000000E+00    3.950000E+01    9.000000E+01    1.297761E+00   -2.000000E+00   -1.000000E+01    2.361539E+00   -1.000000E+01   -1.000000E+01   -1.000000E+01   -1.000000E+01    6.000000E+00    7.639900E+00    1.910000E+00    4.000000E+00    2.800000E+01    2.585791E+00    7.443466E-01    3.450000E+00    1.357645E+00    3.473908E+00    1.022090E-03    3.019642E-11    3.000000E+00    2.355284E-01    4.248726E-01
   7.200000E-10    6.000000E+00    5.660000E+01    8.000000E+01    1.397940E+00   -2.000000E+00   -1.000000E+01    2.361728E+00   -1.000000E+01   -1.000000E+01   -1.000000E+01   -1.000000E+01    2.212000E+00    6.193900E+00    1.380000E+00    7.000000E+00    9.200000E+01    3.367543E+00    1.039241E+00    4.990000E+00    1.150274E+00    3.240387E+00    8.974315E-04    3.046064E-11    3.000000E+00   -2.041200E-01   -2.553512E-01
   7.200000E-10    6.000000E+00    5.360000E+01    6.230000E+01    1.397940E+00   -1.000000E+00   -1.000000E+01    3.361728E+00   -1.000000E+01    3.550228E+00   -1.000000E+01   -1.000000E+01    5.000000E+00    6.193900E+00    1.380000E+00    7.000000E+00    9.200000E+01    3.367543E+00    1.039241E+00    4.990000E+00    1.065323E+00    3.240387E+00    8.974315E-04    9.632502E-11    2.000000E+00   -4.989407E-01   -4.189921E-01
   7.200000E-10    6.000000E+00    5.660000E+01    8.000000E+01    1.397940E+00   -2.000000E+00   -1.000000E+01    2.361728E+00   -1.000000E+01   -1.000000E+01   -1.000000E+01   -1.000000E+01    9.216000E+00    6.193900E+00    1.380000E+00    7.000000E+00    9.200000E+01    3.367543E+00    1.039241E+00    4.990000E+00    1.150274E+00    3.240387E+00    8.974315E-04    3.046064E-11    3.000000E+00   -1.319436E-01   -1.837566E-01
   7.200000E-10    6.000000E+00    3.300000E+01    1.020000E+02    1.342423E+00   -1.000000E+00   -1.000000E+01    3.361728E+00   -1.000000E+01   -1.000000E+01   -1.000000E+01   -1.000000E+01    7.500000E+00    6.193900E+00    1.380000E+00    7.000000E+00    9.200000E+01    3.367543E+00    1.049804E+00    4.990000E+00    1.490086E+00    3.207782E+00    9.673286E-04    9.583918E-11    3.000000E+00   -7.825161E-01    1.561217E-02
   6.200000E-10    3.000000E+00    2.300000E+00    9.300000E+00    1.342423E+00   -1.004365E+00   -1.000000E+01   -1.000000E+01    3.120574E+00    3.369216E+00   -1.000000E+01   -1.000000E+01    4.100000E+00    5.670400E+00    1.200000E+00    6.000000E+00    6.300000E+01    2.815295E+00    7.557500E-01    4.360000E+00    1.606755E+00    3.725167E+00    9.673286E-04    9.535878E-11    1.300000E+01   -1.195861E+00   -1.399363E+00
   7.900000E-10    2.000000E+00    2.800000E+01    1.210000E+02    1.397940E+00   -3.010300E-01   -1.000000E+01    4.060509E+00   -1.000000E+01   -1.000000E+01   -1.000000E+01   -1.000000E+01    1.261000E+01    5.694900E+00    9.500000E-01    5.000000E+00    3.800000E+01    2.491348E+00    8.435911E-01    3.850000E+00    1.635627E+00    2.953264E+00    8.974315E-04    2.153893E-10    3.000000E+00   -5.016894E-01   -6.106557E-01
   6.600000E-10    2.000000E+00    3.500000E+01    8.700000E+01    1.301030E+00   -1.000000E+00   -1.000000E+01    3.361728E+00   -1.000000E+01   -1.000000E+01   -1.000000E+01   -1.000000E+01    9.790000E+00    7.639900E+00    1.910000E+00    4.000000E+00    2.800000E+01    2.585791E+00    7.439657E-01    3.450000E+00    1.395451E+00    3.475686E+00    1.018135E-03    9.551391E-11    3.000000E+00    1.178977E+00    1.162717E+00
   7.200000E-10    6.000000E+00    4.600000E+01    1.100000E+01    1.395326E+00   -2.000000E+00   -1.000000E+01    2.361539E+00   -1.000000E+01   -1.000000E+01   -1.000000E+01   -1.000000E+01    9.000000E+00    6.193900E+00    1.380000E+00    7.000000E+00    9.200000E+01    3.367543E+00    1.039764E+00    4.990000E+00    3.786348E-01    3.238757E+00    9.007563E-04    3.045298E-11    7.000000E+00   -9.469216E-01   -5.087686E-01
   2.090000E-09    4.000000E+00    3.000000E+01    7.600000E+01    1.397940E+00   -2.000000E+00   -1.000000E+01    2.361728E+00   -1.000000E+01   -1.000000E+01   -1.000000E+01   -1.000000E+01    4.545000E+00    6.306700E+00    1.300000E+00    7.000000E+00    9.000000E+01    3.398069E+00    3.044031E+00    4.990000E+00    1.403692E+00    1.116306E+00    8.974315E-04    3.046064E-11    2.000000E+00    1.110590E+00    1.410263E+00
   1.200000E-09    5.000000E+00    8.250000E+00    4.000000E+00    1.342423E+00   -2.308919E+00    5.910646E-01    1.812913E+00    1.255273E+00    1.845098E+00    2.089905E+00    9.822712E-01    8.260000E+00    6.265700E+00    1.360000E+00    7.000000E+00    9.300000E+01    3.387005E+00    1.759786E+00    4.990000E+00    6.856061E-01    1.924669E+00    9.673286E-04    2.123654E-11    1.300000E+01   -5.257837E-01   -8.623052E-01
   6.600000E-10    2.000000E+00    2.712000E+01    7.600000E+01    6.989700E-01   -2.088310E+00    5.502284E-01    1.311966E+00    1.838471E+00    1.075912E+00    2.378761E+00    1.715753E+00    8.770000E+00    7.639900E+00    1.910000E+00    4.000000E+00    2.800000E+01    2.585791E+00    7.840861E-01    3.450000E+00    1.447524E+00    3.297841E+00    1.535544E-03    2.657702E-11    4.000000E+00    7.918125E-02    1.309956E-01
   7.200000E-10    6.000000E+00    6.860000E-02    1.000000E-02    1.397940E+00   -1.000000E+00   -1.000000E+01    3.361728E+00   -1.000000E+01   -1.000000E+01   -1.000000E+01   -1.000000E+01    4.960000E+00    6.193900E+00    1.380000E+00    7.000000E+00    9.200000E+01    3.367543E+00    1.039241E+00    4.990000E+00    1.636759E-01    3.240387E+00    8.974315E-04    9.632502E-11    1.900000E+01   -2.033389E+00   -2.033276E+00
   6.600000E-10    2.000000E+00    3.890000E+01    8.900000E+01    1.301030E+00   -2.000000E+00   -1.000000E+01   -1.000000E+01   -1.000000E+01   -1.000000E+01   -1.000000E+01   -1.000000E+01    5.805000E+00    7.639900E+00    1.910000E+00    4.000000E+00    2.800000E+01    2.585791E+00    7.439657E-01    3.450000E+00    1.359440E+00    3.475686E+00    1.018135E-03    3.020415E-11    3.000000E+00   -5.316527E-01   -7.367824E-01
   7.190000E-10    2.000000E+00    1.000000E+02    1.080000E+02    1.397940E+00   -1.000000E+00   -1.000000E+01    3.361539E+00   -1.000000E+01   -1.000000E+01   -1.000000E+01   -1.000000E+01    6.200000E+00    7.902400E+00    1.830000E+00    4.000000E+00    2.600000E+01    2.629839E+00    8.104545E-01    3.450000E+00    1.033424E+00    3.244894E+00    8.974315E-04    9.632502E-11    3.000000E+00   -1.348960E-01    1.003896E-01
   7.900000E-10    2.000000E+00    5.400000E+00    9.920000E+00    1.397940E+00   -1.829738E+00   -1.000000E+01    2.130334E+00    2.049218E+00   -1.000000E+01    2.509203E+00   -1.000000E+01    8.800000E+00    5.694900E+00    9.500000E-01    5.000000E+00    3.800000E+01    2.491348E+00    8.435911E-01    3.850000E+00    1.264118E+00    2.953264E+00    8.974315E-04    3.705697E-11    5.000000E+00   -7.670039E-01   -8.521269E-01
   1.200000E-09    5.000000E+00    2.800000E+01    1.080000E+02    1.301030E+00   -1.749580E+00   -1.000000E+01    2.361539E+00    2.017868E+00    2.265525E+00   -1.000000E+01   -1.000000E+01    2.800000E+00    6.265700E+00    1.360000E+00    7.000000E+00    9.300000E+01    3.387005E+00    1.771792E+00    4.990000E+00    1.586266E+00    1.911627E+00    1.018135E-03    4.029736E-11    2.000000E+00   -1.600326E+00   -1.482149E+00
   7.300000E-10    2.000000E+00    4.223000E+01    1.080000E+02    1.600428E+00   -3.000000E+00   -1.000000E+01    1.361539E+00   -1.000000E+01    1.549616E+00   -1.000000E+01   -1.000000E+01    5.000000E+00    7.881000E+00    1.880000E+00    4.000000E+00    2.700000E+01    2.626276E+00    7.827521E-01    3.450000E+00    1.407803E+00    3.355182E+00    6.408615E-04    9.869470E-12    3.000000E+00    1.303338E-01    5.619921E-01
   7.200000E-10    6.000000E+00    5.660000E+01    8.000000E+01    1.397940E+00   -1.000000E+00   -1.000000E+01    3.361728E+00   -1.000000E+01   -1.000000E+01   -1.000000E+01   -1.000000E+01    2.370000E+00    6.193900E+00    1.380000E+00    7.000000E+00    9.200000E+01    3.367543E+00    1.039241E+00    4.990000E+00    1.150274E+00    3.240387E+00    8.974315E-04    9.632502E-11    3.000000E+00   -2.058986E+00   -1.261071E+00
   7.200000E-10    6.000000E+00    1.018000E+01    3.700000E+01    6.989700E-01   -2.088310E+00    5.502284E-01    1.311966E+00    1.838471E+00    1.075912E+00    2.378761E+00    1.715753E+00    7.200000E+00    6.193900E+00    1.380000E+00    7.000000E+00    9.200000E+01    3.367543E+00    1.113966E+00    4.990000E+00    1.560454E+00    3.023021E+00    1.535544E-03    2.657702E-11    9.000000E+00    3.222193E-01    4.270221E-01
   8.890000E-10    2.000000E+00    6.830000E+01    1.220000E+01    1.812913E+00   -2.000000E+00   -1.000000E+01    2.361728E+00   -1.000000E+01    2.550228E+00   -1.000000E+01   -1.000000E+01    6.500000E+00    5.278400E+00    9.000000E-01    7.000000E+00    8.800000E+01    3.108725E+00    1.044432E+00    4.990000E+00    2.519391E-01    2.976475E+00    4.192377E-04    3.243967E-11    7.000000E+00   -3.565473E-01   -3.435137E-01
   6.240000E-10    3.000000E+00    1.100000E-01    4.000000E+00    1.380211E+00   -2.000000E+00   -1.000000E+01    2.361728E+00   -1.000000E+01   -1.000000E+01   -1.000000E+01   -1.000000E+01    1.040000E+01    5.973800E+00    1.300000E+00    7.000000E+00    9.500000E+01    3.307169E+00    8.875047E-01    4.990000E+00    2.560667E+00    3.726368E+00    9.199272E-04    3.040952E-11    1.300000E+01    1.681241E+00    1.348432E+00
   7.200000E-10    6.000000E+00    1.360000E+00    3.500000E+00    1.397940E+00   -7.423214E-01    1.428135E+00    3.298853E+00    2.880814E+00    3.681241E+00    1.764176E+00    2.691081E+00    7.200000E+00    6.193900E+00    1.380000E+00    7.000000E+00    9.200000E+01    3.367543E+00    1.039241E+00    4.990000E+00    1.410529E+00    3.240387E+00    8.974315E-04    1.295921E-10    1.300000E+01    1.139434E-01    1.321826E-01
   7.200000E-10    6.000000E+00    5.660000E+01    8.000000E+01    1.397940E+00   -2.000000E+00   -1.000000E+01    2.361728E+00   -1.000000E+01   -1.000000E+01   -1.000000E+01   -1.000000E+01    5.146000E+00    6.193900E+00    1.380000E+00    7.000000E+00    9.200000E+01    3.367543E+00    1.039241E+00    4.990000E+00    1.150274E+00    3.240387E+00    8.974315E-04    3.046064E-11    3.000000E+00    2.504200E-01    3.196241E-01
   1.200000E-09    5.000000E+00    9.700000E+01    1.210000E+02    1.301030E+00   -1.000000E+00   -1.000000E+01    3.361728E+00   -1.000000E+01   -1.000000E+01   -1.000000E+01   -1.000000E+01    8.690000E+00    6.265700E+00    1.360000E+00    7.000000E+00    9.300000E+01    3.387005E+00    1.771792E+00    4.990000E+00    1.096014E+00    1.911627E+00    1.018135E-03    9.551391E-11    3.000000E+00   -1.105130E+00   -9.842231E-01
   6.600000E-10    2.000000E+00    2.800000E+01    1.210000E+02    1.395326E+00   -4.559320E-01   -1.000000E+01   -1.000000E+01    8.333766E-01   -1.000000E+01   -1.000000E+01   -1.000000E+01    6.000000E+00    7.639900E+00    1.910000E+00    4.000000E+00    2.800000E+01    2.585791E+00    7.318575E-01    3.450000E+00    1.635627E+00    3.533189E+00    9.007563E-04    1.801623E-10    3.000000E+00   -1.612610E+00   -1.744478E+00
   6.200000E-10    3.000000E+00    1.088000E+01    5.200000E+00    1.397940E+00   -1.301030E+00   -1.000000E+01    3.060698E+00   -1.000000E+01   -1.000000E+01   -1.000000E+01   -1.000000E+01    5.271000E+00    5.670400E+00    1.200000E+00    6.000000E+00    6.300000E+01    2.815295E+00    7.481457E-01    4.360000E+00    6.793745E-01    3.763030E+00    8.974315E-04    6.811207E-11    7.000000E+00   -2.918839E-02   -1.812829E-02
   1.550000E-09    4.000000E+00    4.920000E+01    6.500000E+00    1.349278E+00   -1.000000E+00    3.592177E+00   -1.000000E+01   -1.000000E+01    3.550228E+00   -1.000000E+01   -1.000000E+01    3.700000E+00    9.752400E+00    2.550000E+00    4.000000E+00    3.400000E+01    2.921497E+00    1.958326E+00    3.450000E+00    1.209482E-01    1.491834E+00    9.587942E-04    9.589598E-11    2.100000E+01   -2.148130E+00   -2.210868E+00
   7.200000E-10    6.000000E+00    4.600000E+01    1.100000E+01    1.395326E+00   -2.000000E+00   -1.000000E+01    2.361539E+00   -1.000000E+01   -1.000000E+01   -1.000000E+01   -1.000000E+01    1.018000E+01    6.193900E+00    1.380000E+00    7.000000E+00    9.200000E+01    3.367543E+00    1.039764E+00    4.990000E+00    3.786348E-01    3.238757E+00    9.007563E-04    3.045298E-11    7.000000E+00   -1.458421E+00   -7.530687E-01
   7.200000E-10    6.000000E+00    2.800000E+01    1.210000E+02    1.361728E+00   -1.000000E+00   -1.000000E+01    3.361539E+00   -3.565473E-01    3.549616E+00    2.304489E-01   -1.000000E+01    4.180000E+00    6.193900E+00    1.380000E+00    7.000000E+00    9.200000E+01    3.367543E+00    1.046259E+00    4.990000E+00    1.635627E+00    3.218651E+00    9.432169E-04    9.600140E-11    3.000000E+00   -1.515700E+00   -1.792123E-01
   6.200000E-10    3.000000E+00    5.300000E+00    6.000000E+00    1.397940E+00   -1.000000E+00   -1.000000E+01    3.361539E+00   -1.000000E+01    3.549616E+00   -1.000000E+01   -1.000000E+01    6.200000E+00    5.670400E+00    1.200000E+00    6.000000E+00    6.300000E+01    2.815295E+00    7.481457E-01    4.360000E+00    1.053875E+00    3.763030E+00    8.974315E-04    9.632502E-11    4.000000E+00    1.264818E+00    1.024202E+00
   2.100000E-09    1.000000E+00    7.960000E+01    1.300000E+02    1.397940E+00   -3.230623E+00   -1.000000E+01   -1.000000E+01   -1.000000E+01    1.319106E+00   -1.000000E+01   -1.000000E+01    6.400000E+00    3.893900E+00    7.900000E-01    6.000000E+00    5.500000E+01    2.332971E+00    2.099903E+00    4.360000E+00    1.213030E+00    1.110990E+00    8.974315E-04    7.386314E-12    4.000000E+00   -7.235382E-01   -6.377632E-01
   2.100000E-09    1.000000E+00    2.800000E+01    1.080000E+02    1.397940E+00   -2.000000E+00   -1.000000E+01    2.361728E+00   -1.000000E+01    2.550228E+00   -1.000000E+01   -1.000000E+01    7.000000E+00    3.893900E+00    7.900000E-01    6.000000E+00    5.500000E+01    2.332971E+00    2.099903E+00    4.360000E+00    1.586266E+00    1.110990E+00    8.974315E-04    3.046064E-11    3.000000E+00    4.048337E-01    2.793545E-01
   1.200000E-09    5.000000E+00    9.700000E+01    1.210000E+02    1.301030E+00   -1.000000E+00   -1.000000E+01    3.361728E+00   -1.000000E+01   -1.000000E+01   -1.000000E+01   -1.000000E+01    7.670000E+00    6.265700E+00    1.360000E+00    7.000000E+00    9.300000E+01    3.387005E+00    1.771792E+00    4.990000E+00    1.096014E+00    1.911627E+00    1.018135E-03    9.551391E-11    3.000000E+00   -1.232844E+00   -1.257168E+00
   6.200000E-10    3.000000E+00    1.140000E+01    4.750000E+01    1.397940E+00   -1.301030E+00   -1.000000E+01    3.060698E+00   -1.000000E+01   -1.000000E+01   -1.000000E+01   -1.000000E+01    6.882000E+00    5.670400E+00    1.200000E+00    6.000000E+00    6.300000E+01    2.815295E+00    7.481457E-01    4.360000E+00    1.619789E+00    3.763030E+00    8.974315E-04    6.811207E-11    2.000000E+00   -6.363880E-01    2.185564E-01
   2.090000E-09    4.000000E+00    3.000000E+01    7.200000E+01    1.397940E+00   -2.000000E+00   -1.000000E+01    2.361728E+00   -1.000000E+01   -1.000000E+01   -1.000000E+01   -1.000000E+01    3.100000E+00    6.306700E+00    1.300000E+00    7.000000E+00    9.000000E+01    3.398069E+00    3.044031E+00    4.990000E+00    1.380211E+00    1.116306E+00    8.974315E-04    3.046064E-11    2.000000E+00    1.491362E+00    1.518820E+00
   6.200000E-10    3.000000E+00    3.000000E-01    4.000000E+00    1.397940E+00   -2.000000E+00   -1.000000E+01    2.361539E+00   -1.000000E+01    2.549616E+00   -1.000000E+01   -1.000000E+01    2.060000E+00    5.670400E+00    1.200000E+00    6.000000E+00    6.300000E+01    2.815295E+00    7.481457E-01    4.360000E+00    2.124939E+00    3.763030E+00    8.974315E-04    3.046064E-11    1.300000E+01   -1.774691E+00   -2.229886E+00
   1.200000E-09    5.000000E+00    1.120000E+02    2.100000E+01    1.397940E+00   -1.000000E+00   -1.000000E+01    3.361539E+00   -1.000000E+01    3.549616E+00   -1.000000E+01   -1.000000E+01    7.200000E+00    6.265700E+00    1.360000E+00    7.000000E+00    9.300000E+01    3.387005E+00    1.742078E+00    4.990000E+00    2.730013E-01    1.944232E+00    8.974315E-04    9.632502E-11    6.000000E+00   -8.507809E-01   -2.668394E-01
   2.100000E-09    1.000000E+00    2.000000E+00    5.000000E+00    1.397940E+00   -7.423214E-01    1.428135E+00    3.298853E+00    2.880814E+00    3.681241E+00    1.764176E+00    2.691081E+00    7.200000E+00    3.893900E+00    7.900000E-01    6.000000E+00    5.500000E+01    2.332971E+00    2.099903E+00    4.360000E+00    1.397940E+00    1.110990E+00    8.974315E-04    1.295921E-10    1.300000E+01   -2.924298E-01   -1.055667E+00
   6.200000E-10    3.000000E+00    2.400000E+01    8.750000E+01    1.397940E+00   -3.010300E-01   -1.000000E+01    4.060698E+00   -1.000000E+01   -1.000000E+01   -1.000000E+01   -1.000000E+01    3.310000E+00    5.670400E+00    1.200000E+00    6.000000E+00    6.300000E+01    2.815295E+00    7.481457E-01    4.360000E+00    1.561797E+00    3.763030E+00    8.974315E-04    2.153893E-10    3.000000E+00   -5.948352E-02   -4.597890E-01
   7.190000E-10    2.000000E+00    1.000000E+02    1.080000E+02    1.397940E+00   -1.000000E+00   -1.000000E+01    3.361539E+00   -1.000000E+01   -1.000000E+01   -1.000000E+01   -1.000000E+01    6.200000E+00    7.902400E+00    1.830000E+00    4.000000E+00    2.600000E+01    2.629839E+00    8.104545E-01    3.450000E+00    1.033424E+00    3.244894E+00    8.974315E-04    9.632502E-11    3.000000E+00    9.498777E-01    1.003896E-01
   7.200000E-10    6.000000E+00    9.900000E+01    4.540000E+01    1.397940E+00   -3.000000E+00   -1.000000E+01    1.361728E+00   -1.000000E+01   -1.000000E+01   -1.000000E+01   -1.000000E+01    4.480000E+00    6.193900E+00    1.380000E+00    7.000000E+00    9.200000E+01    3.367543E+00    1.039241E+00    4.990000E+00    6.614207E-01    3.240387E+00    8.974315E-04    9.632502E-12    3.000000E+00    9.439889E-01    7.934921E-01
   6.600000E-10    2.000000E+00    3.500000E+01    8.700000E+01    1.301030E+00   -2.000000E+00   -1.000000E+01    2.361728E+00   -1.000000E+01   -1.000000E+01   -1.000000E+01   -1.000000E+01    4.730000E+00    7.639900E+00    1.910000E+00    4.000000E+00    2.800000E+01    2.585791E+00    7.439657E-01    3.450000E+00    1.395451E+00    3.475686E+00    1.018135E-03    3.020415E-11    3.000000E+00    9.400182E-01    6.666436E-01
   2.090000E-09    4.000000E+00    6.840000E+01    1.000000E-02    1.397940E+00   -2.000000E+00   -1.000000E+01    2.361728E+00   -1.000000E+01   -1.000000E+01   -1.000000E+01   -1.000000E+01    4.555000E+00    6.306700E+00    1.300000E+00    7.000000E+00    9.000000E+01    3.398069E+00    3.044031E+00    4.990000E+00   -2.835056E+00    1.116306E+00    8.974315E-04    3.046064E-11    1.900000E+01    2.504200E-01    1.339880E-01
   6.200000E-10    3.000000E+00    1.120000E+02    2.100000E+01    1.397940E+00   -1.045757E+00   -1.000000E+01    3.315781E+00   -1.000000E+01    3.503859E+00   -1.000000E+01   -1.000000E+01    5.180000E+00    5.670400E+00    1.200000E+00    6.000000E+00    6.300000E+01    2.815295E+00    7.481457E-01    4.360000E+00    2.730013E-01    3.763030E+00    8.974315E-04    9.138193E-11    6.000000E+00    9.169800E-01    8.674003E-01
   7.900000E-10    2.000000E+00    6.840000E+01    2.000000E-02    1.322219E+00   -1.000000E+00   -1.000000E+01    3.361728E+00   -1.000000E+01   -1.000000E+01   -1.000000E+01   -1.000000E+01    6.378000E+00    5.694900E+00    9.500000E-01    5.000000E+00    3.800000E+01    2.491348E+00    8.550627E-01    3.850000E+00   -2.534026E+00    2.913643E+00    9.922914E-04    9.567668E-11    1.900000E+01   -1.725842E+00   -1.221737E+00
   1.200000E-09    5.000000E+00    2.800000E+01    1.210000E+02    1.361728E+00   -1.000000E+00   -1.000000E+01    3.361539E+00   -1.000000E+01    3.549616E+00   -1.000000E+01   -1.000000E+01    8.000000E+00    6.265700E+00    1.360000E+00    7.000000E+00    9.300000E+01    3.387005E+00    1.753843E+00    4.990000E+00    1.635627E+00    1.931190E+00    9.432169E-04    9.600140E-11    3.000000E+00   -7.399286E-01   -7.417946E-01
   6.200000E-10    3.000000E+00    3.000000E-01    4.000000E+00    1.397940E+00   -2.000000E+00   -1.000000E+01    2.361539E+00   -1.000000E+01    2.549616E+00   -1.000000E+01   -1.000000E+01    3.400000E+00    5.670400E+00    1.200000E+00    6.000000E+00    6.300000E+01    2.815295E+00    7.481457E-01    4.360000E+00    2.124939E+00    3.763030E+00    8.974315E-04    3.046064E-11    1.300000E+01   -3.233064E-01   -2.098701E-01
   6.600000E-10    2.000000E+00    3.950000E+01    9.000000E+01    1.297761E+00   -2.000000E+00    2.592177E+00   -1.000000E+01   -1.000000E+01   -1.000000E+01   -1.000000E+01   -1.000000E+01    3.350000E+00    7.639900E+00    1.910000E+00    4.000000E+00    2.800000E+01    2.585791E+00    7.443466E-01    3.450000E+00    1.357645E+00    3.473908E+00    1.022090E-03    3.019642E-11    3.000000E+00   -1.030118E+00   -9.585556E-01
   6.200000E-10    3.000000E+00    3.000000E+01    7.600000E+01    1.397940E+00   -2.000000E+00   -1.000000E+01    2.361728E+00   -1.000000E+01   -1.000000E+01   -1.000000E+01   -1.000000E+01    4.100000E+00    5.670400E+00    1.200000E+00    6.000000E+00    6.300000E+01    2.815295E+00    7.481457E-01    4.360000E+00    1.403692E+00    3.763030E+00    8.974315E-04    3.046064E-11    2.000000E+00    5.987905E-01    7.296772E-01
   7.900000E-10    2.000000E+00    2.800000E+01    1.030000E+02    1.342423E+00   -8.239087E-01   -1.000000E+01    3.537630E+00   -1.000000E+01    3.725707E+00   -1.000000E+01   -1.000000E+01    6.600000E+00    5.694900E+00    9.500000E-01    5.000000E+00    3.800000E+01    2.491348E+00    8.521657E-01    3.850000E+00    1.565679E+00    2.923548E+00    9.673286E-04    1.173785E-10    3.000000E+00   -1.262807E+00   -1.341172E+00
   7.200000E-10    6.000000E+00    3.300000E+01    1.020000E+02    1.342423E+00   -1.000000E+00   -1.000000E+01    3.361728E+00   -1.000000E+01   -1.000000E+01   -1.000000E+01   -1.000000E+01    7.500000E+00    6.193900E+00    1.380000E+00    7.000000E+00    9.200000E+01    3.367543E+00    1.049804E+00    4.990000E+00    1.490086E+00    3.207782E+00    9.673286E-04    9.583918E-11    3.000000E+00   -3.914740E-01    1.561217E-02
   7.200000E-10    6.000000E+00    1.360000E+00    3.500000E+00    1.397940E+00   -7.423214E-01    1.428135E+00    3.298853E+00    2.880814E+00    3.681241E+00    1.764176E+00    2.691081E+00    7.200000E+00    6.193900E+00    1.380000E+00    7.000000E+00    9.200000E+01    3.367543E+00    1.039241E+00    4.990000E+00    1.410529E+00    3.240387E+00    8.974315E-04    1.295921E-10    1.300000E+01    2.041200E-01    1.321826E-01
   6.200000E-10    3.000000E+00    3.000000E+01    7.600000E+01    1.397940E+00   -2.000000E+00   -1.000000E+01    2.361728E+00   -1.000000E+01   -1.000000E+01   -1.000000E+01   -1.000000E+01    3.644000E+00    5.670400E+00    1.200000E+00    6.000000E+00    6.300000E+01    2.815295E+00    7.481457E-01    4.360000E+00    1.403692E+00    3.763030E+00    8.974315E-04    3.046064E-11    2.000000E+00    1.322219E+00    8.957741E-01
   7.900000E-10    2.000000E+00    1.961000E+01    7.600000E+01    6.989700E-01   -2.111259E+00    5.502284E-01    1.311966E+00    1.798858E+00    1.075912E+00    2.361822E+00    1.715753E+00    6.420000E+00    5.694900E+00    9.500000E-01    5.000000E+00    3.800000E+01    2.491348E+00    9.042484E-01    3.850000E+00    1.588336E+00    2.755158E+00    1.535544E-03    2.588402E-11    9.000000E+00   -1.292430E+00   -1.148378E+00
   2.100000E-09    1.000000E+00    2.400000E+01    8.750000E+01    1.602060E+00   -3.010300E-01   -1.000000E+01    4.060698E+00   -1.000000E+01   -1.000000E+01   -1.000000E+01   -1.000000E+01    4.270000E+00    3.893900E+00    7.900000E-01    6.000000E+00    5.500000E+01    2.332971E+00    1.999317E+00    4.360000E+00    1.561797E+00    1.166884E+00    6.388855E-04    2.207409E-10    3.000000E+00   -1.744727E+00   -1.359145E+00
   6.600000E-10    2.000000E+00    6.550000E+00    4.000000E+00    1.397940E+00   -3.010300E-01   -1.000000E+01    4.060698E+00   -1.000000E+01   -1.000000E+01   -1.000000E+01   -1.000000E+01    5.174000E+00    7.639900E+00    1.910000E+00    4.000000E+00    2.800000E+01    2.585791E+00    7.314893E-01    3.450000E+00    7.858187E-01    3.534968E+00    8.974315E-04    2.153893E-10    2.000000E+01   -2.204120E+00   -2.670587E+00
   7.200000E-10    6.000000E+00    3.100000E+01    8.210000E+01    1.397940E+00   -1.000000E+00   -1.000000E+01    3.361728E+00   -1.000000E+01   -1.000000E+01   -1.000000E+01   -1.000000E+01    7.042000E+00    6.193900E+00    1.380000E+00    7.000000E+00    9.200000E+01    3.367543E+00    1.039241E+00    4.990000E+00    1.422981E+00    3.240387E+00    8.974315E-04    9.632502E-11    3.000000E+00    8.842288E-01    9.779735E-01
   6.200000E-10    3.000000E+00    5.360000E+01    6.230000E+01    1.342423E+00   -1.000000E+00   -1.000000E+01    3.361728E+00   -1.000000E+01    3.550228E+00   -1.000000E+01   -1.000000E+01    6.010000E+00    5.670400E+00    1.200000E+00    6.000000E+00    6.300000E+01    2.815295E+00    7.557500E-01    4.360000E+00    1.065323E+00    3.725167E+00    9.673286E-04    9.583918E-11    2.000000E+00   -1.938200E-01    3.530759E-01
   7.200000E-10    2.000000E+00    9.900000E+01    4.540000E+01    1.397940E+00   -1.000000E+00   -1.000000E+01    3.361728E+00   -1.000000E+01   -1.000000E+01   -1.000000E+01   -1.000000E+01    5.739000E+00    8.993800E+00    1.690000E+00    5.000000E+00    4.800000E+01    3.130855E+00    9.661976E-01    3.850000E+00    6.614207E-01    3.240387E+00    8.974315E-04    9.632502E-11    3.000000E+00    1.903317E-01    1.649067E-01
   6.200000E-10    3.000000E+00    3.500000E+01    8.700000E+01    1.301030E+00   -7.033348E-01   -1.079054E-01    8.388491E-01    3.423246E+00   -1.000000E+01   -1.000000E+01   -1.000000E+01    4.600000E+00    5.670400E+00    1.200000E+00    6.000000E+00    6.300000E+01    2.815295E+00    7.609061E-01    4.360000E+00    1.395451E+00    3.699924E+00    1.018135E-03    1.344000E-10    3.000000E+00   -1.625252E+00   -1.312050E+00
   6.600000E-10    2.000000E+00    6.550000E+00    4.000000E+00    1.397940E+00   -2.000000E+00   -1.000000E+01    2.361728E+00   -1.000000E+01   -1.000000E+01   -1.000000E+01   -1.000000E+01    8.079000E+00    7.639900E+00    1.910000E+00    4.000000E+00    2.800000E+01    2.585791E+00    7.314893E-01    3.450000E+00    7.858187E-01    3.534968E+00    8.974315E-04    3.046064E-11    2.000000E+01    4.265113E-01    2.277116E-01
   8.500000E-10    2.000000E+00    3.182000E+01    7.640000E+01    1.397940E+00   -2.698970E+00   -1.000000E+01    1.662569E+00   -1.000000E+01   -1.000000E+01   -1.000000E+01   -1.000000E+01    7.280000E+00    5.211700E+00    8.900000E-01    6.000000E+00    5.600000E+01    2.699024E+00    9.833231E-01    4.360000E+00    1.380393E+00    2.744799E+00    8.974315E-04    1.362241E-11    3.000000E+00   -2.240332E+00   -1.269971E+00
   1.200000E-09    5.000000E+00    8.379000E+01    8.440000E+01    1.397940E+00   -1.000000E+00   -1.000000E+01    3.361539E+00   -1.000000E+01   -1.000000E+01   -1.000000E+01   -1.000000E+01    9.000000E+00    6.265700E+00    1.360000E+00    7.000000E+00    9.300000E+01    3.387005E+00    1.742078E+00    4.990000E+00    1.003150E+00    1.944232E+00    8.974315E-04    9.632502E-11    3.000000E+00   -4.341522E-01   -6.400569E-01
   9.450000E-10    2.000000E+00    3.700000E+01    7.500000E+01    1.397940E+00   -1.000000E+00   -1.000000E+01    3.361539E+00   -1.000000E+01    3.549616E+00   -1.000000E+01   -1.000000E+01    7.030000E+00    7.416700E+00    2.330000E+00    6.000000E+00    8.200000E+01    3.219752E+00    1.304142E+00    4.360000E+00    1.306860E+00    2.468867E+00    8.974315E-04    9.632502E-11    2.000000E+00    2.741578E-01    8.109155E-01
   7.900000E-10    2.000000E+00    3.750000E+01    1.442000E+02    1.397940E+00   -1.837587E-01    1.133539E+00    3.976350E+00    2.462398E+00    4.222716E+00   -1.000000E+01    3.442480E+00    8.500000E+00    5.694900E+00    9.500000E-01    5.000000E+00    3.800000E+01    2.491348E+00    8.435911E-01    3.850000E+00    1.584934E+00    2.953264E+00    8.974315E-04    2.465243E-10    2.500000E+01   -1.414539E+00   -1.444826E+00
   1.200000E-09    5.000000E+00    9.000000E-01    4.610000E+00    1.397940E+00   -1.425969E+00   -1.000000E+01    2.480007E+00    2.792392E+00   -1.000000E+01    2.480007E+00    2.792392E+00    8.400000E+00    6.265700E+00    1.360000E+00    7.000000E+00    9.300000E+01    3.387005E+00    1.742078E+00    4.990000E+00    1.709458E+00    1.944232E+00    8.974315E-04    5.898678E-11    1.300000E+01   -6.458916E-01   -8.338530E-01
   1.200000E-09    5.000000E+00    9.700000E+01    1.210000E+02    1.301030E+00   -1.000000E+00   -1.000000E+01    3.361728E+00   -1.000000E+01   -1.000000E+01   -1.000000E+01   -1.000000E+01    7.540000E+00    6.265700E+00    1.360000E+00    7.000000E+00    9.300000E+01    3.387005E+00    1.771792E+00    4.990000E+00    1.096014E+00    1.911627E+00    1.018135E-03    9.551391E-11    3.000000E+00   -1.318759E+00   -1.310420E+00
   1.200000E-09    5.000000E+00    8.379000E+01    8.440000E+01    1.397940E+00   -2.000000E+00   -1.000000E+01    2.361539E+00   -1.000000E+01   -1.000000E+01   -1.000000E+01   -1.000000E+01    4.400000E+00    6.265700E+00    1.360000E+00    7.000000E+00    9.300000E+01    3.387005E+00    1.742078E+00    4.990000E+00    1.003150E+00    1.944232E+00    8.974315E-04    3.046064E-11    3.000000E+00   -2.047208E+00   -1.733185E+00
   6.200000E-10    3.000000E+00    1.120000E+02    1.200000E+02    1.361728E+00   -1.000000E+00   -1.000000E+01    3.361539E+00   -1.000000E+01   -1.000000E+01   -1.000000E+01   -1.000000E+01    4.000000E+00    5.670400E+00    1.200000E+00    6.000000E+00    6.300000E+01    2.815295E+00    7.531981E-01    4.360000E+00    1.029963E+00    3.737788E+00    9.432169E-04    9.600140E-11    6.000000E+00    3.944517E-01    2.367100E-01
   7.200000E-10    6.000000E+00    5.660000E+01    8.000000E+01    1.397940E+00   -3.000000E+00   -1.000000E+01    1.361728E+00   -1.000000E+01   -1.000000E+01   -1.000000E+01   -1.000000E+01    2.408000E+00    6.193900E+00    1.380000E+00    7.000000E+00    9.200000E+01    3.367543E+00    1.039241E+00    4.990000E+00    1.150274E+00    3.240387E+00    8.974315E-04    9.632502E-12    3.000000E+00    3.304138E-01    3.333073E-01
   6.600000E-10    2.000000E+00    2.800000E+01    1.210000E+02    1.395326E+00   -1.096910E+00   -1.000000E+01    2.364568E+00   -1.000000E+01   -1.000000E+01   -1.000000E+01   -1.000000E+01    6.000000E+00    7.639900E+00    1.910000E+00    4.000000E+00    2.800000E+01    2.585791E+00    7.318575E-01    3.450000E+00    1.635627E+00    3.533189E+00    9.007563E-04    8.613404E-11    3.000000E+00   -4.473318E-01   -2.196332E-01
   6.600000E-10    2.000000E+00    1.916000E+01    7.600000E+01    6.989700E-01   -2.111259E+00    5.502284E-01    1.311966E+00    1.798858E+00    1.075912E+00    2.361822E+00    1.715753E+00    7.270000E+00    7.639900E+00    1.910000E+00    4.000000E+00    2.800000E+01    2.585791E+00    7.840861E-01    3.450000E+00    1.598418E+00    3.297841E+00    1.535544E-03    2.588402E-11    9.000000E+00    5.563025E-01    5.462717E-01
   6.600000E-10    2.000000E+00    3.500000E+01    8.700000E+01    1.301030E+00   -1.000000E+00   -1.000000E+01    3.361728E+00   -1.000000E+01   -1.000000E+01   -1.000000E+01   -1.000000E+01    7.470000E+00    7.639900E+00    1.910000E+00    4.000000E+00    2.800000E+01    2.585791E+00    7.439657E-01    3.450000E+00    1.395451E+00    3.475686E+00    1.018135E-03    9.551391E-11    3.000000E+00    4.899585E-01    5.000568E-01
   2.090000E-09    4.000000E+00    3.000000E+01    7.600000E+01    1.397940E+00   -2.000000E+00   -1.000000E+01    2.361728E+00   -1.000000E+01   -1.000000E+01   -1.000000E+01   -1.000000E+01    2.010000E+00    6.306700E+00    1.300000E+00    7.000000E+00    9.000000E+01    3.398069E+00    3.044031E+00    4.990000E+00    1.403692E+00    1.116306E+00    8.974315E-04    3.046064E-11    2.000000E+00    5.563025E-01    4.732207E-01
   7.200000E-10    6.000000E+00    3.100000E-01    1.000000E-02    1.342423E+00   -1.000000E+00   -1.000000E+01    3.361728E+00   -1.000000E+01   -1.000000E+01   -1.000000E+01   -1.000000E+01    4.180000E+00    6.193900E+00    1.380000E+00    7.000000E+00    9.200000E+01    3.367543E+00    1.049804E+00    4.990000E+00   -4.913618E-01    3.207782E+00    9.673286E-04    9.583918E-11    2.200000E+01   -2.537602E+00   -2.714651E+00
   6.600000E-10    2.000000E+00    1.916000E+01    7.600000E+01    6.989700E-01   -2.111259E+00    5.502284E-01    1.311966E+00    1.798858E+00    1.075912E+00    2.361822E+00    1.715753E+00    7.320000E+00    7.639900E+00    1.910000E+00    4.000000E+00    2.800000E+01    2.585791E+00    7.840861E-01    3.450000E+00    1.598418E+00    3.297841E+00    1.535544E-03    2.588402E-11    9.000000E+00    6.020600E-01    6.144114E-01
   2.000000E-09    5.000000E+00    1.145800E+00    4.000000E+00    1.395326E+00   -3.801343E+00   -1.000000E+01   -1.000000E+01   -1.000000E+01   -1.000000E+01   -1.000000E+01   -1.000000E+01    9.450000E+00    1.045130E+01    2.660000E+00    5.000000E+00    5.300000E+01    3.375021E+00    2.894647E+00    3.850000E+00    1.542951E+00    1.165953E+00    9.007563E-04    3.827880E-12    1.300000E+01   -2.847712E+00   -2.779230E+00
   6.200000E-10    3.000000E+00    3.000000E+01    7.600000E+01    1.397940E+00   -2.000000E+00   -1.000000E+01    2.361728E+00   -1.000000E+01   -1.000000E+01   -1.000000E+01   -1.000000E+01    6.308000E+00    5.670400E+00    1.200000E+00    6.000000E+00    6.300000E+01    2.815295E+00    7.481457E-01    4.360000E+00    1.403692E+00    3.763030E+00    8.974315E-04    3.046064E-11    2.000000E+00    1.307496E+00    1.551372E+00
   2.100000E-09    1.000000E+00    1.550000E+00    6.600000E-01    1.397940E+00   -2.543634E+00    1.089905E+00    1.770852E+00    1.243038E+00   -1.000000E+01   -1.000000E+01   -1.000000E+01    8.430000E+00    3.893900E+00    7.900000E-01    6.000000E+00    5.500000E+01    2.332971E+00    2.099903E+00    4.360000E+00    6.292123E-01    1.110990E+00    8.974315E-04    1.629004E-11    1.500000E+01   -4.317983E-01   -3.673053E-01
   7.200000E-10    2.000000E+00    6.680000E+01    2.310000E+01    1.397940E+00   -3.000000E+00   -1.000000E+01    1.361728E+00   -1.000000E+01   -1.000000E+01   -1.000000E+01   -1.000000E+01    5.825000E+00    8.993800E+00    1.690000E+00    5.000000E+00    4.800000E+01    3.130855E+00    9.661976E-01    3.850000E+00    5.388355E-01    3.240387E+00    8.974315E-04    9.632502E-12    6.000000E+00    8.286599E-01    8.973674E-01
   7.200000E-10    6.000000E+00    6.475000E+01    2.100000E+01    1.397940E+00   -2.000000E+00   -1.000000E+01    2.361728E+00   -1.000000E+01   -1.000000E+01   -1.000000E+01   -1.000000E+01    4.500000E+00    6.193900E+00    1.380000E+00    7.000000E+00    9.200000E+01    3.367543E+00    1.039241E+00    4.990000E+00    5.109795E-01    3.240387E+00    8.974315E-04    3.046064E-11    6.000000E+00    8.990511E-02    3.449316E-01
   7.190000E-10    2.000000E+00    1.000000E+02    1.080000E+02    1.397940E+00   -1.000000E+00   -1.000000E+01    3.361539E+00   -1.000000E+01   -1.000000E+01   -1.000000E+01   -1.000000E+01    6.200000E+00    7.902400E+00    1.830000E+00    4.000000E+00    2.600000E+01    2.629839E+00    8.104545E-01    3.450000E+00    1.033424E+00    3.244894E+00    8.974315E-04    9.632502E-11    3.000000E+00   -9.136402E-01    1.003896E-01
   6.200000E-10    3.000000E+00    2.300000E+00    9.300000E+00    1.342423E+00   -1.000000E+00   -1.000000E+01    3.361728E+00   -1.000000E+01    3.550228E+00   -1.000000E+01   -1.000000E+01    6.087000E+00    5.670400E+00    1.200000E+00    6.000000E+00    6.300000E+01    2.815295E+00    7.557500E-01    4.360000E+00    1.606755E+00    3.725167E+00    9.673286E-04    9.583918E-11    1.300000E+01    3.138672E-01   -3.900510E-01
   2.090000E-09    4.000000E+00    8.640000E+01    6.500000E+00    1.397940E+00   -1.000000E+00   -1.000000E+01    3.361728E+00   -1.000000E+01    3.550228E+00   -1.000000E+01   -1.000000E+01    2.900000E+00    6.306700E+00    1.300000E+00    7.000000E+00    9.000000E+01    3.398069E+00    3.044031E+00    4.990000E+00   -1.236004E-01    1.116306E+00    8.974315E-04    9.632502E-11    2.100000E+01   -1.105130E+00   -5.157670E-01
   2.100000E-09    1.000000E+00    7.960000E+01    7.600000E+01    1.397940E+00   -1.288193E+00    2.736397E+00    1.354108E+00    1.985875E+00    2.539076E+00    1.729165E+00    4.623980E-01    6.000000E+00    3.893900E+00    7.900000E-01    6.000000E+00    5.500000E+01    2.332971E+00    2.099903E+00    4.360000E+00    9.799005E-01    1.110990E+00    8.974315E-04    6.912620E-11    4.000000E+00    4.321374E-03   -1.284615E-01
   6.600000E-10    2.000000E+00    2.400000E+01    8.750000E+01    1.397940E+00   -1.602060E+00   -1.000000E+01    2.759668E+00   -1.000000E+01   -1.000000E+01   -1.000000E+01   -1.000000E+01    7.020000E+00    7.639900E+00    1.910000E+00    4.000000E+00    2.800000E+01    2.585791E+00    7.314893E-01    3.450000E+00    1.561797E+00    3.534968E+00    8.974315E-04    4.816251E-11    3.000000E+00   -1.067932E-01   -1.142482E-01
   8.500000E-10    2.000000E+00    3.182000E+01    7.640000E+01    1.397940E+00   -2.698970E+00   -1.000000E+01    1.662569E+00   -1.000000E+01   -1.000000E+01   -1.000000E+01   -1.000000E+01    4.340000E+00    5.211700E+00    8.900000E-01    6.000000E+00    5.600000E+01    2.699024E+00    9.833231E-01    4.360000E+00    1.380393E+00    2.744799E+00    8.974315E-04    1.362241E-11    3.000000E+00   -2.453457E+00   -1.907334E+00
   7.150000E-10    2.000000E+00    6.680000E+01    2.310000E+01    1.397940E+00   -2.000000E+00   -1.000000E+01    2.361728E+00   -1.000000E+01   -1.000000E+01   -1.000000E+01   -1.000000E+01    7.325000E+00    9.394200E+00    1.650000E+00    4.000000E+00    3.000000E+01    2.867342E+00    8.787314E-01    3.450000E+00    5.388355E-01    3.263047E+00    8.974315E-04    3.046064E-11    6.000000E+00    8.721563E-01    9.555257E-01
   4.300000E-10    4.000000E+00    5.100000E+00    3.970000E+00    1.397940E+00   -2.192465E+00   -1.000000E+01    2.469822E+00   -1.000000E+01   -1.000000E+01    2.469822E+00   -1.000000E+01    8.800000E+00    6.026000E+00    1.280000E+00    7.000000E+00    9.400000E+01    3.321587E+00    6.121878E-01    4.990000E+00    8.912203E-01    5.425765E+00    8.974315E-04    2.440656E-11    1.000000E+00   -1.476254E+00   -8.386744E-01
   6.200000E-10    3.000000E+00    3.100000E-01    1.000000E-02    1.322219E+00   -2.000000E+00   -1.000000E+01    2.361728E+00   -1.000000E+01   -1.000000E+01   -1.000000E+01   -1.000000E+01    9.097000E+00    5.670400E+00    1.200000E+00    6.000000E+00    6.300000E+01    2.815295E+00    7.583193E-01    4.360000E+00   -4.913618E-01    3.712545E+00    9.922914E-04    3.025562E-11    2.200000E+01   -3.223930E-01   -1.532331E+00
   6.200000E-10    3.000000E+00    3.000000E+01    5.300000E+01    1.361728E+00   -1.301030E+00   -1.000000E+01    3.060509E+00   -1.000000E+01   -1.000000E+01   -1.000000E+01   -1.000000E+01    3.900000E+00    5.670400E+00    1.200000E+00    6.000000E+00    6.300000E+01    2.815295E+00    7.531981E-01    4.360000E+00    1.247155E+00    3.737788E+00    9.432169E-04    6.788324E-11    2.000000E+00    1.574031E+00    1.229378E+00
   4.300000E-10    4.000000E+00    1.500000E+02    1.000000E-02    1.397940E+00   -7.958800E-01   -1.000000E+01    3.361539E+00    2.903958E+00   -1.000000E+01   -1.000000E+01   -1.000000E+01    9.200000E+00    6.026000E+00    1.280000E+00    7.000000E+00    9.400000E+01    3.321587E+00    6.121878E-01    4.990000E+00   -3.176091E+00    5.425765E+00    8.974315E-04    1.218426E-10    1.900000E+01   -7.212464E-01   -8.682323E-01
   8.890000E-10    2.000000E+00    9.900000E+01    4.540000E+01    1.397940E+00   -1.000000E+00   -1.000000E+01    3.361728E+00   -1.000000E+01    3.550228E+00   -1.000000E+01   -1.000000E+01    8.000000E+00    5.278400E+00    9.000000E-01    7.000000E+00    8.800000E+01    3.108725E+00    1.184553E+00    4.990000E+00    6.614207E-01    2.624386E+00    8.974315E-04    9.632502E-11    3.000000E+00   -2.831623E-01   -2.957439E-01
   2.100000E-09    1.000000E+00    6.100000E-01    1.100000E+01    1.397940E+00   -6.126102E-01   -2.092051E+00    1.363612E+00    2.764618E-01    8.000294E-01   -2.006564E+00   -2.518120E-01    8.980000E+00    3.893900E+00    7.900000E-01    6.000000E+00    5.500000E+01    2.332971E+00    2.099903E+00    4.360000E+00    2.256063E+00    1.110990E+00    8.974315E-04    1.504645E-10    1.300000E+01   -2.301899E+00   -2.118943E+00
   7.200000E-10    6.000000E+00    2.500000E+01    7.200000E+01    1.397940E+00   -1.301030E+00   -1.000000E+01    3.060509E+00   -1.000000E+01    3.248586E+00   -1.000000E+01   -1.000000E+01    3.986000E+00    6.193900E+00    1.380000E+00    7.000000E+00    9.200000E+01    3.367543E+00    1.039241E+00    4.990000E+00    1.459392E+00    3.240387E+00    8.974315E-04    6.811207E-11    2.000000E+00   -8.728952E-01   -6.835905E-01
   4.300000E-10    4.000000E+00    5.440000E+01    1.442000E+02    1.778151E+00   -2.175874E+00    9.542425E-01    1.986772E+00    6.989700E-01    9.395193E-01    1.672098E+00    2.204120E+00    9.200000E+00    6.026000E+00    1.280000E+00    7.000000E+00    9.400000E+01    3.321587E+00    5.478727E-01    4.990000E+00    1.423366E+00    6.062698E+00    4.493767E-04    2.629690E-11    2.500000E+01    8.260748E-01    7.998589E-02
   6.080000E-10    3.000000E+00    3.750000E+01    1.442000E+02    1.361728E+00   -1.668529E-01    2.589950E+00    4.029384E+00    2.567026E+00    4.260071E+00   -1.000000E+01    3.485721E+00    7.100000E+00    5.643700E+00    1.170000E+00    6.000000E+00    6.200000E+01    2.808659E+00    7.368791E-01    4.360000E+00    1.584934E+00    3.811560E+00    9.432169E-04    2.505250E-10    2.500000E+01   -2.403322E-01   -3.722556E-01
   6.200000E-10    3.000000E+00    6.840000E+01    2.000000E-02    1.322219E+00   -1.000000E+00   -1.000000E+01    3.361728E+00   -1.000000E+01   -1.000000E+01   -1.000000E+01   -1.000000E+01    8.379000E+00    5.670400E+00    1.200000E+00    6.000000E+00    6.300000E+01    2.815295E+00    7.583193E-01    4.360000E+00   -2.534026E+00    3.712545E+00    9.922914E-04    9.567668E-11    1.900000E+01    8.312297E-01   -1.020827E+00
   2.100000E-09    1.000000E+00    9.900000E+01    1.100000E+02    1.397940E+00   -1.000000E+00   -1.000000E+01    3.361728E+00   -1.000000E+01   -1.000000E+01   -1.000000E+01   -1.000000E+01    5.996000E+00    3.893900E+00    7.900000E-01    6.000000E+00    5.500000E+01    2.332971E+00    2.099903E+00    4.360000E+00    1.045757E+00    1.110990E+00    8.974315E-04    9.632502E-11    3.000000E+00   -9.172146E-01   -8.016578E-01
   7.200000E-10    6.000000E+00    9.700000E+01    1.210000E+02    1.301030E+00   -1.000000E+00   -1.000000E+01    3.361728E+00   -1.000000E+01   -1.000000E+01   -1.000000E+01   -1.000000E+01    5.754000E+00    6.193900E+00    1.380000E+00    7.000000E+00    9.200000E+01    3.367543E+00    1.056966E+00    4.990000E+00    1.096014E+00    3.186046E+00    1.018135E-03    9.551391E-11    3.000000E+00    1.292256E+00    1.174886E+00
   7.200000E-10    6.000000E+00    5.660000E+01    8.000000E+01    1.397940E+00   -1.000000E+00   -1.000000E+01    3.361728E+00   -1.000000E+01   -1.000000E+01   -1.000000E+01   -1.000000E+01    8.494000E+00    6.193900E+00    1.380000E+00    7.000000E+00    9.200000E+01    3.367543E+00    1.039241E+00    4.990000E+00    1.150274E+00    3.240387E+00    8.974315E-04    9.632502E-11    3.000000E+00   -1.084625E-01    2.389067E-02
   7.200000E-10    6.000000E+00    2.500000E+01    7.200000E+01    1.397940E+00   -2.000000E+00    2.592177E+00   -1.000000E+01   -1.000000E+01    2.549616E+00   -1.000000E+01   -1.000000E+01    4.732000E+00    6.193900E+00    1.380000E+00    7.000000E+00    9.200000E+01    3.367543E+00    1.039241E+00    4.990000E+00    1.459392E+00    3.240387E+00    8.974315E-04    3.046064E-11    2.000000E+00   -6.003263E-01   -1.895816E-01
   7.200000E-10    6.000000E+00    9.900000E+01    4.540000E+01    1.397940E+00   -3.000000E+00   -1.000000E+01    1.361728E+00   -1.000000E+01   -1.000000E+01   -1.000000E+01   -1.000000E+01    6.880000E+00    6.193900E+00    1.380000E+00    7.000000E+00    9.200000E+01    3.367543E+00    1.039241E+00    4.990000E+00    6.614207E-01    3.240387E+00    8.974315E-04    9.632502E-12    3.000000E+00    1.079181E+00    1.402537E+00
   9.450000E-10    2.000000E+00    3.700000E+01    7.500000E+01    1.397940E+00   -1.000000E+00   -1.000000E+01    3.361539E+00   -1.000000E+01    3.549616E+00   -1.000000E+01   -1.000000E+01    5.780000E+00    7.416700E+00    2.330000E+00    6.000000E+00    8.200000E+01    3.219752E+00    1.304142E+00    4.360000E+00    1.306860E+00    2.468867E+00    8.974315E-04    9.632502E-11    2.000000E+00    1.283722E-02   -3.856007E-01
   7.200000E-10    6.000000E+00    2.800000E+01    1.210000E+02    1.361728E+00   -1.000000E+00   -1.000000E+01    3.361539E+00   -5.228787E-01    3.549616E+00    1.367206E-01   -1.000000E+01    4.330000E+00    6.193900E+00    1.380000E+00    7.000000E+00    9.200000E+01    3.367543E+00    1.046259E+00    4.990000E+00    1.635627E+00    3.218651E+00    9.432169E-04    9.600140E-11    3.000000E+00   -3.685562E-01   -1.767587E-01
   2.100000E-09    1.000000E+00    6.100000E-01    1.100000E+01    1.397940E+00   -6.126102E-01   -2.092051E+00    1.363612E+00    2.764618E-01    8.000294E-01   -2.006564E+00   -2.518120E-01    7.580000E+00    3.893900E+00    7.900000E-01    6.000000E+00    5.500000E+01    2.332971E+00    2.099903E+00    4.360000E+00    2.256063E+00    1.110990E+00    8.974315E-04    1.504645E-10    1.300000E+01   -2.174574E+00   -2.006308E+00
   2.100000E-09    1.000000E+00    7.960000E+01    7.600000E+01    1.397940E+00   -2.000000E+00   -1.000000E+01    2.361728E+00   -1.000000E+01   -1.000000E+01   -1.000000E+01   -1.000000E+01    7.016000E+00    3.893900E+00    7.900000E-01    6.000000E+00    5.500000E+01    2.332971E+00    2.099903E+00    4.360000E+00    9.799005E-01    1.110990E+00    8.974315E-04    3.046064E-11    4.000000E+00   -3.292027E-02    3.868956E-01
   1.200000E-09    5.000000E+00    1.242000E+01    1.720000E+01    1.397940E+00   -3.468521E+00    8.976271E-01   -3.010300E-01    5.440680E-01   -1.000000E+01    1.139434E-01   -1.000000E+01    6.200000E+00    6.265700E+00    1.360000E+00    7.000000E+00    9.300000E+01    3.387005E+00    1.742078E+00    4.990000E+00    1.141407E+00    1.944232E+00    8.974315E-04    5.616665E-12    2.300000E+01   -1.790485E+00   -1.439175E+00
   1.550000E-09    4.000000E+00    1.000000E+02    1.080000E+02    1.361728E+00   -1.318759E+00   -1.000000E+01    1.866689E+00   -1.000000E+01   -1.000000E+01   -1.000000E+01    2.186663E+00    7.770000E+00    9.752400E+00    2.550000E+00    4.000000E+00    3.400000E+01    2.921497E+00    1.954028E+00    3.450000E+00    1.033424E+00    1.495115E+00    9.432169E-04    6.651172E-11    3.000000E+00   -2.718967E+00   -2.568452E+00
   6.600000E-10    2.000000E+00    3.500000E+01    8.700000E+01    1.301030E+00   -2.004365E+00   -1.698970E+00   -7.351822E-01    2.120574E+00   -1.000000E+01   -1.000000E+01   -1.000000E+01    7.000000E+00    7.639900E+00    1.910000E+00    4.000000E+00    2.800000E+01    2.585791E+00    7.439657E-01    3.450000E+00    1.395451E+00    3.475686E+00    1.018135E-03    3.005275E-11    3.000000E+00   -9.244530E-01   -1.209258E-01
   6.200000E-10    3.000000E+00    3.500000E+01    6.300000E+01    1.397940E+00   -3.010300E-01   -1.000000E+01    4.060698E+00   -1.000000E+01   -1.000000E+01   -1.000000E+01   -1.000000E+01    4.617000E+00    5.670400E+00    1.200000E+00    6.000000E+00    6.300000E+01    2.815295E+00    7.481457E-01    4.360000E+00    1.255273E+00    3.763030E+00    8.974315E-04    2.153893E-10    3.000000E+00   -1.559091E+00   -1.738720E+00
   4.300000E-10    5.000000E+00    7.090000E+01    6.500000E+00    1.301030E+00   -1.000000E+00   -1.000000E+01    3.361728E+00   -1.000000E+01   -1.000000E+01   -1.000000E+01   -1.000000E+01    7.280000E+00    6.026000E+00    1.280000E+00    7.000000E+00    9.400000E+01    3.321587E+00    6.226294E-01    4.990000E+00   -3.773288E-02    5.334774E+00    1.018135E-03    9.551391E-11    2.100000E+01    1.564666E+00    1.577494E+00
   7.200000E-10    6.000000E+00    5.660000E+01    8.000000E+01    1.397940E+00   -1.000000E+00   -1.000000E+01    3.361728E+00   -1.000000E+01   -1.000000E+01   -1.000000E+01   -1.000000E+01    2.393000E+00    6.193900E+00    1.380000E+00    7.000000E+00    9.200000E+01    3.367543E+00    1.039241E+00    4.990000E+00    1.150274E+00    3.240387E+00    8.974315E-04    9.632502E-11    3.000000E+00   -2.636035E-01   -1.261071E+00
   6.240000E-10    3.000000E+00    1.710000E+01    6.400000E-01    1.397940E+00   -2.000000E+00   -1.000000E+01    2.361539E+00   -1.000000E+01    2.549616E+00   -1.000000E+01   -1.000000E+01    4.000000E+00    5.973800E+00    1.300000E+00    7.000000E+00    9.500000E+01    3.307169E+00    8.845280E-01    4.990000E+00   -4.268161E-01    3.738908E+00    8.974315E-04    3.046064E-11    7.000000E+00    6.263404E-01   -8.070585E-01
   7.200000E-10    6.000000E+00    5.660000E+01    8.000000E+01    1.397940E+00   -1.000000E+00   -1.000000E+01    3.361728E+00   -1.000000E+01   -1.000000E+01   -1.000000E+01   -1.000000E+01    9.940000E+00    6.193900E+00    1.380000E+00    7.000000E+00    9.200000E+01    3.367543E+00    1.039241E+00    4.990000E+00    1.150274E+00    3.240387E+00    8.974315E-04    9.632502E-11    3.000000E+00   -4.473318E-01   -2.626537E-01
   7.200000E-10    2.000000E+00    6.680000E+01    2.310000E+01    1.397940E+00   -2.000000E+00   -1.000000E+01    2.361728E+00   -1.000000E+01   -1.000000E+01   -1.000000E+01   -1.000000E+01    3.480000E+00    8.993800E+00    1.690000E+00    5.000000E+00    4.800000E+01    3.130855E+00    9.661976E-01    3.850000E+00    5.388355E-01    3.240387E+00    8.974315E-04    3.046064E-11    6.000000E+00   -7.644716E-01   -1.032703E+00
   6.600000E-10    2.000000E+00    3.950000E+01    9.000000E+01    1.297761E+00   -1.000000E+00   -1.000000E+01    3.361539E+00   -1.000000E+01   -1.000000E+01   -1.000000E+01   -1.000000E+01    6.990000E+00    7.639900E+00    1.910000E+00    4.000000E+00    2.800000E+01    2.585791E+00    7.443466E-01    3.450000E+00    1.357645E+00    3.473908E+00    1.022090E-03    9.548947E-11    3.000000E+00    7.767012E-01    8.302910E-01
   6.600000E-10    2.000000E+00    3.750000E+01    1.442000E+02    1.397940E+00   -2.038579E+00   -6.550155E-02    2.086360E+00    2.075547E+00   -1.301030E+00   -1.000000E+01    1.387390E+00    1.190000E+01    7.639900E+00    1.910000E+00    4.000000E+00    2.800000E+01    2.585791E+00    7.314893E-01    3.450000E+00    1.584934E+00    3.534968E+00    8.974315E-04    2.913732E-11    2.500000E+01   -1.896196E+00   -1.563605E+00
   1.200000E-09    5.000000E+00    9.100000E-01    1.200000E+00    1.397940E+00   -7.423214E-01    1.428135E+00    3.298853E+00    2.880814E+00    3.681241E+00    1.764176E+00    2.691081E+00    7.200000E+00    6.265700E+00    1.360000E+00    7.000000E+00    9.300000E+01    3.387005E+00    1.742078E+00    4.990000E+00    1.120140E+00    1.944232E+00    8.974315E-04    1.295921E-10    1.300000E+01   -1.721246E+00   -1.812723E+00
   7.200000E-10    6.000000E+00    2.290000E-01    1.000000E-02    1.397940E+00   -1.000000E+00   -1.000000E+01    3.361728E+00   -1.000000E+01   -1.000000E+01   -1.000000E+01   -1.000000E+01    7.510000E+00    6.193900E+00    1.380000E+00    7.000000E+00    9.200000E+01    3.367543E+00    1.039241E+00    4.990000E+00   -3.598355E-01    3.240387E+00    8.974315E-04    9.632502E-11    1.900000E+01   -1.337242E+00   -1.621704E+00
   6.600000E-10    2.000000E+00    5.000000E-01    1.400000E+00    1.342423E+00   -2.000000E+00   -1.000000E+01    2.361728E+00   -1.000000E+01   -1.000000E+01   -1.000000E+01   -1.000000E+01    7.107000E+00    7.639900E+00    1.910000E+00    4.000000E+00    2.800000E+01    2.585791E+00    7.389244E-01    3.450000E+00    1.447158E+00    3.499399E+00    9.673286E-04    3.030701E-11    2.000000E+01    3.747483E-01   -9.377340E-02
   6.200000E-10    3.000000E+00    1.120000E+02    1.200000E+02    1.361728E+00   -1.000000E+00   -1.000000E+01    3.361539E+00   -1.000000E+01   -1.000000E+01   -1.000000E+01   -1.000000E+01    4.750000E+00    5.670400E+00    1.200000E+00    6.000000E+00    6.300000E+01    2.815295E+00    7.531981E-01    4.360000E+00    1.029963E+00    3.737788E+00    9.432169E-04    9.600140E-11    6.000000E+00    8.350561E-01    7.446527E-01
   1.200000E-09    5.000000E+00    2.300000E-01    1.000000E-02    1.301030E+00   -2.000000E+00   -1.000000E+01    2.361728E+00   -1.000000E+01   -1.000000E+01   -1.000000E+01   -1.000000E+01    9.400000E+00    6.265700E+00    1.360000E+00    7.000000E+00    9.300000E+01    3.387005E+00    1.771792E+00    4.990000E+00   -3.617278E-01    1.911627E+00    1.018135E-03    3.020415E-11    1.900000E+01   -2.029188E+00   -1.978634E+00
   2.100000E-09    1.000000E+00    7.960000E+01    7.600000E+01    1.397940E+00   -2.000000E+00   -1.000000E+01    2.361728E+00   -1.000000E+01   -1.000000E+01   -1.000000E+01   -1.000000E+01    2.009000E+00    3.893900E+00    7.900000E-01    6.000000E+00    5.500000E+01    2.332971E+00    2.099903E+00    4.360000E+00    9.799005E-01    1.110990E+00    8.974315E-04    3.046064E-11    4.000000E+00   -2.823295E-01   -3.928356E-01
   6.600000E-10    2.000000E+00    1.242000E+01    9.400000E+00    6.989700E-01   -2.111259E+00    5.502284E-01    1.311966E+00    1.798858E+00    1.075912E+00    2.361822E+00    1.715753E+00    6.540000E+00    7.639900E+00    1.910000E+00    4.000000E+00    2.800000E+01    2.585791E+00    7.840861E-01    3.450000E+00    8.790063E-01    3.297841E+00    1.535544E-03    2.588402E-11    2.400000E+01   -1.420216E+00   -7.789762E-01
   7.200000E-10    6.000000E+00    9.900000E+01    4.540000E+01    1.397940E+00   -3.000000E+00   -1.000000E+01    1.361728E+00   -1.000000E+01   -1.000000E+01   -1.000000E+01   -1.000000E+01    6.850000E+00    6.193900E+00    1.380000E+00    7.000000E+00    9.200000E+01    3.367543E+00    1.039241E+00    4.990000E+00    6.614207E-01    3.240387E+00    8.974315E-04    9.632502E-12    3.000000E+00    1.079181E+00    1.208771E+00
   7.200000E-10    6.000000E+00    2.090000E+00    1.000000E-02    1.397940E+00   -1.000000E+00   -1.000000E+01    3.361728E+00   -1.000000E+01   -1.000000E+01   -1.000000E+01   -1.000000E+01    7.430000E+00    6.193900E+00    1.380000E+00    7.000000E+00    9.200000E+01    3.367543E+00    1.039241E+00    4.990000E+00   -1.320146E+00    3.240387E+00    8.974315E-04    9.632502E-11    1.900000E+01   -7.471470E-01   -8.388430E-01
   6.600000E-10    2.000000E+00    4.900000E-01    1.400000E+00    1.397940E+00   -1.000000E+00   -1.000000E+01    3.361728E+00   -1.000000E+01   -1.000000E+01   -1.000000E+01   -1.000000E+01    4.986000E+00    7.639900E+00    1.910000E+00    4.000000E+00    2.800000E+01    2.585791E+00    7.314893E-01    3.450000E+00    1.455932E+00    3.534968E+00    8.974315E-04    9.632502E-11    2.000000E+01   -2.133713E+00   -1.982891E+00
   1.550000E-09    4.000000E+00    3.000000E+01    7.900000E+01    1.361728E+00   -1.301030E+00   -1.000000E+01    3.060509E+00   -1.000000E+01   -1.000000E+01   -1.000000E+01   -1.000000E+01    4.000000E+00    9.752400E+00    2.550000E+00    4.000000E+00    3.400000E+01    2.921497E+00    1.954028E+00    3.450000E+00    1.420506E+00    1.495115E+00    9.432169E-04    6.788324E-11    2.000000E+00   -1.732828E+00   -1.476728E+00
   2.100000E-09    1.000000E+00    7.960000E+01    1.300000E+02    1.397940E+00   -3.230623E+00   -1.000000E+01   -1.000000E+01   -1.000000E+01    1.319106E+00   -1.000000E+01   -1.000000E+01    6.400000E+00    3.893900E+00    7.900000E-01    6.000000E+00    5.500000E+01    2.332971E+00    2.099903E+00    4.360000E+00    1.213030E+00    1.110990E+00    8.974315E-04    7.386314E-12    4.000000E+00   -9.281180E-01   -6.377632E-01
   2.100000E-09    1.000000E+00    1.880000E+02    5.220000E+01    1.361728E+00   -1.872895E+00   -1.000000E+01    2.537819E+00    6.020600E-01    2.561101E+00    1.785330E+00   -1.000000E+01    9.000000E+00    3.893900E+00    7.900000E-01    6.000000E+00    5.500000E+01    2.332971E+00    2.114085E+00    4.360000E+00    4.435127E-01    1.103537E+00    9.432169E-04    3.514228E-11    2.500000E+01    2.922561E-01    4.410243E-01
   2.100000E-09    1.000000E+00    1.550000E+00    6.600000E-01    1.397940E+00   -2.554396E+00    1.149219E+00    1.770115E+00    1.201397E+00   -1.000000E+01   -1.000000E+01   -1.000000E+01    8.610000E+00    3.893900E+00    7.900000E-01    6.000000E+00    5.500000E+01    2.332971E+00    2.099903E+00    4.360000E+00    6.292123E-01    1.110990E+00    8.974315E-04    1.608945E-11    1.500000E+01   -6.197888E-01   -5.005579E-01
   6.600000E-10    2.000000E+00    2.000000E+01    2.800000E+01    1.395326E+00   -2.000000E+00   -1.000000E+01    2.361539E+00   -1.000000E+01   -1.000000E+01   -1.000000E+01   -1.000000E+01    5.880000E+00    7.639900E+00    1.910000E+00    4.000000E+00    2.800000E+01    2.585791E+00    7.318575E-01    3.450000E+00    1.146128E+00    3.533189E+00    9.007563E-04    3.045298E-11    6.000000E+00    3.344538E-01   -6.770786E-01
   2.100000E-09    1.000000E+00    3.400000E+00    8.200000E+00    1.477121E+00   -9.393022E-01    3.592177E+00   -1.000000E+01   -1.000000E+01   -1.000000E+01   -1.000000E+01   -1.000000E+01    6.200000E+00    3.893900E+00    7.900000E-01    6.000000E+00    5.500000E+01    2.332971E+00    2.065269E+00    4.360000E+00    1.382335E+00    1.129621E+00    7.959477E-04    1.041596E-10    1.800000E+01   -1.596879E+00   -2.128485E+00
   4.300000E-10    5.000000E+00    7.090000E+01    6.500000E+00    1.301030E+00   -1.000000E+00   -1.000000E+01    3.361728E+00   -1.000000E+01   -1.000000E+01   -1.000000E+01   -1.000000E+01    6.430000E+00    6.026000E+00    1.280000E+00    7.000000E+00    9.400000E+01    3.321587E+00    6.226294E-01    4.990000E+00   -3.773288E-02    5.334774E+00    1.018135E-03    9.551391E-11    2.100000E+01    1.797268E+00    1.067911E+00
   2.090000E-09    4.000000E+00    3.000000E+01    7.200000E+01    1.397940E+00   -2.000000E+00   -1.000000E+01    2.361728E+00   -1.000000E+01   -1.000000E+01   -1.000000E+01   -1.000000E+01    3.100000E+00    6.306700E+00    1.300000E+00    7.000000E+00    9.000000E+01    3.398069E+00    3.044031E+00    4.990000E+00    1.380211E+00    1.116306E+00    8.974315E-04    3.046064E-11    2.000000E+00    1.724276E+00    1.518820E+00
   1.200000E-09    5.000000E+00    1.242000E+01    1.720000E+01    1.397940E+00   -3.468521E+00    8.976271E-01   -3.010300E-01    5.440680E-01   -1.000000E+01    1.139434E-01   -1.000000E+01    6.200000E+00    6.265700E+00    1.360000E+00    7.000000E+00    9.300000E+01    3.387005E+00    1.742078E+00    4.990000E+00    1.141407E+00    1.944232E+00    8.974315E-04    5.616665E-12    2.300000E+01   -1.376751E+00   -1.439175E+00
   6.200000E-10    3.000000E+00    3.100000E-01    1.000000E-02    1.322219E+00   -2.000000E+00   -1.000000E+01    2.361728E+00   -1.000000E+01   -1.000000E+01   -1.000000E+01   -1.000000E+01    6.525000E+00    5.670400E+00    1.200000E+00    6.000000E+00    6.300000E+01    2.815295E+00    7.583193E-01    4.360000E+00   -4.913618E-01    3.712545E+00    9.922914E-04    3.025562E-11    2.200000E+01   -1.979107E-01   -1.225022E+00
   9.450000E-10    2.000000E+00    6.680000E+01    2.310000E+01    1.397940E+00   -3.000000E+00   -1.000000E+01    1.361728E+00   -1.000000E+01   -1.000000E+01   -1.000000E+01   -1.000000E+01    6.188000E+00    7.416700E+00    2.330000E+00    6.000000E+00    8.200000E+01    3.219752E+00    1.304142E+00    4.360000E+00    5.388355E-01    2.468867E+00    8.974315E-04    9.632502E-12    6.000000E+00    1.821514E+00    1.499136E+00
   7.190000E-10    2.000000E+00    1.000000E+02    1.080000E+02    1.397940E+00   -1.000000E+00   -1.000000E+01    3.361539E+00   -1.000000E+01   -1.000000E+01   -1.000000E+01   -1.000000E+01    6.200000E+00    7.902400E+00    1.830000E+00    4.000000E+00    2.600000E+01    2.629839E+00    8.104545E-01    3.450000E+00    1.033424E+00    3.244894E+00    8.974315E-04    9.632502E-11    3.000000E+00   -4.817696E-02    1.003896E-01
   6.200000E-10    3.000000E+00    2.300000E+00    9.300000E+00    1.342423E+00   -1.000000E+00   -1.000000E+01    3.361728E+00   -1.000000E+01    3.550228E+00   -1.000000E+01   -1.000000E+01    6.294000E+00    5.670400E+00    1.200000E+00    6.000000E+00    6.300000E+01    2.815295E+00    7.557500E-01    4.360000E+00    1.606755E+00    3.725167E+00    9.673286E-04    9.583918E-11    1.300000E+01   -1.630784E+00   -2.738700E-01
   6.200000E-10    3.000000E+00    3.500000E+01    6.300000E+01    1.397940E+00   -1.000000E+00   -1.000000E+01    3.361728E+00   -1.000000E+01   -1.000000E+01   -1.000000E+01   -1.000000E+01    3.970000E+00    5.670400E+00    1.200000E+00    6.000000E+00    6.300000E+01    2.815295E+00    7.481457E-01    4.360000E+00    1.255273E+00    3.763030E+00    8.974315E-04    9.632502E-11    3.000000E+00    1.303338E-01   -8.232858E-01
   6.200000E-10    3.000000E+00    2.400000E+01    8.750000E+01    1.602060E+00   -3.010300E-01   -1.000000E+01    4.060698E+00   -1.000000E+01   -1.000000E+01   -1.000000E+01   -1.000000E+01    2.950000E+00    5.670400E+00    1.200000E+00    6.000000E+00    6.300000E+01    2.815295E+00    7.123092E-01    4.360000E+00    1.561797E+00    3.952349E+00    6.388855E-04    2.207409E-10    3.000000E+00   -4.111683E-01   -5.780207E-01
   6.200000E-10    3.000000E+00    3.000000E+01    7.600000E+01    1.397940E+00   -2.000000E+00   -1.000000E+01    2.361728E+00   -1.000000E+01   -1.000000E+01   -1.000000E+01   -1.000000E+01    7.671000E+00    5.670400E+00    1.200000E+00    6.000000E+00    6.300000E+01    2.815295E+00    7.481457E-01    4.360000E+00    1.403692E+00    3.763030E+00    8.974315E-04    3.046064E-11    2.000000E+00    1.754348E+00    1.052193E+00
   7.200000E-10    6.000000E+00    4.600000E+01    1.100000E+01    1.395326E+00   -1.000000E+00   -1.000000E+01    3.361539E+00   -1.000000E+01   -1.000000E+01   -1.000000E+01   -1.000000E+01    9.220000E+00    6.193900E+00    1.380000E+00    7.000000E+00    9.200000E+01    3.367543E+00    1.039764E+00    4.990000E+00    3.786348E-01    3.238757E+00    9.007563E-04    9.630078E-11    7.000000E+00   -9.208188E-01   -7.918723E-01
   4.300000E-10    4.000000E+00    6.000000E+01    1.900000E+01    1.342423E+00   -2.156145E+00    8.976271E-01    1.929930E+00    1.178977E+00   -1.000000E+01   -1.000000E+01   -1.000000E+01    8.640000E+00    6.026000E+00    1.280000E+00    7.000000E+00    9.400000E+01    3.321587E+00    6.184103E-01    4.990000E+00    5.006024E-01    5.371170E+00    9.673286E-04    2.532041E-11    5.000000E+00    1.838849E+00    6.720187E-01
   7.900000E-10    2.000000E+00    1.961000E+01    7.600000E+01    6.989700E-01   -2.111259E+00    5.502284E-01    1.311966E+00    1.798858E+00    1.075912E+00    2.361822E+00    1.715753E+00    6.360000E+00    5.694900E+00    9.500000E-01    5.000000E+00    3.800000E+01    2.491348E+00    9.042484E-01    3.850000E+00    1.588336E+00    2.755158E+00    1.535544E-03    2.588402E-11    9.000000E+00   -1.292430E+00   -1.323612E+00
   6.600000E-10    2.000000E+00    3.950000E+01    9.000000E+01    1.297761E+00   -1.522879E+00   -1.000000E+01   -1.000000E+01    2.602928E+00   -1.000000E+01   -1.000000E+01   -1.000000E+01    6.440000E+00    7.639900E+00    1.910000E+00    4.000000E+00    2.800000E+01    2.585791E+00    7.443466E-01    3.450000E+00    1.357645E+00    3.473908E+00    1.022090E-03    5.230174E-11    3.000000E+00   -6.248211E-02    1.513607E-01
   2.100000E-09    1.000000E+00    7.960000E+01    7.600000E+01    1.397940E+00   -1.000000E+00   -1.000000E+01    3.361728E+00   -1.000000E+01   -1.000000E+01   -1.000000E+01   -1.000000E+01    2.548000E+00    3.893900E+00    7.900000E-01    6.000000E+00    5.500000E+01    2.332971E+00    2.099903E+00    4.360000E+00    9.799005E-01    1.110990E+00    8.974315E-04    9.632502E-11    4.000000E+00   -7.520267E-01   -9.699876E-01
   6.200000E-10    3.000000E+00    3.100000E-01    1.000000E-02    1.322219E+00   -1.000000E+00   -1.000000E+01    3.361728E+00   -1.000000E+01   -1.000000E+01   -1.000000E+01   -1.000000E+01    7.025000E+00    5.670400E+00    1.200000E+00    6.000000E+00    6.300000E+01    2.815290E+00    7.583190E-01    4.360000E+00   -4.913612E-01    3.712545E+00    9.922910E-04    9.567670E-11    8.000000E+00    3.783979E-01   -7.371138E-01
   2.100000E-09    1.000000E+00    2.800000E+01    1.080000E+02    1.397940E+00   -3.010300E-01   -1.000000E+01    4.060698E+00   -1.000000E+01    4.247973E+00   -1.000000E+01   -1.000000E+01    7.000000E+00    3.893900E+00    7.900000E-01    6.000000E+00    5.500000E+01    2.332971E+00    2.099903E+00    4.360000E+00    1.586266E+00    1.110990E+00    8.974315E-04    2.153893E-10    3.000000E+00   -1.080922E+00   -1.023336E+00
   2.090000E-09    4.000000E+00    3.000000E+01    7.600000E+01    1.397940E+00   -2.000000E+00    2.592177E+00   -1.000000E+01   -1.000000E+01   -1.000000E+01   -1.000000E+01   -1.000000E+01    2.450000E+00    6.306700E+00    1.300000E+00    7.000000E+00    9.000000E+01    3.398069E+00    3.044031E+00    4.990000E+00    1.403692E+00    1.116306E+00    8.974315E-04    3.046064E-11    2.000000E+00    3.364597E-01    1.441624E-01
   7.900000E-10    2.000000E+00    1.100000E-01    4.000000E+00    1.380211E+00   -1.000000E+00   -1.000000E+01    3.361728E+00   -1.000000E+01   -1.000000E+01   -1.000000E+01   -1.000000E+01    9.100000E+00    5.694900E+00    9.500000E-01    5.000000E+00    3.800000E+01    2.491348E+00    8.464301E-01    3.850000E+00    2.560667E+00    2.943359E+00    9.199272E-04    9.616334E-11    1.300000E+01   -2.602060E+00   -2.761970E+00
   1.200000E-09    5.000000E+00    1.120000E+02    2.100000E+01    1.397940E+00   -1.000000E+00   -1.000000E+01    3.361539E+00   -1.000000E+01    3.549616E+00   -1.000000E+01   -1.000000E+01    4.730000E+00    6.265700E+00    1.360000E+00    7.000000E+00    9.300000E+01    3.387005E+00    1.742078E+00    4.990000E+00    2.730013E-01    1.944232E+00    8.974315E-04    9.632502E-11    6.000000E+00   -5.917600E-01   -1.323511E+00
   6.600000E-10    2.000000E+00    5.000000E-01    1.400000E+00    1.342423E+00   -2.000000E+00   -1.000000E+01    2.361728E+00   -1.000000E+01   -1.000000E+01   -1.000000E+01   -1.000000E+01    4.975000E+00    7.639900E+00    1.910000E+00    4.000000E+00    2.800000E+01    2.585791E+00    7.389244E-01    3.450000E+00    1.447158E+00    3.499399E+00    9.673286E-04    3.030701E-11    2.000000E+01   -2.109020E+00   -2.202746E+00
   7.200000E-10    6.000000E+00    9.700000E+01    1.210000E+02    1.301030E+00   -1.000000E+00   -1.000000E+01    3.361728E+00   -1.000000E+01   -1.000000E+01   -1.000000E+01   -1.000000E+01    7.796000E+00    6.193900E+00    1.380000E+00    7.000000E+00    9.200000E+01    3.367543E+00    1.056966E+00    4.990000E+00    1.096014E+00    3.186046E+00    1.018135E-03    9.551391E-11    3.000000E+00    4.828736E-01    6.743495E-02
   2.100000E-09    1.000000E+00    5.100000E+00    3.970000E+00    1.397940E+00   -2.192465E+00   -1.000000E+01    2.469822E+00   -1.000000E+01   -1.000000E+01    2.469822E+00   -1.000000E+01    8.800000E+00    3.893900E+00    7.900000E-01    6.000000E+00    5.500000E+01    2.332971E+00    2.099903E+00    4.360000E+00    8.912203E-01    1.110990E+00    8.974315E-04    2.440656E-11    1.000000E+00    2.174839E-01    2.300083E-01
   2.100000E-09    1.000000E+00    2.500000E-01    2.200000E+00    1.397940E+00   -3.031517E+00   -6.989700E-01    1.201397E+00    7.075702E-01    7.242759E-01    1.408240E+00    7.403627E-01    6.800000E+00    3.893900E+00    7.900000E-01    6.000000E+00    5.500000E+01    2.332971E+00    2.099903E+00    4.360000E+00    1.944483E+00    1.110990E+00    8.974315E-04    9.289248E-12    1.300000E+01   -2.180456E+00   -2.006108E+00
   6.600000E-10    2.000000E+00    2.950000E+01    7.600000E+01    1.447158E+00   -2.000000E+00   -1.000000E+01    2.361728E+00   -1.000000E+01   -1.000000E+01   -1.000000E+01   -1.000000E+01    6.952000E+00    7.639900E+00    1.910000E+00    4.000000E+00    2.800000E+01    2.585791E+00    7.242024E-01    3.450000E+00    1.410992E+00    3.570537E+00    8.344425E-04    3.061351E-11    2.000000E+00    4.377506E-01    3.315176E-01
   7.190000E-10    2.000000E+00    1.000000E+02    1.080000E+02    1.397940E+00   -1.000000E+00   -1.000000E+01    3.361539E+00   -1.000000E+01   -1.000000E+01   -1.000000E+01   -1.000000E+01    6.200000E+00    7.902400E+00    1.830000E+00    4.000000E+00    2.600000E+01    2.629839E+00    8.104545E-01    3.450000E+00    1.033424E+00    3.244894E+00    8.974315E-04    9.632502E-11    3.000000E+00   -2.240257E-01    1.003896E-01
   9.450000E-10    2.000000E+00    2.000000E+01    8.600000E+01    1.397940E+00   -1.000000E+00   -1.000000E+01    3.361728E+00   -1.000000E+01   -1.000000E+01   -1.000000E+01   -1.000000E+01    6.700000E+00    7.416700E+00    2.330000E+00    6.000000E+00    8.200000E+01    3.219752E+00    1.304142E+00    4.360000E+00    1.633468E+00    2.468867E+00    8.974315E-04    9.632502E-11    3.000000E+00    1.986571E-01    2.850182E-01
   6.600000E-10    2.000000E+00    5.000000E-01    1.400000E+00    1.342423E+00   -2.000000E+00   -1.000000E+01    2.361728E+00   -1.000000E+01   -1.000000E+01   -1.000000E+01   -1.000000E+01    6.148000E+00    7.639900E+00    1.910000E+00    4.000000E+00    2.800000E+01    2.585791E+00    7.389244E-01    3.450000E+00    1.447158E+00    3.499399E+00    9.673286E-04    3.030701E-11    2.000000E+01   -1.446117E+00   -1.147085E+00
   6.600000E-10    2.000000E+00    4.900000E-01    1.400000E+00    1.397940E+00   -2.000000E+00   -1.000000E+01    2.361728E+00   -1.000000E+01   -1.000000E+01   -1.000000E+01   -1.000000E+01    6.000000E+00    7.639900E+00    1.910000E+00    4.000000E+00    2.800000E+01    2.585791E+00    7.314893E-01    3.450000E+00    1.455932E+00    3.534968E+00    8.974315E-04    3.046064E-11    2.000000E+01   -1.619789E+00   -1.673813E+00
   7.200000E-10    6.000000E+00    3.000000E-02    1.000000E-02    1.301030E+00   -1.000000E+00   -1.000000E+01    3.361728E+00   -1.000000E+01   -1.000000E+01   -1.000000E+01   -1.000000E+01    5.385000E+00    6.193900E+00    1.380000E+00    7.000000E+00    9.200000E+01    3.367543E+00    1.056966E+00    4.990000E+00    5.228787E-01    3.186046E+00    1.018135E-03    9.551391E-11    2.200000E+01   -2.031984E+00   -1.908666E+00
   6.600000E-10    2.000000E+00    2.800000E+01    1.210000E+02    1.395326E+00   -1.698970E+00   -4.078232E-01    2.361539E+00   -1.000000E+01   -1.000000E+01   -1.000000E+01   -1.000000E+01    6.000000E+00    7.639900E+00    1.910000E+00    4.000000E+00    2.800000E+01    2.585791E+00    7.318575E-01    3.450000E+00    1.635627E+00    3.533189E+00    9.007563E-04    4.306702E-11    3.000000E+00    1.335389E-01    5.297532E-02
   2.100000E-09    1.000000E+00    6.100000E-01    1.100000E+01    1.397940E+00   -6.126102E-01   -2.092051E+00    1.363612E+00    2.764618E-01    8.000294E-01   -2.006564E+00   -2.518120E-01    8.790000E+00    3.893900E+00    7.900000E-01    6.000000E+00    5.500000E+01    2.332971E+00    2.099903E+00    4.360000E+00    2.256063E+00    1.110990E+00    8.974315E-04    1.504645E-10    1.300000E+01   -1.913640E+00   -2.107518E+00
   1.550000E-09    4.000000E+00    2.800000E+01    1.080000E+02    1.397940E+00   -1.000000E+00   -1.000000E+01    3.361539E+00   -1.000000E+01    3.549616E+00   -1.000000E+01   -1.000000E+01    4.930000E+00    9.752400E+00    2.550000E+00    4.000000E+00    3.400000E+01    2.921497E+00    1.940920E+00    3.450000E+00    1.586266E+00    1.505212E+00    8.974315E-04    9.632502E-11    2.000000E+00   -1.563837E+00   -1.627306E+00
   7.200000E-10    6.000000E+00    1.500000E+02    1.000000E-02    1.397940E+00   -1.000000E+00   -1.000000E+01    3.361539E+00   -1.000000E+01   -1.000000E+01   -1.000000E+01   -1.000000E+01    9.900000E+00    6.193900E+00    1.380000E+00    7.000000E+00    9.200000E+01    3.367543E+00    1.039241E+00    4.990000E+00   -3.176091E+00    3.240387E+00    8.974315E-04    9.632502E-11    1.900000E+01    1.204120E+00    1.084565E+00
   1.200000E-09    5.000000E+00    9.700000E+01    1.210000E+02    1.301030E+00   -1.000000E+00   -1.000000E+01    3.361728E+00   -1.000000E+01   -1.000000E+01   -1.000000E+01   -1.000000E+01    7.560000E+00    6.265700E+00    1.360000E+00    7.000000E+00    9.300000E+01    3.387005E+00    1.771792E+00    4.990000E+00    1.096014E+00    1.911627E+00    1.018135E-03    9.551391E-11    3.000000E+00   -1.361511E+00   -1.311461E+00
   7.190000E-10    2.000000E+00    1.000000E+02    1.080000E+02    1.397940E+00   -1.000000E+00   -1.000000E+01    3.361539E+00   -1.000000E+01   -1.000000E+01   -1.000000E+01   -1.000000E+01    6.200000E+00    7.902400E+00    1.830000E+00    4.000000E+00    2.600000E+01    2.629839E+00    8.104545E-01    3.450000E+00    1.033424E+00    3.244894E+00    8.974315E-04    9.632502E-11    3.000000E+00    1.625312E+00    1.003896E-01
   6.200000E-10    3.000000E+00    5.360000E+01    6.230000E+01    1.342423E+00   -1.000000E+00   -1.000000E+01    3.361728E+00   -1.000000E+01    3.550228E+00   -1.000000E+01   -1.000000E+01    3.082000E+00    5.670400E+00    1.200000E+00    6.000000E+00    6.300000E+01    2.815295E+00    7.557500E-01    4.360000E+00    1.065323E+00    3.725167E+00    9.673286E-04    9.583918E-11    2.000000E+00   -2.306227E-01   -9.612985E-02
   1.550000E-09    4.000000E+00    2.480000E+01    8.880000E+00    1.397940E+00   -2.000000E+00   -1.000000E+01    2.361728E+00   -1.000000E+01    2.550228E+00   -1.000000E+01   -1.000000E+01    6.830000E+00    9.752400E+00    2.550000E+00    4.000000E+00    3.400000E+01    2.921497E+00    1.940920E+00    3.450000E+00    5.539613E-01    1.505212E+00    8.974315E-04    3.046064E-11    7.000000E+00   -9.393022E-01   -1.003947E+00
   8.500000E-10    2.000000E+00    1.100000E-01    4.000000E+00    1.380211E+00   -1.000000E+00   -1.000000E+01    3.361728E+00   -1.000000E+01   -1.000000E+01   -1.000000E+01   -1.000000E+01    1.060000E+01    5.211700E+00    8.900000E-01    6.000000E+00    5.600000E+01    2.699024E+00    9.866323E-01    4.360000E+00    2.560667E+00    2.735593E+00    9.199272E-04    9.616334E-11    1.300000E+01   -2.000000E+00   -1.904907E+00
   1.550000E-09    4.000000E+00    4.600000E+00    4.400000E+00    1.397940E+00   -2.000000E+00   -1.000000E+01    2.361728E+00   -1.000000E+01    2.550228E+00   -1.000000E+01   -1.000000E+01    9.230000E+00    9.752400E+00    2.550000E+00    4.000000E+00    3.400000E+01    2.921497E+00    1.940920E+00    3.450000E+00    9.806948E-01    1.505212E+00    8.974315E-04    3.046064E-11    8.000000E+00   -2.080922E+00   -1.791526E+00
   6.200000E-10    3.000000E+00    3.200000E+01    7.600000E+01    1.380211E+00   -7.033348E-01   -1.000000E+01   -1.000000E+01    3.423246E+00   -1.000000E+01   -1.000000E+01   -1.000000E+01    6.190000E+00    5.670400E+00    1.200000E+00    6.000000E+00    6.300000E+01    2.815295E+00    7.506634E-01    4.360000E+00    1.375664E+00    3.750409E+00    9.199272E-04    1.353138E-10    3.000000E+00   -2.641038E-02    4.430996E-01
   6.200000E-10    3.000000E+00    3.000000E+01    7.600000E+01    1.397940E+00   -2.000000E+00   -1.000000E+01    2.361728E+00   -1.000000E+01   -1.000000E+01   -1.000000E+01   -1.000000E+01    6.747000E+00    5.670400E+00    1.200000E+00    6.000000E+00    6.300000E+01    2.815295E+00    7.481457E-01    4.360000E+00    1.403692E+00    3.763030E+00    8.974315E-04    3.046064E-11    2.000000E+00    1.698101E+00    1.397555E+00
   1.550000E-09    4.000000E+00    1.000000E+02    1.080000E+02    1.361728E+00   -1.301030E+00   -1.000000E+01    3.060509E+00   -1.000000E+01    3.248586E+00   -1.000000E+01   -1.000000E+01    6.400000E+00    9.752400E+00    2.550000E+00    4.000000E+00    3.400000E+01    2.921497E+00    1.954028E+00    3.450000E+00    1.033424E+00    1.495115E+00    9.432169E-04    6.788324E-11    3.000000E+00   -2.035740E+00   -1.777770E+00
   2.100000E-09    1.000000E+00    3.750000E+01    1.442000E+02    1.397940E+00   -3.663540E+00   -1.399027E+00    7.846173E-01   -1.698970E+00    1.583625E-01   -1.000000E+01    1.335389E-01    1.070000E+01    3.893900E+00    7.900000E-01    6.000000E+00    5.500000E+01    2.332971E+00    2.099903E+00    4.360000E+00    1.584934E+00    1.110990E+00    8.974315E-04    4.487133E-12    2.500000E+01    1.773786E+00    4.844067E-01
   6.200000E-10    3.000000E+00    3.500000E+01    6.300000E+01    1.397940E+00   -1.000000E+00   -1.000000E+01    3.361728E+00   -1.000000E+01   -1.000000E+01   -1.000000E+01   -1.000000E+01    5.871000E+00    5.670400E+00    1.200000E+00    6.000000E+00    6.300000E+01    2.815295E+00    7.481457E-01    4.360000E+00    1.255273E+00    3.763030E+00    8.974315E-04    9.632502E-11    3.000000E+00   -1.369572E+00    2.191355E-01
   7.200000E-10    6.000000E+00    2.090000E+00    1.000000E-02    1.397940E+00   -1.000000E+00   -1.000000E+01    3.361728E+00   -1.000000E+01   -1.000000E+01   -1.000000E+01   -1.000000E+01    6.990000E+00    6.193900E+00    1.380000E+00    7.000000E+00    9.200000E+01    3.367543E+00    1.039241E+00    4.990000E+00   -1.320146E+00    3.240387E+00    8.974315E-04    9.632502E-11    1.900000E+01   -4.168012E-01   -3.665855E-01
   6.200000E-10    3.000000E+00    2.300000E+00    9.300000E+00    1.342423E+00   -1.000000E+00   -1.000000E+01    3.361728E+00   -1.000000E+01    3.550228E+00   -1.000000E+01   -1.000000E+01    5.493000E+00    5.670400E+00    1.200000E+00    6.000000E+00    6.300000E+01    2.815295E+00    7.557500E-01    4.360000E+00    1.606755E+00    3.725167E+00    9.673286E-04    9.583918E-11    1.300000E+01    1.303338E-01   -7.814251E-01
   7.200000E-10    6.000000E+00    9.700000E+01    1.210000E+02    1.301030E+00   -1.000000E+00   -1.000000E+01    3.361728E+00   -1.000000E+01   -1.000000E+01   -1.000000E+01   -1.000000E+01    7.460000E+00    6.193900E+00    1.380000E+00    7.000000E+00    9.200000E+01    3.367543E+00    1.056966E+00    4.990000E+00    1.096014E+00    3.186046E+00    1.018135E-03    9.551391E-11    3.000000E+00    4.377506E-01    8.870957E-01
   1.200000E-09    5.000000E+00    2.800000E+01    1.080000E+02    1.301030E+00   -1.749580E+00   -1.000000E+01    2.361539E+00    2.017868E+00    2.265525E+00   -1.000000E+01   -1.000000E+01    3.200000E+00    6.265700E+00    1.360000E+00    7.000000E+00    9.300000E+01    3.387005E+00    1.771792E+00    4.990000E+00    1.586266E+00    1.911627E+00    1.018135E-03    4.029736E-11    2.000000E+00   -1.749580E+00   -1.836865E+00
   6.600000E-10    2.000000E+00    2.800000E+01    1.210000E+02    1.395326E+00   -2.000000E+00   -1.000000E+01    2.361539E+00   -1.000000E+01   -1.000000E+01   -1.000000E+01   -1.000000E+01    2.000000E+00    7.639900E+00    1.910000E+00    4.000000E+00    2.800000E+01    2.585791E+00    7.318575E-01    3.450000E+00    1.635627E+00    3.533189E+00    9.007563E-04    3.045298E-11    3.000000E+00   -8.268137E-01   -6.593125E-01
   6.600000E-10    2.000000E+00    3.500000E+01    8.700000E+01    1.301030E+00   -1.522879E+00   -1.000000E+01    2.838849E+00   -1.000000E+01   -1.000000E+01   -1.000000E+01   -1.000000E+01    7.440000E+00    7.639900E+00    1.910000E+00    4.000000E+00    2.800000E+01    2.585791E+00    7.439657E-01    3.450000E+00    1.395451E+00    3.475686E+00    1.018135E-03    5.231512E-11    3.000000E+00    8.000294E-01    6.500054E-01
   6.200000E-10    3.000000E+00    1.018000E+01    3.700000E+01    6.989700E-01   -2.088310E+00    5.502284E-01    1.311966E+00    1.838471E+00    1.075912E+00    2.378761E+00    1.715753E+00    7.260000E+00    5.670400E+00    1.200000E+00    6.000000E+00    6.300000E+01    2.815295E+00    8.019401E-01    4.360000E+00    1.560454E+00    3.510605E+00    1.535544E-03    2.657702E-11    9.000000E+00    1.431364E+00    1.314845E+00
   1.200000E-09    5.000000E+00    3.000000E+01    7.600000E+01    1.301030E+00   -2.000000E+00   -1.000000E+01    2.361539E+00   -1.000000E+01   -1.000000E+01   -1.000000E+01   -1.000000E+01    7.700000E+00    6.265700E+00    1.360000E+00    7.000000E+00    9.300000E+01    3.387005E+00    1.771792E+00    4.990000E+00    1.403692E+00    1.911627E+00    1.018135E-03    3.020415E-11    2.000000E+00   -3.767507E-01   -3.230583E-01
   1.200000E-09    5.000000E+00    1.916000E+01    7.600000E+01    6.989700E-01   -2.088310E+00    5.502284E-01    1.311966E+00    1.838471E+00    1.075912E+00    2.378761E+00    1.715753E+00    8.040000E+00    6.265700E+00    1.360000E+00    7.000000E+00    9.300000E+01    3.387005E+00    1.867340E+00    4.990000E+00    1.598418E+00    1.813813E+00    1.535544E-03    2.657702E-11    9.000000E+00   -3.279021E-01    5.217232E-01
   1.990000E-09    2.000000E+00    5.900000E-01    1.600000E+00    1.397940E+00   -2.000000E+00   -1.000000E+01    2.361728E+00   -1.000000E+01    2.550228E+00   -1.000000E+01   -1.000000E+01    1.100000E+01    8.336900E+00    2.200000E+00    5.000000E+00    4.600000E+01    3.014349E+00    2.571090E+00    3.850000E+00    1.433268E+00    1.172401E+00    8.974315E-04    3.046064E-11    1.400000E+01    2.479733E-01   -6.324986E-01
   1.200000E-09    5.000000E+00    2.000000E+00    5.000000E+00    1.397940E+00   -7.423214E-01    1.428135E+00    3.298853E+00    2.880814E+00    3.681241E+00    1.764176E+00    2.691081E+00    7.200000E+00    6.265700E+00    1.360000E+00    7.000000E+00    9.300000E+01    3.387005E+00    1.742078E+00    4.990000E+00    1.397940E+00    1.944232E+00    8.974315E-04    1.295921E-10    1.300000E+01   -1.886057E+00   -1.833250E+00
   6.600000E-10    2.000000E+00    2.800000E+01    1.210000E+02    1.395326E+00   -1.522879E+00   -1.000000E+01   -1.000000E+01   -3.970723E-01   -1.000000E+01   -1.000000E+01   -1.000000E+01    6.000000E+00    7.639900E+00    1.910000E+00    4.000000E+00    2.800000E+01    2.585791E+00    7.318575E-01    3.450000E+00    1.635627E+00    3.533189E+00    9.007563E-04    5.274611E-11    3.000000E+00   -2.873503E-01   -3.910304E-01
   7.900000E-10    2.000000E+00    2.800000E+01    1.210000E+02    1.397940E+00   -3.010300E-01   -1.000000E+01    4.060509E+00   -1.000000E+01   -1.000000E+01   -1.000000E+01   -1.000000E+01    4.940000E+00    5.694900E+00    9.500000E-01    5.000000E+00    3.800000E+01    2.491348E+00    8.435911E-01    3.850000E+00    1.635627E+00    2.953264E+00    8.974315E-04    2.153893E-10    3.000000E+00   -1.931814E+00   -1.822968E+00
   6.240000E-10    3.000000E+00    1.880000E+02    5.220000E+01    1.361728E+00   -1.844664E+00   -1.000000E+01    2.565848E+00    6.020600E-01    2.558709E+00   -1.000000E+01   -1.000000E+01    8.800000E+00    5.973800E+00    1.300000E+00    7.000000E+00    9.500000E+01    3.307169E+00    8.905016E-01    4.990000E+00    4.435127E-01    3.713828E+00    9.432169E-04    3.630326E-11    2.500000E+01   -1.073490E-01   -4.817516E-01
   1.990000E-09    2.000000E+00    2.400000E+01    1.442000E+02    1.397940E+00   -2.000000E+00   -1.000000E+01    2.361728E+00   -1.000000E+01    2.550228E+00   -1.000000E+01   -1.000000E+01    7.900000E+00    8.336900E+00    2.200000E+00    5.000000E+00    4.600000E+01    3.014349E+00    2.571090E+00    3.850000E+00    1.778754E+00    1.172401E+00    8.974315E-04    3.046064E-11    2.500000E+01    7.558749E-01    2.415089E-01
   6.200000E-10    3.000000E+00    3.000000E+01    7.600000E+01    1.397940E+00   -2.000000E+00   -1.000000E+01    2.361728E+00   -1.000000E+01   -1.000000E+01   -1.000000E+01   -1.000000E+01    5.816000E+00    5.670400E+00    1.200000E+00    6.000000E+00    6.300000E+01    2.815295E+00    7.481457E-01    4.360000E+00    1.403692E+00    3.763030E+00    8.974315E-04    3.046064E-11    2.000000E+00    1.787460E+00    1.520608E+00
   2.090000E-09    4.000000E+00    8.640000E+01    6.500000E+00    1.397940E+00   -1.000000E+00   -1.000000E+01    3.361728E+00   -1.000000E+01    3.550228E+00   -1.000000E+01   -1.000000E+01    3.466000E+00    6.306700E+00    1.300000E+00    7.000000E+00    9.000000E+01    3.398069E+00    3.044031E+00    4.990000E+00   -1.236004E-01    1.116306E+00    8.974315E-04    9.632502E-11    2.100000E+01    2.455127E-01   -6.055351E-02
   7.200000E-10    2.000000E+00    9.900000E+01    4.540000E+01    1.397940E+00   -1.000000E+00   -1.000000E+01    3.361728E+00   -1.000000E+01   -1.000000E+01   -1.000000E+01   -1.000000E+01    5.276000E+00    8.993800E+00    1.690000E+00    5.000000E+00    4.800000E+01    3.130855E+00    9.661976E-01    3.850000E+00    6.614207E-01    3.240387E+00    8.974315E-04    9.632502E-11    3.000000E+00   -2.388242E-01   -2.265830E-01
   6.600000E-10    2.000000E+00    3.500000E+01    8.700000E+01    1.301030E+00   -2.004365E+00   -1.698970E+00   -7.351822E-01    2.120574E+00   -1.000000E+01   -1.000000E+01   -1.000000E+01    5.170000E+00    7.639900E+00    1.910000E+00    4.000000E+00    2.800000E+01    2.585791E+00    7.439657E-01    3.450000E+00    1.395451E+00    3.475686E+00    1.018135E-03    3.005275E-11    3.000000E+00   -7.825161E-01   -6.846079E-01
   6.200000E-10    3.000000E+00    1.088000E+01    5.200000E+00    1.397940E+00   -1.301030E+00   -1.000000E+01    3.060698E+00   -1.000000E+01   -1.000000E+01   -1.000000E+01   -1.000000E+01    9.297000E+00    5.670400E+00    1.200000E+00    6.000000E+00    6.300000E+01    2.815295E+00    7.481457E-01    4.360000E+00    6.793745E-01    3.763030E+00    8.974315E-04    6.811207E-11    7.000000E+00    1.731863E-01    8.842257E-01
   6.600000E-10    2.000000E+00    2.712000E+01    7.600000E+01    6.989700E-01   -2.088310E+00    5.502284E-01    1.311966E+00    1.838471E+00    1.075912E+00    2.378761E+00    1.715753E+00    8.240000E+00    7.639900E+00    1.910000E+00    4.000000E+00    2.800000E+01    2.585791E+00    7.840861E-01    3.450000E+00    1.447524E+00    3.297841E+00    1.535544E-03    2.657702E-11    4.000000E+00   -3.665315E-01   -3.657109E-01
   6.200000E-10    3.000000E+00    2.400000E+01    8.750000E+01    1.397940E+00   -1.602060E+00   -1.000000E+01    2.759668E+00   -1.000000E+01   -1.000000E+01   -1.000000E+01   -1.000000E+01    6.130000E+00    5.670400E+00    1.200000E+00    6.000000E+00    6.300000E+01    2.815295E+00    7.481457E-01    4.360000E+00    1.561797E+00    3.763030E+00    8.974315E-04    4.816251E-11    3.000000E+00    1.320146E+00    1.331115E+00
   2.100000E-09    1.000000E+00    1.242000E+01    9.400000E+00    6.989700E-01   -2.088310E+00    5.502284E-01    1.311966E+00    1.838471E+00    1.075912E+00    2.378761E+00    1.715753E+00    7.030000E+00    3.893900E+00    7.900000E-01    6.000000E+00    5.500000E+01    2.332971E+00    2.250894E+00    4.360000E+00    8.790063E-01    1.036464E+00    1.535544E-03    2.657702E-11    2.400000E+01    5.563025E-01    3.056432E-01
   7.200000E-10    6.000000E+00    9.700000E+01    1.210000E+02    1.301030E+00   -1.000000E+00   -1.000000E+01    3.361728E+00   -1.000000E+01   -1.000000E+01   -1.000000E+01   -1.000000E+01    5.173000E+00    6.193900E+00    1.380000E+00    7.000000E+00    9.200000E+01    3.367543E+00    1.056966E+00    4.990000E+00    1.096014E+00    3.186046E+00    1.018135E-03    9.551391E-11    3.000000E+00    9.068735E-01    6.090822E-01
   2.100000E-09    1.000000E+00    7.960000E+01    1.300000E+02    1.397940E+00   -3.230623E+00   -1.000000E+01   -1.000000E+01   -1.000000E+01    1.319106E+00   -1.000000E+01   -1.000000E+01    6.400000E+00    3.893900E+00    7.900000E-01    6.000000E+00    5.500000E+01    2.332971E+00    2.099903E+00    4.360000E+00    1.213030E+00    1.110990E+00    8.974315E-04    7.386314E-12    4.000000E+00   -8.068754E-01   -6.377632E-01
   7.200000E-10    6.000000E+00    5.660000E+01    8.000000E+01    1.397940E+00   -3.000000E+00   -1.000000E+01    1.361728E+00   -1.000000E+01   -1.000000E+01   -1.000000E+01   -1.000000E+01    4.060000E+00    6.193900E+00    1.380000E+00    7.000000E+00    9.200000E+01    3.367543E+00    1.039241E+00    4.990000E+00    1.150274E+00    3.240387E+00    8.974315E-04    9.632502E-12    3.000000E+00    4.885507E-01    7.146014E-01
   7.900000E-10    2.000000E+00    3.100000E-01    1.000000E-02    1.322219E+00   -1.000000E+00   -1.000000E+01    3.361728E+00   -1.000000E+01   -1.000000E+01   -1.000000E+01   -1.000000E+01    5.909000E+00    5.694900E+00    9.500000E-01    5.000000E+00    3.800000E+01    2.491348E+00    8.550627E-01    3.850000E+00   -4.913618E-01    2.913643E+00    9.922914E-04    9.567668E-11    2.200000E+01   -2.701147E+00   -2.594324E+00
   7.200000E-10    6.000000E+00    5.660000E+01    8.000000E+01    1.397940E+00   -1.000000E+00   -1.000000E+01    3.361728E+00   -1.000000E+01   -1.000000E+01   -1.000000E+01   -1.000000E+01    5.090000E+00    6.193900E+00    1.380000E+00    7.000000E+00    9.200000E+01    3.367543E+00    1.039241E+00    4.990000E+00    1.150274E+00    3.240387E+00    8.974315E-04    9.632502E-11    3.000000E+00    5.352941E-01   -1.500719E-01
   2.000000E-09    4.000000E+00    2.630000E-01    1.610000E+00    1.301030E+00   -4.685211E-01    1.286681E+00    3.285332E+00    3.044932E+00    3.676602E+00   -1.000000E+01    2.611723E+00    8.100000E+00    7.280000E+00    1.900000E+00    5.000000E+00    4.300000E+01    2.816806E+00    2.455854E+00    3.850000E+00    1.786870E+00    1.146976E+00    1.018135E-03    1.761190E-10    1.100000E+01   -6.248211E-02   -1.981604E+00
   7.200000E-10    6.000000E+00    1.018000E+01    3.700000E+01    6.989700E-01   -2.088310E+00    5.502284E-01    1.311966E+00    1.838471E+00    1.075912E+00    2.378761E+00    1.715753E+00    6.850000E+00    6.193900E+00    1.380000E+00    7.000000E+00    9.200000E+01    3.367543E+00    1.113966E+00    4.990000E+00    1.560454E+00    3.023021E+00    1.535544E-03    2.657702E-11    9.000000E+00   -4.559320E-01   -3.201712E-01
   6.600000E-10    2.000000E+00    2.712000E+01    7.600000E+01    6.989700E-01   -2.088310E+00    5.502284E-01    1.311966E+00    1.838471E+00    1.075912E+00    2.378761E+00    1.715753E+00    7.940000E+00    7.639900E+00    1.910000E+00    4.000000E+00    2.800000E+01    2.585791E+00    7.840861E-01    3.450000E+00    1.447524E+00    3.297841E+00    1.535544E-03    2.657702E-11    4.000000E+00   -9.208188E-01   -6.958123E-01
   1.200000E-09    5.000000E+00    9.700000E+01    1.210000E+02    1.301030E+00   -1.000000E+00   -1.000000E+01    3.361728E+00   -1.000000E+01   -1.000000E+01   -1.000000E+01   -1.000000E+01    8.750000E+00    6.265700E+00    1.360000E+00    7.000000E+00    9.300000E+01    3.387005E+00    1.771792E+00    4.990000E+00    1.096014E+00    1.911627E+00    1.018135E-03    9.551391E-11    3.000000E+00   -7.447275E-01   -1.001007E+00
   1.550000E-09    4.000000E+00    2.480000E+01    8.880000E+00    1.397940E+00   -1.000000E+00   -1.000000E+01    3.361728E+00   -1.000000E+01    3.550228E+00   -1.000000E+01   -1.000000E+01    5.222000E+00    9.752400E+00    2.550000E+00    4.000000E+00    3.400000E+01    2.921497E+00    1.940920E+00    3.450000E+00    5.539613E-01    1.505212E+00    8.974315E-04    9.632502E-11    7.000000E+00   -8.210231E-01   -7.939694E-01
   2.100000E-09    1.000000E+00    1.100000E-01    4.000000E+00    1.380211E+00   -1.000000E+00   -1.000000E+01    3.361728E+00   -1.000000E+01   -1.000000E+01   -1.000000E+01   -1.000000E+01    1.003000E+01    3.893900E+00    7.900000E-01    6.000000E+00    5.500000E+01    2.332971E+00    2.106970E+00    4.360000E+00    2.560667E+00    1.107264E+00    9.199272E-04    9.616334E-11    1.300000E+01   -1.493495E+00   -1.598725E+00
   7.200000E-10    6.000000E+00    5.360000E+01    6.230000E+01    1.778151E+00   -1.000000E+00   -1.000000E+01    3.361728E+00   -1.000000E+01    3.550228E+00   -1.000000E+01   -1.000000E+01    3.135000E+00    6.193900E+00    1.380000E+00    7.000000E+00    9.200000E+01    3.367543E+00    9.300606E-01    4.990000E+00    1.065323E+00    3.620778E+00    4.493767E-04    1.018220E-10    2.000000E+00   -1.404504E+00   -1.160531E+00
   7.200000E-10    6.000000E+00    3.100000E+01    7.400000E+01    1.397940E+00   -2.000000E+00   -1.000000E+01    2.361728E+00   -1.000000E+01   -1.000000E+01   -1.000000E+01   -1.000000E+01    7.390000E+00    6.193900E+00    1.380000E+00    7.000000E+00    9.200000E+01    3.367543E+00    1.039241E+00    4.990000E+00    1.377870E+00    3.240387E+00    8.974315E-04    3.046064E-11    3.000000E+00    8.591383E-01    7.068594E-01
   2.090000E-09    4.000000E+00    8.640000E+01    6.500000E+00    1.397940E+00   -1.000000E+00   -1.000000E+01    3.361728E+00   -1.000000E+01    3.550228E+00   -1.000000E+01   -1.000000E+01    3.000000E+00    6.306700E+00    1.300000E+00    7.000000E+00    9.000000E+01    3.398069E+00    3.044031E+00    4.990000E+00   -1.236004E-01    1.116306E+00    8.974315E-04    9.632502E-11    2.100000E+01   -9.871628E-01   -8.774597E-01
   7.190000E-10    2.000000E+00    1.000000E+02    1.080000E+02    1.397940E+00   -1.000000E+00   -1.000000E+01    3.361539E+00   -1.000000E+01   -1.000000E+01   -1.000000E+01   -1.000000E+01    6.200000E+00    7.902400E+00    1.830000E+00    4.000000E+00    2.600000E+01    2.629839E+00    8.104545E-01    3.450000E+00    1.033424E+00    3.244894E+00    8.974315E-04    9.632502E-11    3.000000E+00   -7.544873E-01    1.003896E-01
   2.090000E-09    4.000000E+00    8.640000E+01    6.500000E+00    1.397940E+00   -1.000000E+00   -1.000000E+01    3.361728E+00   -1.000000E+01    3.550228E+00   -1.000000E+01   -1.000000E+01    2.900000E+00    6.306700E+00    1.300000E+00    7.000000E+00    9.000000E+01    3.398069E+00    3.044031E+00    4.990000E+00   -1.236004E-01    1.116306E+00    8.974315E-04    9.632502E-11    2.100000E+01   -7.212464E-01   -5.157670E-01
   6.200000E-10    3.000000E+00    3.500000E+01    6.300000E+01    1.397940E+00   -3.010300E-01   -1.000000E+01    4.060698E+00   -1.000000E+01   -1.000000E+01   -1.000000E+01   -1.000000E+01    6.797000E+00    5.670400E+00    1.200000E+00    6.000000E+00    6.300000E+01    2.815295E+00    7.481457E-01    4.360000E+00    1.255273E+00    3.763030E+00    8.974315E-04    2.153893E-10    3.000000E+00    4.216039E-01    4.046419E-01
   7.200000E-10    6.000000E+00    3.100000E+01    8.210000E+01    1.397940E+00   -2.000000E+00   -1.000000E+01    2.361728E+00   -1.000000E+01   -1.000000E+01   -1.000000E+01   -1.000000E+01    6.290000E+00    6.193900E+00    1.380000E+00    7.000000E+00    9.200000E+01    3.367543E+00    1.039241E+00    4.990000E+00    1.422981E+00    3.240387E+00    8.974315E-04    3.046064E-11    3.000000E+00    5.831988E-01    7.059808E-01
   1.550000E-09    4.000000E+00    1.860000E+01    9.700000E+01    1.361728E+00   -1.000000E+00   -1.000000E+01    3.361728E+00   -1.000000E+01    3.550228E+00   -1.000000E+01   -1.000000E+01    1.219000E+01    9.752400E+00    2.550000E+00    4.000000E+00    3.400000E+01    2.921497E+00    1.954028E+00    3.450000E+00    1.717259E+00    1.495115E+00    9.432169E-04    9.600140E-11    3.000000E+00   -2.555955E+00   -2.558710E+00
   6.600000E-10    2.000000E+00    2.800000E+01    1.210000E+02    1.395326E+00   -2.000000E+00   -1.000000E+01    2.361539E+00   -1.000000E+01   -1.000000E+01   -1.000000E+01   -1.000000E+01    5.500000E+00    7.639900E+00    1.910000E+00    4.000000E+00    2.800000E+01    2.585791E+00    7.318575E-01    3.450000E+00    1.635627E+00    3.533189E+00    9.007563E-04    3.045298E-11    3.000000E+00    3.263359E-01    1.433208E-01
   6.200000E-10    3.000000E+00    3.000000E+01    5.300000E+01    1.361728E+00   -2.000000E+00   -1.000000E+01    2.361539E+00   -1.000000E+01   -1.000000E+01   -1.000000E+01   -1.000000E+01    6.300000E+00    5.670400E+00    1.200000E+00    6.000000E+00    6.300000E+01    2.815295E+00    7.531981E-01    4.360000E+00    1.247155E+00    3.737788E+00    9.432169E-04    3.035831E-11    2.000000E+00    1.780317E+00    1.809901E+00
   6.600000E-10    2.000000E+00    2.000000E+01    2.800000E+01    1.395326E+00   -1.000000E+00   -1.000000E+01    3.361539E+00   -1.000000E+01   -1.000000E+01   -1.000000E+01   -1.000000E+01    6.130000E+00    7.639900E+00    1.910000E+00    4.000000E+00    2.800000E+01    2.585791E+00    7.318575E-01    3.450000E+00    1.146128E+00    3.533189E+00    9.007563E-04    9.630078E-11    6.000000E+00   -8.632794E-01   -1.406532E+00
   6.600000E-10    2.000000E+00    4.900000E-01    1.400000E+00    1.397940E+00   -2.000000E+00   -1.000000E+01    2.361728E+00   -1.000000E+01   -1.000000E+01   -1.000000E+01   -1.000000E+01    6.000000E+00    7.639900E+00    1.910000E+00    4.000000E+00    2.800000E+01    2.585791E+00    7.314893E-01    3.450000E+00    1.455932E+00    3.534968E+00    8.974315E-04    3.046064E-11    2.000000E+01   -1.407823E+00   -1.673813E+00
   6.200000E-10    3.000000E+00    2.712000E+01    7.600000E+01    6.989700E-01   -2.111259E+00    5.502284E-01    1.311966E+00    1.798858E+00    1.075912E+00    2.361822E+00    1.715753E+00    8.530000E+00    5.670400E+00    1.200000E+00    6.000000E+00    6.300000E+01    2.815295E+00    8.019401E-01    4.360000E+00    1.447524E+00    3.510605E+00    1.535544E-03    2.588402E-11    4.000000E+00    1.973128E+00    1.679070E+00
   9.230000E-10    4.000000E+00    3.750000E+01    1.442000E+02    1.397940E+00   -2.436519E+00    4.139269E-02    2.176091E+00    4.361626E-01   -9.661145E-03   -1.000000E+01    5.307844E-02    1.180000E+01    1.126030E+01    2.550000E+00    2.000000E+00    6.000000E+00    1.810750E+00    7.163593E-01    1.990000E+00    1.584934E+00    2.527713E+00    8.974315E-04    1.842806E-11    2.500000E+01   -1.642065E+00   -1.591241E+00
   7.200000E-10    6.000000E+00    5.660000E+01    8.000000E+01    1.397940E+00   -2.000000E+00   -1.000000E+01    2.361728E+00   -1.000000E+01   -1.000000E+01   -1.000000E+01   -1.000000E+01    5.190000E+00    6.193900E+00    1.380000E+00    7.000000E+00    9.200000E+01    3.367543E+00    1.039241E+00    4.990000E+00    1.150274E+00    3.240387E+00    8.974315E-04    3.046064E-11    3.000000E+00    1.986571E-01    3.284388E-01
   6.600000E-10    2.000000E+00    3.950000E+01    9.000000E+01    1.297761E+00   -3.000000E+00   -1.000000E+01    1.361539E+00   -1.000000E+01   -1.000000E+01   -1.000000E+01   -1.000000E+01    5.240000E+00    7.639900E+00    1.910000E+00    4.000000E+00    2.800000E+01    2.585791E+00    7.443466E-01    3.450000E+00    1.357645E+00    3.473908E+00    1.022090E-03    9.548947E-12    3.000000E+00    4.548449E-01    3.294177E-01
   1.200000E-09    5.000000E+00    3.000000E+01    7.600000E+01    1.301030E+00   -2.000000E+00   -1.000000E+01    2.361539E+00   -1.000000E+01   -1.000000E+01   -1.000000E+01   -1.000000E+01    3.500000E+00    6.265700E+00    1.360000E+00    7.000000E+00    9.300000E+01    3.387005E+00    1.771792E+00    4.990000E+00    1.403692E+00    1.911627E+00    1.018135E-03    3.020415E-11    2.000000E+00   -2.218487E-01   -3.213732E-01
   6.600000E-10    2.000000E+00    2.800000E+01    1.210000E+02    1.395326E+00   -2.000000E+00   -1.000000E+01    2.361539E+00   -1.000000E+01   -1.000000E+01   -1.000000E+01   -1.000000E+01    4.000000E+00    7.639900E+00    1.910000E+00    4.000000E+00    2.800000E+01    2.585791E+00    7.318575E-01    3.450000E+00    1.635627E+00    3.533189E+00    9.007563E-04    3.045298E-11    3.000000E+00   -3.458235E-01   -5.818679E-01
   2.090000E-09    4.000000E+00    8.640000E+01    6.500000E+00    1.397940E+00   -1.000000E+00   -1.000000E+01    3.361728E+00   -1.000000E+01    3.550228E+00   -1.000000E+01   -1.000000E+01    2.900000E+00    6.306700E+00    1.300000E+00    7.000000E+00    9.000000E+01    3.398069E+00    3.044031E+00    4.990000E+00   -1.236004E-01    1.116306E+00    8.974315E-04    9.632502E-11    2.100000E+01   -1.630784E+00   -5.157670E-01
   7.900000E-10    2.000000E+00    1.100000E-01    4.000000E+00    1.380211E+00   -1.000000E+00   -1.000000E+01    3.361728E+00   -1.000000E+01   -1.000000E+01   -1.000000E+01   -1.000000E+01    9.200000E+00    5.694900E+00    9.500000E-01    5.000000E+00    3.800000E+01    2.491348E+00    8.464301E-01    3.850000E+00    2.560667E+00    2.943359E+00    9.199272E-04    9.616334E-11    1.300000E+01   -2.638272E+00   -2.701885E+00
   7.900000E-10    2.000000E+00    7.960000E+01    7.600000E+01    1.342423E+00   -1.000000E+00   -1.000000E+01    3.361539E+00   -1.000000E+01    3.549616E+00   -1.000000E+01   -1.000000E+01    7.000000E+00    5.694900E+00    9.500000E-01    5.000000E+00    3.800000E+01    2.491348E+00    8.521657E-01    3.850000E+00    9.799005E-01    2.923548E+00    9.673286E-04    9.583918E-11    4.000000E+00   -9.469216E-01   -1.304756E+00
   2.100000E-09    1.000000E+00    1.018000E+01    3.700000E+01    6.989700E-01   -2.111259E+00    5.502284E-01    1.311966E+00    1.798858E+00    1.075912E+00    2.361822E+00    1.715753E+00    7.580000E+00    3.893900E+00    7.900000E-01    6.000000E+00    5.500000E+01    2.332971E+00    2.250894E+00    4.360000E+00    1.560454E+00    1.036464E+00    1.535544E-03    2.588402E-11    9.000000E+00   -1.611509E-01   -1.619756E-01
   7.200000E-10    6.000000E+00    3.100000E+01    7.400000E+01    1.397940E+00   -2.000000E+00   -1.000000E+01    2.361728E+00   -1.000000E+01   -1.000000E+01   -1.000000E+01   -1.000000E+01    8.070000E+00    6.193900E+00    1.380000E+00    7.000000E+00    9.200000E+01    3.367543E+00    1.039241E+00    4.990000E+00    1.377870E+00    3.240387E+00    8.974315E-04    3.046064E-11    3.000000E+00    1.283301E+00    9.187668E-01
   6.200000E-10    3.000000E+00    6.840000E+01    2.000000E-02    1.322219E+00   -2.000000E+00   -1.000000E+01    2.361728E+00   -1.000000E+01   -1.000000E+01   -1.000000E+01   -1.000000E+01    8.428000E+00    5.670400E+00    1.200000E+00    6.000000E+00    6.300000E+01    2.815295E+00    7.583193E-01    4.360000E+00   -2.534026E+00    3.712545E+00    9.922914E-04    3.025562E-11    1.900000E+01   -2.082494E+00   -1.203862E+00
   6.200000E-10    3.000000E+00    3.000000E-01    4.000000E+00    1.397940E+00   -2.000000E+00   -1.000000E+01    2.361539E+00   -1.000000E+01    2.549616E+00   -1.000000E+01   -1.000000E+01    3.370000E+00    5.670400E+00    1.200000E+00    6.000000E+00    6.300000E+01    2.815295E+00    7.481457E-01    4.360000E+00    2.124939E+00    3.763030E+00    8.974315E-04    3.046064E-11    1.300000E+01   -2.464169E-01   -2.076826E-01
   2.100000E-09    1.000000E+00    3.750000E+01    1.442000E+02    1.397940E+00   -2.436519E+00    4.139269E-02    2.176091E+00    4.361626E-01   -9.661145E-03   -1.000000E+01    5.307844E-02    1.200000E+01    3.893900E+00    7.900000E-01    6.000000E+00    5.500000E+01    2.332971E+00    2.099903E+00    4.360000E+00    1.584934E+00    1.110990E+00    8.974315E-04    1.842806E-11    2.500000E+01    7.075702E-01    6.563556E-01
   7.900000E-10    2.000000E+00    5.100000E+00    3.970000E+00    1.397940E+00   -2.192465E+00   -1.000000E+01    2.469822E+00   -1.000000E+01   -1.000000E+01    2.469822E+00   -1.000000E+01    8.800000E+00    5.694900E+00    9.500000E-01    5.000000E+00    3.800000E+01    2.491348E+00    8.435911E-01    3.850000E+00    8.912203E-01    2.953264E+00    8.974315E-04    2.440656E-11    1.000000E+00   -5.185574E-01   -3.772829E-01
   7.200000E-10    6.000000E+00    5.660000E+01    8.000000E+01    1.397940E+00   -1.000000E+00   -1.000000E+01    3.361728E+00   -1.000000E+01   -1.000000E+01   -1.000000E+01   -1.000000E+01    5.087000E+00    6.193900E+00    1.380000E+00    7.000000E+00    9.200000E+01    3.367543E+00    1.039241E+00    4.990000E+00    1.150274E+00    3.240387E+00    8.974315E-04    9.632502E-11    3.000000E+00    5.352941E-01   -1.500719E-01
   6.600000E-10    2.000000E+00    2.950000E+01    7.600000E+01    1.447158E+00   -2.000000E+00   -1.000000E+01    2.361728E+00   -1.000000E+01   -1.000000E+01   -1.000000E+01   -1.000000E+01    6.500000E+00    7.639900E+00    1.910000E+00    4.000000E+00    2.800000E+01    2.585791E+00    7.242024E-01    3.450000E+00    1.410992E+00    3.570537E+00    8.344425E-04    3.061351E-11    2.000000E+00    3.424227E-01    2.040890E-01
   7.200000E-10    6.000000E+00    5.660000E+01    8.000000E+01    1.397940E+00   -1.000000E+00   -1.000000E+01    3.361728E+00   -1.000000E+01   -1.000000E+01   -1.000000E+01   -1.000000E+01    9.219000E+00    6.193900E+00    1.380000E+00    7.000000E+00    9.200000E+01    3.367543E+00    1.039241E+00    4.990000E+00    1.150274E+00    3.240387E+00    8.974315E-04    9.632502E-11    3.000000E+00    0.000000E+00   -2.029643E-01
   6.200000E-10    3.000000E+00    3.700000E-01    1.200000E-01    1.397940E+00   -1.301030E+00   -1.000000E+01    3.060698E+00   -1.000000E+01   -1.000000E+01   -1.000000E+01   -1.000000E+01    6.579000E+00    5.670400E+00    1.200000E+00    6.000000E+00    6.300000E+01    2.815295E+00    7.481457E-01    4.360000E+00    5.109795E-01    3.763030E+00    8.974315E-04    6.811207E-11    2.200000E+01    6.589648E-01   -4.717492E-01
   7.200000E-10    6.000000E+00    2.090000E+00    1.000000E-02    1.397940E+00   -1.000000E+00   -1.000000E+01    3.361728E+00   -1.000000E+01   -1.000000E+01   -1.000000E+01   -1.000000E+01    7.090000E+00    6.193900E+00    1.380000E+00    7.000000E+00    9.200000E+01    3.367543E+00    1.039241E+00    4.990000E+00   -1.320146E+00    3.240387E+00    8.974315E-04    9.632502E-11    1.900000E+01   -6.777807E-01   -4.537341E-01
   8.500000E-10    2.000000E+00    1.100000E-01    4.000000E+00    1.380211E+00   -2.000000E+00   -1.000000E+01    2.361728E+00   -1.000000E+01   -1.000000E+01   -1.000000E+01   -1.000000E+01    5.500000E+00    5.211700E+00    8.900000E-01    6.000000E+00    5.600000E+01    2.699024E+00    9.866323E-01    4.360000E+00    2.560667E+00    2.735593E+00    9.199272E-04    3.040952E-11    1.300000E+01   -2.356547E+00   -2.460902E+00
   1.200000E-09    5.000000E+00    6.840000E+01    1.000000E-02    1.397940E+00   -2.000000E+00   -1.000000E+01    2.361539E+00   -1.000000E+01   -1.000000E+01   -1.000000E+01   -1.000000E+01    7.500000E+00    6.265700E+00    1.360000E+00    7.000000E+00    9.300000E+01    3.387005E+00    1.742078E+00    4.990000E+00   -2.835056E+00    1.944232E+00    8.974315E-04    3.046064E-11    1.900000E+01    7.291648E-01    4.236904E-01
   7.200000E-10    6.000000E+00    5.660000E+01    8.000000E+01    1.397940E+00   -3.000000E+00   -1.000000E+01    1.361728E+00   -1.000000E+01   -1.000000E+01   -1.000000E+01   -1.000000E+01    8.640000E+00    6.193900E+00    1.380000E+00    7.000000E+00    9.200000E+01    3.367543E+00    1.039241E+00    4.990000E+00    1.150274E+00    3.240387E+00    8.974315E-04    9.632502E-12    3.000000E+00    2.576786E-01    3.494183E-01
   6.240000E-10    3.000000E+00    1.710000E+01    6.400000E-01    1.397940E+00   -2.000000E+00   -1.000000E+01    2.361539E+00   -1.000000E+01    2.549616E+00   -1.000000E+01   -1.000000E+01    6.600000E+00    5.973800E+00    1.300000E+00    7.000000E+00    9.500000E+01    3.307169E+00    8.845280E-01    4.990000E+00   -4.268161E-01    3.738908E+00    8.974315E-04    3.046064E-11    7.000000E+00    1.681241E+00    6.000863E-01
   6.600000E-10    2.000000E+00    2.400000E+01    8.750000E+01    1.602060E+00   -3.010300E-01   -1.000000E+01    4.060698E+00   -1.000000E+01   -1.000000E+01   -1.000000E+01   -1.000000E+01    7.430000E+00    7.639900E+00    1.910000E+00    4.000000E+00    2.800000E+01    2.585791E+00    6.964507E-01    3.450000E+00    1.561797E+00    3.712813E+00    6.388855E-04    2.207409E-10    3.000000E+00   -3.668449E-02   -1.024268E-01
   6.600000E-10    2.000000E+00    3.500000E+01    8.700000E+01    1.301030E+00   -1.000000E+00   -1.000000E+01    3.361728E+00   -1.000000E+01   -1.000000E+01   -1.000000E+01   -1.000000E+01    3.940000E+00    7.639900E+00    1.910000E+00    4.000000E+00    2.800000E+01    2.585791E+00    7.439657E-01    3.450000E+00    1.395451E+00    3.475686E+00    1.018135E-03    9.551391E-11    3.000000E+00   -1.019997E+00   -9.820093E-01
   4.300000E-10    5.000000E+00    7.090000E+01    6.500000E+00    1.301030E+00   -1.000000E+00   -1.000000E+01    3.361728E+00   -1.000000E+01   -1.000000E+01   -1.000000E+01   -1.000000E+01    6.980000E+00    6.026000E+00    1.280000E+00    7.000000E+00    9.400000E+01    3.321587E+00    6.226294E-01    4.990000E+00   -3.773288E-02    5.334774E+00    1.018135E-03    9.551391E-11    2.100000E+01    1.206826E+00    1.585760E+00
   2.100000E-09    1.000000E+00    3.900000E-01    1.600000E+00    1.397940E+00   -3.010300E-01   -1.000000E+01    4.060698E+00   -1.000000E+01    4.247973E+00   -1.000000E+01   -1.000000E+01    7.000000E+00    3.893900E+00    7.900000E-01    6.000000E+00    5.500000E+01    2.332971E+00    2.099903E+00    4.360000E+00    1.613055E+00    1.110990E+00    8.974315E-04    2.153893E-10    1.300000E+01   -1.305395E+00   -1.343347E+00
   2.100000E-09    1.000000E+00    7.960000E+01    1.300000E+02    1.397940E+00   -3.230623E+00   -1.000000E+01   -1.000000E+01   -1.000000E+01    1.319106E+00   -1.000000E+01   -1.000000E+01    6.400000E+00    3.893900E+00    7.900000E-01    6.000000E+00    5.500000E+01    2.332971E+00    2.099903E+00    4.360000E+00    1.213030E+00    1.110990E+00    8.974315E-04    7.386314E-12    4.000000E+00   -4.168012E-01   -6.377632E-01
   4.300000E-10    4.000000E+00    5.100000E+00    3.970000E+00    1.397940E+00   -2.192465E+00   -1.000000E+01    2.469822E+00   -1.000000E+01   -1.000000E+01    2.469822E+00   -1.000000E+01    8.800000E+00    6.026000E+00    1.280000E+00    7.000000E+00    9.400000E+01    3.321587E+00    6.121878E-01    4.990000E+00    8.912203E-01    5.425765E+00    8.974315E-04    2.440656E-11    1.000000E+00   -8.181564E-01   -8.386744E-01
   6.200000E-10    3.000000E+00    3.000000E-01    4.000000E+00    1.397940E+00   -1.000000E+00   -1.000000E+01    3.361539E+00   -1.000000E+01    3.549616E+00   -1.000000E+01   -1.000000E+01    4.040000E+00    5.670400E+00    1.200000E+00    6.000000E+00    6.300000E+01    2.815295E+00    7.481457E-01    4.360000E+00    2.124939E+00    3.763030E+00    8.974315E-04    9.632502E-11    1.300000E+01   -1.951793E-01   -4.410404E-01
   6.600000E-10    2.000000E+00    3.950000E+01    9.000000E+01    1.297761E+00   -2.000000E+00   -1.000000E+01    2.361539E+00   -1.000000E+01   -1.000000E+01   -1.000000E+01   -1.000000E+01    6.000000E+00    7.639900E+00    1.910000E+00    4.000000E+00    2.800000E+01    2.585791E+00    7.443466E-01    3.450000E+00    1.357645E+00    3.473908E+00    1.022090E-03    3.019642E-11    3.000000E+00    6.730209E-01    4.248726E-01
   8.500000E-10    2.000000E+00    9.500000E-01    1.320000E+02    1.342423E+00   -3.102373E+00    5.682017E-01    7.671559E-01    9.675480E-01   -1.000000E+01   -1.000000E+01   -1.000000E+01    8.260000E+00    5.211700E+00    8.900000E-01    6.000000E+00    5.600000E+01    2.699024E+00    9.933179E-01    4.360000E+00    3.142850E+00    2.717180E+00    9.673286E-04    8.518372E-12    1.300000E+01   -3.819519E-01   -3.653053E-01
   1.990000E-09    2.000000E+00    5.900000E-01    1.600000E+00    1.397940E+00   -2.000000E+00   -1.000000E+01    2.361728E+00   -1.000000E+01    2.550228E+00   -1.000000E+01   -1.000000E+01    1.100000E+01    8.336900E+00    2.200000E+00    5.000000E+00    4.600000E+01    3.014349E+00    2.571090E+00    3.850000E+00    1.433268E+00    1.172401E+00    8.974315E-04    3.046064E-11    1.400000E+01   -6.655462E-01   -6.324986E-01
   6.200000E-10    3.000000E+00    1.120000E+02    1.200000E+02    1.361728E+00   -6.989700E-01   -1.000000E+01    3.662569E+00   -1.000000E+01   -1.000000E+01   -1.000000E+01   -1.000000E+01    6.010000E+00    5.670400E+00    1.200000E+00    6.000000E+00    6.300000E+01    2.815295E+00    7.531981E-01    4.360000E+00    1.029963E+00    3.737788E+00    9.432169E-04    1.357665E-10    6.000000E+00    7.307823E-01    9.018792E-01
   6.600000E-10    2.000000E+00    3.500000E+01    8.700000E+01    1.301030E+00   -1.000000E+00   -1.000000E+01    3.361728E+00   -1.000000E+01   -1.000000E+01   -1.000000E+01   -1.000000E+01    3.830000E+00    7.639900E+00    1.910000E+00    4.000000E+00    2.800000E+01    2.585791E+00    7.439657E-01    3.450000E+00    1.395451E+00    3.475686E+00    1.018135E-03    9.551391E-11    3.000000E+00   -1.079877E+00   -9.843248E-01
   7.200000E-10    6.000000E+00    5.660000E+01    8.000000E+01    1.397940E+00   -1.000000E+00   -1.000000E+01    3.361728E+00   -1.000000E+01   -1.000000E+01   -1.000000E+01   -1.000000E+01    9.220000E+00    6.193900E+00    1.380000E+00    7.000000E+00    9.200000E+01    3.367543E+00    1.039241E+00    4.990000E+00    1.150274E+00    3.240387E+00    8.974315E-04    9.632502E-11    3.000000E+00    0.000000E+00   -2.029643E-01
   6.080000E-10    3.000000E+00    3.750000E+01    1.442000E+02    1.361728E+00   -1.705534E+00    9.169800E-01    2.716838E+00    5.145478E-01   -3.010300E-01   -1.000000E+01    2.588832E+00    7.000000E+00    5.643700E+00    1.170000E+00    6.000000E+00    6.200000E+01    2.808659E+00    7.368791E-01    4.360000E+00    1.584934E+00    3.811560E+00    9.432169E-04    4.260991E-11    2.500000E+01   -4.202164E-01   -3.673453E-01
   2.090000E-09    4.000000E+00    8.640000E+01    6.500000E+00    1.397940E+00   -1.000000E+00   -1.000000E+01    3.361728E+00   -1.000000E+01    3.550228E+00   -1.000000E+01   -1.000000E+01    2.900000E+00    6.306700E+00    1.300000E+00    7.000000E+00    9.000000E+01    3.398069E+00    3.044031E+00    4.990000E+00   -1.236004E-01    1.116306E+00    8.974315E-04    9.632502E-11    2.100000E+01    9.691001E-02   -5.157670E-01
   1.200000E-09    5.000000E+00    8.379000E+01    8.440000E+01    1.397940E+00   -1.000000E+00   -1.000000E+01    3.361539E+00   -1.000000E+01   -1.000000E+01   -1.000000E+01   -1.000000E+01    9.000000E+00    6.265700E+00    1.360000E+00    7.000000E+00    9.300000E+01    3.387005E+00    1.742078E+00    4.990000E+00    1.003150E+00    1.944232E+00    8.974315E-04    9.632502E-11    3.000000E+00   -8.477117E-01   -6.400569E-01
   1.200000E-09    5.000000E+00    2.800000E+01    1.210000E+02    1.361728E+00   -1.000000E+00   -1.000000E+01    3.361539E+00   -1.000000E+01    3.549616E+00   -1.000000E+01   -1.000000E+01    5.260000E+00    6.265700E+00    1.360000E+00    7.000000E+00    9.300000E+01    3.387005E+00    1.753843E+00    4.990000E+00    1.635627E+00    1.931190E+00    9.432169E-04    9.600140E-11    3.000000E+00   -2.343902E+00   -1.999938E+00
   6.240000E-10    3.000000E+00    1.710000E+01    6.400000E-01    1.397940E+00   -1.000000E+00   -1.000000E+01    3.361539E+00   -1.000000E+01    3.549616E+00   -1.000000E+01   -1.000000E+01    5.700000E+00    5.973800E+00    1.300000E+00    7.000000E+00    9.500000E+01    3.307169E+00    8.845280E-01    4.990000E+00   -4.268161E-01    3.738908E+00    8.974315E-04    9.632502E-11    7.000000E+00    7.604225E-01    6.457821E-01
   6.240000E-10    3.000000E+00    2.300000E+00    9.300000E+00    1.342423E+00   -1.000000E+00   -1.000000E+01    3.361728E+00   -1.000000E+01    3.550228E+00   -1.000000E+01   -1.000000E+01    3.086000E+00    5.973800E+00    1.300000E+00    7.000000E+00    9.500000E+01    3.307169E+00    8.935187E-01    4.990000E+00    1.606755E+00    3.701287E+00    9.673286E-04    9.583918E-11    1.300000E+01   -2.479516E-01   -2.287270E-01
   2.100000E-09    1.000000E+00    7.960000E+01    1.300000E+02    1.397940E+00   -3.230623E+00   -1.000000E+01   -1.000000E+01   -1.000000E+01    1.319106E+00   -1.000000E+01   -1.000000E+01    6.400000E+00    3.893900E+00    7.900000E-01    6.000000E+00    5.500000E+01    2.332971E+00    2.099903E+00    4.360000E+00    1.213030E+00    1.110990E+00    8.974315E-04    7.386314E-12    4.000000E+00   -8.181564E-01   -6.377632E-01
   6.600000E-10    2.000000E+00    3.500000E+01    8.700000E+01    1.301030E+00   -1.000000E+00   -1.000000E+01    3.361728E+00   -1.000000E+01   -1.000000E+01   -1.000000E+01   -1.000000E+01    5.450000E+00    7.639900E+00    1.910000E+00    4.000000E+00    2.800000E+01    2.585791E+00    7.439657E-01    3.450000E+00    1.395451E+00    3.475686E+00    1.018135E-03    9.551391E-11    3.000000E+00   -7.304871E-01   -6.401233E-01
   6.600000E-10    2.000000E+00    3.950000E+01    9.000000E+01    1.297761E+00   -3.000000E+00   -1.000000E+01    1.361539E+00   -1.000000E+01   -1.000000E+01   -1.000000E+01   -1.000000E+01    4.650000E+00    7.639900E+00    1.910000E+00    4.000000E+00    2.800000E+01    2.585791E+00    7.443466E-01    3.450000E+00    1.357645E+00    3.473908E+00    1.022090E-03    9.548947E-12    3.000000E+00    1.335389E-01    1.189321E-01
   6.200000E-10    3.000000E+00    3.000000E+01    7.600000E+01    1.397940E+00   -1.301030E+00   -1.000000E+01    3.060698E+00   -1.000000E+01   -1.000000E+01   -1.000000E+01   -1.000000E+01    7.348000E+00    5.670400E+00    1.200000E+00    6.000000E+00    6.300000E+01    2.815295E+00    7.481457E-01    4.360000E+00    1.403692E+00    3.763030E+00    8.974315E-04    6.811207E-11    2.000000E+00    1.743510E+00    1.573249E+00
   6.240000E-10    3.000000E+00    1.100000E-01    4.000000E+00    1.380211E+00   -1.000000E+00   -1.000000E+01    3.361728E+00   -1.000000E+01   -1.000000E+01   -1.000000E+01   -1.000000E+01    3.100000E+00    5.973800E+00    1.300000E+00    7.000000E+00    9.500000E+01    3.307169E+00    8.875047E-01    4.990000E+00    2.560667E+00    3.726368E+00    9.199272E-04    9.616334E-11    1.300000E+01   -1.455932E+00   -1.030390E+00
   1.550000E-09    4.000000E+00    1.760000E+01    6.500000E+00    1.397940E+00   -2.000000E+00   -1.000000E+01    2.361728E+00   -1.000000E+01    2.550228E+00   -1.000000E+01   -1.000000E+01    9.080000E+00    9.752400E+00    2.550000E+00    4.000000E+00    3.400000E+01    2.921497E+00    1.940920E+00    3.450000E+00    5.674007E-01    1.505212E+00    8.974315E-04    3.046064E-11    2.100000E+01   -7.447275E-01   -8.404531E-01
   2.100000E-09    1.000000E+00    2.640000E+01    3.300000E+00    1.301030E+00   -2.000000E+00   -1.000000E+01    2.361728E+00   -1.000000E+01   -1.000000E+01   -1.000000E+01   -1.000000E+01    5.500000E+00    3.893900E+00    7.900000E-01    6.000000E+00    5.500000E+01    2.332971E+00    2.135720E+00    4.360000E+00    9.691001E-02    1.092359E+00    1.018135E-03    3.020415E-11    7.000000E+00   -2.441251E-01   -3.634394E-01
   7.300000E-10    2.000000E+00    4.223000E+01    1.080000E+02    1.297761E+00   -4.000000E+00   -1.000000E+01    3.615390E-01   -1.000000E+01    5.496162E-01   -1.000000E+01   -1.000000E+01    3.900000E+00    7.881000E+00    1.880000E+00    4.000000E+00    2.700000E+01    2.626276E+00    8.361822E-01    3.450000E+00    1.407803E+00    3.140793E+00    1.022090E-03    3.019642E-12    3.000000E+00    2.329961E-01    3.244481E-02
   6.240000E-10    3.000000E+00    2.300000E+00    9.300000E+00    1.342423E+00   -1.000000E+00   -1.000000E+01    3.361728E+00   -1.000000E+01    3.550228E+00   -1.000000E+01   -1.000000E+01    4.109000E+00    5.973800E+00    1.300000E+00    7.000000E+00    9.500000E+01    3.307169E+00    8.935187E-01    4.990000E+00    1.606755E+00    3.701287E+00    9.673286E-04    9.583918E-11    1.300000E+01    2.118930E-02   -2.715717E-01
   6.600000E-10    2.000000E+00    1.916000E+01    7.600000E+01    6.989700E-01   -2.088310E+00    5.502284E-01    1.311966E+00    1.838471E+00    1.075912E+00    2.378761E+00    1.715753E+00    7.010000E+00    7.639900E+00    1.910000E+00    4.000000E+00    2.800000E+01    2.585791E+00    7.840861E-01    3.450000E+00    1.598418E+00    3.297841E+00    1.535544E-03    2.657702E-11    9.000000E+00   -1.079054E-01   -1.907131E-01
   2.100000E-09    1.000000E+00    2.400000E+01    8.750000E+01    1.397940E+00   -3.010300E-01   -1.000000E+01    4.060698E+00   -1.000000E+01   -1.000000E+01   -1.000000E+01   -1.000000E+01    9.050000E+00    3.893900E+00    7.900000E-01    6.000000E+00    5.500000E+01    2.332971E+00    2.099903E+00    4.360000E+00    1.561797E+00    1.110990E+00    8.974315E-04    2.153893E-10    3.000000E+00   -1.928118E+00   -1.838192E+00
   2.100000E-09    1.000000E+00    1.550000E+00    6.600000E-01    1.397940E+00   -2.480172E+00    1.217484E+00    1.782473E+00    1.354108E+00   -1.000000E+01   -1.000000E+01   -1.000000E+01    8.380000E+00    3.893900E+00    7.900000E-01    6.000000E+00    5.500000E+01    2.332971E+00    2.099903E+00    4.360000E+00    6.292123E-01    1.110990E+00    8.974315E-04    1.752480E-11    1.500000E+01   -1.853872E+00   -1.608592E+00
   6.200000E-10    3.000000E+00    6.840000E+01    2.000000E-02    1.322219E+00   -1.000000E+00   -1.000000E+01    3.361728E+00   -1.000000E+01   -1.000000E+01   -1.000000E+01   -1.000000E+01    8.089000E+00    5.670400E+00    1.200000E+00    6.000000E+00    6.300000E+01    2.815295E+00    7.583193E-01    4.360000E+00   -2.534026E+00    3.712545E+00    9.922914E-04    9.567668E-11    1.900000E+01    5.132176E-01   -1.445139E+00
   6.600000E-10    2.000000E+00    1.018000E+01    3.700000E+01    6.989700E-01   -2.111259E+00    5.502284E-01    1.311966E+00    1.798858E+00    1.075912E+00    2.361822E+00    1.715753E+00    7.060000E+00    7.639900E+00    1.910000E+00    4.000000E+00    2.800000E+01    2.585791E+00    7.840861E-01    3.450000E+00    1.560454E+00    3.297841E+00    1.535544E-03    2.588402E-11    9.000000E+00    2.304489E-01    3.745399E-01
   8.890000E-10    2.000000E+00    1.460000E+02    6.500000E+00    1.397940E+00   -2.000000E+00   -1.000000E+01    2.361539E+00   -1.000000E+01    2.549616E+00   -1.000000E+01   -1.000000E+01    5.000000E+00    5.278400E+00    9.000000E-01    7.000000E+00    8.800000E+01    3.108725E+00    1.184553E+00    4.990000E+00   -3.514395E-01    2.624386E+00    8.974315E-04    3.046064E-11    2.100000E+01   -9.172146E-01   -3.267665E-01
   6.600000E-10    2.000000E+00    1.961000E+01    7.600000E+01    6.989700E-01   -2.111259E+00    5.502284E-01    1.311966E+00    1.798858E+00    1.075912E+00    2.361822E+00    1.715753E+00    6.420000E+00    7.639900E+00    1.910000E+00    4.000000E+00    2.800000E+01    2.585791E+00    7.840861E-01    3.450000E+00    1.588336E+00    3.297841E+00    1.535544E-03    2.588402E-11    9.000000E+00   -6.197888E-01   -3.896011E-01
   7.200000E-10    6.000000E+00    9.900000E+01    4.540000E+01    1.397940E+00   -2.000000E+00   -1.000000E+01    2.361728E+00   -1.000000E+01   -1.000000E+01   -1.000000E+01   -1.000000E+01    6.950000E+00    6.193900E+00    1.380000E+00    7.000000E+00    9.200000E+01    3.367543E+00    1.039241E+00    4.990000E+00    6.614207E-01    3.240387E+00    8.974315E-04    3.046064E-11    3.000000E+00    1.698970E+00    1.652134E+00
   1.200000E-09    5.000000E+00    2.800000E+01    1.080000E+02    1.301030E+00   -2.000000E+00   -1.000000E+01    2.361539E+00   -1.000000E+01   -1.000000E+01   -1.000000E+01   -1.000000E+01    4.500000E+00    6.265700E+00    1.360000E+00    7.000000E+00    9.300000E+01    3.387005E+00    1.771792E+00    4.990000E+00    1.586266E+00    1.911627E+00    1.018135E-03    3.020415E-11    2.000000E+00   -1.400117E+00   -2.084707E+00
   6.200000E-10    3.000000E+00    5.360000E+01    6.230000E+01    1.342423E+00   -1.000000E+00   -1.000000E+01    3.361728E+00   -1.000000E+01    3.550228E+00   -1.000000E+01   -1.000000E+01    6.530000E+00    5.670400E+00    1.200000E+00    6.000000E+00    6.300000E+01    2.815295E+00    7.557500E-01    4.360000E+00    1.065323E+00    3.725167E+00    9.673286E-04    9.583918E-11    2.000000E+00   -1.036212E+00    4.738259E-01
   6.200000E-10    3.000000E+00    2.300000E+00    9.300000E+00    1.397940E+00   -1.000000E+00   -1.000000E+01    3.361728E+00   -1.000000E+01    3.550228E+00   -1.000000E+01   -1.000000E+01    8.306000E+00    5.670400E+00    1.200000E+00    6.000000E+00    6.300000E+01    2.815295E+00    7.481457E-01    4.360000E+00    1.606755E+00    3.763030E+00    8.974315E-04    9.632502E-11    1.300000E+01    1.264818E+00    1.309720E+00
   8.890000E-10    2.000000E+00    1.460000E+02    6.500000E+00    1.397940E+00   -2.000000E+00   -1.000000E+01    2.361539E+00   -1.000000E+01    2.549616E+00   -1.000000E+01   -1.000000E+01    7.000000E+00    5.278400E+00    9.000000E-01    7.000000E+00    8.800000E+01    3.108725E+00    1.184553E+00    4.990000E+00   -3.514395E-01    2.624386E+00    8.974315E-04    3.046064E-11    2.100000E+01   -7.109231E-02   -1.209183E-02
   6.200000E-10    3.000000E+00    6.300000E+01    4.400000E+01    1.397940E+00   -1.293282E+00   -8.239087E-01    3.060698E+00    9.542425E-01    3.243038E+00   -1.000000E+00    1.544068E+00    5.500000E+00    5.670400E+00    1.200000E+00    6.000000E+00    6.300000E+01    2.815295E+00    7.481457E-01    4.360000E+00    8.441121E-01    3.763030E+00    8.974315E-04    6.872235E-11    1.000000E+01    4.313638E-01    2.583558E-01
   7.900000E-10    2.000000E+00    6.000000E+01    1.900000E+01    1.397940E+00   -2.031050E+00    5.010593E-01    1.747412E+00    9.052560E-01   -1.000000E+01   -1.000000E+01   -1.000000E+01    8.800000E+00    5.694900E+00    9.500000E-01    5.000000E+00    3.800000E+01    2.491348E+00    8.435911E-01    3.850000E+00    5.006024E-01    2.953264E+00    8.974315E-04    2.939097E-11    5.000000E+00   -1.387216E+00   -7.877190E-01
   7.200000E-10    6.000000E+00    3.000000E-02    1.000000E-02    1.301030E+00   -1.000000E+00   -1.000000E+01    3.361728E+00   -1.000000E+01   -1.000000E+01   -1.000000E+01   -1.000000E+01    4.896000E+00    6.193900E+00    1.380000E+00    7.000000E+00    9.200000E+01    3.367543E+00    1.056966E+00    4.990000E+00    5.228787E-01    3.186046E+00    1.018135E-03    9.551391E-11    2.200000E+01   -2.323306E+00   -2.230998E+00
   2.090000E-09    4.000000E+00    3.000000E+01    7.600000E+01    1.397940E+00   -2.000000E+00   -1.000000E+01   -1.000000E+01   -1.000000E+01   -1.000000E+01   -1.000000E+01   -1.000000E+01    4.977000E+00    6.306700E+00    1.300000E+00    7.000000E+00    9.000000E+01    3.398069E+00    3.044031E+00    4.990000E+00    1.403692E+00    1.116306E+00    8.974315E-04    3.046064E-11    2.000000E+00    1.287802E+00    1.278780E+00
   7.200000E-10    6.000000E+00    5.660000E+01    8.000000E+01    1.397940E+00   -2.000000E+00   -1.000000E+01    2.361728E+00   -1.000000E+01   -1.000000E+01   -1.000000E+01   -1.000000E+01    7.190000E+00    6.193900E+00    1.380000E+00    7.000000E+00    9.200000E+01    3.367543E+00    1.039241E+00    4.990000E+00    1.150274E+00    3.240387E+00    8.974315E-04    3.046064E-11    3.000000E+00    8.241258E-01    8.500423E-01
   2.090000E-09    4.000000E+00    8.640000E+01    6.500000E+00    1.397940E+00   -1.000000E+00   -1.000000E+01    3.361728E+00   -1.000000E+01    3.550228E+00   -1.000000E+01   -1.000000E+01    2.900000E+00    6.306700E+00    1.300000E+00    7.000000E+00    9.000000E+01    3.398069E+00    3.044031E+00    4.990000E+00   -1.236004E-01    1.116306E+00    8.974315E-04    9.632502E-11    2.100000E+01    8.600172E-03   -5.157670E-01
   6.200000E-10    3.000000E+00    3.500000E+01    8.700000E+01    1.301030E+00   -7.033348E-01   -1.079054E-01    8.388491E-01    3.423246E+00   -1.000000E+01   -1.000000E+01   -1.000000E+01    3.900000E+00    5.670400E+00    1.200000E+00    6.000000E+00    6.300000E+01    2.815295E+00    7.609061E-01    4.360000E+00    1.395451E+00    3.699924E+00    1.018135E-03    1.344000E-10    3.000000E+00   -1.625252E+00   -1.631671E+00
   6.600000E-10    2.000000E+00    3.500000E+01    8.700000E+01    1.301030E+00   -1.000000E+00   -1.000000E+01    3.361728E+00   -1.000000E+01   -1.000000E+01   -1.000000E+01   -1.000000E+01    6.430000E+00    7.639900E+00    1.910000E+00    4.000000E+00    2.800000E+01    2.585791E+00    7.439657E-01    3.450000E+00    1.395451E+00    3.475686E+00    1.018135E-03    9.551391E-11    3.000000E+00   -1.010544E-02   -2.316681E-01
   1.200000E-09    5.000000E+00    9.700000E+01    1.210000E+02    1.301030E+00   -1.000000E+00   -1.000000E+01    3.361728E+00   -1.000000E+01   -1.000000E+01   -1.000000E+01   -1.000000E+01    7.730000E+00    6.265700E+00    1.360000E+00    7.000000E+00    9.300000E+01    3.387005E+00    1.771792E+00    4.990000E+00    1.096014E+00    1.911627E+00    1.018135E-03    9.551391E-11    3.000000E+00   -1.283162E+00   -1.121978E+00
   7.190000E-10    2.000000E+00    1.000000E+02    1.080000E+02    1.397940E+00   -1.000000E+00   -1.000000E+01    3.361539E+00   -1.000000E+01   -1.000000E+01   -1.000000E+01   -1.000000E+01    6.200000E+00    7.902400E+00    1.830000E+00    4.000000E+00    2.600000E+01    2.629839E+00    8.104545E-01    3.450000E+00    1.033424E+00    3.244894E+00    8.974315E-04    9.632502E-11    3.000000E+00   -6.600684E-02    1.003896E-01
   9.230000E-10    4.000000E+00    3.750000E+01    1.442000E+02    1.397940E+00   -2.038579E+00   -6.550155E-02    2.086360E+00    2.075547E+00   -1.301030E+00   -1.000000E+01    1.387390E+00    1.200000E+01    1.126030E+01    2.550000E+00    2.000000E+00    6.000000E+00    1.810750E+00    7.163593E-01    1.990000E+00    1.584934E+00    2.527713E+00    8.974315E-04    2.913732E-11    2.500000E+01   -1.066007E+00   -1.138802E+00
   6.240000E-10    3.000000E+00    3.700000E+01    7.500000E+01    1.778151E+00   -2.543634E+00   -1.804561E-01    2.041393E+00   -3.098039E-01   -1.000000E+01    1.447158E+00    9.637878E-01    9.400000E+00    5.973800E+00    1.300000E+00    7.000000E+00    9.500000E+01    3.307169E+00    7.916015E-01    4.990000E+00    1.306860E+00    4.177821E+00    4.493767E-04    1.721966E-11    2.000000E+00    1.477121E+00    1.566978E+00
   6.600000E-10    2.000000E+00    2.000000E+01    2.800000E+01    1.395326E+00   -2.000000E+00   -1.000000E+01    2.361539E+00   -1.000000E+01   -1.000000E+01   -1.000000E+01   -1.000000E+01    4.010000E+00    7.639900E+00    1.910000E+00    4.000000E+00    2.800000E+01    2.585791E+00    7.318575E-01    3.450000E+00    1.146128E+00    3.533189E+00    9.007563E-04    3.045298E-11    6.000000E+00   -3.036436E-01   -1.112055E+00
   1.200000E-09    5.000000E+00    8.379000E+01    8.440000E+01    1.397940E+00   -2.000000E+00   -1.000000E+01    2.361539E+00   -1.000000E+01   -1.000000E+01   -1.000000E+01   -1.000000E+01    6.880000E+00    6.265700E+00    1.360000E+00    7.000000E+00    9.300000E+01    3.387005E+00    1.742078E+00    4.990000E+00    1.003150E+00    1.944232E+00    8.974315E-04    3.046064E-11    3.000000E+00   -9.546770E-01   -9.742489E-01
   2.100000E-09    1.000000E+00    2.800000E-01    7.600000E-01    1.397940E+00   -2.542118E+00    1.012837E+00    1.759668E+00    1.262451E+00   -1.000000E+01   -1.000000E+01   -1.000000E+01    8.370000E+00    3.893900E+00    7.900000E-01    6.000000E+00    5.500000E+01    2.332971E+00    2.099903E+00    4.360000E+00    1.433656E+00    1.110990E+00    8.974315E-04    1.631849E-11    1.600000E+01   -1.161151E+00   -8.829922E-01
   7.900000E-10    2.000000E+00    7.960000E+01    7.600000E+01    1.342423E+00   -1.000000E+00   -1.000000E+01    3.361539E+00   -1.000000E+01    3.549616E+00   -1.000000E+01   -1.000000E+01    7.000000E+00    5.694900E+00    9.500000E-01    5.000000E+00    3.800000E+01    2.491348E+00    8.521657E-01    3.850000E+00    9.799005E-01    2.923548E+00    9.673286E-04    9.583918E-11    4.000000E+00   -1.793174E+00   -1.304756E+00
   7.200000E-10    6.000000E+00    3.300000E+01    1.020000E+02    1.342423E+00   -1.301030E+00   -1.000000E+01    3.060698E+00   -1.000000E+01   -1.000000E+01   -1.000000E+01   -1.000000E+01    9.260000E+00    6.193900E+00    1.380000E+00    7.000000E+00    9.200000E+01    3.367543E+00    1.049804E+00    4.990000E+00    1.490086E+00    3.207782E+00    9.673286E-04    6.776853E-11    3.000000E+00    4.166405E-01    2.096438E-01
   2.100000E-09    1.000000E+00    1.242000E+01    9.400000E+00    6.989700E-01   -2.088310E+00    5.502284E-01    1.311966E+00    1.838471E+00    1.075912E+00    2.378761E+00    1.715753E+00    7.270000E+00    3.893900E+00    7.900000E-01    6.000000E+00    5.500000E+01    2.332971E+00    2.250894E+00    4.360000E+00    8.790063E-01    1.036464E+00    1.535544E-03    2.657702E-11    2.400000E+01    2.552725E-01    2.223349E-01
   2.100000E-09    1.000000E+00    6.000000E+01    8.000000E+00    1.845098E+00   -2.437707E+00    9.084850E-01    1.921166E+00    1.292256E+00   -1.000000E+01   -1.000000E+01   -1.000000E+01    8.500000E+00    3.893900E+00    7.900000E-01    6.000000E+00    5.500000E+01    2.332971E+00    1.824526E+00    4.360000E+00    1.249386E-01    1.278672E+00    3.938978E-04    1.974286E-11    5.000000E+00    2.810334E-01   -4.369358E-02
   6.240000E-10    3.000000E+00    1.100000E-01    4.000000E+00    1.380211E+00   -2.000000E+00   -1.000000E+01    2.361728E+00   -1.000000E+01   -1.000000E+01   -1.000000E+01   -1.000000E+01    4.000000E+00    5.973800E+00    1.300000E+00    7.000000E+00    9.500000E+01    3.307169E+00    8.875047E-01    4.990000E+00    2.560667E+00    3.726368E+00    9.199272E-04    3.040952E-11    1.300000E+01   -1.096910E+00   -1.415198E+00
   8.890000E-10    2.000000E+00    3.000000E+01    6.000000E+01    1.397940E+00   -1.000000E+00   -1.000000E+01    3.361728E+00   -1.000000E+01    3.550228E+00   -1.000000E+01   -1.000000E+01    1.100000E+01    5.278400E+00    9.000000E-01    7.000000E+00    8.800000E+01    3.108725E+00    1.184553E+00    4.990000E+00    1.301030E+00    2.624386E+00    8.974315E-04    9.632502E-11    2.000000E+00   -1.307683E-01   -1.814282E-01
   7.200000E-10    6.000000E+00    1.961000E+01    7.600000E+01    6.989700E-01   -2.088310E+00    5.502284E-01    1.311966E+00    1.838471E+00    1.075912E+00    2.378761E+00    1.715753E+00    6.660000E+00    6.193900E+00    1.380000E+00    7.000000E+00    9.200000E+01    3.367543E+00    1.113966E+00    4.990000E+00    1.588336E+00    3.023021E+00    1.535544E-03    2.657702E-11    9.000000E+00    4.471580E-01    2.797090E-01
   7.190000E-10    2.000000E+00    2.800000E+01    8.110000E+01    1.397940E+00   -1.000000E+00   -1.000000E+01    3.361728E+00   -1.000000E+01   -1.000000E+01   -1.000000E+01   -1.000000E+01    5.717000E+00    7.902400E+00    1.830000E+00    4.000000E+00    2.600000E+01    2.629839E+00    8.104545E-01    3.450000E+00    1.461863E+00    3.244894E+00    8.974315E-04    9.632502E-11    3.000000E+00    1.206826E+00    8.556153E-01
   1.550000E-09    4.000000E+00    2.500000E+02    1.000000E-02    1.301030E+00   -1.000000E+00   -1.000000E+01    3.361728E+00   -1.000000E+01    3.550228E+00   -1.000000E+01   -1.000000E+01    5.200000E+00    9.752400E+00    2.550000E+00    4.000000E+00    3.400000E+01    2.921497E+00    1.974025E+00    3.450000E+00   -3.397940E+00    1.479970E+00    1.018135E-03    9.551391E-11    1.900000E+01    1.079181E+00    9.185374E-01
   9.230000E-10    4.000000E+00    3.750000E+01    1.442000E+02    1.397940E+00   -3.663540E+00   -1.399027E+00    7.846173E-01   -1.698970E+00    1.583625E-01   -1.000000E+01    1.335389E-01    1.010000E+01    1.126030E+01    2.550000E+00    2.000000E+00    6.000000E+00    1.810750E+00    7.163593E-01    1.990000E+00    1.584934E+00    2.527713E+00    8.974315E-04    4.487133E-12    2.500000E+01   -1.301030E+00   -1.338627E+00
   7.900000E-10    2.000000E+00    3.750000E+01    1.442000E+02    1.397940E+00   -2.038579E+00   -6.550155E-02    2.086360E+00    2.075547E+00   -1.301030E+00   -1.000000E+01    1.387390E+00    1.180000E+01    5.694900E+00    9.500000E-01    5.000000E+00    3.800000E+01    2.491348E+00    8.435911E-01    3.850000E+00    1.584934E+00    2.953264E+00    8.974315E-04    2.913732E-11    2.500000E+01   -8.724670E-02   -1.722541E-01
   6.200000E-10    3.000000E+00    6.840000E+01    2.000000E-02    1.322219E+00   -1.000000E+00   -1.000000E+01    3.361728E+00   -1.000000E+01   -1.000000E+01   -1.000000E+01   -1.000000E+01    6.168000E+00    5.670400E+00    1.200000E+00    6.000000E+00    6.300000E+01    2.815295E+00    7.583193E-01    4.360000E+00   -2.534026E+00    3.712545E+00    9.922914E-04    9.567668E-11    1.900000E+01   -4.975729E-01   -9.347765E-01
   1.200000E-09    5.000000E+00    1.242000E+01    9.400000E+00    6.989700E-01   -2.111259E+00    5.502284E-01    1.311966E+00    1.798858E+00    1.075912E+00    2.361822E+00    1.715753E+00    7.110000E+00    6.265700E+00    1.360000E+00    7.000000E+00    9.300000E+01    3.387005E+00    1.867340E+00    4.990000E+00    8.790063E-01    1.813813E+00    1.535544E-03    2.588402E-11    2.400000E+01   -7.695511E-01   -3.004331E-01
   7.200000E-10    6.000000E+00    2.712000E+01    7.600000E+01    6.989700E-01   -2.111259E+00    5.502284E-01    1.311966E+00    1.798858E+00    1.075912E+00    2.361822E+00    1.715753E+00    7.930000E+00    6.193900E+00    1.380000E+00    7.000000E+00    9.200000E+01    3.367543E+00    1.113966E+00    4.990000E+00    1.447524E+00    3.023021E+00    1.535544E-03    2.588402E-11    4.000000E+00   -2.853872E+00   -1.748275E+00
   6.080000E-10    3.000000E+00    5.900000E-01    1.600000E+00    1.361728E+00   -1.617983E+00    7.810369E-01    2.824126E+00    5.145478E-01    1.465383E+00   -1.000000E+01    2.628389E+00    8.300000E+00    5.643700E+00    1.170000E+00    6.000000E+00    6.200000E+01    2.808659E+00    7.368791E-01    4.360000E+00    1.433268E+00    3.811560E+00    9.432169E-04    4.712877E-11    1.400000E+01    7.881684E-01    4.519565E-01
   6.600000E-10    2.000000E+00    2.000000E+01    2.800000E+01    1.395326E+00   -2.000000E+00   -1.000000E+01    2.361539E+00   -1.000000E+01   -1.000000E+01   -1.000000E+01   -1.000000E+01    7.070000E+00    7.639900E+00    1.910000E+00    4.000000E+00    2.800000E+01    2.585791E+00    7.318575E-01    3.450000E+00    1.146128E+00    3.533189E+00    9.007563E-04    3.045298E-11    6.000000E+00    1.731863E-01   -7.484083E-02
   6.200000E-10    3.000000E+00    6.840000E+01    2.000000E-02    1.322219E+00   -1.000000E+00   -1.000000E+01    3.361728E+00   -1.000000E+01   -1.000000E+01   -1.000000E+01   -1.000000E+01    3.623000E+00    5.670400E+00    1.200000E+00    6.000000E+00    6.300000E+01    2.815295E+00    7.583193E-01    4.360000E+00   -2.534026E+00    3.712545E+00    9.922914E-04    9.567668E-11    1.900000E+01   -2.045275E+00   -1.924590E+00
   2.100000E-09    1.000000E+00    1.476000E+01    1.299000E+01    1.342423E+00   -6.126102E-01    9.079485E-01    3.322219E+00    3.276462E+00    3.800029E+00    1.000000E+00    2.748188E+00    8.200000E+00    3.893900E+00    7.900000E-01    6.000000E+00    5.500000E+01    2.332971E+00    2.121247E+00    4.360000E+00    9.445228E-01    1.099811E+00    9.673286E-04    1.497056E-10    1.700000E+01   -1.247184E+00   -1.780933E+00
   4.300000E-10    5.000000E+00    7.090000E+01    6.500000E+00    1.301030E+00   -1.000000E+00   -1.000000E+01    3.361728E+00   -1.000000E+01   -1.000000E+01   -1.000000E+01   -1.000000E+01    5.850000E+00    6.026000E+00    1.280000E+00    7.000000E+00    9.400000E+01    3.321587E+00    6.226294E-01    4.990000E+00   -3.773288E-02    5.334774E+00    1.018135E-03    9.551391E-11    2.100000E+01    4.048337E-01    8.877047E-01
   6.030000E-10    2.000000E+00    2.800000E+01    1.210000E+02    1.397940E+00   -1.000000E+00   -1.000000E+01    3.361539E+00   -1.000000E+01   -1.000000E+01   -1.000000E+01   -1.000000E+01    1.267000E+01    6.113200E+00    1.000000E+00    4.000000E+00    2.000000E+01    2.313044E+00    5.978219E-01    3.450000E+00    1.635627E+00    3.869119E+00    8.974315E-04    9.632502E-11    3.000000E+00    4.321374E-03   -4.105711E-02
   1.200000E-09    5.000000E+00    1.961000E+01    7.600000E+01    6.989700E-01   -2.111259E+00    5.502284E-01    1.311966E+00    1.798858E+00    1.075912E+00    2.361822E+00    1.715753E+00    6.760000E+00    6.265700E+00    1.360000E+00    7.000000E+00    9.300000E+01    3.387005E+00    1.867340E+00    4.990000E+00    1.588336E+00    1.813813E+00    1.535544E-03    2.588402E-11    9.000000E+00   -1.167491E+00   -8.724765E-01
   6.200000E-10    3.000000E+00    5.360000E+01    6.230000E+01    1.342423E+00   -1.000000E+00   -1.000000E+01    3.361728E+00   -1.000000E+01    3.550228E+00   -1.000000E+01   -1.000000E+01    4.351000E+00    5.670400E+00    1.200000E+00    6.000000E+00    6.300000E+01    2.815295E+00    7.557500E-01    4.360000E+00    1.065323E+00    3.725167E+00    9.673286E-04    9.583918E-11    2.000000E+00    4.771213E-01    2.435214E-01
   1.200000E-09    5.000000E+00    6.840000E+01    1.000000E-02    1.397940E+00   -2.000000E+00   -1.000000E+01    2.361539E+00   -1.000000E+01   -1.000000E+01   -1.000000E+01   -1.000000E+01    7.500000E+00    6.265700E+00    1.360000E+00    7.000000E+00    9.300000E+01    3.387005E+00    1.742078E+00    4.990000E+00   -2.835056E+00    1.944232E+00    8.974315E-04    3.046064E-11    1.900000E+01    7.315888E-01    4.236904E-01
   9.230000E-10    4.000000E+00    3.750000E+01    1.442000E+02    1.397940E+00   -2.038579E+00   -6.550155E-02    2.086360E+00    2.075547E+00   -1.301030E+00   -1.000000E+01    1.387390E+00    1.200000E+01    1.126030E+01    2.550000E+00    2.000000E+00    6.000000E+00    1.810750E+00    7.163593E-01    1.990000E+00    1.584934E+00    2.527713E+00    8.974315E-04    2.913732E-11    2.500000E+01   -1.045757E+00   -1.138802E+00
   6.200000E-10    3.000000E+00    2.400000E+01    8.750000E+01    1.397940E+00   -3.010300E-01   -1.000000E+01    4.060698E+00   -1.000000E+01   -1.000000E+01   -1.000000E+01   -1.000000E+01    2.910000E+00    5.670400E+00    1.200000E+00    6.000000E+00    6.300000E+01    2.815295E+00    7.481457E-01    4.360000E+00    1.561797E+00    3.763030E+00    8.974315E-04    2.153893E-10    3.000000E+00   -9.208188E-01   -7.481931E-01
   7.200000E-10    6.000000E+00    5.660000E+01    8.000000E+01    1.397940E+00   -1.000000E+00   -1.000000E+01    3.361728E+00   -1.000000E+01   -1.000000E+01   -1.000000E+01   -1.000000E+01    8.120000E+00    6.193900E+00    1.380000E+00    7.000000E+00    9.200000E+01    3.367543E+00    1.039241E+00    4.990000E+00    1.150274E+00    3.240387E+00    8.974315E-04    9.632502E-11    3.000000E+00    1.172713E-01    4.921037E-02
   6.600000E-10    2.000000E+00    2.000000E+01    2.800000E+01    1.395326E+00   -1.000000E+00   -1.000000E+01    3.361539E+00   -1.000000E+01   -1.000000E+01   -1.000000E+01   -1.000000E+01    6.420000E+00    7.639900E+00    1.910000E+00    4.000000E+00    2.800000E+01    2.585791E+00    7.318575E-01    3.450000E+00    1.146128E+00    3.533189E+00    9.007563E-04    9.630078E-11    6.000000E+00   -1.684030E+00   -1.475738E+00
   6.600000E-10    2.000000E+00    2.950000E+01    7.600000E+01    1.447158E+00   -2.000000E+00   -1.000000E+01    2.361728E+00   -1.000000E+01   -1.000000E+01   -1.000000E+01   -1.000000E+01    6.500000E+00    7.639900E+00    1.910000E+00    4.000000E+00    2.800000E+01    2.585791E+00    7.242024E-01    3.450000E+00    1.410992E+00    3.570537E+00    8.344425E-04    3.061351E-11    2.000000E+00    1.553360E-01    2.040890E-01
   8.890000E-10    2.000000E+00    1.161000E+02    2.500000E+01    1.397940E+00   -2.000000E+00   -1.000000E+01    2.361728E+00   -1.000000E+01    2.550228E+00   -1.000000E+01   -1.000000E+01    6.500000E+00    5.278400E+00    9.000000E-01    7.000000E+00    8.800000E+01    3.108725E+00    1.184553E+00    4.990000E+00    3.331078E-01    2.624386E+00    8.974315E-04    3.046064E-11    6.000000E+00    8.048207E-01    6.657902E-01
   1.550000E-09    4.000000E+00    2.500000E+02    1.000000E-02    1.301030E+00   -1.000000E+00   -1.000000E+01    3.361728E+00   -1.000000E+01    3.550228E+00   -1.000000E+01   -1.000000E+01    1.040000E+01    9.752400E+00    2.550000E+00    4.000000E+00    3.400000E+01    2.921497E+00    1.974025E+00    3.450000E+00   -3.397940E+00    1.479970E+00    1.018135E-03    9.551391E-11    1.900000E+01   -1.406714E+00   -1.050516E+00
   7.200000E-10    6.000000E+00    5.660000E+01    8.000000E+01    1.397940E+00   -2.000000E+00   -1.000000E+01    2.361728E+00   -1.000000E+01   -1.000000E+01   -1.000000E+01   -1.000000E+01    7.112000E+00    6.193900E+00    1.380000E+00    7.000000E+00    9.200000E+01    3.367543E+00    1.039241E+00    4.990000E+00    1.150274E+00    3.240387E+00    8.974315E-04    3.046064E-11    3.000000E+00    8.686444E-01    7.712138E-01
   6.600000E-10    2.000000E+00    1.961000E+01    7.600000E+01    6.989700E-01   -2.088310E+00    5.502284E-01    1.311966E+00    1.838471E+00    1.075912E+00    2.378761E+00    1.715753E+00    7.800000E+00    7.639900E+00    1.910000E+00    4.000000E+00    2.800000E+01    2.585791E+00    7.840861E-01    3.450000E+00    1.588336E+00    3.297841E+00    1.535544E-03    2.657702E-11    9.000000E+00    6.232493E-01    6.509258E-01
   2.100000E-09    1.000000E+00    2.000000E+00    5.000000E+00    1.397940E+00   -7.423214E-01    1.428135E+00    3.298853E+00    2.880814E+00    3.681241E+00    1.764176E+00    2.691081E+00    7.200000E+00    3.893900E+00    7.900000E-01    6.000000E+00    5.500000E+01    2.332971E+00    2.099903E+00    4.360000E+00    1.397940E+00    1.110990E+00    8.974315E-04    1.295921E-10    1.300000E+01   -8.538720E-01   -1.055667E+00
   7.200000E-10    2.000000E+00    6.680000E+01    2.310000E+01    1.397940E+00   -3.000000E+00   -1.000000E+01    1.361728E+00   -1.000000E+01   -1.000000E+01   -1.000000E+01   -1.000000E+01    4.428000E+00    8.993800E+00    1.690000E+00    5.000000E+00    4.800000E+01    3.130855E+00    9.661976E-01    3.850000E+00    5.388355E-01    3.240387E+00    8.974315E-04    9.632502E-12    6.000000E+00    6.818586E-02    9.676530E-02
   2.090000E-09    4.000000E+00    3.000000E+01    7.200000E+01    1.397940E+00   -2.000000E+00   -1.000000E+01    2.361728E+00   -1.000000E+01   -1.000000E+01   -1.000000E+01   -1.000000E+01    3.100000E+00    6.306700E+00    1.300000E+00    7.000000E+00    9.000000E+01    3.398069E+00    3.044031E+00    4.990000E+00    1.380211E+00    1.116306E+00    8.974315E-04    3.046064E-11    2.000000E+00    1.380211E+00    1.518820E+00
   2.100000E-09    1.000000E+00    6.610000E+01    1.960000E+01    1.397940E+00   -3.872161E-01    2.505150E+00    3.838849E+00    2.342423E+00    4.064458E+00    3.390935E+00    1.579784E+00    8.300000E+00    3.893900E+00    7.900000E-01    6.000000E+00    5.500000E+01    2.332971E+00    2.099903E+00    4.360000E+00    4.720546E-01    1.110990E+00    8.974315E-04    1.950433E-10    1.700000E+01   -1.420216E+00   -1.444476E+00
   2.090000E-09    4.000000E+00    8.640000E+01    6.500000E+00    1.397940E+00   -2.000000E+00   -1.000000E+01    2.361728E+00   -1.000000E+01    2.550228E+00   -1.000000E+01   -1.000000E+01    2.900000E+00    6.306700E+00    1.300000E+00    7.000000E+00    9.000000E+01    3.398069E+00    3.044031E+00    4.990000E+00   -1.236004E-01    1.116306E+00    8.974315E-04    3.046064E-11    2.100000E+01   -2.403322E-01   -3.970054E-01
   1.200000E-09    5.000000E+00    1.916000E+01    7.600000E+01    6.989700E-01   -2.111259E+00    5.502284E-01    1.311966E+00    1.798858E+00    1.075912E+00    2.361822E+00    1.715753E+00    7.730000E+00    6.265700E+00    1.360000E+00    7.000000E+00    9.300000E+01    3.387005E+00    1.867340E+00    4.990000E+00    1.598418E+00    1.813813E+00    1.535544E-03    2.588402E-11    9.000000E+00    2.552725E-01   -1.127141E-01
   6.600000E-10    2.000000E+00    3.500000E+01    8.700000E+01    1.301030E+00   -1.000000E+00   -1.000000E+01    3.361728E+00   -1.000000E+01   -1.000000E+01   -1.000000E+01   -1.000000E+01    6.750000E+00    7.639900E+00    1.910000E+00    4.000000E+00    2.800000E+01    2.585791E+00    7.439657E-01    3.450000E+00    1.395451E+00    3.475686E+00    1.018135E-03    9.551391E-11    3.000000E+00    2.600714E-01    7.514470E-02
   2.100000E-09    1.000000E+00    1.242000E+01    1.292000E+01    1.397940E+00   -2.812479E+00    1.139434E-01    1.626340E+00    3.673559E-01   -1.000000E+01   -1.000000E+01   -1.000000E+00    7.900000E+00    3.893900E+00    7.900000E-01    6.000000E+00    5.500000E+01    2.332971E+00    2.099903E+00    4.360000E+00    1.017141E+00    1.110990E+00    8.974315E-04    1.195362E-11    2.300000E+01    1.492191E-01    1.514284E-01
   6.600000E-10    2.000000E+00    2.000000E+01    8.600000E+01    1.301030E+00   -1.000000E+00   -1.000000E+01    3.361728E+00   -1.000000E+01   -1.000000E+01   -1.000000E+01   -1.000000E+01    6.050000E+00    7.639900E+00    1.910000E+00    4.000000E+00    2.800000E+01    2.585791E+00    7.439657E-01    3.450000E+00    1.633468E+00    3.475686E+00    1.018135E-03    9.551391E-11    3.000000E+00   -9.746941E-01   -7.931883E-01
   9.450000E-10    2.000000E+00    3.700000E+01    7.500000E+01    1.826075E+00   -1.000000E+00   -1.000000E+01    3.361539E+00   -1.000000E+01    3.549616E+00   -1.000000E+01   -1.000000E+01    7.600000E+00    7.416700E+00    2.330000E+00    6.000000E+00    8.200000E+01    3.219752E+00    1.143113E+00    4.360000E+00    1.306860E+00    2.816652E+00    4.085716E-04    1.028862E-10    2.000000E+00    1.021189E+00    1.098140E+00
   7.200000E-10    6.000000E+00    1.360000E+00    3.500000E+00    1.397940E+00   -7.423214E-01    1.428135E+00    3.298853E+00    2.880814E+00    3.681241E+00    1.764176E+00    2.691081E+00    7.200000E+00    6.193900E+00    1.380000E+00    7.000000E+00    9.200000E+01    3.367543E+00    1.039241E+00    4.990000E+00    1.410529E+00    3.240387E+00    8.974315E-04    1.295921E-10    1.300000E+01    2.041200E-01    1.321826E-01
   6.200000E-10    3.000000E+00    3.000000E+01    5.300000E+01    1.361728E+00   -2.000000E+00   -1.000000E+01    2.361539E+00   -1.000000E+01   -1.000000E+01   -1.000000E+01   -1.000000E+01    6.300000E+00    5.670400E+00    1.200000E+00    6.000000E+00    6.300000E+01    2.815295E+00    7.531981E-01    4.360000E+00    1.247155E+00    3.737788E+00    9.432169E-04    3.035831E-11    2.000000E+00    1.873902E+00    1.809901E+00
   6.600000E-10    2.000000E+00    3.890000E+01    8.900000E+01    1.301030E+00   -2.000000E+00    2.592177E+00   -1.000000E+01   -1.000000E+01   -1.000000E+01   -1.000000E+01   -1.000000E+01    4.599000E+00    7.639900E+00    1.910000E+00    4.000000E+00    2.800000E+01    2.585791E+00    7.439657E-01    3.450000E+00    1.359440E+00    3.475686E+00    1.018135E-03    3.020415E-11    3.000000E+00   -2.089376E+00   -1.539576E+00
   6.030000E-10    2.000000E+00    2.800000E+01    1.210000E+02    1.397940E+00   -3.010300E-01   -1.000000E+01    4.060509E+00   -1.000000E+01   -1.000000E+01   -1.000000E+01   -1.000000E+01    1.030000E+01    6.113200E+00    1.000000E+00    4.000000E+00    2.000000E+01    2.313044E+00    5.978219E-01    3.450000E+00    1.635627E+00    3.869119E+00    8.974315E-04    2.153893E-10    3.000000E+00   -8.996295E-01   -1.351139E+00
   2.090000E-09    4.000000E+00    8.640000E+01    6.500000E+00    1.397940E+00   -1.000000E+00   -1.000000E+01    3.361728E+00   -1.000000E+01    3.550228E+00   -1.000000E+01   -1.000000E+01    2.900000E+00    6.306700E+00    1.300000E+00    7.000000E+00    9.000000E+01    3.398069E+00    3.044031E+00    4.990000E+00   -1.236004E-01    1.116306E+00    8.974315E-04    9.632502E-11    2.100000E+01    1.430148E-01   -5.157670E-01
   7.200000E-10    6.000000E+00    1.120000E+02    2.100000E+01    1.397940E+00   -2.450997E+00    7.242759E-01    1.653213E+00    1.060698E+00    8.061800E-01    2.155336E+00    1.257679E+00    8.000000E+00    6.193900E+00    1.380000E+00    7.000000E+00    9.200000E+01    3.367543E+00    1.039241E+00    4.990000E+00    2.730013E-01    3.240387E+00    8.974315E-04    1.812344E-11    6.000000E+00   -9.393022E-01   -9.331652E-01
   8.890000E-10    2.000000E+00    3.000000E+01    6.000000E+01    1.397940E+00   -1.000000E+00   -1.000000E+01    3.361728E+00   -1.000000E+01    3.550228E+00   -1.000000E+01   -1.000000E+01    9.000000E+00    5.278400E+00    9.000000E-01    7.000000E+00    8.800000E+01    3.108725E+00    1.184553E+00    4.990000E+00    1.301030E+00    2.624386E+00    8.974315E-04    9.632502E-11    2.000000E+00   -7.212464E-01   -4.462721E-01
   6.600000E-10    2.000000E+00    6.680000E+01    2.310000E+01    1.397940E+00   -2.000000E+00   -1.000000E+01    2.361728E+00   -1.000000E+01   -1.000000E+01   -1.000000E+01   -1.000000E+01    3.996000E+00    7.639900E+00    1.910000E+00    4.000000E+00    2.800000E+01    2.585791E+00    7.314893E-01    3.450000E+00    5.388355E-01    3.534968E+00    8.974315E-04    3.046064E-11    6.000000E+00   -6.536470E-01   -5.916874E-01
   2.100000E-09    1.000000E+00    3.000000E+01    6.000000E+01    1.397940E+00   -2.204035E-01   -1.000000E+01    4.110590E+00    2.748963E+00    4.318063E+00   -1.000000E+01   -1.000000E+01    8.350000E+00    3.893900E+00    7.900000E-01    6.000000E+00    5.500000E+01    2.332971E+00    2.099903E+00    4.360000E+00    1.301030E+00    1.110990E+00    8.974315E-04    2.363401E-10    2.000000E+00   -1.180456E+00   -1.144244E+00
   6.200000E-10    3.000000E+00    6.840000E+01    2.000000E-02    1.322219E+00   -1.000000E+00   -1.000000E+01    3.361728E+00   -1.000000E+01   -1.000000E+01   -1.000000E+01   -1.000000E+01    9.053000E+00    5.670400E+00    1.200000E+00    6.000000E+00    6.300000E+01    2.815295E+00    7.583193E-01    4.360000E+00   -2.534026E+00    3.712545E+00    9.922914E-04    9.567668E-11    1.900000E+01   -1.869666E+00   -5.351555E-01
   6.200000E-10    3.000000E+00    1.140000E+01    4.750000E+01    1.397940E+00   -1.301030E+00   -1.000000E+01    3.060698E+00   -1.000000E+01   -1.000000E+01   -1.000000E+01   -1.000000E+01    7.699000E+00    5.670400E+00    1.200000E+00    6.000000E+00    6.300000E+01    2.815295E+00    7.481457E-01    4.360000E+00    1.619789E+00    3.763030E+00    8.974315E-04    6.811207E-11    2.000000E+00    4.424798E-01   -1.628609E-01
   1.550000E-09    4.000000E+00    4.920000E+01    6.500000E+00    1.349278E+00   -1.000000E+00    3.592177E+00   -1.000000E+01   -1.000000E+01    3.550228E+00   -1.000000E+01   -1.000000E+01    4.500000E+00    9.752400E+00    2.550000E+00    4.000000E+00    3.400000E+01    2.921497E+00    1.958326E+00    3.450000E+00    1.209482E-01    1.491834E+00    9.587942E-04    9.589598E-11    2.100000E+01   -2.160522E+00   -2.166649E+00
   7.200000E-10    6.000000E+00    5.660000E+01    8.000000E+01    1.397940E+00   -3.000000E+00   -1.000000E+01    1.361728E+00   -1.000000E+01   -1.000000E+01   -1.000000E+01   -1.000000E+01    6.800000E+00    6.193900E+00    1.380000E+00    7.000000E+00    9.200000E+01    3.367543E+00    1.039241E+00    4.990000E+00    1.150274E+00    3.240387E+00    8.974315E-04    9.632502E-12    3.000000E+00    2.530587E-02    6.884196E-01
   7.200000E-10    6.000000E+00    3.000000E-02    1.000000E-02    1.301030E+00   -1.000000E+00   -1.000000E+01    3.361728E+00   -1.000000E+01   -1.000000E+01   -1.000000E+01   -1.000000E+01    5.866000E+00    6.193900E+00    1.380000E+00    7.000000E+00    9.200000E+01    3.367543E+00    1.056966E+00    4.990000E+00    5.228787E-01    3.186046E+00    1.018135E-03    9.551391E-11    2.200000E+01   -1.291579E+00   -1.449056E+00
   6.600000E-10    2.000000E+00    3.500000E+01    8.700000E+01    1.301030E+00   -2.004365E+00   -1.698970E+00   -7.351822E-01    2.120574E+00   -1.000000E+01   -1.000000E+01   -1.000000E+01    8.100000E+00    7.639900E+00    1.910000E+00    4.000000E+00    2.800000E+01    2.585791E+00    7.439657E-01    3.450000E+00    1.395451E+00    3.475686E+00    1.018135E-03    3.005275E-11    3.000000E+00    6.848454E-01    6.936928E-01
   6.600000E-10    2.000000E+00    2.800000E+01    1.210000E+02    1.395326E+00   -5.086383E-01   -1.000000E+01   -1.000000E+01    7.790190E-01   -1.000000E+01   -1.000000E+01   -1.000000E+01    6.000000E+00    7.639900E+00    1.910000E+00    4.000000E+00    2.800000E+01    2.585791E+00    7.318575E-01    3.450000E+00    1.635627E+00    3.533189E+00    9.007563E-04    1.695550E-10    3.000000E+00   -1.543634E+00   -1.673625E+00
   7.200000E-10    6.000000E+00    9.900000E+01    4.540000E+01    1.397940E+00   -2.000000E+00   -1.000000E+01    2.361728E+00   -1.000000E+01   -1.000000E+01   -1.000000E+01   -1.000000E+01    7.320000E+00    6.193900E+00    1.380000E+00    7.000000E+00    9.200000E+01    3.367543E+00    1.039241E+00    4.990000E+00    6.614207E-01    3.240387E+00    8.974315E-04    3.046064E-11    3.000000E+00    1.688420E+00    1.654954E+00
   1.200000E-09    5.000000E+00    1.120000E+02    2.100000E+01    1.397940E+00   -1.000000E+00   -1.000000E+01    3.361539E+00   -1.000000E+01    3.549616E+00   -1.000000E+01   -1.000000E+01    7.010000E+00    6.265700E+00    1.360000E+00    7.000000E+00    9.300000E+01    3.387005E+00    1.742078E+00    4.990000E+00    2.730013E-01    1.944232E+00    8.974315E-04    9.632502E-11    6.000000E+00    4.899585E-01   -7.476972E-01
   6.200000E-10    3.000000E+00    3.000000E+01    7.600000E+01    1.397940E+00   -1.301030E+00   -1.000000E+01    3.060698E+00   -1.000000E+01   -1.000000E+01   -1.000000E+01   -1.000000E+01    6.204000E+00    5.670400E+00    1.200000E+00    6.000000E+00    6.300000E+01    2.815295E+00    7.481457E-01    4.360000E+00    1.403692E+00    3.763030E+00    8.974315E-04    6.811207E-11    2.000000E+00    1.743510E+00    1.458180E+00
   6.600000E-10    2.000000E+00    6.550000E+00    4.000000E+00    1.397940E+00   -1.000000E+00   -1.000000E+01    3.361728E+00   -1.000000E+01   -1.000000E+01   -1.000000E+01   -1.000000E+01    7.079000E+00    7.639900E+00    1.910000E+00    4.000000E+00    2.800000E+01    2.585791E+00    7.314893E-01    3.450000E+00    7.858187E-01    3.534968E+00    8.974315E-04    9.632502E-11    2.000000E+01   -4.449056E-01   -6.443909E-01
   1.550000E-09    6.000000E+00    2.500000E+02    1.000000E-02    1.301030E+00   -1.000000E+00   -1.000000E+01    3.361728E+00   -1.000000E+01    3.550228E+00   -1.000000E+01   -1.000000E+01    4.800000E+00    9.752400E+00    2.550000E+00    4.000000E+00    3.400000E+01    2.921497E+00    1.974025E+00    3.450000E+00   -3.397940E+00    1.479970E+00    1.018135E-03    9.551391E-11    1.900000E+01   -4.509967E-01   -5.366013E-01
   2.090000E-09    4.000000E+00    8.640000E+01    6.500000E+00    1.397940E+00   -1.000000E+00   -1.000000E+01    3.361728E+00   -1.000000E+01    3.550228E+00   -1.000000E+01   -1.000000E+01    3.000000E+00    6.306700E+00    1.300000E+00    7.000000E+00    9.000000E+01    3.398069E+00    3.044031E+00    4.990000E+00   -1.236004E-01    1.116306E+00    8.974315E-04    9.632502E-11    2.100000E+01   -8.507809E-01   -8.774597E-01
   6.200000E-10    3.000000E+00    3.500000E+01    6.300000E+01    1.397940E+00   -1.000000E+00   -1.000000E+01    3.361728E+00   -1.000000E+01   -1.000000E+01   -1.000000E+01   -1.000000E+01    5.783000E+00    5.670400E+00    1.200000E+00    6.000000E+00    6.300000E+01    2.815295E+00    7.481457E-01    4.360000E+00    1.255273E+00    3.763030E+00    8.974315E-04    9.632502E-11    3.000000E+00    1.986571E-01    3.277458E-01
   6.200000E-10    3.000000E+00    6.840000E+01    2.000000E-02    1.322219E+00   -2.000000E+00   -1.000000E+01    2.361728E+00   -1.000000E+01   -1.000000E+01   -1.000000E+01   -1.000000E+01    5.734000E+00    5.670400E+00    1.200000E+00    6.000000E+00    6.300000E+01    2.815295E+00    7.583193E-01    4.360000E+00   -2.534026E+00    3.712545E+00    9.922914E-04    3.025562E-11    1.900000E+01   -1.779892E+00   -1.497570E+00
   9.230000E-10    4.000000E+00    3.750000E+01    1.442000E+02    1.397940E+00   -2.038579E+00   -6.550155E-02    2.086360E+00    2.075547E+00   -1.301030E+00   -1.000000E+01    1.387390E+00    1.200000E+01    1.126030E+01    2.550000E+00    2.000000E+00    6.000000E+00    1.810750E+00    7.163593E-01    1.990000E+00    1.584934E+00    2.527713E+00    8.974315E-04    2.913732E-11    2.500000E+01   -1.059484E+00   -1.138802E+00
   2.100000E-09    1.000000E+00    1.476000E+01    1.299000E+01    1.342423E+00   -6.126102E-01    9.079485E-01    3.322219E+00    3.276462E+00    3.800029E+00    1.000000E+00    2.748188E+00    8.400000E+00    3.893900E+00    7.900000E-01    6.000000E+00    5.500000E+01    2.332971E+00    2.121247E+00    4.360000E+00    9.445228E-01    1.099811E+00    9.673286E-04    1.497056E-10    1.700000E+01   -1.906578E+00   -1.851088E+00
   6.080000E-10    3.000000E+00    3.750000E+01    1.442000E+02    1.361728E+00   -1.705534E+00    9.169800E-01    2.716838E+00    5.145478E-01   -3.010300E-01   -1.000000E+01    2.588832E+00    7.000000E+00    5.643700E+00    1.170000E+00    6.000000E+00    6.200000E+01    2.808659E+00    7.368791E-01    4.360000E+00    1.584934E+00    3.811560E+00    9.432169E-04    4.260991E-11    2.500000E+01   -2.612194E-01   -3.673453E-01
   1.200000E-09    5.000000E+00    9.700000E+01    1.210000E+02    1.301030E+00   -1.000000E+00   -1.000000E+01    3.361728E+00   -1.000000E+01   -1.000000E+01   -1.000000E+01   -1.000000E+01    4.020000E+00    6.265700E+00    1.360000E+00    7.000000E+00    9.300000E+01    3.387005E+00    1.771792E+00    4.990000E+00    1.096014E+00    1.911627E+00    1.018135E-03    9.551391E-11    3.000000E+00   -2.562249E+00   -1.903319E+00
   6.600000E-10    2.000000E+00    3.950000E+01    9.000000E+01    1.777064E+00   -2.000000E+00   -1.000000E+01    2.361539E+00   -1.000000E+01   -1.000000E+01   -1.000000E+01   -1.000000E+01    6.000000E+00    7.639900E+00    1.910000E+00    4.000000E+00    2.800000E+01    2.585791E+00    6.549356E-01    3.450000E+00    1.357645E+00    3.948161E+00    4.503641E-04    3.219169E-11    3.000000E+00    7.226339E-01    3.857191E-01
   6.200000E-10    3.000000E+00    2.400000E+01    8.750000E+01    1.397940E+00   -1.602060E+00   -1.000000E+01    2.759668E+00   -1.000000E+01   -1.000000E+01   -1.000000E+01   -1.000000E+01    2.490000E+00    5.670400E+00    1.200000E+00    6.000000E+00    6.300000E+01    2.815295E+00    7.481457E-01    4.360000E+00    1.561797E+00    3.763030E+00    8.974315E-04    4.816251E-11    3.000000E+00    8.182259E-01   -3.050415E-02
   6.600000E-10    2.000000E+00    2.000000E+01    2.800000E+01    1.395326E+00   -1.000000E+00   -1.000000E+01    3.361539E+00   -1.000000E+01   -1.000000E+01   -1.000000E+01   -1.000000E+01    7.020000E+00    7.639900E+00    1.910000E+00    4.000000E+00    2.800000E+01    2.585791E+00    7.318575E-01    3.450000E+00    1.146128E+00    3.533189E+00    9.007563E-04    9.630078E-11    6.000000E+00   -8.860566E-01   -7.188213E-01
   7.200000E-10    6.000000E+00    5.660000E+01    8.000000E+01    1.397940E+00   -1.000000E+00   -1.000000E+01    3.361728E+00   -1.000000E+01   -1.000000E+01   -1.000000E+01   -1.000000E+01    6.019000E+00    6.193900E+00    1.380000E+00    7.000000E+00    9.200000E+01    3.367543E+00    1.039241E+00    4.990000E+00    1.150274E+00    3.240387E+00    8.974315E-04    9.632502E-11    3.000000E+00   -1.191864E-01    3.024314E-03
   1.550000E-09    4.000000E+00    6.000000E+01    1.900000E+01    1.322219E+00   -9.956786E-01    1.503791E+00    3.076706E+00    2.409108E+00    3.162400E+00    2.200446E+00    3.175667E+00    7.500000E+00    9.752400E+00    2.550000E+00    4.000000E+00    3.400000E+01    2.921497E+00    1.967314E+00    3.450000E+00    5.006024E-01    1.485018E+00    9.922914E-04    9.615388E-11    5.000000E+00   -2.307153E+00   -1.617054E+00
   2.090000E-09    4.000000E+00    8.640000E+01    6.500000E+00    1.397940E+00   -1.000000E+00   -1.000000E+01    3.361728E+00   -1.000000E+01    3.550228E+00   -1.000000E+01   -1.000000E+01    2.900000E+00    6.306700E+00    1.300000E+00    7.000000E+00    9.000000E+01    3.398069E+00    3.044031E+00    4.990000E+00   -1.236004E-01    1.116306E+00    8.974315E-04    9.632502E-11    2.100000E+01   -1.002614E+00   -5.157670E-01
   7.200000E-10    6.000000E+00    9.700000E+01    1.210000E+02    1.301030E+00   -1.000000E+00   -1.000000E+01    3.361728E+00   -1.000000E+01   -1.000000E+01   -1.000000E+01   -1.000000E+01    8.164000E+00    6.193900E+00    1.380000E+00    7.000000E+00    9.200000E+01    3.367543E+00    1.056966E+00    4.990000E+00    1.096014E+00    3.186046E+00    1.018135E-03    9.551391E-11    3.000000E+00   -5.272436E-01   -7.141844E-01
   2.100000E-09    1.000000E+00    4.000000E-01    4.000000E+00    1.397940E+00   -2.552842E+00    9.324738E-01    1.763428E+00    1.303196E+00   -1.000000E+01   -1.000000E+01   -1.000000E+01    8.570000E+00    3.893900E+00    7.900000E-01    6.000000E+00    5.500000E+01    2.332971E+00    2.099903E+00    4.360000E+00    2.000000E+00    1.110990E+00    8.974315E-04    1.611826E-11    1.300000E+01   -2.508638E+00   -2.397478E+00
   7.200000E-10    6.000000E+00    7.960000E+01    7.600000E+01    1.322219E+00   -1.747147E+00    2.264818E+00    1.893207E+00    2.436163E+00    3.424227E-01   -1.000000E+01    8.965262E-01    1.100000E+01    6.193900E+00    1.380000E+00    7.000000E+00    9.200000E+01    3.367543E+00    1.053373E+00    4.990000E+00    9.799005E-01    3.196914E+00    9.922914E-04    4.047927E-11    4.000000E+00    3.979400E-01    3.564081E-01
   6.200000E-10    3.000000E+00    3.000000E+01    5.300000E+01    1.361728E+00   -1.301030E+00   -1.000000E+01    3.060509E+00   -1.000000E+01   -1.000000E+01   -1.000000E+01   -1.000000E+01    5.540000E+00    5.670400E+00    1.200000E+00    6.000000E+00    6.300000E+01    2.815295E+00    7.531981E-01    4.360000E+00    1.247155E+00    3.737788E+00    9.432169E-04    6.788324E-11    2.000000E+00    1.484300E+00    1.556571E+00
   6.600000E-10    2.000000E+00    4.900000E-01    1.400000E+00    1.397940E+00   -1.000000E+00   -1.000000E+01    3.361728E+00   -1.000000E+01   -1.000000E+01   -1.000000E+01   -1.000000E+01    4.269000E+00    7.639900E+00    1.910000E+00    4.000000E+00    2.800000E+01    2.585791E+00    7.314893E-01    3.450000E+00    1.455932E+00    3.534968E+00    8.974315E-04    9.632502E-11    2.000000E+01   -2.703335E+00   -2.274139E+00
   6.200000E-10    3.000000E+00    3.500000E+01    8.700000E+01    1.301030E+00   -7.033348E-01   -1.079054E-01    8.388491E-01    3.423246E+00   -1.000000E+01   -1.000000E+01   -1.000000E+01    3.000000E+00    5.670400E+00    1.200000E+00    6.000000E+00    6.300000E+01    2.815295E+00    7.609061E-01    4.360000E+00    1.395451E+00    3.699924E+00    1.018135E-03    1.344000E-10    3.000000E+00   -2.432974E+00   -1.741663E+00
   9.230000E-10    4.000000E+00    3.750000E+01    1.442000E+02    1.397940E+00   -2.436519E+00    4.139269E-02    2.176091E+00    4.361626E-01   -9.661145E-03   -1.000000E+01    5.307844E-02    1.180000E+01    1.126030E+01    2.550000E+00    2.000000E+00    6.000000E+00    1.810750E+00    7.163593E-01    1.990000E+00    1.584934E+00    2.527713E+00    8.974315E-04    1.842806E-11    2.500000E+01   -1.690370E+00   -1.591241E+00
   2.100000E-09    1.000000E+00    9.900000E+01    8.300000E+01    1.397940E+00   -1.000000E+00   -1.000000E+01    3.361728E+00   -1.000000E+01   -1.000000E+01   -1.000000E+01   -1.000000E+01    8.000000E+00    3.893900E+00    7.900000E-01    6.000000E+00    5.500000E+01    2.332971E+00    2.099903E+00    4.360000E+00    9.234429E-01    1.110990E+00    8.974315E-04    9.632502E-11    3.000000E+00   -1.343902E+00   -1.072375E+00
   2.090000E-09    4.000000E+00    3.000000E+01    7.600000E+01    1.397940E+00   -2.000000E+00    2.592177E+00   -1.000000E+01   -1.000000E+01   -1.000000E+01   -1.000000E+01   -1.000000E+01    3.547000E+00    6.306700E+00    1.300000E+00    7.000000E+00    9.000000E+01    3.398069E+00    3.044031E+00    4.990000E+00    1.403692E+00    1.116306E+00    8.974315E-04    3.046064E-11    2.000000E+00    6.910815E-01    4.277361E-01
   1.200000E-09    5.000000E+00    2.712000E+01    7.600000E+01    6.989700E-01   -2.088310E+00    5.502284E-01    1.311966E+00    1.838471E+00    1.075912E+00    2.378761E+00    1.715753E+00    8.760000E+00    6.265700E+00    1.360000E+00    7.000000E+00    9.300000E+01    3.387005E+00    1.867340E+00    4.990000E+00    1.447524E+00    1.813813E+00    1.535544E-03    2.657702E-11    4.000000E+00   -7.958800E-01   -7.932279E-01
   6.030000E-10    2.000000E+00    2.800000E+01    1.210000E+02    1.397940E+00   -1.000000E+00   -1.000000E+01    3.361539E+00   -1.000000E+01   -1.000000E+01   -1.000000E+01   -1.000000E+01    1.215000E+01    6.113200E+00    1.000000E+00    4.000000E+00    2.000000E+01    2.313044E+00    5.978219E-01    3.450000E+00    1.635627E+00    3.869119E+00    8.974315E-04    9.632502E-11    3.000000E+00   -9.420412E-02   -5.892365E-02
   7.200000E-10    6.000000E+00    2.500000E+01    7.200000E+01    1.397940E+00   -2.000000E+00   -1.000000E+01    2.361539E+00   -1.000000E+01    2.549616E+00   -1.000000E+01   -1.000000E+01    4.654000E+00    6.193900E+00    1.380000E+00    7.000000E+00    9.200000E+01    3.367543E+00    1.039241E+00    4.990000E+00    1.459392E+00    3.240387E+00    8.974315E-04    3.046064E-11    2.000000E+00    9.342169E-02    3.822103E-02
   1.200000E-09    5.000000E+00    8.379000E+01    8.440000E+01    1.397940E+00   -1.000000E+00   -1.000000E+01    3.361539E+00   -1.000000E+01   -1.000000E+01   -1.000000E+01   -1.000000E+01    8.000000E+00    6.265700E+00    1.360000E+00    7.000000E+00    9.300000E+01    3.387005E+00    1.742078E+00    4.990000E+00    1.003150E+00    1.944232E+00    8.974315E-04    9.632502E-11    3.000000E+00   -7.986029E-01   -7.573812E-01
   7.200000E-10    6.000000E+00    9.900000E+01    4.540000E+01    1.397940E+00   -3.000000E+00   -1.000000E+01    1.361728E+00   -1.000000E+01   -1.000000E+01   -1.000000E+01   -1.000000E+01    6.550000E+00    6.193900E+00    1.380000E+00    7.000000E+00    9.200000E+01    3.367543E+00    1.039241E+00    4.990000E+00    6.614207E-01    3.240387E+00    8.974315E-04    9.632502E-12    3.000000E+00    1.176091E+00    1.494751E+00
   2.100000E-09    1.000000E+00    3.750000E+01    1.442000E+02    1.397940E+00   -3.663540E+00   -1.399027E+00    7.846173E-01   -1.698970E+00    1.583625E-01   -1.000000E+01    1.335389E-01    1.070000E+01    3.893900E+00    7.900000E-01    6.000000E+00    5.500000E+01    2.332971E+00    2.099903E+00    4.360000E+00    1.584934E+00    1.110990E+00    8.974315E-04    4.487133E-12    2.500000E+01    1.195900E+00    4.844067E-01
   6.200000E-10    3.000000E+00    5.000000E-01    4.400000E+00    1.397940E+00   -1.000000E+00   -1.000000E+01    3.361539E+00   -1.000000E+01    3.549616E+00   -1.000000E+01   -1.000000E+01    5.510000E+00    5.670400E+00    1.200000E+00    6.000000E+00    6.300000E+01    2.815295E+00    7.481457E-01    4.360000E+00    1.944483E+00    3.763030E+00    8.974315E-04    9.632502E-11    8.000000E+00   -1.018235E-01    6.511210E-02
   6.240000E-10    3.000000E+00    6.840000E+01    1.000000E-02    1.397940E+00   -2.000000E+00   -1.000000E+01    2.361728E+00   -1.000000E+01   -1.000000E+01   -1.000000E+01   -1.000000E+01    9.466000E+00    5.973800E+00    1.300000E+00    7.000000E+00    9.500000E+01    3.307169E+00    8.845280E-01    4.990000E+00   -2.835056E+00    3.738908E+00    8.974315E-04    3.046064E-11    1.900000E+01    7.193313E-01    9.958097E-01
   6.200000E-10    3.000000E+00    3.000000E+01    5.300000E+01    1.361728E+00   -1.000000E+00   -1.000000E+01    3.361539E+00   -1.000000E+01   -1.000000E+01   -1.000000E+01   -1.000000E+01    3.800000E+00    5.670400E+00    1.200000E+00    6.000000E+00    6.300000E+01    2.815295E+00    7.531981E-01    4.360000E+00    1.247155E+00    3.737788E+00    9.432169E-04    9.600140E-11    2.000000E+00    6.148972E-01    4.406386E-01
   1.550000E-09    4.000000E+00    1.760000E+01    6.500000E+00    1.397940E+00   -1.000000E+00   -1.000000E+01    3.361728E+00   -1.000000E+01    3.550228E+00   -1.000000E+01   -1.000000E+01    1.217000E+01    9.752400E+00    2.550000E+00    4.000000E+00    3.400000E+01    2.921497E+00    1.940920E+00    3.450000E+00    5.674007E-01    1.505212E+00    8.974315E-04    9.632502E-11    2.100000E+01   -2.958607E+00   -2.773983E+00
   7.900000E-10    2.000000E+00    9.000000E-01    4.610000E+00    1.397940E+00   -1.425969E+00   -1.000000E+01    2.480007E+00    2.792392E+00   -1.000000E+01    2.480007E+00    2.792392E+00    8.400000E+00    5.694900E+00    9.500000E-01    5.000000E+00    3.800000E+01    2.491348E+00    8.435911E-01    3.850000E+00    1.709458E+00    2.953264E+00    8.974315E-04    5.898678E-11    1.300000E+01   -1.744727E+00   -1.441034E+00
   7.200000E-10    6.000000E+00    1.018000E+01    3.700000E+01    6.989700E-01   -2.111259E+00    5.502284E-01    1.311966E+00    1.798858E+00    1.075912E+00    2.361822E+00    1.715753E+00    6.760000E+00    6.193900E+00    1.380000E+00    7.000000E+00    9.200000E+01    3.367543E+00    1.113966E+00    4.990000E+00    1.560454E+00    3.023021E+00    1.535544E-03    2.588402E-11    9.000000E+00    5.563025E-01    6.818880E-01
   6.240000E-10    3.000000E+00    7.960000E+01    7.600000E+01    1.397940E+00   -1.000000E+00   -1.000000E+01    3.361728E+00   -1.000000E+01   -1.000000E+01   -1.000000E+01   -1.000000E+01    4.023000E+00    5.973800E+00    1.300000E+00    7.000000E+00    9.500000E+01    3.307169E+00    8.845280E-01    4.990000E+00    9.799005E-01    3.738908E+00    8.974315E-04    9.632502E-11    4.000000E+00    7.512791E-01    5.185417E-01
   1.550000E-09    4.000000E+00    1.000000E+02    1.080000E+02    1.361728E+00   -1.301030E+00   -1.000000E+01    3.060509E+00   -1.000000E+01    3.248586E+00   -1.000000E+01   -1.000000E+01    7.410000E+00    9.752400E+00    2.550000E+00    4.000000E+00    3.400000E+01    2.921497E+00    1.954028E+00    3.450000E+00    1.033424E+00    1.495115E+00    9.432169E-04    6.788324E-11    3.000000E+00   -2.089909E+00   -2.013418E+00
   1.200000E-09    5.000000E+00    2.700000E+01    2.800000E+02    1.342423E+00   -2.308919E+00    5.910646E-01    1.812913E+00    1.255273E+00    1.845098E+00    2.089905E+00    9.822712E-01    8.300000E+00    6.265700E+00    1.360000E+00    7.000000E+00    9.300000E+01    3.387005E+00    1.759786E+00    4.990000E+00    2.015794E+00    1.924669E+00    9.673286E-04    2.123654E-11    7.000000E+00   -7.077439E-01   -2.178813E-01
   7.200000E-10    6.000000E+00    2.500000E+01    7.200000E+01    1.397940E+00   -1.000000E+00    3.596498E+00   -1.000000E+01   -1.000000E+01    3.549616E+00   -1.000000E+01   -1.000000E+01    3.000000E+00    6.193900E+00    1.380000E+00    7.000000E+00    9.200000E+01    3.367543E+00    1.039241E+00    4.990000E+00    1.459392E+00    3.240387E+00    8.974315E-04    9.632502E-11    2.000000E+00   -9.507820E-01   -1.143608E+00
   1.550000E-09    4.000000E+00    3.000000E+01    7.900000E+01    1.361728E+00   -1.301030E+00   -1.000000E+01    3.060509E+00   -1.000000E+01   -1.000000E+01   -1.000000E+01   -1.000000E+01    4.000000E+00    9.752400E+00    2.550000E+00    4.000000E+00    3.400000E+01    2.921497E+00    1.954028E+00    3.450000E+00    1.420506E+00    1.495115E+00    9.432169E-04    6.788324E-11    2.000000E+00   -1.144481E+00   -1.476728E+00
   6.200000E-10    3.000000E+00    5.360000E+01    6.230000E+01    1.342423E+00   -1.000000E+00   -1.000000E+01    3.361728E+00   -1.000000E+01    3.550228E+00   -1.000000E+01   -1.000000E+01    4.040000E+00    5.670400E+00    1.200000E+00    6.000000E+00    6.300000E+01    2.815295E+00    7.557500E-01    4.360000E+00    1.065323E+00    3.725167E+00    9.673286E-04    9.583918E-11    2.000000E+00    8.600172E-03   -3.979110E-02
   7.200000E-10    6.000000E+00    5.660000E+01    8.000000E+01    1.397940E+00   -3.000000E+00   -1.000000E+01    1.361728E+00   -1.000000E+01   -1.000000E+01   -1.000000E+01   -1.000000E+01    6.800000E+00    6.193900E+00    1.380000E+00    7.000000E+00    9.200000E+01    3.367543E+00    1.039241E+00    4.990000E+00    1.150274E+00    3.240387E+00    8.974315E-04    9.632502E-12    3.000000E+00   -3.011836E-02    6.884196E-01
   1.200000E-09    5.000000E+00    2.800000E+01    1.080000E+02    1.301030E+00   -2.000000E+00   -1.000000E+01    2.361539E+00   -1.000000E+01   -1.000000E+01   -1.000000E+01   -1.000000E+01    4.500000E+00    6.265700E+00    1.360000E+00    7.000000E+00    9.300000E+01    3.387005E+00    1.771792E+00    4.990000E+00    1.586266E+00    1.911627E+00    1.018135E-03    3.020415E-11    2.000000E+00   -1.698970E+00   -2.084707E+00
   2.100000E-09    1.000000E+00    3.750000E+01    1.442000E+02    1.397940E+00   -1.837587E-01    1.133539E+00    3.976350E+00    2.462398E+00    4.222716E+00   -1.000000E+01    3.442480E+00    9.400000E+00    3.893900E+00    7.900000E-01    6.000000E+00    5.500000E+01    2.332971E+00    2.099903E+00    4.360000E+00    1.584934E+00    1.110990E+00    8.974315E-04    2.465243E-10    2.500000E+01   -4.659739E-01   -5.485122E-01
   6.030000E-10    2.000000E+00    2.800000E+01    1.210000E+02    1.397940E+00   -3.010300E-01   -1.000000E+01    4.060509E+00   -1.000000E+01   -1.000000E+01   -1.000000E+01   -1.000000E+01    1.030000E+01    6.113200E+00    1.000000E+00    4.000000E+00    2.000000E+01    2.313044E+00    5.978219E-01    3.450000E+00    1.635627E+00    3.869119E+00    8.974315E-04    2.153893E-10    3.000000E+00   -1.308035E+00   -1.351139E+00
   7.200000E-10    6.000000E+00    3.100000E-01    1.000000E-02    1.342423E+00   -1.000000E+00   -1.000000E+01    3.361728E+00   -1.000000E+01   -1.000000E+01   -1.000000E+01   -1.000000E+01    7.430000E+00    6.193900E+00    1.380000E+00    7.000000E+00    9.200000E+01    3.367543E+00    1.049804E+00    4.990000E+00   -4.913618E-01    3.207782E+00    9.673286E-04    9.583918E-11    2.200000E+01   -1.260428E+00   -1.225394E+00
   6.200000E-10    3.000000E+00    1.120000E+02    1.200000E+02    1.361728E+00   -6.989700E-01   -1.000000E+01    3.662569E+00   -1.000000E+01   -1.000000E+01   -1.000000E+01   -1.000000E+01    4.460000E+00    5.670400E+00    1.200000E+00    6.000000E+00    6.300000E+01    2.815295E+00    7.531981E-01    4.360000E+00    1.029963E+00    3.737788E+00    9.432169E-04    1.357665E-10    6.000000E+00    2.787536E-01    4.182625E-01
   7.200000E-10    6.000000E+00    5.660000E+01    8.000000E+01    1.397940E+00   -1.000000E+00   -1.000000E+01    3.361728E+00   -1.000000E+01   -1.000000E+01   -1.000000E+01   -1.000000E+01    8.152000E+00    6.193900E+00    1.380000E+00    7.000000E+00    9.200000E+01    3.367543E+00    1.039241E+00    4.990000E+00    1.150274E+00    3.240387E+00    8.974315E-04    9.632502E-11    3.000000E+00    6.570559E-01    6.442057E-02
   7.900000E-10    2.000000E+00    1.100000E-01    4.000000E+00    1.380211E+00   -2.000000E+00   -1.000000E+01    2.361728E+00   -1.000000E+01   -1.000000E+01   -1.000000E+01   -1.000000E+01    6.700000E+00    5.694900E+00    9.500000E-01    5.000000E+00    3.800000E+01    2.491348E+00    8.464301E-01    3.850000E+00    2.560667E+00    2.943359E+00    9.199272E-04    3.040952E-11    1.300000E+01   -2.420216E+00   -2.444865E+00
   1.550000E-09    4.000000E+00    6.000000E+01    1.900000E+01    1.322219E+00   -9.956786E-01    1.503791E+00    3.076706E+00    2.409108E+00    3.162400E+00    2.200446E+00    3.175667E+00    7.500000E+00    9.752400E+00    2.550000E+00    4.000000E+00    3.400000E+01    2.921497E+00    1.967314E+00    3.450000E+00    5.006024E-01    1.485018E+00    9.922914E-04    9.615388E-11    5.000000E+00   -8.961963E-01   -1.617054E+00
   6.240000E-10    3.000000E+00    2.300000E+00    9.300000E+00    1.342423E+00   -1.000000E+00   -1.000000E+01    3.361728E+00   -1.000000E+01    3.550228E+00   -1.000000E+01   -1.000000E+01    5.569000E+00    5.973800E+00    1.300000E+00    7.000000E+00    9.500000E+01    3.307169E+00    8.935187E-01    4.990000E+00    1.606755E+00    3.701287E+00    9.673286E-04    9.583918E-11    1.300000E+01    5.037907E-01   -1.026474E+00
   1.550000E-09    4.000000E+00    4.920000E+01    6.500000E+00    1.349278E+00   -1.000000E+00    3.592177E+00   -1.000000E+01   -1.000000E+01    3.550228E+00   -1.000000E+01   -1.000000E+01    3.500000E+00    9.752400E+00    2.550000E+00    4.000000E+00    3.400000E+01    2.921497E+00    1.958326E+00    3.450000E+00    1.209482E-01    1.491834E+00    9.587942E-04    9.589598E-11    2.100000E+01   -2.856985E+00   -2.189673E+00
   6.200000E-10    3.000000E+00    1.088000E+01    5.200000E+00    1.397940E+00   -1.301030E+00   -1.000000E+01    3.060698E+00   -1.000000E+01   -1.000000E+01   -1.000000E+01   -1.000000E+01    6.359000E+00    5.670400E+00    1.200000E+00    6.000000E+00    6.300000E+01    2.815295E+00    7.481457E-01    4.360000E+00    6.793745E-01    3.763030E+00    8.974315E-04    6.811207E-11    7.000000E+00   -2.313619E-01    5.364503E-01
   6.600000E-10    2.000000E+00    3.500000E+01    8.700000E+01    1.301030E+00   -1.000000E+00   -1.000000E+01    3.361728E+00   -1.000000E+01   -1.000000E+01   -1.000000E+01   -1.000000E+01    3.090000E+00    7.639900E+00    1.910000E+00    4.000000E+00    2.800000E+01    2.585791E+00    7.439657E-01    3.450000E+00    1.395451E+00    3.475686E+00    1.018135E-03    9.551391E-11    3.000000E+00   -1.050122E+00   -1.102973E+00
   6.030000E-10    2.000000E+00    2.800000E+01    1.210000E+02    1.397940E+00   -3.010300E-01   -1.000000E+01    4.060509E+00   -1.000000E+01   -1.000000E+01   -1.000000E+01   -1.000000E+01    1.259000E+01    6.113200E+00    1.000000E+00    4.000000E+00    2.000000E+01    2.313044E+00    5.978219E-01    3.450000E+00    1.635627E+00    3.869119E+00    8.974315E-04    2.153893E-10    3.000000E+00   -2.644011E-01   -2.847388E-01
   6.600000E-10    2.000000E+00    3.500000E+01    8.700000E+01    1.301030E+00   -1.000000E+00   -1.000000E+01    3.361728E+00   -1.000000E+01   -1.000000E+01   -1.000000E+01   -1.000000E+01    7.000000E+00    7.639900E+00    1.910000E+00    4.000000E+00    2.800000E+01    2.585791E+00    7.439657E-01    3.450000E+00    1.395451E+00    3.475686E+00    1.018135E-03    9.551391E-11    3.000000E+00   -5.003129E-01   -1.516195E-01
   4.300000E-10    4.000000E+00    1.500000E+02    1.000000E-02    1.397940E+00   -1.000000E+00   -1.000000E+01    3.361539E+00   -1.000000E+01   -1.000000E+01   -1.000000E+01   -1.000000E+01    9.900000E+00    6.026000E+00    1.280000E+00    7.000000E+00    9.400000E+01    3.321587E+00    6.121878E-01    4.990000E+00   -3.176091E+00    5.425765E+00    8.974315E-04    9.632502E-11    1.900000E+01    1.041393E+00    4.765190E-01
   6.600000E-10    2.000000E+00    2.712000E+01    7.600000E+01    6.989700E-01   -2.111259E+00    5.502284E-01    1.311966E+00    1.798858E+00    1.075912E+00    2.361822E+00    1.715753E+00    8.210000E+00    7.639900E+00    1.910000E+00    4.000000E+00    2.800000E+01    2.585791E+00    7.840861E-01    3.450000E+00    1.447524E+00    3.297841E+00    1.535544E-03    2.588402E-11    4.000000E+00   -3.279021E-01    1.475533E-02
   2.100000E-09    1.000000E+00    1.242000E+01    9.400000E+00    6.989700E-01   -2.111259E+00    5.502284E-01    1.311966E+00    1.798858E+00    1.075912E+00    2.361822E+00    1.715753E+00    6.710000E+00    3.893900E+00    7.900000E-01    6.000000E+00    5.500000E+01    2.332971E+00    2.250894E+00    4.360000E+00    8.790063E-01    1.036464E+00    1.535544E-03    2.588402E-11    2.400000E+01   -5.686362E-01   -4.562916E-01
   7.900000E-10    2.000000E+00    4.420000E+01    7.500000E+01    1.397940E+00   -8.538720E-01   -1.000000E+01    3.507856E+00   -1.000000E+01   -1.000000E+01   -1.000000E+01   -1.000000E+01    6.465000E+00    5.694900E+00    9.500000E-01    5.000000E+00    3.800000E+01    2.491348E+00    8.435911E-01    3.850000E+00    1.229639E+00    2.953264E+00    8.974315E-04    1.139733E-10    2.000000E+00   -1.169066E-01   -7.590843E-02
   1.200000E-09    5.000000E+00    8.379000E+01    8.440000E+01    1.397940E+00   -1.000000E+00   -1.000000E+01    3.361539E+00   -1.000000E+01   -1.000000E+01   -1.000000E+01   -1.000000E+01    5.330000E+00    6.265700E+00    1.360000E+00    7.000000E+00    9.300000E+01    3.387005E+00    1.742078E+00    4.990000E+00    1.003150E+00    1.944232E+00    8.974315E-04    9.632502E-11    3.000000E+00   -1.847712E+00   -1.602517E+00
   2.100000E-09    1.000000E+00    3.400000E+00    8.200000E+00    1.477121E+00   -2.301030E+00   -1.000000E+01    2.060698E+00   -1.000000E+01   -1.000000E+01   -1.000000E+01   -1.000000E+01    8.250000E+00    3.893900E+00    7.900000E-01    6.000000E+00    5.500000E+01    2.332971E+00    2.065269E+00    4.360000E+00    1.382335E+00    1.129621E+00    7.959477E-04    2.171878E-11    1.800000E+01   -1.782516E+00   -7.064327E-01
   6.240000E-10    3.000000E+00    1.115000E+02    2.120000E+01    1.397940E+00   -1.000000E+00   -1.000000E+01    3.361728E+00   -1.000000E+01   -1.000000E+01   -1.000000E+01   -1.000000E+01    3.220000E+00    5.973800E+00    1.300000E+00    7.000000E+00    9.500000E+01    3.307169E+00    8.845280E-01    4.990000E+00    2.790609E-01    3.738908E+00    8.974315E-04    9.632502E-11    6.000000E+00   -6.398920E-02    4.656860E-02
   6.200000E-10    3.000000E+00    2.300000E+00    9.300000E+00    1.342423E+00   -1.000000E+00   -1.000000E+01    3.361728E+00   -1.000000E+01    3.550228E+00   -1.000000E+01   -1.000000E+01    7.630000E+00    5.670400E+00    1.200000E+00    6.000000E+00    6.300000E+01    2.815295E+00    7.557500E-01    4.360000E+00    1.606755E+00    3.725167E+00    9.673286E-04    9.583918E-11    1.300000E+01    1.357935E+00    2.642256E-01
   2.100000E-09    1.000000E+00    2.712000E+01    7.600000E+01    6.989700E-01   -2.111259E+00    5.502284E-01    1.311966E+00    1.798858E+00    1.075912E+00    2.361822E+00    1.715753E+00    8.530000E+00    3.893900E+00    7.900000E-01    6.000000E+00    5.500000E+01    2.332971E+00    2.250894E+00    4.360000E+00    1.447524E+00    1.036464E+00    1.535544E-03    2.588402E-11    4.000000E+00    2.552725E-01    2.529921E-01
   6.240000E-10    3.000000E+00    1.115000E+02    2.120000E+01    1.397940E+00   -1.000000E+00   -1.000000E+01    3.361728E+00   -1.000000E+01   -1.000000E+01   -1.000000E+01   -1.000000E+01    3.050000E+00    5.973800E+00    1.300000E+00    7.000000E+00    9.500000E+01    3.307169E+00    8.845280E-01    4.990000E+00    2.790609E-01    3.738908E+00    8.974315E-04    9.632502E-11    6.000000E+00   -1.180450E-01   -2.071885E-01
   2.100000E-09    1.000000E+00    1.100000E-01    4.000000E+00    1.380211E+00   -2.000000E+00   -1.000000E+01    2.361728E+00   -1.000000E+01   -1.000000E+01   -1.000000E+01   -1.000000E+01    2.770000E+00    3.893900E+00    7.900000E-01    6.000000E+00    5.500000E+01    2.332971E+00    2.106970E+00    4.360000E+00    2.560667E+00    1.107264E+00    9.199272E-04    3.040952E-11    1.300000E+01   -1.917215E+00   -2.152390E+00
   6.200000E-10    3.000000E+00    3.500000E+01    6.300000E+01    1.397940E+00   -1.000000E+00   -1.000000E+01    3.361728E+00   -1.000000E+01   -1.000000E+01   -1.000000E+01   -1.000000E+01    5.170000E+00    5.670400E+00    1.200000E+00    6.000000E+00    6.300000E+01    2.815295E+00    7.481457E-01    4.360000E+00    1.255273E+00    3.763030E+00    8.974315E-04    9.632502E-11    3.000000E+00    5.888317E-01   -2.477755E-01
   6.080000E-10    3.000000E+00    3.750000E+01    1.442000E+02    1.361728E+00   -1.668529E-01    2.589950E+00    4.029384E+00    2.567026E+00    4.260071E+00   -1.000000E+01    3.485721E+00    6.900000E+00    5.643700E+00    1.170000E+00    6.000000E+00    6.200000E+01    2.808659E+00    7.368791E-01    4.360000E+00    1.584934E+00    3.811560E+00    9.432169E-04    2.505250E-10    2.500000E+01   -3.788237E-01   -3.795921E-01
   6.200000E-10    3.000000E+00    1.088000E+01    5.200000E+00    1.397940E+00   -1.301030E+00   -1.000000E+01    3.060698E+00   -1.000000E+01   -1.000000E+01   -1.000000E+01   -1.000000E+01    6.778000E+00    5.670400E+00    1.200000E+00    6.000000E+00    6.300000E+01    2.815295E+00    7.481457E-01    4.360000E+00    6.793745E-01    3.763030E+00    8.974315E-04    6.811207E-11    7.000000E+00   -2.335872E-01    5.206617E-01
   6.240000E-10    3.000000E+00    8.250000E+00    4.000000E+00    1.342423E+00   -2.308919E+00    5.910646E-01    1.812913E+00    1.255273E+00    1.845098E+00    2.089905E+00    9.822712E-01    5.810000E+00    5.973800E+00    1.300000E+00    7.000000E+00    9.500000E+01    3.307169E+00    8.935187E-01    4.990000E+00    6.856061E-01    3.701287E+00    9.673286E-04    2.123654E-11    1.300000E+01   -3.036436E-01    5.520953E-01
   7.200000E-10    6.000000E+00    2.712000E+01    7.600000E+01    6.989700E-01   -2.111259E+00    5.502284E-01    1.311966E+00    1.798858E+00    1.075912E+00    2.361822E+00    1.715753E+00    8.530000E+00    6.193900E+00    1.380000E+00    7.000000E+00    9.200000E+01    3.367543E+00    1.113966E+00    4.990000E+00    1.447524E+00    3.023021E+00    1.535544E-03    2.588402E-11    4.000000E+00   -1.431798E+00   -1.349357E+00
   1.550000E-09    4.000000E+00    2.500000E+02    1.000000E-02    1.301030E+00   -1.000000E+00   -1.000000E+01    3.361728E+00   -1.000000E+01    3.550228E+00   -1.000000E+01   -1.000000E+01    7.400000E+00    9.752400E+00    2.550000E+00    4.000000E+00    3.400000E+01    2.921497E+00    1.974025E+00    3.450000E+00   -3.397940E+00    1.479970E+00    1.018135E-03    9.551391E-11    1.900000E+01    6.998377E-01    4.898796E-01
   7.200000E-10    6.000000E+00    2.290000E-01    1.000000E-02    1.397940E+00   -1.000000E+00   -1.000000E+01    3.361728E+00   -1.000000E+01   -1.000000E+01   -1.000000E+01   -1.000000E+01    7.130000E+00    6.193900E+00    1.380000E+00    7.000000E+00    9.200000E+01    3.367543E+00    1.039241E+00    4.990000E+00   -3.598355E-01    3.240387E+00    8.974315E-04    9.632502E-11    1.900000E+01   -1.157391E+00   -1.243022E+00
   7.200000E-10    6.000000E+00    3.000000E-01    4.000000E+00    1.397940E+00   -2.450997E+00    7.242759E-01    1.653213E+00    1.060698E+00    8.061800E-01    2.155336E+00    1.257679E+00    1.000000E+01    6.193900E+00    1.380000E+00    7.000000E+00    9.200000E+01    3.367543E+00    1.039241E+00    4.990000E+00    2.124939E+00    3.240387E+00    8.974315E-04    1.812344E-11    1.300000E+01   -1.346787E+00   -1.355441E+00
   7.200000E-10    6.000000E+00    5.360000E+01    6.230000E+01    1.397940E+00   -1.000000E+00   -1.000000E+01    3.361728E+00   -1.000000E+01    3.550228E+00   -1.000000E+01   -1.000000E+01    4.956000E+00    6.193900E+00    1.380000E+00    7.000000E+00    9.200000E+01    3.367543E+00    1.039241E+00    4.990000E+00    1.065323E+00    3.240387E+00    8.974315E-04    9.632502E-11    2.000000E+00   -3.705904E-01   -4.170812E-01
   6.600000E-10    2.000000E+00    1.018000E+01    3.700000E+01    6.989700E-01   -2.111259E+00    5.502284E-01    1.311966E+00    1.798858E+00    1.075912E+00    2.361822E+00    1.715753E+00    7.440000E+00    7.639900E+00    1.910000E+00    4.000000E+00    2.800000E+01    2.585791E+00    7.840861E-01    3.450000E+00    1.560454E+00    3.297841E+00    1.535544E-03    2.588402E-11    9.000000E+00    8.061800E-01    7.900707E-01
   2.100000E-09    1.000000E+00    1.018000E+01    3.700000E+01    6.989700E-01   -2.111259E+00    5.502284E-01    1.311966E+00    1.798858E+00    1.075912E+00    2.361822E+00    1.715753E+00    7.060000E+00    3.893900E+00    7.900000E-01    6.000000E+00    5.500000E+01    2.332971E+00    2.250894E+00    4.360000E+00    1.560454E+00    1.036464E+00    1.535544E-03    2.588402E-11    9.000000E+00   -4.814861E-01   -4.286939E-01
   7.200000E-10    6.000000E+00    3.000000E-02    1.000000E-02    1.301030E+00   -1.000000E+00   -1.000000E+01    3.361728E+00   -1.000000E+01   -1.000000E+01   -1.000000E+01   -1.000000E+01    6.634000E+00    6.193900E+00    1.380000E+00    7.000000E+00    9.200000E+01    3.367543E+00    1.056966E+00    4.990000E+00    5.228787E-01    3.186046E+00    1.018135E-03    9.551391E-11    2.200000E+01   -1.281498E+00   -1.308656E+00
   7.200000E-10    6.000000E+00    9.700000E+01    1.210000E+02    1.301030E+00   -1.000000E+00   -1.000000E+01    3.361728E+00   -1.000000E+01   -1.000000E+01   -1.000000E+01   -1.000000E+01    6.418000E+00    6.193900E+00    1.380000E+00    7.000000E+00    9.200000E+01    3.367543E+00    1.056966E+00    4.990000E+00    1.096014E+00    3.186046E+00    1.018135E-03    9.551391E-11    3.000000E+00    1.387390E+00    1.185857E+00
   6.240000E-10    3.000000E+00    1.115000E+02    2.120000E+01    1.397940E+00   -1.000000E+00   -1.000000E+01    3.361728E+00   -1.000000E+01   -1.000000E+01   -1.000000E+01   -1.000000E+01    2.820000E+00    5.973800E+00    1.300000E+00    7.000000E+00    9.500000E+01    3.307169E+00    8.845280E-01    4.990000E+00    2.790609E-01    3.738908E+00    8.974315E-04    9.632502E-11    6.000000E+00   -1.958606E-01   -2.618378E-01
   2.100000E-09    1.000000E+00    1.360000E+00    3.500000E+00    1.397940E+00   -7.423214E-01    1.428135E+00    3.298853E+00    2.880814E+00    3.681241E+00    1.764176E+00    2.691081E+00    7.200000E+00    3.893900E+00    7.900000E-01    6.000000E+00    5.500000E+01    2.332971E+00    2.099903E+00    4.360000E+00    1.410529E+00    1.110990E+00    8.974315E-04    1.295921E-10    1.300000E+01   -2.638272E+00   -1.205277E+00
   6.600000E-10    2.000000E+00    3.890000E+01    8.900000E+01    1.301030E+00   -2.000000E+00   -1.000000E+01    2.361728E+00   -1.000000E+01    2.550228E+00   -1.000000E+01   -1.000000E+01    4.993000E+00    7.639900E+00    1.910000E+00    4.000000E+00    2.800000E+01    2.585791E+00    7.439657E-01    3.450000E+00    1.359440E+00    3.475686E+00    1.018135E-03    3.020415E-11    3.000000E+00   -2.024568E+00   -1.415175E+00
   7.200000E-10    6.000000E+00    3.300000E+01    1.020000E+02    1.342423E+00   -1.000000E+00   -1.000000E+01    3.361728E+00   -1.000000E+01   -1.000000E+01   -1.000000E+01   -1.000000E+01    7.500000E+00    6.193900E+00    1.380000E+00    7.000000E+00    9.200000E+01    3.367543E+00    1.049804E+00    4.990000E+00    1.490086E+00    3.207782E+00    9.673286E-04    9.583918E-11    3.000000E+00   -3.381873E-01    1.561217E-02
   6.200000E-10    3.000000E+00    3.200000E+01    7.600000E+01    1.380211E+00   -7.033348E-01   -1.000000E+01   -1.000000E+01    3.423246E+00   -1.000000E+01   -1.000000E+01   -1.000000E+01    7.190000E+00    5.670400E+00    1.200000E+00    6.000000E+00    6.300000E+01    2.815295E+00    7.506634E-01    4.360000E+00    1.375664E+00    3.750409E+00    9.199272E-04    1.353138E-10    3.000000E+00    7.759743E-01    9.495585E-01
   7.200000E-10    6.000000E+00    2.500000E+01    7.200000E+01    1.397940E+00   -2.000000E+00   -1.000000E+01   -1.000000E+01   -1.000000E+01    2.549616E+00   -1.000000E+01   -1.000000E+01    3.902000E+00    6.193900E+00    1.380000E+00    7.000000E+00    9.200000E+01    3.367543E+00    1.039241E+00    4.990000E+00    1.459392E+00    3.240387E+00    8.974315E-04    3.046064E-11    2.000000E+00   -5.305673E-02   -3.548205E-01
   1.200000E-09    5.000000E+00    1.242000E+01    9.400000E+00    6.989700E-01   -2.088310E+00    5.502284E-01    1.311966E+00    1.838471E+00    1.075912E+00    2.378761E+00    1.715753E+00    7.080000E+00    6.265700E+00    1.360000E+00    7.000000E+00    9.300000E+01    3.387005E+00    1.867340E+00    4.990000E+00    8.790063E-01    1.813813E+00    1.535544E-03    2.657702E-11    2.400000E+01   -3.467875E-01   -3.921882E-01
   2.100000E-09    1.000000E+00    2.400000E+01    8.750000E+01    1.903090E+00   -3.010300E-01   -1.000000E+01    4.060698E+00   -1.000000E+01   -1.000000E+01   -1.000000E+01   -1.000000E+01    6.340000E+00    3.893900E+00    7.900000E-01    6.000000E+00    5.500000E+01    2.332971E+00    1.772862E+00    4.360000E+00    1.561797E+00    1.315935E+00    3.546804E-04    2.344155E-10    3.000000E+00   -1.218963E+00   -1.543049E+00
   4.300000E-10    4.000000E+00    6.000000E+01    1.900000E+01    1.342423E+00   -2.156145E+00    8.976271E-01    1.929930E+00    1.178977E+00   -1.000000E+01   -1.000000E+01   -1.000000E+01    8.490000E+00    6.026000E+00    1.280000E+00    7.000000E+00    9.400000E+01    3.321587E+00    6.184103E-01    4.990000E+00    5.006024E-01    5.371170E+00    9.673286E-04    2.532041E-11    5.000000E+00    1.799341E+00    1.358255E+00
   6.600000E-10    2.000000E+00    3.950000E+01    9.000000E+01    1.297761E+00   -2.000000E+00   -1.000000E+01    2.361539E+00   -1.000000E+01   -1.000000E+01   -1.000000E+01   -1.000000E+01    4.680000E+00    7.639900E+00    1.910000E+00    4.000000E+00    2.800000E+01    2.585791E+00    7.443466E-01    3.450000E+00    1.357645E+00    3.473908E+00    1.022090E-03    3.019642E-11    3.000000E+00   -1.420647E-01   -8.995622E-02
   2.100000E-09    1.000000E+00    3.400000E+00    8.200000E+00    1.477121E+00   -2.301030E+00   -1.000000E+01    2.060698E+00   -1.000000E+01   -1.000000E+01   -1.000000E+01   -1.000000E+01    8.250000E+00    3.893900E+00    7.900000E-01    6.000000E+00    5.500000E+01    2.332971E+00    2.065269E+00    4.360000E+00    1.382335E+00    1.129621E+00    7.959477E-04    2.171878E-11    1.800000E+01    6.334685E-01   -7.064327E-01
   7.200000E-10    6.000000E+00    2.290000E-01    1.000000E-02    1.397940E+00   -1.000000E+00   -1.000000E+01    3.361728E+00   -1.000000E+01   -1.000000E+01   -1.000000E+01   -1.000000E+01    2.700000E+00    6.193900E+00    1.380000E+00    7.000000E+00    9.200000E+01    3.367543E+00    1.039241E+00    4.990000E+00   -3.598355E-01    3.240387E+00    8.974315E-04    9.632502E-11    1.900000E+01   -2.903090E+00   -2.586647E+00
   8.500000E-10    2.000000E+00    1.100000E-01    4.000000E+00    1.380211E+00   -2.000000E+00   -1.000000E+01    2.361728E+00   -1.000000E+01   -1.000000E+01   -1.000000E+01   -1.000000E+01    7.800000E+00    5.211700E+00    8.900000E-01    6.000000E+00    5.600000E+01    2.699024E+00    9.866323E-01    4.360000E+00    2.560667E+00    2.735593E+00    9.199272E-04    3.040952E-11    1.300000E+01   -2.017729E+00   -2.032842E+00
   7.200000E-10    6.000000E+00    2.500000E+01    7.200000E+01    1.397940E+00   -1.000000E+00    3.596498E+00   -1.000000E+01   -1.000000E+01    3.549616E+00   -1.000000E+01   -1.000000E+01    3.000000E+00    6.193900E+00    1.380000E+00    7.000000E+00    9.200000E+01    3.367543E+00    1.039241E+00    4.990000E+00    1.459392E+00    3.240387E+00    8.974315E-04    9.632502E-11    2.000000E+00   -1.328827E+00   -1.143608E+00
   1.550000E-09    4.000000E+00    6.000000E+01    1.900000E+01    1.322219E+00   -9.956786E-01    1.503791E+00    3.076706E+00    2.409108E+00    3.162400E+00    2.200446E+00    3.175667E+00    7.500000E+00    9.752400E+00    2.550000E+00    4.000000E+00    3.400000E+01    2.921497E+00    1.967314E+00    3.450000E+00    5.006024E-01    1.485018E+00    9.922914E-04    9.615388E-11    5.000000E+00   -1.473661E+00   -1.617054E+00
   6.600000E-10    2.000000E+00    4.900000E-01    1.400000E+00    1.397940E+00   -2.000000E+00   -1.000000E+01    2.361728E+00   -1.000000E+01   -1.000000E+01   -1.000000E+01   -1.000000E+01    6.985000E+00    7.639900E+00    1.910000E+00    4.000000E+00    2.800000E+01    2.585791E+00    7.314893E-01    3.450000E+00    1.455932E+00    3.534968E+00    8.974315E-04    3.046064E-11    2.000000E+01   -2.580609E-01   -1.548187E-01
   2.100000E-09    5.000000E+00    3.750000E+01    1.442000E+02    1.397940E+00   -3.663540E+00   -1.399027E+00    7.846173E-01   -1.698970E+00    1.583625E-01   -1.000000E+01    1.335389E-01    1.030000E+01    6.758900E+00    1.600000E+00    5.000000E+00    4.100000E+01    2.714122E+00    2.442976E+00    3.850000E+00    1.584934E+00    1.110990E+00    8.974315E-04    4.487133E-12    2.500000E+01   -1.756962E+00   -1.012553E+00
   6.600000E-10    2.000000E+00    2.400000E+01    8.750000E+01    1.602060E+00   -3.010300E-01   -1.000000E+01    4.060698E+00   -1.000000E+01   -1.000000E+01   -1.000000E+01   -1.000000E+01    2.940000E+00    7.639900E+00    1.910000E+00    4.000000E+00    2.800000E+01    2.585791E+00    6.964507E-01    3.450000E+00    1.561797E+00    3.712813E+00    6.388855E-04    2.207409E-10    3.000000E+00   -1.508638E+00   -1.844576E+00
   4.300000E-10    5.000000E+00    7.090000E+01    6.500000E+00    1.301030E+00   -1.000000E+00   -1.000000E+01    3.361728E+00   -1.000000E+01   -1.000000E+01   -1.000000E+01   -1.000000E+01    8.600000E+00    6.026000E+00    1.280000E+00    7.000000E+00    9.400000E+01    3.321587E+00    6.226294E-01    4.990000E+00   -3.773288E-02    5.334774E+00    1.018135E-03    9.551391E-11    2.100000E+01   -5.361070E-01    3.383561E-02
   6.600000E-10    2.000000E+00    2.712000E+01    7.600000E+01    6.989700E-01   -2.088310E+00    5.502284E-01    1.311966E+00    1.838471E+00    1.075912E+00    2.378761E+00    1.715753E+00    7.680000E+00    7.639900E+00    1.910000E+00    4.000000E+00    2.800000E+01    2.585791E+00    7.840861E-01    3.450000E+00    1.447524E+00    3.297841E+00    1.535544E-03    2.657702E-11    4.000000E+00   -1.040959E+00   -8.956979E-01
   7.200000E-10    6.000000E+00    5.660000E+01    8.000000E+01    1.397940E+00   -3.000000E+00   -1.000000E+01    1.361728E+00   -1.000000E+01   -1.000000E+01   -1.000000E+01   -1.000000E+01    6.800000E+00    6.193900E+00    1.380000E+00    7.000000E+00    9.200000E+01    3.367543E+00    1.039241E+00    4.990000E+00    1.150274E+00    3.240387E+00    8.974315E-04    9.632502E-12    3.000000E+00    1.033424E+00    6.884196E-01
   6.600000E-10    2.000000E+00    3.950000E+01    9.000000E+01    1.297761E+00   -2.000000E+00    2.592177E+00   -1.000000E+01   -1.000000E+01   -1.000000E+01   -1.000000E+01   -1.000000E+01    5.390000E+00    7.639900E+00    1.910000E+00    4.000000E+00    2.800000E+01    2.585791E+00    7.443466E-01    3.450000E+00    1.357645E+00    3.473908E+00    1.022090E-03    3.019642E-11    3.000000E+00   -2.441251E-01   -3.344027E-01
   1.550000E-09    4.000000E+00    1.000000E+02    1.080000E+02    1.361728E+00   -2.000000E+00   -1.000000E+01    2.361539E+00   -1.000000E+01    2.549616E+00   -1.000000E+01   -1.000000E+01    4.100000E+00    9.752400E+00    2.550000E+00    4.000000E+00    3.400000E+01    2.921497E+00    1.954028E+00    3.450000E+00    1.033424E+00    1.495115E+00    9.432169E-04    3.035831E-11    3.000000E+00   -1.860121E+00   -1.787645E+00
   6.600000E-10    2.000000E+00    2.000000E+01    2.800000E+01    1.395326E+00   -1.000000E+00   -1.000000E+01    3.361539E+00   -1.000000E+01   -1.000000E+01   -1.000000E+01   -1.000000E+01    6.130000E+00    7.639900E+00    1.910000E+00    4.000000E+00    2.800000E+01    2.585791E+00    7.318575E-01    3.450000E+00    1.146128E+00    3.533189E+00    9.007563E-04    9.630078E-11    6.000000E+00   -2.517126E+00   -1.406532E+00
   6.600000E-10    2.000000E+00    1.961000E+01    7.600000E+01    6.989700E-01   -2.088310E+00    5.502284E-01    1.311966E+00    1.838471E+00    1.075912E+00    2.378761E+00    1.715753E+00    6.550000E+00    7.639900E+00    1.910000E+00    4.000000E+00    2.800000E+01    2.585791E+00    7.840861E-01    3.450000E+00    1.588336E+00    3.297841E+00    1.535544E-03    2.657702E-11    9.000000E+00   -4.685211E-01   -3.403628E-01
   7.200000E-10    6.000000E+00    3.000000E-02    1.000000E-02    1.301030E+00   -1.000000E+00   -1.000000E+01    3.361728E+00   -1.000000E+01   -1.000000E+01   -1.000000E+01   -1.000000E+01    7.380000E+00    6.193900E+00    1.380000E+00    7.000000E+00    9.200000E+01    3.367543E+00    1.056966E+00    4.990000E+00    5.228787E-01    3.186046E+00    1.018135E-03    9.551391E-11    2.200000E+01   -2.115771E+00   -1.671204E+00
   6.200000E-10    3.000000E+00    2.666900E+02    4.960000E+01    1.397940E+00   -1.301030E+00   -1.000000E+01    3.060698E+00   -1.000000E+01   -1.000000E+01   -1.000000E+01   -1.000000E+01    9.003000E+00    5.670400E+00    1.200000E+00    6.000000E+00    6.300000E+01    2.815295E+00    7.481457E-01    4.360000E+00    2.694749E-01    3.763030E+00    8.974315E-04    6.811207E-11    3.000000E+00    2.355284E-01    9.484049E-01
   6.600000E-10    2.000000E+00    2.000000E+01    2.800000E+01    1.395326E+00   -1.000000E+00   -1.000000E+01    3.361539E+00   -1.000000E+01   -1.000000E+01   -1.000000E+01   -1.000000E+01    6.190000E+00    7.639900E+00    1.910000E+00    4.000000E+00    2.800000E+01    2.585791E+00    7.318575E-01    3.450000E+00    1.146128E+00    3.533189E+00    9.007563E-04    9.630078E-11    6.000000E+00   -1.449772E+00   -1.398572E+00
   6.600000E-10    2.000000E+00    1.961000E+01    7.600000E+01    6.989700E-01   -2.111259E+00    5.502284E-01    1.311966E+00    1.798858E+00    1.075912E+00    2.361822E+00    1.715753E+00    6.300000E+00    7.639900E+00    1.910000E+00    4.000000E+00    2.800000E+01    2.585791E+00    7.840861E-01    3.450000E+00    1.588336E+00    3.297841E+00    1.535544E-03    2.588402E-11    9.000000E+00   -9.208188E-01   -6.017579E-01
   6.240000E-10    3.000000E+00    1.100000E-01    4.000000E+00    1.380211E+00   -2.000000E+00   -1.000000E+01    2.361728E+00   -1.000000E+01   -1.000000E+01   -1.000000E+01   -1.000000E+01    4.600000E+00    5.973800E+00    1.300000E+00    7.000000E+00    9.500000E+01    3.307169E+00    8.875047E-01    4.990000E+00    2.560667E+00    3.726368E+00    9.199272E-04    3.040952E-11    1.300000E+01   -1.221849E+00   -4.935452E-01
   7.200000E-10    6.000000E+00    9.700000E+01    1.210000E+02    1.301030E+00   -1.000000E+00   -1.000000E+01    3.361728E+00   -1.000000E+01   -1.000000E+01   -1.000000E+01   -1.000000E+01    4.228000E+00    6.193900E+00    1.380000E+00    7.000000E+00    9.200000E+01    3.367543E+00    1.056966E+00    4.990000E+00    1.096014E+00    3.186046E+00    1.018135E-03    9.551391E-11    3.000000E+00   -2.227639E-02   -1.048261E-01
   1.200000E-09    5.000000E+00    2.300000E-01    1.000000E-02    1.301030E+00   -2.000000E+00   -1.000000E+01    2.361728E+00   -1.000000E+01   -1.000000E+01   -1.000000E+01   -1.000000E+01    9.600000E+00    6.265700E+00    1.360000E+00    7.000000E+00    9.300000E+01    3.387005E+00    1.771792E+00    4.990000E+00   -3.617278E-01    1.911627E+00    1.018135E-03    3.020415E-11    1.900000E+01   -2.075204E+00   -1.838175E+00
   1.200000E-09    5.000000E+00    2.712000E+01    7.600000E+01    6.989700E-01   -2.088310E+00    5.502284E-01    1.311966E+00    1.838471E+00    1.075912E+00    2.378761E+00    1.715753E+00    8.140000E+00    6.265700E+00    1.360000E+00    7.000000E+00    9.300000E+01    3.387005E+00    1.867340E+00    4.990000E+00    1.447524E+00    1.813813E+00    1.535544E-03    2.657702E-11    4.000000E+00   -1.229148E+00   -1.195382E+00
   2.100000E-09    1.000000E+00    7.960000E+01    7.600000E+01    1.397940E+00   -1.000000E+00   -1.000000E+01    3.361728E+00   -1.000000E+01   -1.000000E+01   -1.000000E+01   -1.000000E+01    2.149000E+00    3.893900E+00    7.900000E-01    6.000000E+00    5.500000E+01    2.332971E+00    2.099903E+00    4.360000E+00    9.799005E-01    1.110990E+00    8.974315E-04    9.632502E-11    4.000000E+00   -9.507820E-01   -1.036035E+00
   2.100000E-09    1.000000E+00    3.400000E+00    8.200000E+00    1.477121E+00   -1.000000E+00    3.592177E+00   -1.000000E+01   -1.000000E+01   -1.000000E+01   -1.000000E+01   -1.000000E+01    6.200000E+00    3.893900E+00    7.900000E-01    6.000000E+00    5.500000E+01    2.332971E+00    2.065269E+00    4.360000E+00    1.382335E+00    1.129621E+00    7.959477E-04    9.712935E-11    1.800000E+01   -2.376751E+00   -1.925864E+00
   2.090000E-09    4.000000E+00    8.640000E+01    6.500000E+00    1.397940E+00   -1.000000E+00   -1.000000E+01    3.361728E+00   -1.000000E+01    3.550228E+00   -1.000000E+01   -1.000000E+01    2.900000E+00    6.306700E+00    1.300000E+00    7.000000E+00    9.000000E+01    3.398069E+00    3.044031E+00    4.990000E+00   -1.236004E-01    1.116306E+00    8.974315E-04    9.632502E-11    2.100000E+01   -1.041436E+00   -5.157670E-01
   6.200000E-10    3.000000E+00    2.300000E+00    9.300000E+00    1.342423E+00   -1.000000E+00   -1.000000E+01    3.361728E+00   -1.000000E+01    3.550228E+00   -1.000000E+01   -1.000000E+01    4.645000E+00    5.670400E+00    1.200000E+00    6.000000E+00    6.300000E+01    2.815295E+00    7.557500E-01    4.360000E+00    1.606755E+00    3.725167E+00    9.673286E-04    9.583918E-11    1.300000E+01    8.635983E-02   -2.372805E-01
   2.100000E-09    1.000000E+00    7.960000E+01    1.300000E+02    1.397940E+00   -3.230623E+00   -1.000000E+01   -1.000000E+01   -1.000000E+01    1.319106E+00   -1.000000E+01   -1.000000E+01    6.400000E+00    3.893900E+00    7.900000E-01    6.000000E+00    5.500000E+01    2.332971E+00    2.099903E+00    4.360000E+00    1.213030E+00    1.110990E+00    8.974315E-04    7.386314E-12    4.000000E+00   -5.951663E-01   -6.377632E-01
   7.200000E-10    6.000000E+00    1.120000E+02    2.100000E+01    1.397940E+00   -2.450997E+00    7.242759E-01    1.653213E+00    1.060698E+00    8.061800E-01    2.155336E+00    1.257679E+00    1.010000E+01    6.193900E+00    1.380000E+00    7.000000E+00    9.200000E+01    3.367543E+00    1.039241E+00    4.990000E+00    2.730013E-01    3.240387E+00    8.974315E-04    1.812344E-11    6.000000E+00   -9.788107E-01   -1.339937E+00
   6.200000E-10    3.000000E+00    2.300000E+00    9.300000E+00    1.342423E+00   -1.000000E+00   -1.000000E+01    3.361728E+00   -1.000000E+01    3.550228E+00   -1.000000E+01   -1.000000E+01    4.181000E+00    5.670400E+00    1.200000E+00    6.000000E+00    6.300000E+01    2.815295E+00    7.557500E-01    4.360000E+00    1.606755E+00    3.725167E+00    9.673286E-04    9.583918E-11    1.300000E+01    2.355284E-01   -2.313943E-01
   7.900000E-10    2.000000E+00    6.840000E+01    2.000000E-02    1.322219E+00   -1.000000E+00   -1.000000E+01    3.361728E+00   -1.000000E+01   -1.000000E+01   -1.000000E+01   -1.000000E+01    8.752000E+00    5.694900E+00    9.500000E-01    5.000000E+00    3.800000E+01    2.491348E+00    8.550627E-01    3.850000E+00   -2.534026E+00    2.913643E+00    9.922914E-04    9.567668E-11    1.900000E+01   -9.665762E-01   -1.026000E+00
   7.900000E-10    2.000000E+00    3.100000E-01    1.000000E-02    1.322219E+00   -1.000000E+00   -1.000000E+01    3.361728E+00   -1.000000E+01   -1.000000E+01   -1.000000E+01   -1.000000E+01    5.580000E+00    5.694900E+00    9.500000E-01    5.000000E+00    3.800000E+01    2.491348E+00    8.550627E-01    3.850000E+00   -4.913618E-01    2.913643E+00    9.922914E-04    9.567668E-11    2.200000E+01   -2.832683E+00   -2.573236E+00
   7.200000E-10    6.000000E+00    7.960000E+01    7.600000E+01    1.322219E+00   -1.747147E+00    2.264818E+00    1.893207E+00    2.436163E+00    3.424227E-01   -1.000000E+01    8.965262E-01    8.100000E+00    6.193900E+00    1.380000E+00    7.000000E+00    9.200000E+01    3.367543E+00    1.053373E+00    4.990000E+00    9.799005E-01    3.196914E+00    9.922914E-04    4.047927E-11    4.000000E+00   -6.989700E-01   -5.804341E-01
   7.200000E-10    6.000000E+00    5.360000E+01    6.230000E+01    1.397940E+00   -1.000000E+00   -1.000000E+01    3.361728E+00   -1.000000E+01    3.550228E+00   -1.000000E+01   -1.000000E+01    5.000000E+00    6.193900E+00    1.380000E+00    7.000000E+00    9.200000E+01    3.367543E+00    1.039241E+00    4.990000E+00    1.065323E+00    3.240387E+00    8.974315E-04    9.632502E-11    2.000000E+00   -6.098022E-02   -4.189921E-01
   7.900000E-10    2.000000E+00    1.242000E+01    9.400000E+00    6.989700E-01   -2.088310E+00    5.502284E-01    1.311966E+00    1.838471E+00    1.075912E+00    2.378761E+00    1.715753E+00    6.920000E+00    5.694900E+00    9.500000E-01    5.000000E+00    3.800000E+01    2.491348E+00    9.042484E-01    3.850000E+00    8.790063E-01    2.755158E+00    1.535544E-03    2.657702E-11    2.400000E+01   -4.436975E-01   -4.928561E-01
   2.100000E-09    1.000000E+00    2.800000E+01    1.030000E+02    1.342423E+00   -1.000000E+00   -1.000000E+01    3.361539E+00   -1.000000E+01    3.549616E+00   -1.000000E+01   -1.000000E+01    1.129000E+01    3.893900E+00    7.900000E-01    6.000000E+00    5.500000E+01    2.332971E+00    2.121247E+00    4.360000E+00    1.565679E+00    1.099811E+00    9.673286E-04    9.583918E-11    3.000000E+00   -7.375489E-01   -6.734591E-01
   2.100000E-09    1.000000E+00    7.960000E+01    1.300000E+02    1.397940E+00   -3.230623E+00   -1.000000E+01   -1.000000E+01   -1.000000E+01    1.319106E+00   -1.000000E+01   -1.000000E+01    6.400000E+00    3.893900E+00    7.900000E-01    6.000000E+00    5.500000E+01    2.332971E+00    2.099903E+00    4.360000E+00    1.213030E+00    1.110990E+00    8.974315E-04    7.386314E-12    4.000000E+00   -7.235382E-01   -6.377632E-01
   7.200000E-10    6.000000E+00    5.660000E+01    8.000000E+01    1.397940E+00   -3.000000E+00   -1.000000E+01    1.361728E+00   -1.000000E+01   -1.000000E+01   -1.000000E+01   -1.000000E+01    6.800000E+00    6.193900E+00    1.380000E+00    7.000000E+00    9.200000E+01    3.367543E+00    1.039241E+00    4.990000E+00    1.150274E+00    3.240387E+00    8.974315E-04    9.632502E-12    3.000000E+00    6.190933E-01    6.884196E-01
   1.200000E-09    5.000000E+00    1.120000E+02    2.100000E+01    1.397940E+00   -1.000000E+00   -1.000000E+01    3.361539E+00   -1.000000E+01    3.549616E+00   -1.000000E+01   -1.000000E+01    7.200000E+00    6.265700E+00    1.360000E+00    7.000000E+00    9.300000E+01    3.387005E+00    1.742078E+00    4.990000E+00    2.730013E-01    1.944232E+00    8.974315E-04    9.632502E-11    6.000000E+00   -6.298389E-02   -2.668394E-01
   6.240000E-10    3.000000E+00    7.960000E+01    7.600000E+01    1.397940E+00   -2.000000E+00   -1.000000E+01    2.361728E+00   -1.000000E+01    2.550228E+00   -1.000000E+01   -1.000000E+01    4.444000E+00    5.973800E+00    1.300000E+00    7.000000E+00    9.500000E+01    3.307169E+00    8.845280E-01    4.990000E+00    9.799005E-01    3.738908E+00    8.974315E-04    3.046064E-11    4.000000E+00    1.852480E+00    1.676941E+00
   7.150000E-10    2.000000E+00    6.680000E+01    2.310000E+01    1.397940E+00   -1.000000E+00   -1.000000E+01    3.361728E+00   -1.000000E+01   -1.000000E+01   -1.000000E+01   -1.000000E+01    4.570000E+00    9.394200E+00    1.650000E+00    4.000000E+00    3.000000E+01    2.867342E+00    8.787314E-01    3.450000E+00    5.388355E-01    3.263047E+00    8.974315E-04    9.632502E-11    6.000000E+00   -1.182435E+00   -1.123668E+00
   6.600000E-10    2.000000E+00    2.950000E+01    7.600000E+01    1.447158E+00   -2.000000E+00   -1.000000E+01    2.361728E+00   -1.000000E+01   -1.000000E+01   -1.000000E+01   -1.000000E+01    6.500000E+00    7.639900E+00    1.910000E+00    4.000000E+00    2.800000E+01    2.585791E+00    7.242024E-01    3.450000E+00    1.410992E+00    3.570537E+00    8.344425E-04    3.061351E-11    2.000000E+00    1.702617E-01    2.040890E-01
   1.200000E-09    5.000000E+00    2.800000E+01    1.210000E+02    1.361728E+00   -1.000000E+00   -1.000000E+01    3.361539E+00   -1.000000E+01    3.549616E+00   -1.000000E+01   -1.000000E+01    6.990000E+00    6.265700E+00    1.360000E+00    7.000000E+00    9.300000E+01    3.387005E+00    1.753843E+00    4.990000E+00    1.635627E+00    1.931190E+00    9.432169E-04    9.600140E-11    3.000000E+00   -1.534617E+00   -1.361366E+00
   6.200000E-10    3.000000E+00    6.840000E+01    2.000000E-02    1.322219E+00   -1.000000E+00   -1.000000E+01    3.361728E+00   -1.000000E+01   -1.000000E+01   -1.000000E+01   -1.000000E+01    3.732000E+00    5.670400E+00    1.200000E+00    6.000000E+00    6.300000E+01    2.815295E+00    7.583193E-01    4.360000E+00   -2.534026E+00    3.712545E+00    9.922914E-04    9.567668E-11    1.900000E+01   -1.436519E+00   -1.905507E+00
   1.550000E-09    4.000000E+00    2.500000E+02    1.000000E-02    1.301030E+00   -1.000000E+00   -1.000000E+01    3.361728E+00   -1.000000E+01    3.550228E+00   -1.000000E+01   -1.000000E+01    8.500000E+00    9.752400E+00    2.550000E+00    4.000000E+00    3.400000E+01    2.921497E+00    1.974025E+00    3.450000E+00   -3.397940E+00    1.479970E+00    1.018135E-03    9.551391E-11    1.900000E+01    8.048207E-01    3.125838E-01
   9.450000E-10    2.000000E+00    6.680000E+01    2.310000E+01    1.397940E+00   -3.000000E+00   -1.000000E+01    1.361728E+00   -1.000000E+01   -1.000000E+01   -1.000000E+01   -1.000000E+01    7.140000E+00    7.416700E+00    2.330000E+00    6.000000E+00    8.200000E+01    3.219752E+00    1.304142E+00    4.360000E+00    5.388355E-01    2.468867E+00    8.974315E-04    9.632502E-12    6.000000E+00    6.106602E-01    1.071568E+00
   2.100000E-09    1.000000E+00    2.800000E-01    7.600000E-01    1.397940E+00   -2.548214E+00    1.033424E+00    1.777427E+00    1.257679E+00   -1.000000E+01   -1.000000E+01   -1.000000E+01    8.540000E+00    3.893900E+00    7.900000E-01    6.000000E+00    5.500000E+01    2.332971E+00    2.099903E+00    4.360000E+00    1.433656E+00    1.110990E+00    8.974315E-04    1.620438E-11    1.600000E+01   -1.322827E-02   -3.325401E-01
   2.090000E-09    4.000000E+00    8.640000E+01    6.500000E+00    1.397940E+00   -1.000000E+00   -1.000000E+01    3.361728E+00   -1.000000E+01    3.550228E+00   -1.000000E+01   -1.000000E+01    3.000000E+00    6.306700E+00    1.300000E+00    7.000000E+00    9.000000E+01    3.398069E+00    3.044031E+00    4.990000E+00   -1.236004E-01    1.116306E+00    8.974315E-04    9.632502E-11    2.100000E+01   -1.958606E-01   -8.774597E-01
   8.500000E-10    2.000000E+00    1.100000E-01    4.000000E+00    1.380211E+00   -1.000000E+00   -1.000000E+01    3.361728E+00   -1.000000E+01   -1.000000E+01   -1.000000E+01   -1.000000E+01    6.200000E+00    5.211700E+00    8.900000E-01    6.000000E+00    5.600000E+01    2.699024E+00    9.866323E-01    4.360000E+00    2.560667E+00    2.735593E+00    9.199272E-04    9.616334E-11    1.300000E+01   -2.494850E+00   -2.324227E+00
   2.100000E-09    1.000000E+00    9.900000E+01    9.200000E+01    1.397940E+00   -1.000000E+00   -1.000000E+01    3.361728E+00   -1.000000E+01   -1.000000E+01   -1.000000E+01   -1.000000E+01    8.000000E+00    3.893900E+00    7.900000E-01    6.000000E+00    5.500000E+01    2.332971E+00    2.099903E+00    4.360000E+00    9.681526E-01    1.110990E+00    8.974315E-04    9.632502E-11    3.000000E+00   -6.345120E-01   -5.500261E-01
   6.200000E-10    3.000000E+00    3.000000E+01    7.600000E+01    1.397940E+00   -3.000000E+00   -1.000000E+01    1.361728E+00   -1.000000E+01   -1.000000E+01   -1.000000E+01   -1.000000E+01    3.971000E+00    5.670400E+00    1.200000E+00    6.000000E+00    6.300000E+01    2.815295E+00    7.481457E-01    4.360000E+00    1.403692E+00    3.763030E+00    8.974315E-04    9.632502E-12    2.000000E+00    1.004321E+00    1.152444E+00
   7.200000E-10    6.000000E+00    1.018000E+01    3.700000E+01    6.989700E-01   -2.088310E+00    5.502284E-01    1.311966E+00    1.838471E+00    1.075912E+00    2.378761E+00    1.715753E+00    8.070000E+00    6.193900E+00    1.380000E+00    7.000000E+00    9.200000E+01    3.367543E+00    1.113966E+00    4.990000E+00    1.560454E+00    3.023021E+00    1.535544E-03    2.657702E-11    9.000000E+00    7.075702E-01    5.947423E-01
   7.200000E-10    6.000000E+00    5.660000E+01    8.000000E+01    1.397940E+00   -1.000000E+00   -1.000000E+01    3.361728E+00   -1.000000E+01   -1.000000E+01   -1.000000E+01   -1.000000E+01    4.052000E+00    6.193900E+00    1.380000E+00    7.000000E+00    9.200000E+01    3.367543E+00    1.039241E+00    4.990000E+00    1.150274E+00    3.240387E+00    8.974315E-04    9.632502E-11    3.000000E+00   -6.234230E-01   -3.540408E-01
   9.450000E-10    2.000000E+00    1.120000E+02    2.100000E+01    1.397940E+00   -1.000000E+00   -1.000000E+01    3.361539E+00   -1.000000E+01    3.549616E+00   -1.000000E+01   -1.000000E+01    5.020000E+00    7.416700E+00    2.330000E+00    6.000000E+00    8.200000E+01    3.219752E+00    1.304142E+00    4.360000E+00    2.730013E-01    2.468867E+00    8.974315E-04    9.632502E-11    6.000000E+00    6.434527E-01    4.305435E-02
   7.190000E-10    2.000000E+00    1.000000E+02    1.080000E+02    1.397940E+00   -1.000000E+00   -1.000000E+01    3.361539E+00   -1.000000E+01   -1.000000E+01   -1.000000E+01   -1.000000E+01    3.780000E+00    7.902400E+00    1.830000E+00    4.000000E+00    2.600000E+01    2.629839E+00    8.104545E-01    3.450000E+00    1.033424E+00    3.244894E+00    8.974315E-04    9.632502E-11    3.000000E+00    9.309490E-01    2.001123E-01
   6.600000E-10    2.000000E+00    2.950000E+01    7.600000E+01    1.447158E+00   -2.000000E+00   -1.000000E+01    2.361728E+00   -1.000000E+01   -1.000000E+01   -1.000000E+01   -1.000000E+01    6.500000E+00    7.639900E+00    1.910000E+00    4.000000E+00    2.800000E+01    2.585791E+00    7.242024E-01    3.450000E+00    1.410992E+00    3.570537E+00    8.344425E-04    3.061351E-11    2.000000E+00    3.010300E-01    2.040890E-01
   6.030000E-10    2.000000E+00    2.800000E+01    1.210000E+02    1.397940E+00   -3.010300E-01   -1.000000E+01    4.060509E+00   -1.000000E+01   -1.000000E+01   -1.000000E+01   -1.000000E+01    9.500000E+00    6.113200E+00    1.000000E+00    4.000000E+00    2.000000E+01    2.313044E+00    5.978219E-01    3.450000E+00    1.635627E+00    3.869119E+00    8.974315E-04    2.153893E-10    3.000000E+00   -1.104025E+00   -1.550604E+00
   6.200000E-10    3.000000E+00    3.000000E-01    4.000000E+00    1.397940E+00   -1.000000E+00   -1.000000E+01    3.361539E+00   -1.000000E+01    3.549616E+00   -1.000000E+01   -1.000000E+01    3.170000E+00    5.670400E+00    1.200000E+00    6.000000E+00    6.300000E+01    2.815295E+00    7.481457E-01    4.360000E+00    2.124939E+00    3.763030E+00    8.974315E-04    9.632502E-11    1.300000E+01   -2.932822E-01   -6.318448E-01
   6.600000E-10    2.000000E+00    2.000000E+01    8.600000E+01    1.301030E+00   -1.000000E+00   -1.000000E+01    3.361728E+00   -1.000000E+01   -1.000000E+01   -1.000000E+01   -1.000000E+01    7.190000E+00    7.639900E+00    1.910000E+00    4.000000E+00    2.800000E+01    2.585791E+00    7.439657E-01    3.450000E+00    1.633468E+00    3.475686E+00    1.018135E-03    9.551391E-11    3.000000E+00   -7.520267E-01    2.793290E-01
   6.600000E-10    2.000000E+00    2.800000E+01    1.210000E+02    1.395326E+00   -3.000000E+00   -1.000000E+01    1.361539E+00   -1.000000E+01   -1.000000E+01   -1.000000E+01   -1.000000E+01    2.000000E+00    7.639900E+00    1.910000E+00    4.000000E+00    2.800000E+01    2.585791E+00    7.318575E-01    3.450000E+00    1.635627E+00    3.533189E+00    9.007563E-04    9.630078E-12    3.000000E+00   -5.016894E-01   -5.916072E-01
   7.200000E-10    6.000000E+00    3.100000E+01    7.400000E+01    1.397940E+00   -1.000000E+00   -1.000000E+01    3.361728E+00   -1.000000E+01   -1.000000E+01   -1.000000E+01   -1.000000E+01    4.770000E+00    6.193900E+00    1.380000E+00    7.000000E+00    9.200000E+01    3.367543E+00    1.039241E+00    4.990000E+00    1.377870E+00    3.240387E+00    8.974315E-04    9.632502E-11    3.000000E+00   -6.363880E-01   -7.041442E-01
   6.600000E-10    2.000000E+00    6.680000E+01    2.310000E+01    1.397940E+00   -3.000000E+00   -1.000000E+01    1.361728E+00   -1.000000E+01   -1.000000E+01   -1.000000E+01   -1.000000E+01    6.395000E+00    7.639900E+00    1.910000E+00    4.000000E+00    2.800000E+01    2.585791E+00    7.314893E-01    3.450000E+00    5.388355E-01    3.534968E+00    8.974315E-04    9.632502E-12    6.000000E+00    1.214844E+00    6.661335E-01
   6.200000E-10    3.000000E+00    3.000000E-01    4.000000E+00    1.397940E+00   -1.000000E+00   -1.000000E+01    3.361539E+00   -1.000000E+01    3.549616E+00   -1.000000E+01   -1.000000E+01    3.980000E+00    5.670400E+00    1.200000E+00    6.000000E+00    6.300000E+01    2.815295E+00    7.481457E-01    4.360000E+00    2.124939E+00    3.763030E+00    8.974315E-04    9.632502E-11    1.300000E+01   -5.272436E-01   -3.824823E-01
   7.200000E-10    6.000000E+00    5.660000E+01    8.000000E+01    1.397940E+00   -3.000000E+00   -1.000000E+01    1.361728E+00   -1.000000E+01   -1.000000E+01   -1.000000E+01   -1.000000E+01    6.800000E+00    6.193900E+00    1.380000E+00    7.000000E+00    9.200000E+01    3.367543E+00    1.039241E+00    4.990000E+00    1.150274E+00    3.240387E+00    8.974315E-04    9.632502E-12    3.000000E+00    1.583199E+00    6.884196E-01
   6.200000E-10    3.000000E+00    1.120000E+02    2.100000E+01    1.397940E+00   -1.045757E+00   -1.000000E+01    3.315781E+00   -1.000000E+01    3.503859E+00   -1.000000E+01   -1.000000E+01    5.910000E+00    5.670400E+00    1.200000E+00    6.000000E+00    6.300000E+01    2.815295E+00    7.481457E-01    4.360000E+00    2.730013E-01    3.763030E+00    8.974315E-04    9.138193E-11    6.000000E+00    1.311754E+00    1.115869E+00
   6.600000E-10    2.000000E+00    3.950000E+01    9.000000E+01    1.297761E+00   -2.000000E+00    2.592177E+00   -1.000000E+01   -1.000000E+01   -1.000000E+01   -1.000000E+01   -1.000000E+01    3.960000E+00    7.639900E+00    1.910000E+00    4.000000E+00    2.800000E+01    2.585791E+00    7.443466E-01    3.450000E+00    1.357645E+00    3.473908E+00    1.022090E-03    3.019642E-11    3.000000E+00   -6.595559E-01   -8.694377E-01
   2.100000E-09    1.000000E+00    1.476000E+01    1.299000E+01    1.397940E+00   -2.175274E-01    2.633468E+00    4.136721E+00   -1.000000E+01    4.322219E+00    2.961421E+00   -1.000000E+01    8.960000E+00    3.893900E+00    7.900000E-01    6.000000E+00    5.500000E+01    2.332971E+00    2.099903E+00    4.360000E+00    9.445228E-01    1.110990E+00    8.974315E-04    2.371239E-10    1.700000E+01   -1.397940E+00   -1.429481E+00
   6.240000E-10    3.000000E+00    7.960000E+01    7.600000E+01    1.397940E+00   -2.000000E+00   -1.000000E+01    2.361728E+00   -1.000000E+01   -1.000000E+01   -1.000000E+01   -1.000000E+01    6.505000E+00    5.973800E+00    1.300000E+00    7.000000E+00    9.500000E+01    3.307169E+00    8.845280E-01    4.990000E+00    9.799005E-01    3.738908E+00    8.974315E-04    3.046064E-11    4.000000E+00    1.158362E+00    1.498168E+00
   2.100000E-09    1.000000E+00    5.100000E+00    3.970000E+00    1.397940E+00   -2.192465E+00   -1.000000E+01    2.469822E+00   -1.000000E+01   -1.000000E+01    2.469822E+00   -1.000000E+01    8.800000E+00    3.893900E+00    7.900000E-01    6.000000E+00    5.500000E+01    2.332971E+00    2.099903E+00    4.360000E+00    8.912203E-01    1.110990E+00    8.974315E-04    2.440656E-11    1.000000E+00    3.180633E-01    2.300083E-01
   7.190000E-10    2.000000E+00    1.000000E+02    1.080000E+02    1.397940E+00   -1.000000E+00   -1.000000E+01    3.361539E+00   -1.000000E+01   -1.000000E+01   -1.000000E+01   -1.000000E+01    6.200000E+00    7.902400E+00    1.830000E+00    4.000000E+00    2.600000E+01    2.629839E+00    8.104545E-01    3.450000E+00    1.033424E+00    3.244894E+00    8.974315E-04    9.632502E-11    3.000000E+00   -5.331324E-01    1.003896E-01
   1.200000E-09    5.000000E+00    6.840000E+01    1.000000E-02    1.397940E+00   -1.000000E+00   -1.000000E+01    3.361539E+00   -1.000000E+01   -1.000000E+01   -1.000000E+01   -1.000000E+01    4.990000E+00    6.265700E+00    1.360000E+00    7.000000E+00    9.300000E+01    3.387005E+00    1.742078E+00    4.990000E+00   -2.835056E+00    1.944232E+00    8.974315E-04    9.632502E-11    1.900000E+01   -1.764472E+00   -1.762051E+00
   7.200000E-10    6.000000E+00    5.660000E+01    8.000000E+01    1.397940E+00   -3.000000E+00   -1.000000E+01    1.361728E+00   -1.000000E+01   -1.000000E+01   -1.000000E+01   -1.000000E+01    9.840000E+00    6.193900E+00    1.380000E+00    7.000000E+00    9.200000E+01    3.367543E+00    1.039241E+00    4.990000E+00    1.150274E+00    3.240387E+00    8.974315E-04    9.632502E-12    3.000000E+00   -1.687703E-01   -1.782985E-01
   8.500000E-10    2.000000E+00    1.100000E-01    4.000000E+00    1.380211E+00   -1.000000E+00   -1.000000E+01    3.361728E+00   -1.000000E+01   -1.000000E+01   -1.000000E+01   -1.000000E+01    9.600000E+00    5.211700E+00    8.900000E-01    6.000000E+00    5.600000E+01    2.699024E+00    9.866323E-01    4.360000E+00    2.560667E+00    2.735593E+00    9.199272E-04    9.616334E-11    1.300000E+01   -2.275724E+00   -2.021964E+00
   1.550000E-09    4.000000E+00    1.760000E+01    6.500000E+00    1.397940E+00   -2.000000E+00   -1.000000E+01    2.361728E+00   -1.000000E+01    2.550228E+00   -1.000000E+01   -1.000000E+01    7.130000E+00    9.752400E+00    2.550000E+00    4.000000E+00    3.400000E+01    2.921497E+00    1.940920E+00    3.450000E+00    5.674007E-01    1.505212E+00    8.974315E-04    3.046064E-11    2.100000E+01    2.041200E-01   -2.395852E-01
   1.200000E-09    5.000000E+00    1.120000E+02    2.100000E+01    1.397940E+00   -1.000000E+00   -1.000000E+01    3.361539E+00   -1.000000E+01    3.549616E+00   -1.000000E+01   -1.000000E+01    7.200000E+00    6.265700E+00    1.360000E+00    7.000000E+00    9.300000E+01    3.387005E+00    1.742078E+00    4.990000E+00    2.730013E-01    1.944232E+00    8.974315E-04    9.632502E-11    6.000000E+00    9.691001E-02   -2.668394E-01
   9.450000E-10    2.000000E+00    3.700000E+01    7.500000E+01    1.397940E+00   -1.602060E+00   -1.000000E+01    2.759479E+00   -1.000000E+01    2.947556E+00   -1.000000E+01   -1.000000E+01    4.490000E+00    7.416700E+00    2.330000E+00    6.000000E+00    8.200000E+01    3.219752E+00    1.304142E+00    4.360000E+00    1.306860E+00    2.468867E+00    8.974315E-04    4.816251E-11    2.000000E+00    3.729120E-01    4.101180E-01
   1.200000E-09    5.000000E+00    6.840000E+01    1.000000E-02    1.397940E+00   -1.000000E+00   -1.000000E+01    3.361539E+00   -1.000000E+01   -1.000000E+01   -1.000000E+01   -1.000000E+01    6.500000E+00    6.265700E+00    1.360000E+00    7.000000E+00    9.300000E+01    3.387005E+00    1.742078E+00    4.990000E+00   -2.835056E+00    1.944232E+00    8.974315E-04    9.632502E-11    1.900000E+01   -3.840499E-01   -7.865625E-01
   7.900000E-10    2.000000E+00    1.242000E+01    9.400000E+00    6.989700E-01   -2.111259E+00    5.502284E-01    1.311966E+00    1.798858E+00    1.075912E+00    2.361822E+00    1.715753E+00    7.080000E+00    5.694900E+00    9.500000E-01    5.000000E+00    3.800000E+01    2.491348E+00    9.042484E-01    3.850000E+00    8.790063E-01    2.755158E+00    1.535544E-03    2.588402E-11    2.400000E+01   -2.924298E-01   -2.085523E-01
   9.230000E-10    4.000000E+00    3.750000E+01    1.442000E+02    1.397940E+00   -3.663540E+00   -1.399027E+00    7.846173E-01   -1.698970E+00    1.583625E-01   -1.000000E+01    1.335389E-01    1.030000E+01    1.126030E+01    2.550000E+00    2.000000E+00    6.000000E+00    1.810750E+00    7.163593E-01    1.990000E+00    1.584934E+00    2.527713E+00    8.974315E-04    4.487133E-12    2.500000E+01   -1.344862E+00   -1.331952E+00
   2.100000E-09    1.000000E+00    5.100000E+00    3.110000E+00    1.397940E+00   -2.563837E+00   -1.000000E+01    1.998259E+00    4.698220E-01   -1.000000E+01   -1.000000E+01   -1.000000E+01    8.800000E+00    3.893900E+00    7.900000E-01    6.000000E+00    5.500000E+01    2.332971E+00    2.099903E+00    4.360000E+00    7.851902E-01    1.110990E+00    8.974315E-04    1.591550E-11    1.000000E+00    1.760913E-01    2.979509E-01
   2.100000E-09    1.000000E+00    9.900000E+01    8.800000E+01    1.397940E+00   -1.000000E+00   -1.000000E+01    3.361728E+00   -1.000000E+01   -1.000000E+01   -1.000000E+01   -1.000000E+01    8.000000E+00    3.893900E+00    7.900000E-01    6.000000E+00    5.500000E+01    2.332971E+00    2.099903E+00    4.360000E+00    9.488475E-01    1.110990E+00    8.974315E-04    9.632502E-11    3.000000E+00   -1.071092E+00   -1.236036E+00
   7.200000E-10    6.000000E+00    5.660000E+01    8.000000E+01    1.397940E+00   -3.000000E+00   -1.000000E+01    1.361728E+00   -1.000000E+01   -1.000000E+01   -1.000000E+01   -1.000000E+01    6.800000E+00    6.193900E+00    1.380000E+00    7.000000E+00    9.200000E+01    3.367543E+00    1.039241E+00    4.990000E+00    1.150274E+00    3.240387E+00    8.974315E-04    9.632502E-12    3.000000E+00    7.664128E-01    6.884196E-01
   7.200000E-10    6.000000E+00    5.660000E+01    8.000000E+01    1.397940E+00   -1.000000E+00   -1.000000E+01    3.361728E+00   -1.000000E+01   -1.000000E+01   -1.000000E+01   -1.000000E+01    7.117000E+00    6.193900E+00    1.380000E+00    7.000000E+00    9.200000E+01    3.367543E+00    1.039241E+00    4.990000E+00    1.150274E+00    3.240387E+00    8.974315E-04    9.632502E-11    3.000000E+00   -3.151705E-02    4.370367E-01
   7.200000E-10    6.000000E+00    1.360000E+00    3.500000E+00    1.397940E+00   -7.423214E-01    1.428135E+00    3.298853E+00    2.880814E+00    3.681241E+00    1.764176E+00    2.691081E+00    7.200000E+00    6.193900E+00    1.380000E+00    7.000000E+00    9.200000E+01    3.367543E+00    1.039241E+00    4.990000E+00    1.410529E+00    3.240387E+00    8.974315E-04    1.295921E-10    1.300000E+01    7.918125E-02    1.321826E-01
   1.200000E-09    5.000000E+00    9.100000E-01    1.200000E+00    1.397940E+00   -7.423214E-01    1.428135E+00    3.298853E+00    2.880814E+00    3.681241E+00    1.764176E+00    2.691081E+00    7.200000E+00    6.265700E+00    1.360000E+00    7.000000E+00    9.300000E+01    3.387005E+00    1.742078E+00    4.990000E+00    1.120140E+00    1.944232E+00    8.974315E-04    1.295921E-10    1.300000E+01   -1.853872E+00   -1.812723E+00
   4.300000E-10    4.000000E+00    6.000000E+01    1.900000E+01    1.845098E+00   -2.156145E+00    8.976271E-01    1.929930E+00    1.178977E+00   -1.000000E+01   -1.000000E+01   -1.000000E+01    8.500000E+00    6.026000E+00    1.280000E+00    7.000000E+00    9.400000E+01    3.321587E+00    5.319068E-01    4.990000E+00    5.006024E-01    6.244679E+00    3.938978E-04    2.730181E-11    5.000000E+00    2.000000E+00    5.154803E-01
   7.200000E-10    6.000000E+00    5.660000E+01    8.000000E+01    1.397940E+00   -1.000000E+00   -1.000000E+01    3.361728E+00   -1.000000E+01   -1.000000E+01   -1.000000E+01   -1.000000E+01    6.610000E+00    6.193900E+00    1.380000E+00    7.000000E+00    9.200000E+01    3.367543E+00    1.039241E+00    4.990000E+00    1.150274E+00    3.240387E+00    8.974315E-04    9.632502E-11    3.000000E+00    6.674530E-01    3.456012E-01
   2.100000E-09    5.000000E+00    3.750000E+01    1.442000E+02    1.397940E+00   -3.663540E+00   -1.399027E+00    7.846173E-01   -1.698970E+00    1.583625E-01   -1.000000E+01    1.335389E-01    1.040000E+01    6.758900E+00    1.600000E+00    5.000000E+00    4.100000E+01    2.714122E+00    2.442976E+00    3.850000E+00    1.584934E+00    1.110990E+00    8.974315E-04    4.487133E-12    2.500000E+01   -1.352617E+00   -1.060352E+00
   6.200000E-10    3.000000E+00    6.840000E+01    2.000000E-02    1.322219E+00   -1.000000E+00   -1.000000E+01    3.361728E+00   -1.000000E+01   -1.000000E+01   -1.000000E+01   -1.000000E+01    6.788000E+00    5.670400E+00    1.200000E+00    6.000000E+00    6.300000E+01    2.815295E+00    7.583193E-01    4.360000E+00   -2.534026E+00    3.712545E+00    9.922914E-04    9.567668E-11    1.900000E+01    2.552725E-01   -9.424037E-01
   9.450000E-10    2.000000E+00    3.700000E+01    7.500000E+01    1.397940E+00   -1.000000E+00   -1.000000E+01    3.361539E+00   -1.000000E+01    3.549616E+00   -1.000000E+01   -1.000000E+01    3.010000E+00    7.416700E+00    2.330000E+00    6.000000E+00    8.200000E+01    3.219752E+00    1.304142E+00    4.360000E+00    1.306860E+00    2.468867E+00    8.974315E-04    9.632502E-11    2.000000E+00   -1.137272E+00   -1.464294E+00
   1.990000E-09    2.000000E+00    2.400000E+01    1.442000E+02    1.397940E+00   -2.000000E+00   -1.000000E+01    2.361728E+00   -1.000000E+01    2.550228E+00   -1.000000E+01   -1.000000E+01    7.900000E+00    8.336900E+00    2.200000E+00    5.000000E+00    4.600000E+01    3.014349E+00    2.571090E+00    3.850000E+00    1.778754E+00    1.172401E+00    8.974315E-04    3.046064E-11    2.500000E+01   -7.212464E-01    2.415089E-01
   6.600000E-10    2.000000E+00    3.500000E+01    8.700000E+01    1.301030E+00   -1.000000E+00   -1.000000E+01    3.361728E+00   -1.000000E+01   -1.000000E+01   -1.000000E+01   -1.000000E+01    5.900000E+00    7.639900E+00    1.910000E+00    4.000000E+00    2.800000E+01    2.585791E+00    7.439657E-01    3.450000E+00    1.395451E+00    3.475686E+00    1.018135E-03    9.551391E-11    3.000000E+00   -5.406075E-01   -7.246629E-01
   6.600000E-10    2.000000E+00    1.916000E+01    7.600000E+01    6.989700E-01   -2.111259E+00    5.502284E-01    1.311966E+00    1.798858E+00    1.075912E+00    2.361822E+00    1.715753E+00    7.730000E+00    7.639900E+00    1.910000E+00    4.000000E+00    2.800000E+01    2.585791E+00    7.840861E-01    3.450000E+00    1.598418E+00    3.297841E+00    1.535544E-03    2.588402E-11    9.000000E+00    1.079181E+00    6.098788E-01
   6.600000E-10    2.000000E+00    4.900000E-01    1.400000E+00    1.397940E+00   -3.010300E-01   -1.000000E+01    4.060698E+00   -1.000000E+01   -1.000000E+01   -1.000000E+01   -1.000000E+01    5.659000E+00    7.639900E+00    1.910000E+00    4.000000E+00    2.800000E+01    2.585791E+00    7.314893E-01    3.450000E+00    1.455932E+00    3.534968E+00    8.974315E-04    2.153893E-10    2.000000E+01   -2.292430E+00   -1.622220E+00
   1.200000E-09    5.000000E+00    8.379000E+01    8.440000E+01    1.397940E+00   -2.000000E+00   -1.000000E+01    2.361539E+00   -1.000000E+01   -1.000000E+01   -1.000000E+01   -1.000000E+01    6.500000E+00    6.265700E+00    1.360000E+00    7.000000E+00    9.300000E+01    3.387005E+00    1.742078E+00    4.990000E+00    1.003150E+00    1.944232E+00    8.974315E-04    3.046064E-11    3.000000E+00   -1.087778E+00   -1.041218E+00
   6.200000E-10    3.000000E+00    3.000000E+01    5.300000E+01    1.361728E+00   -1.000000E+00   -1.000000E+01    3.361539E+00   -1.000000E+01   -1.000000E+01   -1.000000E+01   -1.000000E+01    6.300000E+00    5.670400E+00    1.200000E+00    6.000000E+00    6.300000E+01    2.815295E+00    7.531981E-01    4.360000E+00    1.247155E+00    3.737788E+00    9.432169E-04    9.600140E-11    2.000000E+00    1.657056E+00    1.478085E+00
   6.200000E-10    3.000000E+00    1.140000E+01    4.750000E+01    1.397940E+00   -1.301030E+00   -1.000000E+01    3.060698E+00   -1.000000E+01   -1.000000E+01   -1.000000E+01   -1.000000E+01    7.994000E+00    5.670400E+00    1.200000E+00    6.000000E+00    6.300000E+01    2.815295E+00    7.481457E-01    4.360000E+00    1.619789E+00    3.763030E+00    8.974315E-04    6.811207E-11    2.000000E+00    4.014005E-01    1.811793E-01
   8.890000E-10    2.000000E+00    9.900000E+01    4.540000E+01    1.397940E+00   -1.000000E+00   -1.000000E+01    3.361728E+00   -1.000000E+01    3.550228E+00   -1.000000E+01   -1.000000E+01    1.100000E+01    5.278400E+00    9.000000E-01    7.000000E+00    8.800000E+01    3.108725E+00    1.184553E+00    4.990000E+00    6.614207E-01    2.624386E+00    8.974315E-04    9.632502E-11    3.000000E+00    2.253093E-01    1.485832E-01
   2.100000E-09    1.000000E+00    3.400000E+00    8.200000E+00    1.477121E+00   -1.000000E+00   -1.000000E+01    3.361728E+00   -1.000000E+01   -1.000000E+01   -1.000000E+01   -1.000000E+01    6.200000E+00    3.893900E+00    7.900000E-01    6.000000E+00    5.500000E+01    2.332971E+00    2.065269E+00    4.360000E+00    1.382335E+00    1.129621E+00    7.959477E-04    9.712935E-11    1.800000E+01    4.885507E-01   -2.810375E-01
   6.600000E-10    2.000000E+00    3.950000E+01    9.000000E+01    1.297761E+00   -2.000000E+00   -1.000000E+01    2.361539E+00   -1.000000E+01   -1.000000E+01   -1.000000E+01   -1.000000E+01    6.830000E+00    7.639900E+00    1.910000E+00    4.000000E+00    2.800000E+01    2.585791E+00    7.443466E-01    3.450000E+00    1.357645E+00    3.473908E+00    1.022090E-03    3.019642E-11    3.000000E+00    9.749720E-01    6.769154E-01
   6.200000E-10    3.000000E+00    3.500000E+01    6.300000E+01    1.397940E+00   -1.000000E+00   -1.000000E+01    3.361728E+00   -1.000000E+01   -1.000000E+01   -1.000000E+01   -1.000000E+01    5.299000E+00    5.670400E+00    1.200000E+00    6.000000E+00    6.300000E+01    2.815295E+00    7.481457E-01    4.360000E+00    1.255273E+00    3.763030E+00    8.974315E-04    9.632502E-11    3.000000E+00    5.307844E-02   -4.011601E-01
   6.240000E-10    3.000000E+00    2.300000E+00    9.300000E+00    1.342423E+00   -1.000000E+00   -1.000000E+01    3.361728E+00   -1.000000E+01    3.550228E+00   -1.000000E+01   -1.000000E+01    6.500000E+00    5.973800E+00    1.300000E+00    7.000000E+00    9.500000E+01    3.307169E+00    8.935187E-01    4.990000E+00    1.606755E+00    3.701287E+00    9.673286E-04    9.583918E-11    1.300000E+01   -7.495800E-01    2.182111E-01
   6.200000E-10    3.000000E+00    3.100000E-01    1.000000E-02    1.322219E+00   -1.000000E+00   -1.000000E+01    3.361728E+00   -1.000000E+01   -1.000000E+01   -1.000000E+01   -1.000000E+01    3.687000E+00    5.670400E+00    1.200000E+00    6.000000E+00    6.300000E+01    2.815295E+00    7.583193E-01    4.360000E+00   -4.913618E-01    3.712545E+00    9.922914E-04    9.567668E-11    2.200000E+01   -2.040005E+00   -1.766007E+00
   1.550000E-09    4.000000E+00    4.600000E+00    4.400000E+00    1.397940E+00   -2.000000E+00   -1.000000E+01    2.361728E+00   -1.000000E+01    2.550228E+00   -1.000000E+01   -1.000000E+01    7.120000E+00    9.752400E+00    2.550000E+00    4.000000E+00    3.400000E+01    2.921497E+00    1.940920E+00    3.450000E+00    9.806948E-01    1.505212E+00    8.974315E-04    3.046064E-11    8.000000E+00   -6.575773E-01   -7.418588E-01
   6.080000E-10    3.000000E+00    3.750000E+01    1.442000E+02    1.361728E+00   -1.705534E+00    9.169800E-01    2.716838E+00    5.145478E-01   -3.010300E-01   -1.000000E+01    2.588832E+00    7.000000E+00    5.643700E+00    1.170000E+00    6.000000E+00    6.200000E+01    2.808659E+00    7.368791E-01    4.360000E+00    1.584934E+00    3.811560E+00    9.432169E-04    4.260991E-11    2.500000E+01   -5.482136E-01   -3.673453E-01
   6.240000E-10    3.000000E+00    2.300000E+00    9.300000E+00    1.342423E+00   -1.000000E+00   -1.000000E+01    3.361728E+00   -1.000000E+01    3.550228E+00   -1.000000E+01   -1.000000E+01    6.073000E+00    5.973800E+00    1.300000E+00    7.000000E+00    9.500000E+01    3.307169E+00    8.935187E-01    4.990000E+00    1.606755E+00    3.701287E+00    9.673286E-04    9.583918E-11    1.300000E+01   -2.591760E+00    2.055827E-01
   6.600000E-10    2.000000E+00    4.900000E-01    1.400000E+00    1.397940E+00   -2.000000E+00   -1.000000E+01    2.361728E+00   -1.000000E+01   -1.000000E+01   -1.000000E+01   -1.000000E+01    5.315000E+00    7.639900E+00    1.910000E+00    4.000000E+00    2.800000E+01    2.585791E+00    7.314893E-01    3.450000E+00    1.455932E+00    3.534968E+00    8.974315E-04    3.046064E-11    2.000000E+01   -2.202040E+00   -2.354368E+00
   4.300000E-10    4.000000E+00    5.100000E+00    3.970000E+00    1.397940E+00   -2.192465E+00   -1.000000E+01    2.469822E+00   -1.000000E+01   -1.000000E+01    2.469822E+00   -1.000000E+01    8.800000E+00    6.026000E+00    1.280000E+00    7.000000E+00    9.400000E+01    3.321587E+00    6.121878E-01    4.990000E+00    8.912203E-01    5.425765E+00    8.974315E-04    2.440656E-11    1.000000E+00   -2.557070E-01   -8.386744E-01
   1.990000E-09    2.000000E+00    1.000000E+01    7.500000E+01    1.397940E+00   -1.000000E+00   -1.000000E+01    3.361728E+00   -1.000000E+01    3.550228E+00   -1.000000E+01   -1.000000E+01    1.100000E+01    8.336900E+00    2.200000E+00    5.000000E+00    4.600000E+01    3.014349E+00    2.571090E+00    3.850000E+00    1.875061E+00    1.172401E+00    8.974315E-04    9.632502E-11    2.000000E+00   -2.118316E-01   -3.125311E-01
   6.200000E-10    3.000000E+00    1.120000E+02    1.200000E+02    1.361728E+00   -1.000000E+00   -1.000000E+01    3.361539E+00   -1.000000E+01   -1.000000E+01   -1.000000E+01   -1.000000E+01    4.750000E+00    5.670400E+00    1.200000E+00    6.000000E+00    6.300000E+01    2.815295E+00    7.531981E-01    4.360000E+00    1.029963E+00    3.737788E+00    9.432169E-04    9.600140E-11    6.000000E+00    7.831887E-01    7.446527E-01
   6.600000E-10    2.000000E+00    6.550000E+00    4.000000E+00    1.397940E+00   -2.000000E+00   -1.000000E+01    2.361728E+00   -1.000000E+01   -1.000000E+01   -1.000000E+01   -1.000000E+01    6.508000E+00    7.639900E+00    1.910000E+00    4.000000E+00    2.800000E+01    2.585791E+00    7.314893E-01    3.450000E+00    7.858187E-01    3.534968E+00    8.974315E-04    3.046064E-11    2.000000E+01   -1.514279E+00   -6.971681E-01
   6.200000E-10    3.000000E+00    3.500000E+01    8.700000E+01    1.301030E+00   -7.033348E-01   -1.079054E-01    8.388491E-01    3.423246E+00   -1.000000E+01   -1.000000E+01   -1.000000E+01    4.700000E+00    5.670400E+00    1.200000E+00    6.000000E+00    6.300000E+01    2.815295E+00    7.609061E-01    4.360000E+00    1.395451E+00    3.699924E+00    1.018135E-03    1.344000E-10    3.000000E+00   -1.987163E+00   -1.284998E+00
   2.000000E-09    5.000000E+00    1.145800E+00    4.000000E+00    1.395326E+00   -3.801343E+00   -1.000000E+01   -1.000000E+01   -1.000000E+01   -1.000000E+01   -1.000000E+01   -1.000000E+01    4.100000E+00    1.045130E+01    2.660000E+00    5.000000E+00    5.300000E+01    3.375021E+00    2.894647E+00    3.850000E+00    1.542951E+00    1.165953E+00    9.007563E-04    3.827880E-12    1.300000E+01   -2.149354E+00   -2.069243E+00
   1.200000E-09    5.000000E+00    3.100000E+01    8.300000E+01    1.301030E+00   -2.000000E+00   -1.000000E+01    2.361539E+00   -1.000000E+01   -1.000000E+01   -1.000000E+01   -1.000000E+01    7.600000E+00    6.265700E+00    1.360000E+00    7.000000E+00    9.300000E+01    3.387005E+00    1.771792E+00    4.990000E+00    1.427716E+00    1.911627E+00    1.018135E-03    3.020415E-11    2.000000E+00   -4.317983E-01   -3.652481E-01
   7.200000E-10    6.000000E+00    2.500000E+01    7.200000E+01    1.397940E+00   -1.000000E+00    3.596498E+00   -1.000000E+01   -1.000000E+01    3.549616E+00   -1.000000E+01   -1.000000E+01    3.000000E+00    6.193900E+00    1.380000E+00    7.000000E+00    9.200000E+01    3.367543E+00    1.039241E+00    4.990000E+00    1.459392E+00    3.240387E+00    8.974315E-04    9.632502E-11    2.000000E+00   -1.623423E+00   -1.143608E+00
   6.200000E-10    3.000000E+00    3.000000E+01    5.300000E+01    1.361728E+00   -6.989700E-01   -1.000000E+01    3.662569E+00   -1.000000E+01   -1.000000E+01   -1.000000E+01   -1.000000E+01    4.990000E+00    5.670400E+00    1.200000E+00    6.000000E+00    6.300000E+01    2.815295E+00    7.531981E-01    4.360000E+00    1.247155E+00    3.737788E+00    9.432169E-04    1.357665E-10    2.000000E+00    7.554696E-02    9.198894E-01
   7.190000E-10    2.000000E+00    1.000000E+02    1.080000E+02    1.397940E+00   -1.000000E+00   -1.000000E+01    3.361539E+00   -1.000000E+01   -1.000000E+01   -1.000000E+01   -1.000000E+01    6.200000E+00    7.902400E+00    1.830000E+00    4.000000E+00    2.600000E+01    2.629839E+00    8.104545E-01    3.450000E+00    1.033424E+00    3.244894E+00    8.974315E-04    9.632502E-11    3.000000E+00   -4.034029E-01    1.003896E-01
   7.200000E-10    6.000000E+00    9.700000E+01    1.210000E+02    1.301030E+00   -1.000000E+00   -1.000000E+01    3.361728E+00   -1.000000E+01   -1.000000E+01   -1.000000E+01   -1.000000E+01    4.293000E+00    6.193900E+00    1.380000E+00    7.000000E+00    9.200000E+01    3.367543E+00    1.056966E+00    4.990000E+00    1.096014E+00    3.186046E+00    1.018135E-03    9.551391E-11    3.000000E+00    1.105897E-01   -7.829119E-02
   6.200000E-10    3.000000E+00    3.000000E+01    7.600000E+01    1.397940E+00   -2.000000E+00   -1.000000E+01    2.361728E+00   -1.000000E+01   -1.000000E+01   -1.000000E+01   -1.000000E+01    2.685000E+00    5.670400E+00    1.200000E+00    6.000000E+00    6.300000E+01    2.815295E+00    7.481457E-01    4.360000E+00    1.403692E+00    3.763030E+00    8.974315E-04    3.046064E-11    2.000000E+00    8.600172E-03    4.311355E-01
   2.100000E-09    1.000000E+00    9.900000E+01    8.300000E+01    1.397940E+00   -1.000000E+00   -1.000000E+01    3.361728E+00   -1.000000E+01   -1.000000E+01   -1.000000E+01   -1.000000E+01    8.000000E+00    3.893900E+00    7.900000E-01    6.000000E+00    5.500000E+01    2.332971E+00    2.099903E+00    4.360000E+00    9.234429E-01    1.110990E+00    8.974315E-04    9.632502E-11    3.000000E+00   -8.096683E-01   -1.072375E+00
   1.200000E-09    5.000000E+00    2.000000E+00    5.000000E+00    1.397940E+00   -7.423214E-01    1.428135E+00    3.298853E+00    2.880814E+00    3.681241E+00    1.764176E+00    2.691081E+00    7.200000E+00    6.265700E+00    1.360000E+00    7.000000E+00    9.300000E+01    3.387005E+00    1.742078E+00    4.990000E+00    1.397940E+00    1.944232E+00    8.974315E-04    1.295921E-10    1.300000E+01   -1.769551E+00   -1.833250E+00
   8.890000E-10    2.000000E+00    1.460000E+02    6.500000E+00    1.397940E+00   -2.000000E+00   -1.000000E+01    2.361539E+00   -1.000000E+01    2.549616E+00   -1.000000E+01   -1.000000E+01    9.000000E+00    5.278400E+00    9.000000E-01    7.000000E+00    8.800000E+01    3.108725E+00    1.184553E+00    4.990000E+00   -3.514395E-01    2.624386E+00    8.974315E-04    3.046064E-11    2.100000E+01    1.149219E+00    1.364702E+00
   2.090000E-09    4.000000E+00    3.000000E+01    7.600000E+01    1.397940E+00   -2.000000E+00   -1.000000E+01    2.361728E+00   -1.000000E+01    2.550228E+00   -1.000000E+01   -1.000000E+01    2.974000E+00    6.306700E+00    1.300000E+00    7.000000E+00    9.000000E+01    3.398069E+00    3.044031E+00    4.990000E+00    1.403692E+00    1.116306E+00    8.974315E-04    3.046064E-11    2.000000E+00    1.271048E-01    4.542656E-01
   1.200000E-09    5.000000E+00    6.840000E+01    1.000000E-02    1.397940E+00   -2.000000E+00   -1.000000E+01    2.361539E+00   -1.000000E+01   -1.000000E+01   -1.000000E+01   -1.000000E+01    5.490000E+00    6.265700E+00    1.360000E+00    7.000000E+00    9.300000E+01    3.387005E+00    1.742078E+00    4.990000E+00   -2.835056E+00    1.944232E+00    8.974315E-04    3.046064E-11    1.900000E+01   -2.079877E+00   -1.555071E+00
   7.200000E-10    6.000000E+00    3.000000E-02    1.000000E-02    1.301030E+00   -1.000000E+00   -1.000000E+01    3.361728E+00   -1.000000E+01   -1.000000E+01   -1.000000E+01   -1.000000E+01    4.864000E+00    6.193900E+00    1.380000E+00    7.000000E+00    9.200000E+01    3.367543E+00    1.056966E+00    4.990000E+00    5.228787E-01    3.186046E+00    1.018135E-03    9.551391E-11    2.200000E+01   -2.790485E+00   -2.230998E+00
   9.450000E-10    2.000000E+00    3.700000E+01    7.500000E+01    1.397940E+00   -1.602060E+00   -1.000000E+01    2.759479E+00   -1.000000E+01    2.947556E+00   -1.000000E+01   -1.000000E+01    8.500000E+00    7.416700E+00    2.330000E+00    6.000000E+00    8.200000E+01    3.219752E+00    1.304142E+00    4.360000E+00    1.306860E+00    2.468867E+00    8.974315E-04    4.816251E-11    2.000000E+00    1.029384E+00    1.249048E+00
   6.600000E-10    2.000000E+00    3.950000E+01    9.000000E+01    1.297761E+00   -2.000000E+00   -1.000000E+01    2.361539E+00   -1.000000E+01   -1.000000E+01   -1.000000E+01   -1.000000E+01    3.860000E+00    7.639900E+00    1.910000E+00    4.000000E+00    2.800000E+01    2.585791E+00    7.443466E-01    3.450000E+00    1.357645E+00    3.473908E+00    1.022090E-03    3.019642E-11    3.000000E+00   -4.341522E-01   -3.672660E-01
   2.100000E-09    1.000000E+00    3.700000E+01    7.500000E+01    1.301030E+00   -3.139662E+00    1.522444E+00    1.522444E+00   -1.000000E+01   -1.000000E+01   -1.000000E+01   -1.000000E+01    8.600000E+00    3.893900E+00    7.900000E-01    6.000000E+00    5.500000E+01    2.332971E+00    2.135720E+00    4.360000E+00    1.306860E+00    1.092359E+00    1.018135E-03    8.132716E-12    2.000000E+00    3.263359E-01    4.625055E-01
   2.100000E-09    1.000000E+00    7.960000E+01    7.600000E+01    1.397940E+00   -2.000000E+00   -1.000000E+01    2.361728E+00   -1.000000E+01   -1.000000E+01   -1.000000E+01   -1.000000E+01    5.684000E+00    3.893900E+00    7.900000E-01    6.000000E+00    5.500000E+01    2.332971E+00    2.099903E+00    4.360000E+00    9.799005E-01    1.110990E+00    8.974315E-04    3.046064E-11    4.000000E+00    5.888317E-01    4.543226E-01
   6.240000E-10    3.000000E+00    8.250000E+00    4.000000E+00    1.342423E+00   -2.308919E+00    5.910646E-01    1.812913E+00    1.255273E+00    1.845098E+00    2.089905E+00    9.822712E-01    6.850000E+00    5.973800E+00    1.300000E+00    7.000000E+00    9.500000E+01    3.307169E+00    8.935187E-01    4.990000E+00    6.856061E-01    3.701287E+00    9.673286E-04    2.123654E-11    1.300000E+01    2.671717E-01    9.296643E-01
   9.450000E-10    2.000000E+00    3.700000E+01    7.500000E+01    1.397940E+00   -1.000000E+00   -1.000000E+01    3.361539E+00   -1.000000E+01    3.549616E+00   -1.000000E+01   -1.000000E+01    4.820000E+00    7.416700E+00    2.330000E+00    6.000000E+00    8.200000E+01    3.219752E+00    1.304142E+00    4.360000E+00    1.306860E+00    2.468867E+00    8.974315E-04    9.632502E-11    2.000000E+00   -7.878124E-01   -9.692095E-01
   7.200000E-10    6.000000E+00    2.090000E+00    1.000000E-02    1.397940E+00   -1.000000E+00   -1.000000E+01    3.361728E+00   -1.000000E+01   -1.000000E+01   -1.000000E+01   -1.000000E+01    7.020000E+00    6.193900E+00    1.380000E+00    7.000000E+00    9.200000E+01    3.367543E+00    1.039241E+00    4.990000E+00   -1.320146E+00    3.240387E+00    8.974315E-04    9.632502E-11    1.900000E+01   -3.214816E-01   -3.734967E-01
   1.200000E-09    5.000000E+00    1.916000E+01    7.600000E+01    6.989700E-01   -2.111259E+00    5.502284E-01    1.311966E+00    1.798858E+00    1.075912E+00    2.361822E+00    1.715753E+00    6.920000E+00    6.265700E+00    1.360000E+00    7.000000E+00    9.300000E+01    3.387005E+00    1.867340E+00    4.990000E+00    1.598418E+00    1.813813E+00    1.535544E-03    2.588402E-11    9.000000E+00   -1.494850E+00   -1.558944E+00
   6.240000E-10    3.000000E+00    8.250000E+00    4.000000E+00    1.342423E+00   -2.308919E+00    5.910646E-01    1.812913E+00    1.255273E+00    1.845098E+00    2.089905E+00    9.822712E-01    7.110000E+00    5.973800E+00    1.300000E+00    7.000000E+00    9.500000E+01    3.307169E+00    8.935187E-01    4.990000E+00    6.856061E-01    3.701287E+00    9.673286E-04    2.123654E-11    1.300000E+01    1.324282E+00    7.752481E-01
   6.200000E-10    3.000000E+00    3.000000E+01    7.600000E+01    1.397940E+00   -2.000000E+00   -1.000000E+01    2.361728E+00   -1.000000E+01   -1.000000E+01   -1.000000E+01   -1.000000E+01    2.364000E+00    5.670400E+00    1.200000E+00    6.000000E+00    6.300000E+01    2.815295E+00    7.481457E-01    4.360000E+00    1.403692E+00    3.763030E+00    8.974315E-04    3.046064E-11    2.000000E+00    4.116197E-01    2.872412E-01
   2.100000E-09    1.000000E+00    1.476000E+01    1.299000E+01    1.342423E+00   -6.126102E-01    9.079485E-01    3.322219E+00    3.276462E+00    3.800029E+00    1.000000E+00    2.748188E+00    8.200000E+00    3.893900E+00    7.900000E-01    6.000000E+00    5.500000E+01    2.332971E+00    2.121247E+00    4.360000E+00    9.445228E-01    1.099811E+00    9.673286E-04    1.497056E-10    1.700000E+01   -9.913998E-01   -1.780933E+00
   6.030000E-10    2.000000E+00    2.800000E+01    1.210000E+02    1.397940E+00   -1.301030E+00   -1.000000E+01    3.060509E+00   -1.000000E+01   -1.000000E+01   -1.000000E+01   -1.000000E+01    5.970000E+00    6.113200E+00    1.000000E+00    4.000000E+00    2.000000E+01    2.313044E+00    5.978219E-01    3.450000E+00    1.635627E+00    3.869119E+00    8.974315E-04    6.811207E-11    3.000000E+00   -1.752235E-01   -2.415259E-01
   6.240000E-10    3.000000E+00    1.710000E+01    6.400000E-01    1.397940E+00   -1.000000E+00   -1.000000E+01    3.361539E+00   -1.000000E+01    3.549616E+00   -1.000000E+01   -1.000000E+01    5.600000E+00    5.973800E+00    1.300000E+00    7.000000E+00    9.500000E+01    3.307169E+00    8.845280E-01    4.990000E+00   -4.268161E-01    3.738908E+00    8.974315E-04    9.632502E-11    7.000000E+00    1.205739E-01    3.995390E-01
   2.100000E-09    1.000000E+00    5.100000E+00    3.970000E+00    1.342423E+00   -2.000000E+00   -1.000000E+01    2.361728E+00   -1.000000E+01    2.550228E+00   -1.000000E+01   -1.000000E+01    7.900000E+00    3.893900E+00    7.900000E-01    6.000000E+00    5.500000E+01    2.332971E+00    2.121247E+00    4.360000E+00    8.912203E-01    1.099811E+00    9.673286E-04    3.030701E-11    1.000000E+00   -5.228787E-01   -5.263332E-02
   7.200000E-10    6.000000E+00    9.900000E+01    4.540000E+01    1.397940E+00   -2.000000E+00   -1.000000E+01    2.361728E+00   -1.000000E+01   -1.000000E+01   -1.000000E+01   -1.000000E+01    4.190000E+00    6.193900E+00    1.380000E+00    7.000000E+00    9.200000E+01    3.367543E+00    1.039241E+00    4.990000E+00    6.614207E-01    3.240387E+00    8.974315E-04    3.046064E-11    3.000000E+00    2.922561E-01    3.138978E-01
   6.240000E-10    3.000000E+00    1.115000E+02    2.120000E+01    1.397940E+00   -1.000000E+00   -1.000000E+01    3.361728E+00   -1.000000E+01   -1.000000E+01   -1.000000E+01   -1.000000E+01    4.210000E+00    5.973800E+00    1.300000E+00    7.000000E+00    9.500000E+01    3.307169E+00    8.845280E-01    4.990000E+00    2.790609E-01    3.738908E+00    8.974315E-04    9.632502E-11    6.000000E+00    2.380461E-01    2.953646E-01
   2.100000E-09    1.000000E+00    3.400000E+00    8.200000E+00    1.477121E+00   -2.301030E+00   -1.000000E+01    2.060698E+00   -1.000000E+01   -1.000000E+01   -1.000000E+01   -1.000000E+01    8.250000E+00    3.893900E+00    7.900000E-01    6.000000E+00    5.500000E+01    2.332971E+00    2.065269E+00    4.360000E+00    1.382335E+00    1.129621E+00    7.959477E-04    2.171878E-11    1.800000E+01    1.348305E+00   -7.064327E-01
   6.600000E-10    2.000000E+00    3.500000E+01    8.700000E+01    1.301030E+00   -1.000000E+00   -1.000000E+01    3.361728E+00   -1.000000E+01   -1.000000E+01   -1.000000E+01   -1.000000E+01    6.390000E+00    7.639900E+00    1.910000E+00    4.000000E+00    2.800000E+01    2.585791E+00    7.439657E-01    3.450000E+00    1.395451E+00    3.475686E+00    1.018135E-03    9.551391E-11    3.000000E+00    8.990511E-02   -2.590334E-01
   7.200000E-10    6.000000E+00    5.660000E+01    8.000000E+01    1.397940E+00   -3.000000E+00   -1.000000E+01    1.361728E+00   -1.000000E+01   -1.000000E+01   -1.000000E+01   -1.000000E+01    5.070000E+00    6.193900E+00    1.380000E+00    7.000000E+00    9.200000E+01    3.367543E+00    1.039241E+00    4.990000E+00    1.150274E+00    3.240387E+00    8.974315E-04    9.632502E-12    3.000000E+00    6.304279E-01    7.436662E-01
   1.550000E-09    4.000000E+00    4.600000E+00    4.400000E+00    1.397940E+00   -2.000000E+00   -1.000000E+01    2.361728E+00   -1.000000E+01    2.550228E+00   -1.000000E+01   -1.000000E+01    9.250000E+00    9.752400E+00    2.550000E+00    4.000000E+00    3.400000E+01    2.921497E+00    1.940920E+00    3.450000E+00    9.806948E-01    1.505212E+00    8.974315E-04    3.046064E-11    8.000000E+00   -2.568636E+00   -1.827404E+00
   2.100000E-09    1.000000E+00    7.960000E+01    1.300000E+02    1.397940E+00   -3.230623E+00   -1.000000E+01   -1.000000E+01   -1.000000E+01    1.319106E+00   -1.000000E+01   -1.000000E+01    6.400000E+00    3.893900E+00    7.900000E-01    6.000000E+00    5.500000E+01    2.332971E+00    2.099903E+00    4.360000E+00    1.213030E+00    1.110990E+00    8.974315E-04    7.386314E-12    4.000000E+00   -2.949920E-01   -6.377632E-01
   7.200000E-10    6.000000E+00    9.900000E+01    4.540000E+01    1.397940E+00   -2.000000E+00   -1.000000E+01    2.361728E+00   -1.000000E+01   -1.000000E+01   -1.000000E+01   -1.000000E+01    6.040000E+00    6.193900E+00    1.380000E+00    7.000000E+00    9.200000E+01    3.367543E+00    1.039241E+00    4.990000E+00    6.614207E-01    3.240387E+00    8.974315E-04    3.046064E-11    3.000000E+00    1.041393E+00    1.179100E+00
   2.100000E-09    1.000000E+00    3.400000E+00    8.200000E+00    1.477121E+00   -2.000000E+00   -1.000000E+01    2.361728E+00   -1.000000E+01   -1.000000E+01   -1.000000E+01   -1.000000E+01    6.200000E+00    3.893900E+00    7.900000E-01    6.000000E+00    5.500000E+01    2.332971E+00    2.065269E+00    4.360000E+00    1.382335E+00    1.129621E+00    7.959477E-04    3.071500E-11    1.800000E+01   -1.999706E-01    4.117817E-01
   7.200000E-10    6.000000E+00    3.000000E-02    1.000000E-02    1.301030E+00   -1.000000E+00   -1.000000E+01    3.361728E+00   -1.000000E+01   -1.000000E+01   -1.000000E+01   -1.000000E+01    6.240000E+00    6.193900E+00    1.380000E+00    7.000000E+00    9.200000E+01    3.367543E+00    1.056966E+00    4.990000E+00    5.228787E-01    3.186046E+00    1.018135E-03    9.551391E-11    2.200000E+01   -1.413413E+00   -1.282183E+00
   4.300000E-10    4.000000E+00    6.000000E+01    1.900000E+01    1.342423E+00   -2.156145E+00    8.976271E-01    1.929930E+00    1.178977E+00   -1.000000E+01   -1.000000E+01   -1.000000E+01    8.560000E+00    6.026000E+00    1.280000E+00    7.000000E+00    9.400000E+01    3.321587E+00    6.184103E-01    4.990000E+00    5.006024E-01    5.371170E+00    9.673286E-04    2.532041E-11    5.000000E+00    1.176091E+00    1.266024E+00
   2.100000E-09    1.000000E+00    3.750000E+01    1.442000E+02    1.397940E+00   -2.038579E+00   -6.550155E-02    2.086360E+00    2.075547E+00   -1.301030E+00   -1.000000E+01    1.387390E+00    1.190000E+01    3.893900E+00    7.900000E-01    6.000000E+00    5.500000E+01    2.332971E+00    2.099903E+00    4.360000E+00    1.584934E+00    1.110990E+00    8.974315E-04    2.913732E-11    2.500000E+01   -1.129456E-01   -2.274982E-02
   7.200000E-10    6.000000E+00    5.660000E+01    8.000000E+01    1.397940E+00   -1.000000E+00   -1.000000E+01    3.361728E+00   -1.000000E+01   -1.000000E+01   -1.000000E+01   -1.000000E+01    3.180000E+00    6.193900E+00    1.380000E+00    7.000000E+00    9.200000E+01    3.367543E+00    1.039241E+00    4.990000E+00    1.150274E+00    3.240387E+00    8.974315E-04    9.632502E-11    3.000000E+00   -1.317855E+00   -9.947704E-01
   1.200000E-09    5.000000E+00    9.700000E+01    1.210000E+02    1.301030E+00   -1.000000E+00   -1.000000E+01    3.361728E+00   -1.000000E+01   -1.000000E+01   -1.000000E+01   -1.000000E+01    3.410000E+00    6.265700E+00    1.360000E+00    7.000000E+00    9.300000E+01    3.387005E+00    1.771792E+00    4.990000E+00    1.096014E+00    1.911627E+00    1.018135E-03    9.551391E-11    3.000000E+00   -2.224026E+00   -2.316560E+00
   6.200000E-10    3.000000E+00    1.140000E+01    4.750000E+01    1.397940E+00   -1.301030E+00   -1.000000E+01    3.060698E+00   -1.000000E+01   -1.000000E+01   -1.000000E+01   -1.000000E+01    7.594000E+00    5.670400E+00    1.200000E+00    6.000000E+00    6.300000E+01    2.815295E+00    7.481457E-01    4.360000E+00    1.619789E+00    3.763030E+00    8.974315E-04    6.811207E-11    2.000000E+00    3.979400E-01    1.879678E-01
   1.200000E-09    5.000000E+00    1.100000E+01    5.470000E+01    1.845098E+00   -1.866461E+00   -1.000000E+01    2.515874E+00    2.552725E-01    2.550228E+00    1.991226E+00   -1.000000E+01    9.400000E+00    6.265700E+00    1.360000E+00    7.000000E+00    9.300000E+01    3.387005E+00    1.513626E+00    4.990000E+00    1.696595E+00    2.237677E+00    3.938978E-04    3.810949E-11    2.000000E+00   -4.377071E-01   -3.908983E-01
   6.200000E-10    3.000000E+00    3.500000E+01    8.700000E+01    1.301030E+00   -7.033348E-01   -1.079054E-01    8.388491E-01    3.423246E+00   -1.000000E+01   -1.000000E+01   -1.000000E+01    4.500000E+00    5.670400E+00    1.200000E+00    6.000000E+00    6.300000E+01    2.815295E+00    7.609061E-01    4.360000E+00    1.395451E+00    3.699924E+00    1.018135E-03    1.344000E-10    3.000000E+00   -1.262807E+00   -1.307301E+00
   6.600000E-10    2.000000E+00    3.500000E+01    8.700000E+01    1.301030E+00   -2.004365E+00   -1.698970E+00   -7.351822E-01    2.120574E+00   -1.000000E+01   -1.000000E+01   -1.000000E+01    6.070000E+00    7.639900E+00    1.910000E+00    4.000000E+00    2.800000E+01    2.585791E+00    7.439657E-01    3.450000E+00    1.395451E+00    3.475686E+00    1.018135E-03    3.005275E-11    3.000000E+00   -4.306261E-01   -2.329742E-01
   6.200000E-10    3.000000E+00    1.961000E+01    7.600000E+01    6.989700E-01   -2.088310E+00    5.502284E-01    1.311966E+00    1.838471E+00    1.075912E+00    2.378761E+00    1.715753E+00    6.470000E+00    5.670400E+00    1.200000E+00    6.000000E+00    6.300000E+01    2.815295E+00    8.019401E-01    4.360000E+00    1.588336E+00    3.510605E+00    1.535544E-03    2.657702E-11    9.000000E+00    8.061800E-01    2.142334E-01
   1.200000E-09    5.000000E+00    2.800000E+01    1.080000E+02    1.301030E+00   -2.000000E+00   -1.000000E+01    2.361539E+00   -1.000000E+01   -1.000000E+01   -1.000000E+01   -1.000000E+01    6.300000E+00    6.265700E+00    1.360000E+00    7.000000E+00    9.300000E+01    3.387005E+00    1.771792E+00    4.990000E+00    1.586266E+00    1.911627E+00    1.018135E-03    3.020415E-11    2.000000E+00   -2.000000E+00   -1.866243E+00
   1.200000E-09    5.000000E+00    2.800000E+01    1.080000E+02    1.301030E+00   -2.000000E+00   -1.000000E+01    2.361539E+00   -1.000000E+01   -1.000000E+01   -1.000000E+01   -1.000000E+01    7.700000E+00    6.265700E+00    1.360000E+00    7.000000E+00    9.300000E+01    3.387005E+00    1.771792E+00    4.990000E+00    1.586266E+00    1.911627E+00    1.018135E-03    3.020415E-11    2.000000E+00   -1.500313E+00   -1.501537E+00
   7.200000E-10    6.000000E+00    5.660000E+01    8.000000E+01    1.397940E+00   -3.000000E+00   -1.000000E+01    1.361728E+00   -1.000000E+01   -1.000000E+01   -1.000000E+01   -1.000000E+01    6.800000E+00    6.193900E+00    1.380000E+00    7.000000E+00    9.200000E+01    3.367543E+00    1.039241E+00    4.990000E+00    1.150274E+00    3.240387E+00    8.974315E-04    9.632502E-12    3.000000E+00    6.512780E-01    6.884196E-01
   6.240000E-10    3.000000E+00    5.100000E+00    3.970000E+00    1.397940E+00   -2.192465E+00   -1.000000E+01    2.469822E+00   -1.000000E+01   -1.000000E+01    2.469822E+00   -1.000000E+01    8.800000E+00    5.973800E+00    1.300000E+00    7.000000E+00    9.500000E+01    3.307169E+00    8.845280E-01    4.990000E+00    8.912203E-01    3.738908E+00    8.974315E-04    2.440656E-11    1.000000E+00   -6.695862E-01   -7.108321E-01
   7.200000E-10    6.000000E+00    1.242000E+01    9.400000E+00    6.989700E-01   -2.088310E+00    5.502284E-01    1.311966E+00    1.838471E+00    1.075912E+00    2.378761E+00    1.715753E+00    7.030000E+00    6.193900E+00    1.380000E+00    7.000000E+00    9.200000E+01    3.367543E+00    1.113966E+00    4.990000E+00    8.790063E-01    3.023021E+00    1.535544E-03    2.657702E-11    2.400000E+01    3.617278E-01    2.465349E-01
   6.200000E-10    3.000000E+00    5.360000E+01    6.230000E+01    1.342423E+00   -1.000000E+00   -1.000000E+01    3.361728E+00   -1.000000E+01    3.550228E+00   -1.000000E+01   -1.000000E+01    2.117000E+00    5.670400E+00    1.200000E+00    6.000000E+00    6.300000E+01    2.815295E+00    7.557500E-01    4.360000E+00    1.065323E+00    3.725167E+00    9.673286E-04    9.583918E-11    2.000000E+00   -3.555614E-01   -3.379737E-01
   6.030000E-10    2.000000E+00    2.800000E+01    1.210000E+02    1.397940E+00   -3.010300E-01   -1.000000E+01    4.060509E+00   -1.000000E+01   -1.000000E+01   -1.000000E+01   -1.000000E+01    9.500000E+00    6.113200E+00    1.000000E+00    4.000000E+00    2.000000E+01    2.313044E+00    5.978219E-01    3.450000E+00    1.635627E+00    3.869119E+00    8.974315E-04    2.153893E-10    3.000000E+00   -1.403403E+00   -1.550604E+00
   1.990000E-09    2.000000E+00    1.000000E+01    7.500000E+01    1.397940E+00   -2.000000E+00   -1.000000E+01    2.361728E+00   -1.000000E+01    2.550228E+00   -1.000000E+01   -1.000000E+01    8.100000E+00    8.336900E+00    2.200000E+00    5.000000E+00    4.600000E+01    3.014349E+00    2.571090E+00    3.850000E+00    1.875061E+00    1.172401E+00    8.974315E-04    3.046064E-11    2.000000E+00   -1.592297E-02    1.064194E+00
   1.200000E-09    5.000000E+00    3.000000E+01    7.600000E+01    1.301030E+00   -2.000000E+00   -1.000000E+01    2.361539E+00   -1.000000E+01   -1.000000E+01   -1.000000E+01   -1.000000E+01    2.900000E+00    6.265700E+00    1.360000E+00    7.000000E+00    9.300000E+01    3.387005E+00    1.771792E+00    4.990000E+00    1.403692E+00    1.911627E+00    1.018135E-03    3.020415E-11    2.000000E+00   -1.426675E-01   -1.806077E-01
   7.900000E-10    2.000000E+00    7.960000E+01    7.600000E+01    1.342423E+00   -1.000000E+00   -1.000000E+01    3.361539E+00   -1.000000E+01    3.549616E+00   -1.000000E+01   -1.000000E+01    7.000000E+00    5.694900E+00    9.500000E-01    5.000000E+00    3.800000E+01    2.491348E+00    8.521657E-01    3.850000E+00    9.799005E-01    2.923548E+00    9.673286E-04    9.583918E-11    4.000000E+00   -1.154902E+00   -1.304756E+00
   6.600000E-10    2.000000E+00    3.500000E+01    8.700000E+01    1.301030E+00   -1.000000E+00   -1.000000E+01    3.361728E+00   -1.000000E+01   -1.000000E+01   -1.000000E+01   -1.000000E+01    8.020000E+00    7.639900E+00    1.910000E+00    4.000000E+00    2.800000E+01    2.585791E+00    7.439657E-01    3.450000E+00    1.395451E+00    3.475686E+00    1.018135E-03    9.551391E-11    3.000000E+00    7.101174E-01    8.040357E-01
   2.100000E-09    1.000000E+00    7.960000E+01    1.300000E+02    1.397940E+00   -3.230623E+00   -1.000000E+01   -1.000000E+01   -1.000000E+01    1.319106E+00   -1.000000E+01   -1.000000E+01    6.400000E+00    3.893900E+00    7.900000E-01    6.000000E+00    5.500000E+01    2.332971E+00    2.099903E+00    4.360000E+00    1.213030E+00    1.110990E+00    8.974315E-04    7.386314E-12    4.000000E+00   -8.068754E-01   -6.377632E-01
   7.900000E-10    2.000000E+00    1.916000E+01    7.600000E+01    6.989700E-01   -2.088310E+00    5.502284E-01    1.311966E+00    1.838471E+00    1.075912E+00    2.378761E+00    1.715753E+00    7.960000E+00    5.694900E+00    9.500000E-01    5.000000E+00    3.800000E+01    2.491348E+00    9.042484E-01    3.850000E+00    1.598418E+00    2.755158E+00    1.535544E-03    2.657702E-11    9.000000E+00   -1.267606E+00   -9.929550E-01
   6.600000E-10    2.000000E+00    4.900000E-01    1.400000E+00    1.397940E+00   -1.000000E+00   -1.000000E+01    3.361728E+00   -1.000000E+01   -1.000000E+01   -1.000000E+01   -1.000000E+01    9.970000E+00    7.639900E+00    1.910000E+00    4.000000E+00    2.800000E+01    2.585791E+00    7.314893E-01    3.450000E+00    1.455932E+00    3.534968E+00    8.974315E-04    9.632502E-11    2.000000E+01    1.818436E-01    1.411918E-01
   8.890000E-10    2.000000E+00    2.700000E+01    3.100000E+00    1.397940E+00   -3.010300E-01   -1.000000E+01    4.060509E+00   -1.000000E+01    4.248586E+00   -1.000000E+01   -1.000000E+01    5.300000E+00    5.278400E+00    9.000000E-01    7.000000E+00    8.800000E+01    3.108725E+00    1.184553E+00    4.990000E+00    5.999787E-02    2.624386E+00    8.974315E-04    2.153893E-10    7.000000E+00   -2.148130E+00   -1.462207E+00
   6.600000E-10    2.000000E+00    2.800000E+01    1.210000E+02    1.397940E+00   -3.010300E-01   -1.000000E+01    4.060509E+00    1.301898E+00    4.248586E+00   -1.000000E+01   -1.000000E+01    6.410000E+00    7.639900E+00    1.910000E+00    4.000000E+00    2.800000E+01    2.585791E+00    7.314893E-01    3.450000E+00    1.635627E+00    3.534968E+00    8.974315E-04    2.153893E-10    3.000000E+00   -6.090649E-01   -6.255455E-01
   2.100000E-09    1.000000E+00    9.900000E+01    9.200000E+01    1.397940E+00   -1.000000E+00   -1.000000E+01    3.361728E+00   -1.000000E+01   -1.000000E+01   -1.000000E+01   -1.000000E+01    8.000000E+00    3.893900E+00    7.900000E-01    6.000000E+00    5.500000E+01    2.332971E+00    2.099903E+00    4.360000E+00    9.681526E-01    1.110990E+00    8.974315E-04    9.632502E-11    3.000000E+00   -6.925040E-01   -5.500261E-01
   6.600000E-10    2.000000E+00    2.000000E+01    2.800000E+01    1.395326E+00   -1.000000E+00   -1.000000E+01    3.361539E+00   -1.000000E+01   -1.000000E+01   -1.000000E+01   -1.000000E+01    6.500000E+00    7.639900E+00    1.910000E+00    4.000000E+00    2.800000E+01    2.585791E+00    7.318575E-01    3.450000E+00    1.146128E+00    3.533189E+00    9.007563E-04    9.630078E-11    6.000000E+00   -1.536107E+00   -1.187264E+00
   6.200000E-10    3.000000E+00    1.140000E+01    4.750000E+01    1.397940E+00   -1.301030E+00   -1.000000E+01    3.060698E+00   -1.000000E+01   -1.000000E+01   -1.000000E+01   -1.000000E+01    3.796000E+00    5.670400E+00    1.200000E+00    6.000000E+00    6.300000E+01    2.815295E+00    7.481457E-01    4.360000E+00    1.619789E+00    3.763030E+00    8.974315E-04    6.811207E-11    2.000000E+00   -1.366771E-01    1.207970E-01
   1.200000E-09    5.000000E+00    2.800000E+01    1.080000E+02    1.301030E+00   -2.000000E+00   -1.000000E+01    2.361539E+00   -1.000000E+01   -1.000000E+01   -1.000000E+01   -1.000000E+01    7.000000E+00    6.265700E+00    1.360000E+00    7.000000E+00    9.300000E+01    3.387005E+00    1.771792E+00    4.990000E+00    1.586266E+00    1.911627E+00    1.018135E-03    3.020415E-11    2.000000E+00   -2.000000E+00   -1.687487E+00
   4.300000E-10    4.000000E+00    5.100000E+00    3.970000E+00    1.397940E+00   -2.192465E+00   -1.000000E+01    2.469822E+00   -1.000000E+01   -1.000000E+01    2.469822E+00   -1.000000E+01    8.800000E+00    6.026000E+00    1.280000E+00    7.000000E+00    9.400000E+01    3.321587E+00    6.121878E-01    4.990000E+00    8.912203E-01    5.425765E+00    8.974315E-04    2.440656E-11    1.000000E+00   -9.706162E-01   -8.386744E-01
   6.200000E-10    3.000000E+00    3.000000E-01    4.000000E+00    1.397940E+00   -1.000000E+00   -1.000000E+01    3.361539E+00   -1.000000E+01    3.549616E+00   -1.000000E+01   -1.000000E+01    2.990000E+00    5.670400E+00    1.200000E+00    6.000000E+00    6.300000E+01    2.815295E+00    7.481457E-01    4.360000E+00    2.124939E+00    3.763030E+00    8.974315E-04    9.632502E-11    1.300000E+01   -3.325470E-01   -7.594161E-01
   2.100000E-09    1.000000E+00    5.100000E+00    3.970000E+00    1.397940E+00   -2.192465E+00   -1.000000E+01    2.469822E+00   -1.000000E+01   -1.000000E+01    2.469822E+00   -1.000000E+01    8.800000E+00    3.893900E+00    7.900000E-01    6.000000E+00    5.500000E+01    2.332971E+00    2.099903E+00    4.360000E+00    8.912203E-01    1.110990E+00    8.974315E-04    2.440656E-11    1.000000E+00   -3.695721E-01    2.300083E-01
   1.300000E-09    4.000000E+00    1.476000E+01    1.299000E+01    1.397940E+00   -1.450870E-01    2.598791E+00    4.041393E+00    2.621176E+00    4.301030E+00    2.158362E+00    3.442480E+00    7.700000E+00    6.633900E+00    1.330000E+00    5.000000E+00    4.000000E+01    2.688907E+00    1.498269E+00    3.850000E+00    9.445228E-01    1.794676E+00    8.974315E-04    2.577482E-10    1.700000E+01    3.579348E-01    3.608509E-01
   8.890000E-10    2.000000E+00    1.460000E+02    6.500000E+00    1.397940E+00   -2.000000E+00   -1.000000E+01    2.361539E+00   -1.000000E+01    2.549616E+00   -1.000000E+01   -1.000000E+01    7.000000E+00    5.278400E+00    9.000000E-01    7.000000E+00    8.800000E+01    3.108725E+00    1.184553E+00    4.990000E+00   -3.514395E-01    2.624386E+00    8.974315E-04    3.046064E-11    2.100000E+01   -1.771784E-01   -1.209183E-02
   6.600000E-10    2.000000E+00    1.916000E+01    7.600000E+01    6.989700E-01   -2.111259E+00    5.502284E-01    1.311966E+00    1.798858E+00    1.075912E+00    2.361822E+00    1.715753E+00    8.400000E+00    7.639900E+00    1.910000E+00    4.000000E+00    2.800000E+01    2.585791E+00    7.840861E-01    3.450000E+00    1.598418E+00    3.297841E+00    1.535544E-03    2.588402E-11    9.000000E+00    7.403627E-01    8.493252E-01
   8.500000E-10    2.000000E+00    3.182000E+01    7.640000E+01    1.397940E+00   -2.698970E+00   -1.000000E+01    1.662569E+00   -1.000000E+01   -1.000000E+01   -1.000000E+01   -1.000000E+01    6.200000E+00    5.211700E+00    8.900000E-01    6.000000E+00    5.600000E+01    2.699024E+00    9.833231E-01    4.360000E+00    1.380393E+00    2.744799E+00    8.974315E-04    1.362241E-11    3.000000E+00   -2.275724E+00   -1.969786E+00
   7.200000E-10    6.000000E+00    1.961000E+01    7.600000E+01    6.989700E-01   -2.088310E+00    5.502284E-01    1.311966E+00    1.838471E+00    1.075912E+00    2.378761E+00    1.715753E+00    7.040000E+00    6.193900E+00    1.380000E+00    7.000000E+00    9.200000E+01    3.367543E+00    1.113966E+00    4.990000E+00    1.588336E+00    3.023021E+00    1.535544E-03    2.657702E-11    9.000000E+00    7.075702E-01    4.400230E-01
   1.200000E-09    5.000000E+00    2.800000E+01    1.080000E+02    1.301030E+00   -2.000000E+00   -1.000000E+01    2.361539E+00   -1.000000E+01   -1.000000E+01   -1.000000E+01   -1.000000E+01    5.100000E+00    6.265700E+00    1.360000E+00    7.000000E+00    9.300000E+01    3.387005E+00    1.771792E+00    4.990000E+00    1.586266E+00    1.911627E+00    1.018135E-03    3.020415E-11    2.000000E+00   -1.549751E+00   -1.750681E+00
   2.100000E-09    1.000000E+00    1.242000E+01    9.400000E+00    6.989700E-01   -2.088310E+00    5.502284E-01    1.311966E+00    1.838471E+00    1.075912E+00    2.378761E+00    1.715753E+00    6.670000E+00    3.893900E+00    7.900000E-01    6.000000E+00    5.500000E+01    2.332971E+00    2.250894E+00    4.360000E+00    8.790063E-01    1.036464E+00    1.535544E-03    2.657702E-11    2.400000E+01   -2.518120E-01   -5.981531E-01
   7.150000E-10    2.000000E+00    6.680000E+01    2.310000E+01    1.397940E+00   -3.000000E+00   -1.000000E+01    1.361728E+00   -1.000000E+01   -1.000000E+01   -1.000000E+01   -1.000000E+01    6.448000E+00    9.394200E+00    1.650000E+00    4.000000E+00    3.000000E+01    2.867342E+00    8.787314E-01    3.450000E+00    5.388355E-01    3.263047E+00    8.974315E-04    9.632502E-12    6.000000E+00    1.136721E+00    8.695546E-01
   6.200000E-10    3.000000E+00    5.360000E+01    6.230000E+01    1.342423E+00   -1.000000E+00   -1.000000E+01    3.361728E+00   -1.000000E+01    3.550228E+00   -1.000000E+01   -1.000000E+01    4.726000E+00    5.670400E+00    1.200000E+00    6.000000E+00    6.300000E+01    2.815295E+00    7.557500E-01    4.360000E+00    1.065323E+00    3.725167E+00    9.673286E-04    9.583918E-11    2.000000E+00    2.201081E-01    4.146886E-01
   7.900000E-10    2.000000E+00    1.100000E-01    4.000000E+00    1.380211E+00   -2.000000E+00   -1.000000E+01    2.361728E+00   -1.000000E+01   -1.000000E+01   -1.000000E+01   -1.000000E+01    8.000000E+00    5.694900E+00    9.500000E-01    5.000000E+00    3.800000E+01    2.491348E+00    8.464301E-01    3.850000E+00    2.560667E+00    2.943359E+00    9.199272E-04    3.040952E-11    1.300000E+01   -2.187087E+00   -2.402285E+00
   6.200000E-10    3.000000E+00    1.088000E+01    5.200000E+00    1.397940E+00   -1.301030E+00   -1.000000E+01    3.060698E+00   -1.000000E+01   -1.000000E+01   -1.000000E+01   -1.000000E+01    7.895000E+00    5.670400E+00    1.200000E+00    6.000000E+00    6.300000E+01    2.815295E+00    7.481457E-01    4.360000E+00    6.793745E-01    3.763030E+00    8.974315E-04    6.811207E-11    7.000000E+00    9.355073E-01    6.264849E-01
   2.100000E-09    1.000000E+00    9.900000E+01    8.300000E+01    1.397940E+00   -1.000000E+00   -1.000000E+01    3.361728E+00   -1.000000E+01   -1.000000E+01   -1.000000E+01   -1.000000E+01    2.805000E+00    3.893900E+00    7.900000E-01    6.000000E+00    5.500000E+01    2.332971E+00    2.099903E+00    4.360000E+00    9.234429E-01    1.110990E+00    8.974315E-04    9.632502E-11    3.000000E+00   -1.373660E+00   -1.051265E+00
   2.100000E-09    1.000000E+00    2.400000E+01    8.750000E+01    1.397940E+00   -3.010300E-01   -1.000000E+01    4.060698E+00   -1.000000E+01   -1.000000E+01   -1.000000E+01   -1.000000E+01    2.430000E+00    3.893900E+00    7.900000E-01    6.000000E+00    5.500000E+01    2.332971E+00    2.099903E+00    4.360000E+00    1.561797E+00    1.110990E+00    8.974315E-04    2.153893E-10    3.000000E+00   -1.539102E+00   -1.878742E+00
   8.250000E-10    3.000000E+00    7.000000E-01    1.600000E+00    1.397940E+00   -1.450870E-01    2.598791E+00    4.041393E+00    2.621176E+00    4.301030E+00    2.158362E+00    3.442480E+00    6.000000E+00    8.608400E+00    2.050000E+00    5.000000E+00    5.100000E+01    3.063039E+00    1.083121E+00    3.850000E+00    1.359022E+00    2.827974E+00    8.974315E-04    2.577482E-10    1.400000E+01   -2.848326E-01   -3.085663E-01
   2.100000E-09    5.000000E+00    3.750000E+01    1.442000E+02    1.397940E+00   -1.837587E-01    1.133539E+00    3.976350E+00    2.462398E+00    4.222716E+00   -1.000000E+01    3.442480E+00    8.400000E+00    6.758900E+00    1.600000E+00    5.000000E+00    4.100000E+01    2.714122E+00    2.442976E+00    3.850000E+00    1.584934E+00    1.110990E+00    8.974315E-04    2.465243E-10    2.500000E+01    3.010300E-01   -5.211424E-01
   6.600000E-10    2.000000E+00    3.500000E+01    8.700000E+01    1.301030E+00   -1.000000E+00   -1.000000E+01    3.361728E+00   -1.000000E+01   -1.000000E+01   -1.000000E+01   -1.000000E+01    5.680000E+00    7.639900E+00    1.910000E+00    4.000000E+00    2.800000E+01    2.585791E+00    7.439657E-01    3.450000E+00    1.395451E+00    3.475686E+00    1.018135E-03    9.551391E-11    3.000000E+00   -5.800443E-01   -5.272522E-01
   6.200000E-10    3.000000E+00    3.500000E+01    6.300000E+01    1.397940E+00   -3.010300E-01   -1.000000E+01    4.060698E+00   -1.000000E+01   -1.000000E+01   -1.000000E+01   -1.000000E+01    4.321000E+00    5.670400E+00    1.200000E+00    6.000000E+00    6.300000E+01    2.815295E+00    7.481457E-01    4.360000E+00    1.255273E+00    3.763030E+00    8.974315E-04    2.153893E-10    3.000000E+00   -1.684030E+00   -1.329285E+00
   1.200000E-09    5.000000E+00    1.242000E+01    9.400000E+00    6.989700E-01   -2.088310E+00    5.502284E-01    1.311966E+00    1.838471E+00    1.075912E+00    2.378761E+00    1.715753E+00    6.510000E+00    6.265700E+00    1.360000E+00    7.000000E+00    9.300000E+01    3.387005E+00    1.867340E+00    4.990000E+00    8.790063E-01    1.813813E+00    1.535544E-03    2.657702E-11    2.400000E+01   -1.327902E+00   -1.495137E+00
   6.200000E-10    3.000000E+00    3.000000E+01    7.600000E+01    1.397940E+00   -2.000000E+00   -1.000000E+01    2.361728E+00   -1.000000E+01   -1.000000E+01   -1.000000E+01   -1.000000E+01    4.500000E+00    5.670400E+00    1.200000E+00    6.000000E+00    6.300000E+01    2.815295E+00    7.481457E-01    4.360000E+00    1.403692E+00    3.763030E+00    8.974315E-04    3.046064E-11    2.000000E+00    4.082400E-01    1.262600E+00
   6.200000E-10    3.000000E+00    2.800000E+01    1.210000E+02    1.397940E+00   -1.000000E+00   -1.000000E+01    3.361539E+00   -1.000000E+01   -1.000000E+01   -1.000000E+01   -1.000000E+01    5.280000E+00    5.670400E+00    1.200000E+00    6.000000E+00    6.300000E+01    2.815295E+00    7.481457E-01    4.360000E+00    1.635627E+00    3.763030E+00    8.974315E-04    9.632502E-11    3.000000E+00    3.961993E-01    3.291077E-01
   1.550000E-09    6.000000E+00    2.500000E+02    1.000000E-02    1.301030E+00   -1.000000E+00   -1.000000E+01    3.361728E+00   -1.000000E+01    3.550228E+00   -1.000000E+01   -1.000000E+01    3.400000E+00    9.752400E+00    2.550000E+00    4.000000E+00    3.400000E+01    2.921497E+00    1.974025E+00    3.450000E+00   -3.397940E+00    1.479970E+00    1.018135E-03    9.551391E-11    1.900000E+01   -1.536107E+00   -7.000153E-01
   7.200000E-10    6.000000E+00    3.100000E-01    1.000000E-02    1.342423E+00   -1.000000E+00   -1.000000E+01    3.361728E+00   -1.000000E+01   -1.000000E+01   -1.000000E+01   -1.000000E+01    6.170000E+00    6.193900E+00    1.380000E+00    7.000000E+00    9.200000E+01    3.367543E+00    1.049804E+00    4.990000E+00   -4.913618E-01    3.207782E+00    9.673286E-04    9.583918E-11    2.200000E+01   -9.172146E-01   -8.594480E-01
   2.100000E-09    1.000000E+00    3.750000E+01    1.442000E+02    1.342423E+00   -2.000000E+00   -1.000000E+01    2.361728E+00   -1.000000E+01    2.550228E+00   -1.000000E+01   -1.000000E+01    7.900000E+00    3.893900E+00    7.900000E-01    6.000000E+00    5.500000E+01    2.332971E+00    2.121247E+00    4.360000E+00    1.584934E+00    1.099811E+00    9.673286E-04    3.030701E-11    2.500000E+01    3.617278E-01    2.300967E-01
   2.100000E-09    1.000000E+00    7.960000E+01    7.600000E+01    1.397940E+00   -1.000000E+00   -1.000000E+01    3.361728E+00   -1.000000E+01   -1.000000E+01   -1.000000E+01   -1.000000E+01    4.637000E+00    3.893900E+00    7.900000E-01    6.000000E+00    5.500000E+01    2.332971E+00    2.099903E+00    4.360000E+00    9.799005E-01    1.110990E+00    8.974315E-04    9.632502E-11    4.000000E+00   -2.549252E-01   -5.099854E-01
   2.100000E-09    1.000000E+00    5.100000E+00    3.970000E+00    1.397940E+00   -2.563837E+00   -1.000000E+01    1.998259E+00    4.698220E-01   -1.000000E+01   -1.000000E+01   -1.000000E+01    8.800000E+00    3.893900E+00    7.900000E-01    6.000000E+00    5.500000E+01    2.332971E+00    2.099903E+00    4.360000E+00    8.912203E-01    1.110990E+00    8.974315E-04    1.591550E-11    1.000000E+00   -4.559320E-01   -3.051547E-01
   6.030000E-10    2.000000E+00    2.800000E+01    1.210000E+02    1.397940E+00   -3.010300E-01   -1.000000E+01    4.060509E+00   -1.000000E+01   -1.000000E+01   -1.000000E+01   -1.000000E+01    1.261000E+01    6.113200E+00    1.000000E+00    4.000000E+00    2.000000E+01    2.313044E+00    5.978219E-01    3.450000E+00    1.635627E+00    3.869119E+00    8.974315E-04    2.153893E-10    3.000000E+00   -2.373214E-01   -2.847388E-01
   7.200000E-10    6.000000E+00    5.660000E+01    8.000000E+01    1.397940E+00   -1.000000E+00   -1.000000E+01    3.361728E+00   -1.000000E+01   -1.000000E+01   -1.000000E+01   -1.000000E+01    6.640000E+00    6.193900E+00    1.380000E+00    7.000000E+00    9.200000E+01    3.367543E+00    1.039241E+00    4.990000E+00    1.150274E+00    3.240387E+00    8.974315E-04    9.632502E-11    3.000000E+00    1.846914E-01    2.836358E-01
   1.200000E-09    5.000000E+00    2.800000E+01    1.080000E+02    1.301030E+00   -2.000000E+00   -1.000000E+01    2.361539E+00   -1.000000E+01   -1.000000E+01   -1.000000E+01   -1.000000E+01    2.800000E+00    6.265700E+00    1.360000E+00    7.000000E+00    9.300000E+01    3.387005E+00    1.771792E+00    4.990000E+00    1.586266E+00    1.911627E+00    1.018135E-03    3.020415E-11    2.000000E+00   -1.801343E+00   -1.012054E+00
   2.100000E-09    1.000000E+00    7.960000E+01    1.300000E+02    1.397940E+00   -3.230623E+00   -1.000000E+01   -1.000000E+01   -1.000000E+01    1.319106E+00   -1.000000E+01   -1.000000E+01    6.400000E+00    3.893900E+00    7.900000E-01    6.000000E+00    5.500000E+01    2.332971E+00    2.099903E+00    4.360000E+00    1.213030E+00    1.110990E+00    8.974315E-04    7.386314E-12    4.000000E+00   -1.958606E-01   -6.377632E-01
   2.100000E-09    1.000000E+00    7.960000E+01    1.300000E+02    1.397940E+00   -3.230623E+00   -1.000000E+01   -1.000000E+01   -1.000000E+01    1.319106E+00   -1.000000E+01   -1.000000E+01    6.400000E+00    3.893900E+00    7.900000E-01    6.000000E+00    5.500000E+01    2.332971E+00    2.099903E+00    4.360000E+00    1.213030E+00    1.110990E+00    8.974315E-04    7.386314E-12    4.000000E+00   -1.006123E+00   -6.377632E-01
   1.200000E-09    5.000000E+00    1.710000E+01    6.400000E-01    1.397940E+00   -1.000000E+00   -1.000000E+01    3.361539E+00   -1.000000E+01    3.549616E+00   -1.000000E+01   -1.000000E+01    5.500000E+00    6.265700E+00    1.360000E+00    7.000000E+00    9.300000E+01    3.387005E+00    1.742078E+00    4.990000E+00   -4.268161E-01    1.944232E+00    8.974315E-04    9.632502E-11    7.000000E+00   -1.107349E+00   -1.536960E+00
   2.100000E-09    1.000000E+00    7.960000E+01    7.600000E+01    1.397940E+00   -1.288193E+00    2.736397E+00    1.354108E+00    1.985875E+00    2.539076E+00    1.729165E+00    4.623980E-01    7.000000E+00    3.893900E+00    7.900000E-01    6.000000E+00    5.500000E+01    2.332971E+00    2.099903E+00    4.360000E+00    9.799005E-01    1.110990E+00    8.974315E-04    6.912620E-11    4.000000E+00   -9.691001E-02   -2.657117E-01
   1.550000E-09    4.000000E+00    4.600000E+00    4.400000E+00    1.397940E+00   -2.000000E+00   -1.000000E+01    2.361728E+00   -1.000000E+01    2.550228E+00   -1.000000E+01   -1.000000E+01    8.260000E+00    9.752400E+00    2.550000E+00    4.000000E+00    3.400000E+01    2.921497E+00    1.940920E+00    3.450000E+00    9.806948E-01    1.505212E+00    8.974315E-04    3.046064E-11    8.000000E+00   -1.283997E+00   -1.261868E+00
   6.600000E-10    2.000000E+00    3.500000E+01    8.700000E+01    1.301030E+00   -1.000000E+00   -1.000000E+01    3.361728E+00   -1.000000E+01   -1.000000E+01   -1.000000E+01   -1.000000E+01    8.300000E+00    7.639900E+00    1.910000E+00    4.000000E+00    2.800000E+01    2.585791E+00    7.439657E-01    3.450000E+00    1.395451E+00    3.475686E+00    1.018135E-03    9.551391E-11    3.000000E+00    9.498777E-01    8.841243E-01
   7.200000E-10    6.000000E+00    3.100000E+01    7.400000E+01    1.397940E+00   -2.000000E+00   -1.000000E+01    2.361728E+00   -1.000000E+01   -1.000000E+01   -1.000000E+01   -1.000000E+01    7.080000E+00    6.193900E+00    1.380000E+00    7.000000E+00    9.200000E+01    3.367543E+00    1.039241E+00    4.990000E+00    1.377870E+00    3.240387E+00    8.974315E-04    3.046064E-11    3.000000E+00    7.993405E-01    7.098407E-01
   6.200000E-10    3.000000E+00    2.800000E+01    1.210000E+02    1.397940E+00   -1.000000E+00   -1.000000E+01    3.361539E+00   -1.000000E+01   -1.000000E+01   -1.000000E+01   -1.000000E+01    4.230000E+00    5.670400E+00    1.200000E+00    6.000000E+00    6.300000E+01    2.815295E+00    7.481457E-01    4.360000E+00    1.635627E+00    3.763030E+00    8.974315E-04    9.632502E-11    3.000000E+00    2.552725E-01    2.673860E-01
   7.900000E-10    2.000000E+00    1.018000E+01    3.700000E+01    6.989700E-01   -2.111259E+00    5.502284E-01    1.311966E+00    1.798858E+00    1.075912E+00    2.361822E+00    1.715753E+00    6.760000E+00    5.694900E+00    9.500000E-01    5.000000E+00    3.800000E+01    2.491348E+00    9.042484E-01    3.850000E+00    1.560454E+00    2.755158E+00    1.535544E-03    2.588402E-11    9.000000E+00   -1.207608E+00   -9.551520E-01
   6.600000E-10    2.000000E+00    4.900000E-01    1.400000E+00    1.397940E+00   -1.000000E+00   -1.000000E+01    3.361728E+00   -1.000000E+01   -1.000000E+01   -1.000000E+01   -1.000000E+01    6.377000E+00    7.639900E+00    1.910000E+00    4.000000E+00    2.800000E+01    2.585791E+00    7.314893E-01    3.450000E+00    1.455932E+00    3.534968E+00    8.974315E-04    9.632502E-11    2.000000E+01   -2.941363E-01   -6.394983E-01
   8.890000E-10    2.000000E+00    3.000000E+01    6.000000E+01    1.397940E+00   -1.000000E+00   -1.000000E+01    3.361728E+00   -1.000000E+01    3.550228E+00   -1.000000E+01   -1.000000E+01    8.000000E+00    5.278400E+00    9.000000E-01    7.000000E+00    8.800000E+01    3.108725E+00    1.184553E+00    4.990000E+00    1.301030E+00    2.624386E+00    8.974315E-04    9.632502E-11    2.000000E+00   -8.777794E-02   -3.899813E-01
   7.900000E-10    2.000000E+00    6.840000E+01    2.000000E-02    1.322219E+00   -1.000000E+00   -1.000000E+01    3.361728E+00   -1.000000E+01   -1.000000E+01   -1.000000E+01   -1.000000E+01    6.556000E+00    5.694900E+00    9.500000E-01    5.000000E+00    3.800000E+01    2.491348E+00    8.550627E-01    3.850000E+00   -2.534026E+00    2.913643E+00    9.922914E-04    9.567668E-11    1.900000E+01   -1.651695E+00   -1.494740E+00
   6.600000E-10    2.000000E+00    6.680000E+01    2.310000E+01    1.397940E+00   -2.000000E+00   -1.000000E+01    2.361728E+00   -1.000000E+01   -1.000000E+01   -1.000000E+01   -1.000000E+01    5.296000E+00    7.639900E+00    1.910000E+00    4.000000E+00    2.800000E+01    2.585791E+00    7.314893E-01    3.450000E+00    5.388355E-01    3.534968E+00    8.974315E-04    3.046064E-11    6.000000E+00   -6.499685E-02   -1.697540E-01
   6.600000E-10    2.000000E+00    3.500000E+01    8.700000E+01    1.301030E+00   -2.000000E+00   -1.000000E+01    2.361728E+00   -1.000000E+01   -1.000000E+01   -1.000000E+01   -1.000000E+01    9.880000E+00    7.639900E+00    1.910000E+00    4.000000E+00    2.800000E+01    2.585791E+00    7.439657E-01    3.450000E+00    1.395451E+00    3.475686E+00    1.018135E-03    3.020415E-11    3.000000E+00    1.000000E+00    1.087406E+00
   6.600000E-10    2.000000E+00    3.950000E+01    9.000000E+01    1.297761E+00   -2.000000E+00   -1.000000E+01    2.361539E+00   -1.000000E+01    2.549616E+00   -1.000000E+01   -1.000000E+01    6.670000E+00    7.639900E+00    1.910000E+00    4.000000E+00    2.800000E+01    2.585791E+00    7.443466E-01    3.450000E+00    1.357645E+00    3.473908E+00    1.022090E-03    3.019642E-11    3.000000E+00    7.176705E-01    6.707832E-01
   6.240000E-10    3.000000E+00    1.880000E+02    5.220000E+01    1.361728E+00   -1.665546E+00    1.301030E+00    2.662758E+00   -1.000000E+01    2.572872E+00   -1.000000E+01    2.459392E+00    8.700000E+00    5.973800E+00    1.300000E+00    7.000000E+00    9.500000E+01    3.307169E+00    8.905016E-01    4.990000E+00    4.435127E-01    3.713828E+00    9.432169E-04    4.461742E-11    2.500000E+01   -3.861582E-01   -6.598276E-02
   6.600000E-10    2.000000E+00    6.550000E+00    4.000000E+00    1.397940E+00   -2.000000E+00   -1.000000E+01    2.361728E+00   -1.000000E+01   -1.000000E+01   -1.000000E+01   -1.000000E+01    8.300000E+00    7.639900E+00    1.910000E+00    4.000000E+00    2.800000E+01    2.585791E+00    7.314893E-01    3.450000E+00    7.858187E-01    3.534968E+00    8.974315E-04    3.046064E-11    2.000000E+01    1.492191E-01    1.545971E-01
   1.200000E-09    5.000000E+00    1.916000E+01    7.600000E+01    6.989700E-01   -2.111259E+00    5.502284E-01    1.311966E+00    1.798858E+00    1.075912E+00    2.361822E+00    1.715753E+00    7.320000E+00    6.265700E+00    1.360000E+00    7.000000E+00    9.300000E+01    3.387005E+00    1.867340E+00    4.990000E+00    1.598418E+00    1.813813E+00    1.535544E-03    2.588402E-11    9.000000E+00   -7.695511E-01   -6.614712E-01
   6.200000E-10    3.000000E+00    5.360000E+01    6.230000E+01    1.342423E+00   -1.000000E+00   -1.000000E+01    3.361728E+00   -1.000000E+01    3.550228E+00   -1.000000E+01   -1.000000E+01    6.530000E+00    5.670400E+00    1.200000E+00    6.000000E+00    6.300000E+01    2.815295E+00    7.557500E-01    4.360000E+00    1.065323E+00    3.725167E+00    9.673286E-04    9.583918E-11    2.000000E+00    5.943926E-01    4.738259E-01
   7.200000E-10    6.000000E+00    5.660000E+01    8.000000E+01    1.397940E+00   -1.000000E+00   -1.000000E+01    3.361728E+00   -1.000000E+01   -1.000000E+01   -1.000000E+01   -1.000000E+01    5.100000E+00    6.193900E+00    1.380000E+00    7.000000E+00    9.200000E+01    3.367543E+00    1.039241E+00    4.990000E+00    1.150274E+00    3.240387E+00    8.974315E-04    9.632502E-11    3.000000E+00   -3.429441E-01   -1.500719E-01
   6.240000E-10    3.000000E+00    2.300000E+00    9.300000E+00    1.342423E+00   -1.000000E+00   -1.000000E+01    3.361728E+00   -1.000000E+01    3.550228E+00   -1.000000E+01   -1.000000E+01    4.523000E+00    5.973800E+00    1.300000E+00    7.000000E+00    9.500000E+01    3.307169E+00    8.935187E-01    4.990000E+00    1.606755E+00    3.701287E+00    9.673286E-04    9.583918E-11    1.300000E+01   -1.430626E+00   -2.720663E-01
   6.200000E-10    3.000000E+00    1.018000E+01    3.700000E+01    6.989700E-01   -2.111259E+00    5.502284E-01    1.311966E+00    1.798858E+00    1.075912E+00    2.361822E+00    1.715753E+00    6.780000E+00    5.670400E+00    1.200000E+00    6.000000E+00    6.300000E+01    2.815295E+00    8.019401E-01    4.360000E+00    1.560454E+00    3.510605E+00    1.535544E-03    2.588402E-11    9.000000E+00    1.278754E+00    1.358339E+00
   7.200000E-10    6.000000E+00    5.660000E+01    8.000000E+01    1.397940E+00   -1.000000E+00   -1.000000E+01    3.361728E+00   -1.000000E+01   -1.000000E+01   -1.000000E+01   -1.000000E+01    4.140000E+00    6.193900E+00    1.380000E+00    7.000000E+00    9.200000E+01    3.367543E+00    1.039241E+00    4.990000E+00    1.150274E+00    3.240387E+00    8.974315E-04    9.632502E-11    3.000000E+00    1.958997E-01   -3.439860E-01
   2.100000E-09    1.000000E+00    7.960000E+01    1.300000E+02    1.397940E+00   -3.230623E+00   -1.000000E+01   -1.000000E+01   -1.000000E+01    1.319106E+00   -1.000000E+01   -1.000000E+01    6.400000E+00    3.893900E+00    7.900000E-01    6.000000E+00    5.500000E+01    2.332971E+00    2.099903E+00    4.360000E+00    1.213030E+00    1.110990E+00    8.974315E-04    7.386314E-12    4.000000E+00   -3.851028E-01   -6.377632E-01
   2.100000E-09    1.000000E+00    5.100000E+00    3.970000E+00    1.397940E+00   -2.192465E+00   -1.000000E+01    2.469822E+00   -1.000000E+01   -1.000000E+01    2.469822E+00   -1.000000E+01    8.800000E+00    3.893900E+00    7.900000E-01    6.000000E+00    5.500000E+01    2.332971E+00    2.099903E+00    4.360000E+00    8.912203E-01    1.110990E+00    8.974315E-04    2.440656E-11    1.000000E+00   -2.027325E-01    2.300083E-01
   7.900000E-10    2.000000E+00    2.800000E+01    1.030000E+02    1.342423E+00   -1.000000E+00   -1.000000E+01    3.361539E+00   -1.000000E+01    3.549616E+00   -1.000000E+01   -1.000000E+01    7.880000E+00    5.694900E+00    9.500000E-01    5.000000E+00    3.800000E+01    2.491348E+00    8.521657E-01    3.850000E+00    1.565679E+00    2.923548E+00    9.673286E-04    9.583918E-11    3.000000E+00   -7.235382E-01   -8.217942E-01
   2.100000E-09    1.000000E+00    3.900000E-01    1.600000E+00    1.397940E+00   -2.217527E+00    7.781513E-01    2.000000E+00    1.354108E+00    2.235528E+00   -1.000000E+01    9.537597E-01    7.500000E+00    3.893900E+00    7.900000E-01    6.000000E+00    5.500000E+01    2.332971E+00    2.099903E+00    4.360000E+00    1.613055E+00    1.110990E+00    8.974315E-04    2.371239E-11    1.300000E+01   -2.029653E+00   -2.395572E+00
   7.200000E-10    6.000000E+00    3.300000E+01    1.020000E+02    1.342423E+00   -1.000000E+00   -1.000000E+01    3.361728E+00   -1.000000E+01   -1.000000E+01   -1.000000E+01   -1.000000E+01    3.100000E+00    6.193900E+00    1.380000E+00    7.000000E+00    9.200000E+01    3.367543E+00    1.049804E+00    4.990000E+00    1.490086E+00    3.207782E+00    9.673286E-04    9.583918E-11    3.000000E+00   -9.244530E-01   -5.857600E-01
   7.200000E-10    6.000000E+00    3.000000E-02    1.000000E-02    1.301030E+00   -1.000000E+00   -1.000000E+01    3.361728E+00   -1.000000E+01   -1.000000E+01   -1.000000E+01   -1.000000E+01    5.623000E+00    6.193900E+00    1.380000E+00    7.000000E+00    9.200000E+01    3.367543E+00    1.056966E+00    4.990000E+00    5.228787E-01    3.186046E+00    1.018135E-03    9.551391E-11    2.200000E+01   -1.795880E+00   -1.497752E+00
   1.200000E-09    5.000000E+00    3.000000E+01    7.600000E+01    1.301030E+00   -2.000000E+00   -1.000000E+01    2.361539E+00   -1.000000E+01   -1.000000E+01   -1.000000E+01   -1.000000E+01    7.500000E+00    6.265700E+00    1.360000E+00    7.000000E+00    9.300000E+01    3.387005E+00    1.771792E+00    4.990000E+00    1.403692E+00    1.911627E+00    1.018135E-03    3.020415E-11    2.000000E+00   -3.665315E-01   -3.643966E-01
   2.100000E-09    1.000000E+00    2.800000E-01    7.600000E-01    1.397940E+00   -2.576754E+00    1.184691E+00    1.751279E+00    1.133539E+00   -1.000000E+01   -1.000000E+01   -1.000000E+01    8.850000E+00    3.893900E+00    7.900000E-01    6.000000E+00    5.500000E+01    2.332971E+00    2.099903E+00    4.360000E+00    1.433656E+00    1.110990E+00    8.974315E-04    1.568058E-11    1.600000E+01   -4.202164E-01   -5.658695E-01
   7.900000E-10    2.000000E+00    1.242000E+01    9.400000E+00    6.989700E-01   -2.111259E+00    5.502284E-01    1.311966E+00    1.798858E+00    1.075912E+00    2.361822E+00    1.715753E+00    7.120000E+00    5.694900E+00    9.500000E-01    5.000000E+00    3.800000E+01    2.491348E+00    9.042484E-01    3.850000E+00    8.790063E-01    2.755158E+00    1.535544E-03    2.588402E-11    2.400000E+01   -2.839967E-01   -2.337658E-01
   6.200000E-10    3.000000E+00    1.242000E+01    9.400000E+00    6.989700E-01   -2.111259E+00    5.502284E-01    1.311966E+00    1.798858E+00    1.075912E+00    2.361822E+00    1.715753E+00    6.710000E+00    5.670400E+00    1.200000E+00    6.000000E+00    6.300000E+01    2.815295E+00    8.019401E-01    4.360000E+00    8.790063E-01    3.510605E+00    1.535544E-03    2.588402E-11    2.400000E+01    5.185139E-01    3.474005E-01
   1.550000E-09    4.000000E+00    1.000000E+02    1.080000E+02    1.361728E+00   -1.301030E+00   -1.000000E+01    3.060509E+00   -1.000000E+01    3.248586E+00   -1.000000E+01   -1.000000E+01    4.100000E+00    9.752400E+00    2.550000E+00    4.000000E+00    3.400000E+01    2.921497E+00    1.954028E+00    3.450000E+00    1.033424E+00    1.495115E+00    9.432169E-04    6.788324E-11    3.000000E+00   -1.336299E+00   -1.774261E+00
   2.100000E-09    1.000000E+00    2.800000E-01    7.600000E-01    1.397940E+00   -6.695862E-01    1.367356E+00    3.991226E+00    8.870544E-01   -1.000000E+01   -1.000000E+01   -1.000000E+01    8.850000E+00    3.893900E+00    7.900000E-01    6.000000E+00    5.500000E+01    2.332971E+00    2.099903E+00    4.360000E+00    1.433656E+00    1.110990E+00    8.974315E-04    1.409113E-10    1.600000E+01   -1.075721E+00   -1.365650E+00
   9.450000E-10    2.000000E+00    3.700000E+01    7.500000E+01    1.397940E+00   -1.000000E+00   -1.000000E+01    3.361539E+00   -1.000000E+01    3.549616E+00   -1.000000E+01   -1.000000E+01    6.670000E+00    7.416700E+00    2.330000E+00    6.000000E+00    8.200000E+01    3.219752E+00    1.304142E+00    4.360000E+00    1.306860E+00    2.468867E+00    8.974315E-04    9.632502E-11    2.000000E+00    4.321374E-03   -6.269978E-02
   1.200000E-09    5.000000E+00    9.700000E+01    1.210000E+02    1.301030E+00   -1.000000E+00   -1.000000E+01    3.361728E+00   -1.000000E+01   -1.000000E+01   -1.000000E+01   -1.000000E+01    8.450000E+00    6.265700E+00    1.360000E+00    7.000000E+00    9.300000E+01    3.387005E+00    1.771792E+00    4.990000E+00    1.096014E+00    1.911627E+00    1.018135E-03    9.551391E-11    3.000000E+00   -1.042872E+00   -9.080912E-01
   2.100000E-09    1.000000E+00    3.400000E+00    8.200000E+00    1.477121E+00   -1.000000E+00    3.592177E+00   -1.000000E+01   -1.000000E+01   -1.000000E+01   -1.000000E+01   -1.000000E+01    6.200000E+00    3.893900E+00    7.900000E-01    6.000000E+00    5.500000E+01    2.332971E+00    2.065269E+00    4.360000E+00    1.382335E+00    1.129621E+00    7.959477E-04    9.712935E-11    1.800000E+01   -1.651695E+00   -1.925864E+00
   6.600000E-10    2.000000E+00    3.500000E+01    8.700000E+01    1.301030E+00   -1.000000E+00   -1.000000E+01    3.361728E+00   -1.000000E+01   -1.000000E+01   -1.000000E+01   -1.000000E+01    7.000000E+00    7.639900E+00    1.910000E+00    4.000000E+00    2.800000E+01    2.585791E+00    7.439657E-01    3.450000E+00    1.395451E+00    3.475686E+00    1.018135E-03    9.551391E-11    3.000000E+00   -5.606673E-01   -1.516195E-01
   1.200000E-09    5.000000E+00    2.712000E+01    7.600000E+01    6.989700E-01   -2.111259E+00    5.502284E-01    1.311966E+00    1.798858E+00    1.075912E+00    2.361822E+00    1.715753E+00    8.270000E+00    6.265700E+00    1.360000E+00    7.000000E+00    9.300000E+01    3.387005E+00    1.867340E+00    4.990000E+00    1.447524E+00    1.813813E+00    1.535544E-03    2.588402E-11    4.000000E+00   -1.214670E+00   -1.249185E+00
   7.200000E-10    2.000000E+00    6.680000E+01    2.310000E+01    1.397940E+00   -2.000000E+00   -1.000000E+01    2.361728E+00   -1.000000E+01   -1.000000E+01   -1.000000E+01   -1.000000E+01    6.969000E+00    8.993800E+00    1.690000E+00    5.000000E+00    4.800000E+01    3.130855E+00    9.661976E-01    3.850000E+00    5.388355E-01    3.240387E+00    8.974315E-04    3.046064E-11    6.000000E+00    2.530587E-02    1.526904E-01
   1.200000E-09    5.000000E+00    8.250000E+00    4.000000E+00    1.342423E+00   -2.308919E+00    5.910646E-01    1.812913E+00    1.255273E+00    1.845098E+00    2.089905E+00    9.822712E-01    8.520000E+00    6.265700E+00    1.360000E+00    7.000000E+00    9.300000E+01    3.387005E+00    1.759786E+00    4.990000E+00    6.856061E-01    1.924669E+00    9.673286E-04    2.123654E-11    1.300000E+01   -1.149967E+00   -4.980336E-01
   1.200000E-09    5.000000E+00    9.000000E-01    4.610000E+00    1.397940E+00   -1.425969E+00   -1.000000E+01    2.480007E+00    2.792392E+00   -1.000000E+01    2.480007E+00    2.792392E+00    8.400000E+00    6.265700E+00    1.360000E+00    7.000000E+00    9.300000E+01    3.387005E+00    1.742078E+00    4.990000E+00    1.709458E+00    1.944232E+00    8.974315E-04    5.898678E-11    1.300000E+01   -8.569852E-01   -8.338530E-01
   6.200000E-10    3.000000E+00    1.120000E+02    1.200000E+02    1.361728E+00   -1.000000E+00   -1.000000E+01    3.361539E+00   -1.000000E+01   -1.000000E+01   -1.000000E+01   -1.000000E+01    5.870000E+00    5.670400E+00    1.200000E+00    6.000000E+00    6.300000E+01    2.815295E+00    7.531981E-01    4.360000E+00    1.029963E+00    3.737788E+00    9.432169E-04    9.600140E-11    6.000000E+00    8.819550E-01    1.042214E+00
   7.200000E-10    6.000000E+00    2.630000E-01    1.610000E+00    1.397940E+00   -7.447275E-01    1.023541E+00    3.275353E+00    3.050086E+00    3.695744E+00    1.057050E+00    2.595326E+00    7.800000E+00    6.193900E+00    1.380000E+00    7.000000E+00    9.200000E+01    3.367543E+00    1.039241E+00    4.990000E+00    1.786870E+00    3.240387E+00    8.974315E-04    1.292336E-10    1.100000E+01   -2.546682E+00   -2.319356E+00
   7.300000E-10    2.000000E+00    4.223000E+01    1.080000E+02    1.297761E+00   -2.000000E+00   -1.000000E+01    2.361539E+00   -1.000000E+01    2.549616E+00   -1.000000E+01   -1.000000E+01    3.110000E+00    7.881000E+00    1.880000E+00    4.000000E+00    2.700000E+01    2.626276E+00    8.361822E-01    3.450000E+00    1.407803E+00    3.140793E+00    1.022090E-03    3.019642E-11    3.000000E+00   -2.924298E-01   -2.522012E-01
   6.600000E-10    2.000000E+00    2.400000E+01    8.750000E+01    1.903090E+00   -3.010300E-01   -1.000000E+01    4.060698E+00   -1.000000E+01   -1.000000E+01   -1.000000E+01   -1.000000E+01    8.370000E+00    7.639900E+00    1.910000E+00    4.000000E+00    2.800000E+01    2.585791E+00    6.175663E-01    3.450000E+00    1.561797E+00    4.187067E+00    3.546804E-04    2.344155E-10    3.000000E+00    9.375179E-01    7.836615E-01
   6.600000E-10    2.000000E+00    1.961000E+01    7.600000E+01    6.989700E-01   -2.111259E+00    5.502284E-01    1.311966E+00    1.798858E+00    1.075912E+00    2.361822E+00    1.715753E+00    6.820000E+00    7.639900E+00    1.910000E+00    4.000000E+00    2.800000E+01    2.585791E+00    7.840861E-01    3.450000E+00    1.588336E+00    3.297841E+00    1.535544E-03    2.588402E-11    9.000000E+00    2.304489E-01   -2.515683E-02
   1.200000E-09    5.000000E+00    2.000000E+00    5.000000E+00    1.397940E+00   -7.423214E-01    1.428135E+00    3.298853E+00    2.880814E+00    3.681241E+00    1.764176E+00    2.691081E+00    7.200000E+00    6.265700E+00    1.360000E+00    7.000000E+00    9.300000E+01    3.387005E+00    1.742078E+00    4.990000E+00    1.397940E+00    1.944232E+00    8.974315E-04    1.295921E-10    1.300000E+01   -1.795880E+00   -1.833250E+00
   6.030000E-10    2.000000E+00    2.800000E+01    1.210000E+02    1.397940E+00   -3.010300E-01   -1.000000E+01    4.060509E+00   -1.000000E+01   -1.000000E+01   -1.000000E+01   -1.000000E+01    1.077000E+01    6.113200E+00    1.000000E+00    4.000000E+00    2.000000E+01    2.313044E+00    5.978219E-01    3.450000E+00    1.635627E+00    3.869119E+00    8.974315E-04    2.153893E-10    3.000000E+00   -6.179830E-01   -7.773911E-01
   4.300000E-10    4.000000E+00    6.000000E+01    1.900000E+01    1.342423E+00   -2.156145E+00    8.976271E-01    1.929930E+00    1.178977E+00   -1.000000E+01   -1.000000E+01   -1.000000E+01    8.560000E+00    6.026000E+00    1.280000E+00    7.000000E+00    9.400000E+01    3.321587E+00    6.184103E-01    4.990000E+00    5.006024E-01    5.371170E+00    9.673286E-04    2.532041E-11    5.000000E+00    4.313638E-01    1.266024E+00
   7.200000E-10    6.000000E+00    5.660000E+01    8.000000E+01    1.397940E+00   -2.000000E+00   -1.000000E+01    2.361728E+00   -1.000000E+01   -1.000000E+01   -1.000000E+01   -1.000000E+01    9.840000E+00    6.193900E+00    1.380000E+00    7.000000E+00    9.200000E+01    3.367543E+00    1.039241E+00    4.990000E+00    1.150274E+00    3.240387E+00    8.974315E-04    3.046064E-11    3.000000E+00   -3.788237E-01   -2.945314E-01
   6.600000E-10    2.000000E+00    3.500000E+01    8.700000E+01    1.301030E+00   -2.004365E+00   -1.698970E+00   -7.351822E-01    2.120574E+00   -1.000000E+01   -1.000000E+01   -1.000000E+01    7.910000E+00    7.639900E+00    1.910000E+00    4.000000E+00    2.800000E+01    2.585791E+00    7.439657E-01    3.450000E+00    1.395451E+00    3.475686E+00    1.018135E-03    3.005275E-11    3.000000E+00    9.216865E-01    7.221409E-01
   6.200000E-10    3.000000E+00    3.100000E-01    1.000000E-02    1.322219E+00   -2.000000E+00   -1.000000E+01    2.361728E+00   -1.000000E+01   -1.000000E+01   -1.000000E+01   -1.000000E+01    6.839000E+00    5.670400E+00    1.200000E+00    6.000000E+00    6.300000E+01    2.815295E+00    7.583193E-01    4.360000E+00   -4.913618E-01    3.712545E+00    9.922914E-04    3.025562E-11    2.200000E+01    4.321374E-03   -8.640831E-02
   7.900000E-10    2.000000E+00    9.900000E+01    8.300000E+01    1.397940E+00   -1.000000E+00   -1.000000E+01    3.361728E+00   -1.000000E+01   -1.000000E+01   -1.000000E+01   -1.000000E+01    1.749000E+00    5.694900E+00    9.500000E-01    5.000000E+00    3.800000E+01    2.491348E+00    8.435911E-01    3.850000E+00    9.234429E-01    2.953264E+00    8.974315E-04    9.632502E-11    3.000000E+00   -2.703335E+00   -1.754861E+00
   1.550000E-09    4.000000E+00    4.920000E+01    6.500000E+00    1.349278E+00   -1.000000E+00    3.592177E+00   -1.000000E+01   -1.000000E+01    3.550228E+00   -1.000000E+01   -1.000000E+01    6.000000E+00    9.752400E+00    2.550000E+00    4.000000E+00    3.400000E+01    2.921497E+00    1.958326E+00    3.450000E+00    1.209482E-01    1.491834E+00    9.587942E-04    9.589598E-11    2.100000E+01   -1.477556E+00   -2.716452E+00
   6.200000E-10    3.000000E+00    2.300000E+00    9.300000E+00    1.342423E+00   -1.004365E+00   -1.000000E+01   -1.000000E+01    3.120574E+00    3.369216E+00   -1.000000E+01   -1.000000E+01    6.700000E+00    5.670400E+00    1.200000E+00    6.000000E+00    6.300000E+01    2.815295E+00    7.557500E-01    4.360000E+00    1.606755E+00    3.725167E+00    9.673286E-04    9.535878E-11    1.300000E+01    7.007037E-01   -1.293001E-01
   6.600000E-10    2.000000E+00    3.890000E+01    8.900000E+01    1.301030E+00   -2.000000E+00   -1.000000E+01    2.361728E+00   -1.000000E+01   -1.000000E+01   -1.000000E+01   -1.000000E+01    7.136000E+00    7.639900E+00    1.910000E+00    4.000000E+00    2.800000E+01    2.585791E+00    7.439657E-01    3.450000E+00    1.359440E+00    3.475686E+00    1.018135E-03    3.020415E-11    3.000000E+00    5.690485E-02    1.243708E-01
   7.200000E-10    2.000000E+00    6.680000E+01    2.310000E+01    1.397940E+00   -1.000000E+00   -1.000000E+01    3.361728E+00   -1.000000E+01   -1.000000E+01   -1.000000E+01   -1.000000E+01    5.517000E+00    8.993800E+00    1.690000E+00    5.000000E+00    4.800000E+01    3.130855E+00    9.661976E-01    3.850000E+00    5.388355E-01    3.240387E+00    8.974315E-04    9.632502E-11    6.000000E+00   -1.185752E+00   -7.877910E-01
   6.600000E-10    2.000000E+00    2.000000E+01    2.800000E+01    1.395326E+00   -2.000000E+00   -1.000000E+01    2.361539E+00   -1.000000E+01   -1.000000E+01   -1.000000E+01   -1.000000E+01    5.270000E+00    7.639900E+00    1.910000E+00    4.000000E+00    2.800000E+01    2.585791E+00    7.318575E-01    3.450000E+00    1.146128E+00    3.533189E+00    9.007563E-04    3.045298E-11    6.000000E+00    1.760913E-01   -9.422401E-01
   1.550000E-09    4.000000E+00    1.760000E+01    6.500000E+00    1.397940E+00   -1.000000E+00   -1.000000E+01    3.361728E+00   -1.000000E+01    3.550228E+00   -1.000000E+01   -1.000000E+01    8.020000E+00    9.752400E+00    2.550000E+00    4.000000E+00    3.400000E+01    2.921497E+00    1.940920E+00    3.450000E+00    5.674007E-01    1.505212E+00    8.974315E-04    9.632502E-11    2.100000E+01    1.461280E-01   -5.398186E-01
   2.100000E-09    1.000000E+00    4.000000E-01    4.000000E+00    1.397940E+00   -4.788619E-01    1.440909E+00    3.688420E+00    3.646404E+00   -1.000000E+01   -1.000000E+01   -1.000000E+01    7.450000E+00    3.893900E+00    7.900000E-01    6.000000E+00    5.500000E+01    2.332971E+00    2.099903E+00    4.360000E+00    2.000000E+00    1.110990E+00    8.974315E-04    1.755125E-10    1.300000E+01   -2.769551E+00   -2.602380E+00
