   1.970000E-09    1.000000E+00    1.744000E+00    8.200000E+01    1.380000E+00   -6.576000E-01    1.176000E+00    3.262000E+00    3.292000E+00    3.770000E+00    1.447000E+00    3.583000E+00    7.200000E+00    1.045000E+01    2.660000E+00    5.000000E+00    5.300000E+01    3.375000E+00    2.859000E+00    3.850000E+00    1.170000E+00    7.200000E-02    9.199000E-04   -9.846000E+00    2.000000E+00    2.000000E+00    1.300000E+03    8.000000E+01   -1.000000E+01   -1.000000E+00   -9.866000E+00   -9.809802E+00
   2.000000E-09    7.000000E+00    1.580000E+00    7.900000E+01    1.398000E+00   -1.000000E+00   -1.000000E+01    3.362000E+00   -1.000000E+01    3.550000E+00   -1.000000E+01   -1.000000E+01    8.000000E+00    7.280000E+00    1.900000E+00    5.000000E+00    4.300000E+01    2.817000E+00    2.415000E+00    3.850000E+00    1.318000E+00    6.690000E-02    8.974000E-04   -1.002000E+01    2.000000E+00    3.000000E+00    8.000000E+02    8.200000E+01   -1.000000E+01   -1.000000E+00   -9.367000E+00   -9.139230E+00
   2.090000E-09    1.000000E+00   -2.218000E-01    1.730000E+01    1.398000E+00   -1.959000E+00   -6.990000E-01    9.823000E-01    7.497000E-01    2.967000E-01    1.348000E+00    9.581000E-01    8.920000E+00    3.894000E+00    7.900000E-01    6.000000E+00    5.500000E+01    2.333000E+00    2.090000E+00    4.360000E+00    2.460000E+00    4.778000E-02    8.974000E-04   -1.050000E+01    2.700000E+01    1.000000E+00    2.430000E+03    0.000000E+00   -1.000000E+01    1.000000E+00   -1.066000E+01   -1.073610E+01
   1.200000E-09    5.000000E+00    1.602000E+00    1.400000E+02    1.301000E+00   -2.297000E+00   -1.000000E+01   -1.000000E+01    2.603000E+00   -1.000000E+01   -1.000000E+01   -1.000000E+01    6.000000E+00    6.266000E+00    1.360000E+00    7.000000E+00    9.300000E+01    3.387000E+00    1.772000E+00    4.990000E+00    1.544000E+00    2.814000E-01    1.018000E-03   -1.067000E+01    7.000000E+00    2.000000E+00    1.190000E+03    0.000000E+00   -1.000000E+01    1.000000E+00   -9.442000E+00   -9.461162E+00
   1.010000E-09    1.000000E+00    1.453000E+00    1.080000E+02    1.176000E+00   -1.000000E+00   -1.000000E+01    3.362000E+00   -1.000000E+01    3.550000E+00   -1.000000E+01   -1.000000E+01    6.352000E+00    5.139000E+00    9.300000E-01    3.000000E+00    1.100000E+01    1.777000E+00    7.958000E-01    2.890000E+00    1.580000E+00    3.488000E-01    1.162000E-03   -1.002000E+01    2.000000E+00    2.000000E+00    1.000000E+03    9.800000E+01   -1.000000E+01    1.000000E+00   -9.963000E+00   -9.927036E+00
   2.000000E-09    1.000000E+00    1.477000E+00    2.100000E+01    1.380000E+00   -6.576000E-01    2.000000E+00    2.230000E+00    2.544000E+00    3.090000E+00    2.000000E+00    2.230000E+00    7.200000E+00    1.297000E+01    3.160000E+00    3.000000E+00    1.700000E+01    2.822000E+00    2.427000E+00    2.890000E+00    8.451000E-01    6.544000E-02    9.199000E-04   -9.846000E+00    4.000000E+00    1.000000E+00    2.440000E+03    0.000000E+00   -1.000000E+01   -1.000000E+00   -1.119000E+01   -1.113276E+01
   2.140000E-09    0.000000E+00    1.477000E+00    2.100000E+01    1.398000E+00   -6.576000E-01    2.000000E+00    2.230000E+00    2.544000E+00    3.090000E+00    2.000000E+00    2.230000E+00    7.200000E+00    1.360000E+01    2.200000E+00    1.000000E+00    1.000000E+00    8.499000E-01    7.796000E-01    8.500000E-01    8.451000E-01    3.752000E-02    8.974000E-04   -9.845000E+00    4.000000E+00    1.000000E+00    2.440000E+03    0.000000E+00   -1.000000E+01    0.000000E+00   -1.040000E+01   -1.055892E+01
   1.560000E-09    1.000000E+00    1.453000E+00    1.080000E+02    1.176000E+00   -1.000000E+01   -1.000000E+01   -1.000000E+01   -1.000000E+01   -1.000000E+01   -1.000000E+01   -1.000000E+01    5.183000E+00    1.297000E+01    3.160000E+00    3.000000E+00    1.700000E+01    2.822000E+00    1.952000E+00    2.890000E+00    1.580000E+00    1.600000E-01    1.162000E-03   -1.452000E+01    2.000000E+00    2.000000E+00    1.100000E+03    9.800000E+01   -1.000000E+01   -1.000000E+00   -9.857000E+00   -9.803759E+00
   1.560000E-09    1.000000E+00    1.453000E+00    1.080000E+02    1.176000E+00   -1.000000E+01   -1.000000E+01   -1.000000E+01   -1.000000E+01   -1.000000E+01   -1.000000E+01   -1.000000E+01    5.356000E+00    1.297000E+01    3.160000E+00    3.000000E+00    1.700000E+01    2.822000E+00    1.952000E+00    2.890000E+00    1.580000E+00    1.600000E-01    1.162000E-03   -1.452000E+01    2.000000E+00    2.000000E+00    1.600000E+03    9.800000E+01   -1.000000E+01   -1.000000E+00   -1.028000E+01   -1.042329E+01
   6.020000E-10    3.000000E+00    1.580000E+00    7.900000E+01    1.398000E+00   -1.000000E+00   -1.000000E+01    3.362000E+00   -1.000000E+01    3.550000E+00   -1.000000E+01   -1.000000E+01    5.000000E+00    5.670000E+00    1.200000E+00    6.000000E+00    6.300000E+01    2.815000E+00    7.264000E-01    4.360000E+00    1.318000E+00    5.883000E-01    8.974000E-04   -1.002000E+01    2.000000E+00    3.000000E+00    1.000000E+03    8.200000E+01   -1.000000E+01    3.000000E+00   -1.008000E+01   -1.026783E+01
   2.090000E-09    1.000000E+00    1.453000E+00    1.080000E+02    1.398000E+00   -1.000000E+01   -1.000000E+01   -1.000000E+01   -1.000000E+01   -1.000000E+01   -1.000000E+01   -1.000000E+01    7.519000E+00    1.297000E+01    3.160000E+00    3.000000E+00    1.700000E+01    2.822000E+00    2.528000E+00    2.890000E+00    1.580000E+00    4.778000E-02    8.974000E-04   -1.452000E+01    2.000000E+00    2.000000E+00    1.000000E+03    9.800000E+01   -1.000000E+01   -1.000000E+00   -9.648000E+00   -9.658065E+00
   1.350000E-09    1.000000E+00    1.453000E+00    1.080000E+02    1.398000E+00   -1.000000E+01   -1.000000E+01   -1.000000E+01   -1.000000E+01   -1.000000E+01   -1.000000E+01   -1.000000E+01    6.673000E+00    5.139000E+00    9.300000E-01    3.000000E+00    1.100000E+01    1.777000E+00    1.028000E+00    2.890000E+00    1.580000E+00    2.376000E-01    8.974000E-04   -1.452000E+01    2.000000E+00    2.000000E+00    1.200000E+03    9.800000E+01   -1.000000E+01    1.000000E+00   -1.000000E+01   -9.930484E+00
   1.550000E-09    4.000000E+00    1.408000E+00    7.200000E+01    1.602000E+00   -1.301000E+00   -1.000000E+01    3.061000E+00   -1.000000E+01   -1.000000E+01   -1.000000E+01   -1.000000E+01    6.000000E+00    9.752000E+00    2.550000E+00    4.000000E+00    3.400000E+01    2.921000E+00    1.848000E+00    3.450000E+00    1.449000E+00    1.989000E-01    6.389000E-04   -1.016000E+01    2.000000E+00    1.000000E+00    1.600000E+03    7.500000E+01   -1.000000E+01   -1.000000E+00   -1.080000E+01   -1.043238E+01
   1.200000E-09    4.000000E+00    4.771000E-01    2.000000E+00    1.462000E+00    6.070000E-02   -1.000000E+01    4.403000E+00   -1.000000E+01   -1.000000E+01    4.785000E+00    3.682000E+00    8.870000E+00    6.266000E+00    1.360000E+00    7.000000E+00    9.300000E+01    3.387000E+00    1.719000E+00    4.990000E+00    8.239000E-01    2.945000E-01    8.149000E-04   -9.483000E+00    8.000000E+00    1.000000E+00    2.640000E+03    0.000000E+00   -1.000000E+01   -4.000000E+00   -1.255000E+01   -1.239559E+01
   2.090000E-09    1.000000E+00    1.453000E+00    1.080000E+02    1.398000E+00   -1.000000E+01   -1.000000E+01   -1.000000E+01   -1.000000E+01   -1.000000E+01   -1.000000E+01   -1.000000E+01    7.121000E+00    1.297000E+01    3.160000E+00    3.000000E+00    1.700000E+01    2.822000E+00    2.528000E+00    2.890000E+00    1.580000E+00    4.778000E-02    8.974000E-04   -1.452000E+01    2.000000E+00    2.000000E+00    1.800000E+03    9.800000E+01   -1.000000E+01   -1.000000E+00   -1.034000E+01   -1.026110E+01
   2.000000E-09    1.000000E+00    1.279000E+00    9.300000E+01    1.380000E+00   -2.000000E+00   -1.000000E+01    2.362000E+00   -1.000000E+01    2.550000E+00   -1.000000E+01   -1.000000E+01    1.250000E+01    1.297000E+01    3.160000E+00    3.000000E+00    1.700000E+01    2.822000E+00    2.427000E+00    2.890000E+00    1.690000E+00    6.544000E-02    9.199000E-04   -1.052000E+01    2.000000E+00    1.000000E+00    1.600000E+03    4.800000E+01    1.477000E+00   -1.000000E+00   -1.107000E+01   -1.111674E+01
   2.140000E-09    0.000000E+00   -1.549000E-01    1.000000E+01    1.362000E+00   -5.157000E-01    1.000000E+00    3.380000E+00    3.405000E+00    3.922000E+00    1.230000E+00    2.230000E+00    8.770000E+00    1.360000E+01    2.200000E+00    1.000000E+00    1.000000E+00    8.499000E-01    7.849000E-01    8.500000E-01    2.155000E+00    3.459000E-02    9.432000E-04   -9.776000E+00    1.400000E+01    1.000000E+00    2.610000E+03    0.000000E+00   -1.000000E+01    0.000000E+00   -1.074000E+01   -1.089999E+01
   2.000000E-09    1.000000E+00    1.580000E+00    7.900000E+01    1.398000E+00   -1.365000E+00    1.990000E+00    2.225000E+00    2.538000E+00    3.094000E+00   -1.000000E+01    2.238000E+00    7.800000E+00    4.341000E+00    8.200000E-01    4.000000E+00    1.900000E+01    1.949000E+00    1.671000E+00    3.450000E+00    1.318000E+00    6.690000E-02    8.974000E-04   -1.020000E+01    2.000000E+00    1.000000E+00    1.700000E+03    8.200000E+01   -1.000000E+01    1.000000E+00   -9.854000E+00   -9.401764E+00
   2.000000E-09    1.000000E+00    1.453000E+00    1.080000E+02    1.602000E+00   -2.924000E-01   -1.000000E+01    4.069000E+00   -1.000000E+01    4.257000E+00   -1.000000E+01   -1.000000E+01    5.888000E+00    1.045000E+01    2.660000E+00    5.000000E+00    5.300000E+01    3.375000E+00    2.755000E+00    3.850000E+00    1.580000E+00    8.822000E-02    6.389000E-04   -9.652000E+00    2.000000E+00    2.000000E+00    1.380000E+03    9.999000E+01   -1.000000E+01   -1.000000E+00   -9.987000E+00   -9.946795E+00
   2.100000E-09    5.000000E+00    1.279000E+00    9.300000E+01    1.398000E+00   -1.000000E+01   -1.000000E+01   -1.000000E+01   -1.000000E+01   -1.000000E+01   -1.000000E+01   -1.000000E+01    1.250000E+01    6.759000E+00    1.600000E+00    5.000000E+00    4.100000E+01    2.714000E+00    2.443000E+00    3.850000E+00    1.690000E+00    4.571000E-02    8.974000E-04   -1.452000E+01    2.000000E+00    2.000000E+00    1.600000E+03    4.750000E+01   -1.000000E+01   -1.000000E+00   -1.005000E+01   -9.988274E+00
   2.090000E-09    1.000000E+00    1.744000E+00    8.200000E+01    1.380000E+00   -6.108000E-01    1.176000E+00    3.262000E+00    3.292000E+00    3.770000E+00    1.447000E+00    3.051000E+00    7.200000E+00    3.894000E+00    7.900000E-01    6.000000E+00    5.500000E+01    2.333000E+00    2.097000E+00    4.360000E+00    1.170000E+00    4.632000E-02    9.199000E-04   -9.822000E+00    2.000000E+00    1.000000E+00    1.370000E+03    8.000000E+01   -1.000000E+01    1.000000E+00   -1.068000E+01   -1.101090E+01
   2.000000E-09    1.000000E+00    1.580000E+00    7.900000E+01    1.380000E+00   -6.615000E-01    1.893000E+00    3.508000E+00    2.904000E+00    3.805000E+00    1.785000E+00    2.584000E+00    7.700000E+00    1.045000E+01    2.660000E+00    5.000000E+00    5.300000E+01    3.375000E+00    2.903000E+00    3.850000E+00    1.318000E+00    6.544000E-02    9.199000E-04   -9.848000E+00    2.000000E+00    1.000000E+00    1.800000E+03    8.500000E+01    1.176000E+00   -1.000000E+00   -1.128000E+01   -1.126250E+01
   2.000000E-09    1.000000E+00    1.279000E+00    9.300000E+01    1.398000E+00   -3.010000E-01   -1.000000E+01    4.061000E+00   -1.000000E+01   -1.000000E+01   -1.000000E+01   -1.000000E+01    1.250000E+01    1.045000E+01    2.660000E+00    5.000000E+00    5.300000E+01    3.375000E+00    2.893000E+00    3.850000E+00    1.690000E+00    6.690000E-02    8.974000E-04   -9.667000E+00    2.000000E+00    1.000000E+00    1.600000E+03    4.750000E+01    1.477000E+00   -1.000000E+00   -1.039000E+01   -1.036158E+01
   1.200000E-09    5.000000E+00    1.580000E+00    7.900000E+01    1.398000E+00   -1.456000E+00    1.041000E+00    2.824000E+00    8.202000E-01    2.121000E+00   -1.000000E+01    2.940000E+00    8.900000E+00    6.266000E+00    1.360000E+00    7.000000E+00    9.300000E+01    3.387000E+00    1.742000E+00    4.990000E+00    1.318000E+00    2.887000E-01    8.974000E-04   -1.024000E+01    2.000000E+00    2.000000E+00    2.000000E+03    8.000000E+01   -1.000000E+01    1.000000E+00   -1.073000E+01   -1.076929E+01
   5.740000E-09    1.000000E+00    1.744000E+00    8.200000E+01    1.954000E+00    1.335000E-01    1.469000E+00    3.704000E+00    4.176000E+00    4.535000E+00    1.000000E+00    2.898000E+00    8.810000E+00    1.297000E+01    3.160000E+00    3.000000E+00    1.700000E+01    2.822000E+00    5.700000E+00    2.890000E+00    1.170000E+00   -3.053000E-01    3.270000E-04   -9.407000E+00    2.000000E+00    2.000000E+00    1.650000E+03    8.000000E+01    1.699000E+00   -1.000000E+00   -9.425000E+00   -9.566646E+00
   1.460000E-09    7.000000E+00    1.780000E+00    7.600000E+01    1.301000E+00   -3.010000E-01   -1.000000E+01    4.061000E+00   -1.000000E+01    4.249000E+00   -1.000000E+01   -1.000000E+01    7.000000E+00    7.834000E+00    1.900000E+00    6.000000E+00    7.500000E+01    3.309000E+00    2.106000E+00    4.360000E+00    1.100000E+00    1.962000E-01    1.018000E-03   -9.670000E+00    2.000000E+00    1.000000E+00    1.300000E+03    4.600000E+01   -1.000000E+01   -1.000000E+00   -1.011000E+01   -1.012676E+01
   1.010000E-09    1.000000E+00    1.453000E+00    1.080000E+02    1.176000E+00   -1.000000E+01   -1.000000E+01   -1.000000E+01   -1.000000E+01   -1.000000E+01   -1.000000E+01   -1.000000E+01    6.034000E+00    5.139000E+00    9.300000E-01    3.000000E+00    1.100000E+01    1.777000E+00    7.958000E-01    2.890000E+00    1.580000E+00    3.488000E-01    1.162000E-03   -1.452000E+01    2.000000E+00    2.000000E+00    1.200000E+03    9.800000E+01   -1.000000E+01    1.000000E+00   -1.013000E+01   -1.010118E+01
   2.140000E-09    0.000000E+00    1.279000E+00    9.300000E+01    1.362000E+00   -2.573000E-01   -1.000000E+01    4.072000E+00    2.903000E+00    4.260000E+00   -1.000000E+01   -1.000000E+01    1.250000E+01    1.360000E+01    2.200000E+00    1.000000E+00    1.000000E+00    8.499000E-01    7.849000E-01    8.500000E-01    1.690000E+00    3.459000E-02    9.432000E-04   -9.646000E+00    2.000000E+00    1.000000E+00    1.200000E+03    4.800000E+01   -1.000000E+01    0.000000E+00   -1.000000E+01   -9.825738E+00
   2.090000E-09    1.000000E+00    1.580000E+00    7.900000E+01    1.398000E+00   -1.857000E+00    5.922000E-01    2.449000E+00    1.255000E+00    2.603000E+00    1.785000E+00    9.827000E-01    8.100000E+00    3.894000E+00    7.900000E-01    6.000000E+00    5.500000E+01    2.333000E+00    2.090000E+00    4.360000E+00    1.318000E+00    4.778000E-02    8.974000E-04   -1.044000E+01    2.000000E+00    5.000000E+00    1.800000E+03    8.000000E+01   -1.000000E+01    1.000000E+00   -9.167000E+00   -9.481821E+00
   1.460000E-09    7.000000E+00    1.408000E+00    7.200000E+01    1.544000E+00   -1.301000E+00   -1.000000E+01    3.061000E+00   -1.000000E+01    3.249000E+00   -1.000000E+01   -1.000000E+01    4.000000E+00    7.834000E+00    1.900000E+00    6.000000E+00    7.500000E+01    3.309000E+00    2.004000E+00    4.360000E+00    1.449000E+00    2.179000E-01    7.106000E-04   -1.016000E+01    2.000000E+00    1.000000E+00    1.600000E+03    7.500000E+01   -1.000000E+01   -1.000000E+00   -1.035000E+01   -1.053641E+01
   2.090000E-09    1.000000E+00    1.447000E+00    1.080000E+02    1.398000E+00   -1.000000E+01   -1.000000E+01   -1.000000E+01   -1.000000E+01   -1.000000E+01   -1.000000E+01   -1.000000E+01    9.500000E+00    3.894000E+00    7.900000E-01    6.000000E+00    5.500000E+01    2.333000E+00    2.090000E+00    4.360000E+00    1.586000E+00    4.778000E-02    8.974000E-04   -1.452000E+01    2.000000E+00    2.000000E+00    8.900000E+02    1.000000E+02   -1.000000E+01    1.000000E+00   -9.582000E+00   -9.562184E+00
   8.480000E-10    2.000000E+00    4.771000E-01    2.000000E+00    1.398000E+00   -1.523000E+00   -1.000000E+01   -1.000000E+01    2.603000E+00    2.851000E+00   -1.000000E+01   -1.000000E+01    6.250000E+00    5.212000E+00    8.900000E-01    6.000000E+00    5.600000E+01    2.699000E+00    9.810000E-01    4.360000E+00    8.239000E-01    4.395000E-01    8.974000E-04   -1.028000E+01    8.000000E+00    1.000000E+00    2.640000E+03    0.000000E+00   -1.000000E+01    2.000000E+00   -1.267000E+01   -1.247549E+01
   1.550000E-09    1.000000E+00    1.453000E+00    1.080000E+02    1.477000E+00   -1.000000E+01   -1.000000E+01   -1.000000E+01   -1.000000E+01   -1.000000E+01   -1.000000E+01   -1.000000E+01    6.185000E+00    5.139000E+00    9.300000E-01    3.000000E+00    1.100000E+01    1.777000E+00    1.161000E+00    2.890000E+00    1.580000E+00    1.848000E-01    7.959000E-04   -1.451000E+01    2.000000E+00    2.000000E+00    1.800000E+03    9.800000E+01   -1.000000E+01    1.000000E+00   -1.053000E+01   -1.039512E+01
   5.000000E-10    3.000000E+00    1.547000E+00    7.000000E+01    1.301000E+00   -3.010000E-01   -1.000000E+01    4.061000E+00   -1.000000E+01    4.249000E+00   -1.000000E+01   -1.000000E+01    5.100000E+00    5.539000E+00    1.120000E+00    6.000000E+00    5.800000E+01    2.782000E+00    6.065000E-01    4.360000E+00    1.299000E+00    6.616000E-01    1.018000E-03   -9.670000E+00    2.000000E+00    1.000000E+00    1.800000E+03    3.680000E+01   -1.000000E+01   -1.000000E+00   -1.106000E+01   -1.088043E+01
   4.300000E-10    4.000000E+00    1.279000E+00    9.300000E+01    1.398000E+00    0.000000E+00   -1.000000E+01   -1.000000E+01   -1.000000E+01   -1.000000E+01   -1.000000E+01   -1.000000E+01    9.000000E+00    6.194000E+00    1.380000E+00    7.000000E+00    9.200000E+01    3.368000E+00    6.207000E-01    4.990000E+00    1.690000E+00    7.345000E-01    8.974000E-04   -9.516000E+00    2.000000E+00    2.000000E+00    1.400000E+03    4.750000E+01   -1.000000E+01    0.000000E+00   -1.042000E+01   -1.039191E+01
   1.550000E-09    4.000000E+00    6.232000E-01    6.700000E+01    1.491000E+00   -1.301000E+00   -1.000000E+01    3.061000E+00   -1.000000E+01   -1.000000E+01   -1.000000E+01   -1.000000E+01    7.580000E+00    9.752000E+00    2.550000E+00    4.000000E+00    3.400000E+01    2.921000E+00    1.903000E+00    3.450000E+00    2.203000E+00    1.863000E-01    7.777000E-04   -1.016000E+01    1.300000E+01    1.000000E+00    2.560000E+03    0.000000E+00   -1.000000E+01   -1.000000E+00   -1.304000E+01   -1.280181E+01
   2.000000E-09    7.000000E+00    2.477000E+00    5.000000E+01    1.362000E+00   -5.867000E-01    1.146000E+00    3.279000E+00    3.322000E+00    3.785000E+00    1.833000E+00    3.000000E+00    7.500000E+00    7.280000E+00    1.900000E+00    5.000000E+00    4.300000E+01    2.817000E+00    2.431000E+00    3.850000E+00    2.218000E-01    6.398000E-02    9.432000E-04   -9.811000E+00    2.600000E+01    1.000000E+00    1.280000E+03    3.500000E+01   -3.010000E-01   -1.000000E+00   -1.036000E+01   -1.092255E+01
   2.090000E-09    1.000000E+00    1.580000E+00    7.900000E+01    1.398000E+00   -1.456000E+00    1.041000E+00    2.824000E+00    8.202000E-01    2.121000E+00   -1.000000E+01    2.940000E+00    8.900000E+00    3.894000E+00    7.900000E-01    6.000000E+00    5.500000E+01    2.333000E+00    2.090000E+00    4.360000E+00    1.318000E+00    4.778000E-02    8.974000E-04   -1.024000E+01    2.000000E+00    2.000000E+00    2.000000E+03    8.000000E+01   -1.000000E+01    1.000000E+00   -1.049000E+01   -1.018257E+01
   2.090000E-09    1.000000E+00    1.453000E+00    1.080000E+02    1.398000E+00   -1.000000E+00   -1.000000E+01    3.362000E+00   -1.000000E+01    3.550000E+00   -1.000000E+01   -1.000000E+01    7.287000E+00    1.297000E+01    3.160000E+00    3.000000E+00    1.700000E+01    2.822000E+00    2.528000E+00    2.890000E+00    1.580000E+00    4.778000E-02    8.974000E-04   -1.002000E+01    2.000000E+00    2.000000E+00    1.000000E+03    9.800000E+01   -1.000000E+01   -1.000000E+00   -9.648000E+00   -9.658713E+00
   3.690000E-09    1.000000E+00    1.453000E+00    1.080000E+02    1.699000E+00   -1.000000E+01   -1.000000E+01   -1.000000E+01   -1.000000E+01   -1.000000E+01   -1.000000E+01   -1.000000E+01    5.936000E+00    1.297000E+01    3.160000E+00    3.000000E+00    1.700000E+01    2.822000E+00    4.118000E+00    2.890000E+00    1.580000E+00   -1.641000E-01    5.279000E-04   -1.450000E+01    2.000000E+00    2.000000E+00    1.400000E+03    9.800000E+01   -1.000000E+01   -1.000000E+00   -9.733000E+00   -9.708851E+00
   5.490000E-09    1.000000E+00    1.477000E+00    6.010000E+01    1.845000E+00   -3.699000E+00   -1.000000E+01    6.628000E-01   -1.000000E+01   -1.000000E+01    1.086000E+00   -1.000000E+01    6.403000E+00    3.894000E+00    7.900000E-01    6.000000E+00    5.500000E+01    2.333000E+00    4.770000E+00    4.360000E+00    1.302000E+00   -3.106000E-01    3.939000E-04   -1.134000E+01    2.000000E+00    2.000000E+00    7.600000E+02    5.000000E+01   -1.000000E+01    1.000000E+00   -8.618000E+00   -9.051977E+00
   1.350000E-09    1.000000E+00    1.453000E+00    1.080000E+02    1.398000E+00   -1.000000E+01   -1.000000E+01   -1.000000E+01   -1.000000E+01   -1.000000E+01   -1.000000E+01   -1.000000E+01    6.323000E+00    5.139000E+00    9.300000E-01    3.000000E+00    1.100000E+01    1.777000E+00    1.028000E+00    2.890000E+00    1.580000E+00    2.376000E-01    8.974000E-04   -1.452000E+01    2.000000E+00    2.000000E+00    1.800000E+03    9.800000E+01    1.591000E+00    1.000000E+00   -1.037000E+01   -1.038339E+01
   2.100000E-09    0.000000E+00    2.025000E+00    8.100000E+01    1.398000E+00    0.000000E+00   -1.000000E+01    4.362000E+00   -1.000000E+01    4.550000E+00   -1.000000E+01   -1.000000E+01    1.250000E+01    1.360000E+01    2.200000E+00    1.000000E+00    1.000000E+00    8.499000E-01    7.650000E-01    8.500000E-01    8.832000E-01    4.571000E-02    8.974000E-04   -9.516000E+00    2.500000E+01    1.000000E+00    1.650000E+03    0.000000E+00   -1.000000E+01    0.000000E+00   -1.004000E+01   -1.011574E+01
   1.970000E-09    0.000000E+00    2.025000E+00    8.100000E+01    1.352000E+00   -2.000000E+00   -1.000000E+01    2.362000E+00   -1.000000E+01    2.550000E+00   -1.000000E+01   -1.000000E+01    1.250000E+01    1.360000E+01    2.200000E+00    1.000000E+00    1.000000E+00    8.499000E-01    7.237000E-01    8.500000E-01    8.832000E-01    6.981000E-02    9.552000E-04   -1.052000E+01    2.500000E+01    1.000000E+00    1.650000E+03    0.000000E+00   -1.000000E+01    0.000000E+00   -1.008000E+01   -1.026735E+01
   9.000000E-10    4.000000E+00    1.279000E+00    9.300000E+01    1.398000E+00   -1.000000E+01   -1.000000E+01   -1.000000E+01   -1.000000E+01   -1.000000E+01   -1.000000E+01   -1.000000E+01    1.300000E+01    7.344000E+00    1.960000E+00    5.000000E+00    5.000000E+01    2.829000E+00    1.091000E+00    3.850000E+00    1.690000E+00    4.137000E-01    8.974000E-04   -1.452000E+01    2.000000E+00    2.000000E+00    4.000000E+02    4.750000E+01   -1.000000E+01    4.000000E+00   -9.453000E+00   -9.490215E+00
   2.000000E-09    1.000000E+00    6.021000E-01    6.700000E+01    1.398000E+00   -1.523000E+00   -1.000000E+01   -1.000000E+01   -1.000000E+01    2.851000E+00   -1.000000E+01   -1.000000E+01    6.500000E+00    1.045000E+01    2.660000E+00    5.000000E+00    5.300000E+01    3.375000E+00    2.893000E+00    3.850000E+00    2.224000E+00    6.690000E-02    8.974000E-04   -1.028000E+01    1.300000E+01    1.000000E+00    2.640000E+03    0.000000E+00   -1.000000E+01   -1.000000E+00   -1.214000E+01   -1.221325E+01
   5.000000E-10    3.000000E+00    1.547000E+00    7.000000E+01    1.301000E+00   -3.010000E-01   -1.000000E+01    4.061000E+00   -1.000000E+01    4.249000E+00   -1.000000E+01   -1.000000E+01    5.100000E+00    5.539000E+00    1.120000E+00    6.000000E+00    5.800000E+01    2.782000E+00    6.065000E-01    4.360000E+00    1.299000E+00    6.616000E-01    1.018000E-03   -9.670000E+00    2.000000E+00    1.000000E+00    1.300000E+03    3.680000E+01   -1.000000E+01   -1.000000E+00   -1.072000E+01   -1.061735E+01
   1.350000E-09    1.000000E+00    1.453000E+00    1.080000E+02    1.398000E+00   -6.990000E-01   -1.000000E+01    3.663000E+00   -1.000000E+01    3.851000E+00   -1.000000E+01   -1.000000E+01    6.798000E+00    5.139000E+00    9.300000E-01    3.000000E+00    1.100000E+01    1.777000E+00    1.028000E+00    2.890000E+00    1.580000E+00    2.376000E-01    8.974000E-04   -9.866000E+00    2.000000E+00    2.000000E+00    1.000000E+03    9.800000E+01   -1.000000E+01    1.000000E+00   -9.839000E+00   -9.807403E+00
   9.230000E-10    4.000000E+00    1.279000E+00    9.300000E+01    1.398000E+00   -6.108000E-01   -1.000000E+01    3.760000E+00   -1.000000E+01   -1.000000E+01    3.941000E+00    3.363000E+00    1.050000E+01    1.126000E+01    2.550000E+00    2.000000E+00    6.000000E+00    1.811000E+00    7.164000E-01    1.990000E+00    1.690000E+00    4.027000E-01    8.974000E-04   -9.822000E+00    2.000000E+00    1.000000E+00    1.600000E+03    4.750000E+01   -1.000000E+01   -2.000000E+00   -1.072000E+01   -1.095566E+01
   1.010000E-09    1.000000E+00    1.453000E+00    1.080000E+02    1.176000E+00   -1.000000E+01   -1.000000E+01   -1.000000E+01   -1.000000E+01   -1.000000E+01   -1.000000E+01   -1.000000E+01    6.909000E+00    5.139000E+00    9.300000E-01    3.000000E+00    1.100000E+01    1.777000E+00    7.958000E-01    2.890000E+00    1.580000E+00    3.488000E-01    1.162000E-03   -1.452000E+01    2.000000E+00    2.000000E+00    1.000000E+03    9.800000E+01   -1.000000E+01    1.000000E+00   -9.979000E+00   -9.948341E+00
   9.560000E-10    4.000000E+00    1.279000E+00    9.300000E+01    1.398000E+00   -3.010000E-01   -1.000000E+01    4.061000E+00   -1.000000E+01    4.250000E+00   -1.000000E+01   -1.000000E+01    1.250000E+01    1.126000E+01    2.550000E+00    2.000000E+00    6.000000E+00    1.811000E+00    7.420000E-01    1.990000E+00    1.690000E+00    3.875000E-01    8.974000E-04   -9.667000E+00    2.000000E+00    1.000000E+00    1.600000E+03    5.000000E+01   -1.000000E+01   -2.000000E+00   -1.125000E+01   -1.119000E+01
   7.600000E-10    2.000000E+00    1.580000E+00    7.900000E+01    1.362000E+00   -1.365000E+00    1.990000E+00    2.225000E+00    2.538000E+00    3.094000E+00   -1.000000E+01    2.238000E+00    7.800000E+00    6.113000E+00    1.000000E+00    4.000000E+00    2.000000E+01    2.313000E+00    7.586000E-01    3.450000E+00    1.318000E+00    4.842000E-01    9.432000E-04   -1.020000E+01    2.000000E+00    1.000000E+00    1.700000E+03    8.200000E+01   -1.000000E+01    2.000000E+00   -9.854000E+00   -9.816516E+00
   1.560000E-09    1.000000E+00    1.453000E+00    1.080000E+02    1.176000E+00   -1.000000E+01   -1.000000E+01   -1.000000E+01   -1.000000E+01   -1.000000E+01   -1.000000E+01   -1.000000E+01    5.500000E+00    1.297000E+01    3.160000E+00    3.000000E+00    1.700000E+01    2.822000E+00    1.952000E+00    2.890000E+00    1.580000E+00    1.600000E-01    1.162000E-03   -1.452000E+01    2.000000E+00    2.000000E+00    9.000000E+02    9.800000E+01   -1.000000E+01   -1.000000E+00   -9.697000E+00   -9.689301E+00
   9.560000E-10    4.000000E+00    1.279000E+00    9.300000E+01    1.398000E+00   -3.010000E-01   -1.000000E+01    4.061000E+00   -1.000000E+01    4.250000E+00   -1.000000E+01   -1.000000E+01    1.250000E+01    1.126000E+01    2.550000E+00    2.000000E+00    6.000000E+00    1.811000E+00    7.420000E-01    1.990000E+00    1.690000E+00    3.875000E-01    8.974000E-04   -9.667000E+00    2.000000E+00    1.000000E+00    1.600000E+03    5.000000E+01    1.477000E+00   -2.000000E+00   -1.096000E+01   -1.092835E+01
   2.000000E-09    7.000000E+00    1.744000E+00    8.200000E+01    1.398000E+00   -5.918000E-01    1.146000E+00    3.279000E+00    3.330000E+00    3.785000E+00    1.831000E+00    3.016000E+00    7.500000E+00    7.280000E+00    1.900000E+00    5.000000E+00    4.300000E+01    2.817000E+00    2.415000E+00    3.850000E+00    1.170000E+00    6.690000E-02    8.974000E-04   -9.812000E+00    2.000000E+00    2.000000E+00    9.200000E+02    8.000000E+01   -1.000000E+01   -1.000000E+00   -9.536000E+00   -9.582510E+00
   2.090000E-09    1.000000E+00    1.447000E+00    1.080000E+02    1.398000E+00   -1.000000E+01   -1.000000E+01   -1.000000E+01   -1.000000E+01   -1.000000E+01   -1.000000E+01   -1.000000E+01    1.200000E+01    3.894000E+00    7.900000E-01    6.000000E+00    5.500000E+01    2.333000E+00    2.090000E+00    4.360000E+00    1.586000E+00    4.778000E-02    8.974000E-04   -1.452000E+01    2.000000E+00    2.000000E+00    9.100000E+02    1.000000E+02   -1.000000E+01    1.000000E+00   -9.599000E+00   -9.612109E+00
   6.240000E-10    3.000000E+00    1.279000E+00    9.300000E+01    1.398000E+00   -2.190000E-01   -1.000000E+01    4.105000E+00    2.983000E+00    2.697000E+00    2.086000E+00   -1.000000E+01    1.250000E+01    5.974000E+00    1.300000E+00    7.000000E+00    9.500000E+01    3.307000E+00    8.845000E-01    4.990000E+00    1.690000E+00    5.727000E-01    8.974000E-04   -9.626000E+00    2.000000E+00    2.000000E+00    1.800000E+03    4.750000E+01   -1.000000E+01    3.000000E+00   -1.065000E+01   -1.067014E+01
   2.032000E-10    1.000000E+00    1.748000E+00    1.110000E+02    1.602000E+00   -7.620000E-01    1.567000E+00    3.375000E+00    2.707000E+00    3.224000E+00    1.850000E+00    3.685000E+00    7.570000E+00    1.297000E+01    3.160000E+00    3.000000E+00    1.700000E+01    2.822000E+00    2.340000E-01    2.890000E+00    1.297000E+00    1.081000E+00    6.389000E-04   -9.887000E+00    2.000000E+00    1.000000E+00    1.200000E+03    9.200000E+01   -1.000000E+01   -1.000000E+00   -9.756000E+00   -9.815334E+00
   2.570000E-09    1.000000E+00    1.453000E+00    1.080000E+02    1.699000E+00   -3.010000E-01   -1.000000E+01    4.061000E+00   -1.000000E+01    4.249000E+00   -1.000000E+01   -1.000000E+01    6.851000E+00    5.139000E+00    9.300000E-01    3.000000E+00    1.100000E+01    1.777000E+00    1.806000E+00    2.890000E+00    1.580000E+00   -7.034000E-03    5.279000E-04   -9.649000E+00    2.000000E+00    2.000000E+00    1.000000E+03    9.800000E+01   -1.000000E+01    1.000000E+00   -9.559000E+00   -9.550146E+00
   9.230000E-10    4.000000E+00    1.279000E+00    9.300000E+01    1.398000E+00    6.990000E-01   -1.000000E+01    5.061000E+00   -1.000000E+01   -1.000000E+01   -1.000000E+01   -1.000000E+01    1.250000E+01    1.126000E+01    2.550000E+00    2.000000E+00    6.000000E+00    1.811000E+00    7.164000E-01    1.990000E+00    1.690000E+00    4.027000E-01    8.974000E-04   -9.167000E+00    2.000000E+00    1.000000E+00    1.600000E+03    4.750000E+01    1.699000E+00   -2.000000E+00   -1.072000E+01   -1.065908E+01
   5.000000E-10    3.000000E+00    1.408000E+00    7.200000E+01    1.301000E+00   -4.765000E-01    1.717000E+00    3.897000E+00   -1.000000E+01    3.706000E+00    2.547000E+00    3.301000E+00    8.600000E+00    5.539000E+00    1.120000E+00    6.000000E+00    5.800000E+01    2.782000E+00    6.065000E-01    4.360000E+00    1.449000E+00    6.616000E-01    1.018000E-03   -9.758000E+00    2.000000E+00    1.000000E+00    1.300000E+03    7.500000E+01    1.477000E+00   -1.000000E+00   -1.032000E+01   -1.077212E+01
   2.140000E-09    0.000000E+00    1.580000E+00    7.900000E+01    1.398000E+00   -1.166000E+00    2.934000E+00    2.265000E+00    2.882000E+00    3.027000E+00   -1.000000E+01    1.061000E+00    1.250000E+01    1.360000E+01    2.200000E+00    1.000000E+00    1.000000E+00    8.499000E-01    7.796000E-01    8.500000E-01    1.318000E+00    3.752000E-02    8.974000E-04   -1.010000E+01    2.000000E+00    1.000000E+00    1.700000E+03    8.200000E+01   -1.000000E+01    0.000000E+00   -1.014000E+01   -1.022225E+01
   2.030000E-09    1.000000E+00    1.453000E+00    1.100000E+02    1.362000E+00   -2.000000E+00   -1.000000E+01    2.362000E+00   -1.000000E+01    4.549000E+00   -1.000000E+01   -1.000000E+01    7.000000E+00    1.045000E+01    2.660000E+00    5.000000E+00    5.300000E+01    3.375000E+00    2.956000E+00    3.850000E+00    1.588000E+00    5.751000E-02    9.432000E-04   -1.052000E+01    2.000000E+00    1.000000E+00    8.000000E+02    9.800000E+01   -1.000000E+01   -1.000000E+00   -1.161000E+01   -1.000834E+01
   6.600000E-10    2.000000E+00    1.279000E+00    9.300000E+01    1.398000E+00    8.198000E-01   -1.000000E+01    5.178000E+00    3.983000E+00    5.366000E+00    2.086000E+00   -1.000000E+01    1.250000E+01    7.640000E+00    1.910000E+00    4.000000E+00    2.800000E+01    2.586000E+00    7.315000E-01    3.450000E+00    1.690000E+00    5.484000E-01    8.974000E-04   -9.106000E+00    2.000000E+00    2.000000E+00    1.800000E+03    4.750000E+01   -1.000000E+01    2.000000E+00   -1.063000E+01   -1.065722E+01
   6.020000E-10    3.000000E+00    1.580000E+00    7.900000E+01    1.398000E+00   -1.000000E+00   -1.000000E+01    3.362000E+00   -1.000000E+01    3.550000E+00   -1.000000E+01   -1.000000E+01    5.000000E+00    5.670000E+00    1.200000E+00    6.000000E+00    6.300000E+01    2.815000E+00    7.264000E-01    4.360000E+00    1.318000E+00    5.883000E-01    8.974000E-04   -1.002000E+01    2.000000E+00    3.000000E+00    1.000000E+03    8.200000E+01   -1.000000E+01    3.000000E+00   -9.721000E+00   -1.026783E+01
   1.350000E-09    1.000000E+00    1.453000E+00    1.080000E+02    1.398000E+00   -1.301000E+00   -1.000000E+01    3.061000E+00   -1.000000E+01    3.249000E+00   -1.000000E+01   -1.000000E+01    7.374000E+00    5.139000E+00    9.300000E-01    3.000000E+00    1.100000E+01    1.777000E+00    1.028000E+00    2.890000E+00    1.580000E+00    2.376000E-01    8.974000E-04   -1.017000E+01    2.000000E+00    2.000000E+00    1.000000E+03    9.800000E+01   -1.000000E+01    1.000000E+00   -9.839000E+00   -9.827553E+00
   1.360000E-09    5.000000E+00    1.453000E+00    1.080000E+02    1.362000E+00   -1.301000E+00   -1.000000E+01    3.061000E+00   -1.000000E+01    3.249000E+00   -1.000000E+01   -1.000000E+01    9.000000E+00    6.266000E+00    1.360000E+00    7.000000E+00    9.300000E+01    3.387000E+00    1.988000E+00    4.990000E+00    1.580000E+00    2.315000E-01    9.432000E-04   -1.017000E+01    2.000000E+00    1.000000E+00    8.000000E+02    9.900000E+01   -1.000000E+01    1.000000E+00   -9.678000E+00   -1.006048E+01
   7.420000E-10    1.000000E+00    1.453000E+00    1.080000E+02    6.990000E-01   -1.000000E+01   -1.000000E+01   -1.000000E+01   -1.000000E+01   -1.000000E+01   -1.000000E+01   -1.000000E+01    5.871000E+00    5.139000E+00    9.300000E-01    3.000000E+00    1.100000E+01    1.777000E+00    6.056000E-01    2.890000E+00    1.580000E+00    4.674000E-01    1.536000E-03   -1.453000E+01    2.000000E+00    2.000000E+00    1.000000E+03    9.800000E+01   -1.000000E+01    1.000000E+00   -1.011000E+01   -1.013516E+01
   2.100000E-09    1.000000E+00    1.453000E+00    1.080000E+02    1.778000E+00   -2.924000E-01   -1.000000E+01    4.069000E+00   -1.000000E+01    4.257000E+00   -1.000000E+01   -1.000000E+01    8.047000E+00    3.894000E+00    7.900000E-01    6.000000E+00    5.500000E+01    2.333000E+00    1.879000E+00    4.360000E+00    1.580000E+00    9.392000E-02    4.494000E-04   -9.638000E+00    2.000000E+00    2.000000E+00    1.010000E+03    9.999000E+01   -1.000000E+01    1.000000E+00   -9.660000E+00   -9.577539E+00
   2.000000E-09    1.000000E+00    2.025000E+00    8.100000E+01    1.398000E+00   -1.000000E+00   -1.000000E+01    3.362000E+00   -1.000000E+01    3.550000E+00   -1.000000E+01   -1.000000E+01    9.480000E+00    1.297000E+01    3.160000E+00    3.000000E+00    1.700000E+01    2.822000E+00    2.419000E+00    2.890000E+00    8.832000E-01    6.690000E-02    8.974000E-04   -1.002000E+01    2.500000E+01    1.000000E+00    1.530000E+03    0.000000E+00   -1.000000E+01   -1.000000E+00   -1.102000E+01   -1.075883E+01
   8.050000E-10    2.000000E+00    1.580000E+00    7.870000E+01    1.398000E+00   -3.010000E-01   -1.000000E+01    4.061000E+00   -1.000000E+01   -1.000000E+01   -1.000000E+01   -1.000000E+01    7.260000E+00    5.695000E+00    9.500000E-01    5.000000E+00    3.800000E+01    2.491000E+00    8.596000E-01    3.850000E+00    1.316000E+00    4.621000E-01    8.974000E-04   -9.667000E+00    2.000000E+00    1.000000E+00    1.800000E+03    8.200000E+01   -1.000000E+01    2.000000E+00   -1.069000E+01   -1.055099E+01
   1.550000E-09    4.000000E+00    6.232000E-01    6.700000E+01    1.398000E+00   -6.615000E-01    9.081000E-01    3.294000E+00    3.577000E+00    3.659000E+00    1.000000E+00    3.051000E+00    7.200000E+00    9.752000E+00    2.550000E+00    4.000000E+00    3.400000E+01    2.921000E+00    1.941000E+00    3.450000E+00    2.203000E+00    1.776000E-01    8.974000E-04   -9.847000E+00    1.300000E+01    1.000000E+00    1.450000E+03    0.000000E+00   -1.000000E+01   -1.000000E+00   -9.690000E+00   -9.360134E+00
   2.100000E-09    0.000000E+00    1.279000E+00    9.300000E+01    1.398000E+00    8.198000E-01   -1.000000E+01    5.178000E+00    3.983000E+00    5.366000E+00    2.086000E+00   -1.000000E+01    1.250000E+01    1.360000E+01    2.200000E+00    1.000000E+00    1.000000E+00    8.499000E-01    7.650000E-01    8.500000E-01    1.690000E+00    4.571000E-02    8.974000E-04   -9.106000E+00    2.000000E+00    2.000000E+00    1.800000E+03    4.750000E+01   -1.000000E+01    0.000000E+00   -9.876000E+00   -1.009920E+01
   5.000000E-10    4.000000E+00    1.744000E+00    8.200000E+01    1.398000E+00   -5.834000E-01    1.146000E+00    3.281000E+00    3.328000E+00    3.810000E+00    1.831000E+00    3.016000E+00    9.327000E+00    6.026000E+00    1.280000E+00    7.000000E+00    9.400000E+01    3.322000E+00    7.118000E-01    4.990000E+00    1.170000E+00    6.690000E-01    8.974000E-04   -9.808000E+00    2.000000E+00    2.000000E+00    1.740000E+03    8.000000E+01    1.875000E+00    0.000000E+00   -1.033000E+01   -1.048344E+01
   1.970000E-09    1.000000E+00    1.744000E+00    8.200000E+01    1.380000E+00   -6.576000E-01    1.176000E+00    3.262000E+00    3.292000E+00    3.770000E+00    1.447000E+00    3.583000E+00    7.200000E+00    1.045000E+01    2.660000E+00    5.000000E+00    5.300000E+01    3.375000E+00    2.859000E+00    3.850000E+00    1.170000E+00    7.200000E-02    9.199000E-04   -9.846000E+00    2.000000E+00    1.000000E+00    1.290000E+03    8.000000E+01   -1.000000E+01   -1.000000E+00   -9.857000E+00   -9.983908E+00
   2.090000E-09    1.000000E+00    1.744000E+00    8.200000E+01    1.380000E+00   -6.108000E-01    1.176000E+00    3.262000E+00    3.292000E+00    3.770000E+00    1.447000E+00    3.051000E+00    7.200000E+00    3.894000E+00    7.900000E-01    6.000000E+00    5.500000E+01    2.333000E+00    2.097000E+00    4.360000E+00    1.170000E+00    4.632000E-02    9.199000E-04   -9.822000E+00    2.000000E+00    1.000000E+00    1.330000E+03    8.000000E+01   -1.000000E+01    1.000000E+00   -1.115000E+01   -1.070926E+01
   1.300000E-09    1.000000E+00   -2.218000E-01    1.730000E+01    1.398000E+00   -1.292000E+00   -6.990000E-01    9.823000E-01    7.497000E-01    2.967000E-01    1.348000E+00    9.581000E-01    8.920000E+00    5.139000E+00    9.300000E-01    3.000000E+00    1.100000E+01    1.777000E+00    9.899000E-01    2.890000E+00    2.460000E+00    2.540000E-01    8.974000E-04   -1.016000E+01    2.700000E+01    1.000000E+00    2.440000E+03    0.000000E+00   -1.000000E+01    1.000000E+00   -1.072000E+01   -1.073394E+01
   1.350000E-09    1.000000E+00    1.453000E+00    1.080000E+02    1.398000E+00   -1.000000E+01   -1.000000E+01   -1.000000E+01   -1.000000E+01   -1.000000E+01   -1.000000E+01   -1.000000E+01    7.250000E+00    5.139000E+00    9.300000E-01    3.000000E+00    1.100000E+01    1.777000E+00    1.028000E+00    2.890000E+00    1.580000E+00    2.376000E-01    8.974000E-04   -1.452000E+01    2.000000E+00    2.000000E+00    1.000000E+03    9.800000E+01   -1.000000E+01    1.000000E+00   -9.854000E+00   -9.816820E+00
   8.100000E-10    4.000000E+00    2.025000E+00    8.100000E+01    1.342000E+00   -1.000000E+00   -1.000000E+01    3.362000E+00   -1.000000E+01    3.550000E+00   -1.000000E+01   -1.000000E+01    1.100000E+01    9.752000E+00    2.550000E+00    4.000000E+00    3.400000E+01    2.921000E+00    1.025000E+00    3.450000E+00    8.832000E-01    4.551000E-01    9.673000E-04   -1.002000E+01    2.500000E+01    1.000000E+00    1.530000E+03    0.000000E+00   -1.000000E+01   -2.000000E+00   -1.119000E+01   -1.126260E+01
   1.550000E-09    4.000000E+00    6.232000E-01    6.700000E+01    1.653000E+00   -1.398000E+00    8.451000E-01    2.784000E+00    1.869000E+00    2.785000E+00   -1.000000E+01    2.785000E+00    3.900000E+00    9.752000E+00    2.550000E+00    4.000000E+00    3.400000E+01    2.921000E+00    1.819000E+00    3.450000E+00    2.203000E+00    2.058000E-01    5.786000E-04   -1.020000E+01    1.300000E+01    3.000000E+00    1.800000E+03    0.000000E+00   -1.000000E+01   -1.000000E+00   -1.014000E+01   -9.900608E+00
   2.220000E-09    0.000000E+00    1.833000E+00    7.100000E+01    1.415000E+00   -2.301000E+00   -1.000000E+01    2.061000E+00   -1.000000E+01    2.249000E+00   -1.000000E+01   -1.000000E+01    7.000000E+00    1.360000E+01    2.200000E+00    1.000000E+00    1.000000E+00    8.499000E-01    8.061000E-01    8.500000E-01    1.019000E+00    2.303000E-02    8.757000E-04   -1.067000E+01    6.000000E+00    1.000000E+00    1.500000E+03    0.000000E+00   -1.000000E+01    0.000000E+00   -9.842000E+00   -9.798448E+00
   2.100000E-09    1.000000E+00    1.453000E+00    1.080000E+02    1.342000E+00   -2.000000E+00   -1.000000E+01    2.362000E+00   -1.000000E+01    2.550000E+00   -1.000000E+01   -1.000000E+01    6.929000E+00    3.894000E+00    7.900000E-01    6.000000E+00    5.500000E+01    2.333000E+00    2.121000E+00    4.360000E+00    1.580000E+00    4.132000E-02    9.673000E-04   -1.052000E+01    2.000000E+00    2.000000E+00    1.000000E+03    9.999000E+01   -1.000000E+01    1.000000E+00   -9.654000E+00   -9.660575E+00
   4.300000E-10    4.000000E+00    1.279000E+00    9.300000E+01    1.398000E+00    0.000000E+00   -1.000000E+01   -1.000000E+01   -1.000000E+01   -1.000000E+01   -1.000000E+01   -1.000000E+01    9.000000E+00    6.194000E+00    1.380000E+00    7.000000E+00    9.200000E+01    3.368000E+00    6.207000E-01    4.990000E+00    1.690000E+00    7.345000E-01    8.974000E-04   -9.516000E+00    2.000000E+00    2.000000E+00    1.820000E+03    4.750000E+01   -1.000000E+01    0.000000E+00   -1.084000E+01   -1.078257E+01
   2.140000E-09    0.000000E+00   -1.549000E-01    1.000000E+01    1.362000E+00   -5.157000E-01    1.000000E+00    3.380000E+00    3.405000E+00    3.922000E+00    1.230000E+00    2.230000E+00    8.700000E+00    1.360000E+01    2.200000E+00    1.000000E+00    1.000000E+00    8.499000E-01    7.849000E-01    8.500000E-01    2.155000E+00    3.459000E-02    9.432000E-04   -9.776000E+00    1.400000E+01    1.000000E+00    2.730000E+03    0.000000E+00   -1.000000E+01    0.000000E+00   -1.128000E+01   -1.113482E+01
   2.220000E-09    0.000000E+00    1.531000E+00    1.300000E+01    1.398000E+00   -4.510000E-01    1.806000E+00    3.749000E+00    2.949000E+00    3.984000E+00    1.477000E+00    3.368000E+00    7.680000E+00    1.360000E+01    2.200000E+00    1.000000E+00    1.000000E+00    8.499000E-01    8.088000E-01    8.500000E-01    5.825000E-01    2.158000E-02    8.974000E-04   -9.742000E+00    4.000000E+00    1.000000E+00    2.700000E+03    0.000000E+00   -1.000000E+01    0.000000E+00   -1.094000E+01   -1.108764E+01
   8.100000E-10    4.000000E+00    6.232000E-01    6.700000E+01    1.699000E+00   -1.398000E+00    8.451000E-01    2.784000E+00    1.869000E+00    2.785000E+00   -1.000000E+01    2.785000E+00    8.100000E+00    9.752000E+00    2.550000E+00    4.000000E+00    3.400000E+01    2.921000E+00    9.358000E-01    3.450000E+00    2.203000E+00    4.944000E-01    5.279000E-04   -1.020000E+01    1.300000E+01    3.000000E+00    1.800000E+03    0.000000E+00   -1.000000E+01   -2.000000E+00   -9.606000E+00   -1.023986E+01
   2.100000E-09    0.000000E+00    1.279000E+00    9.300000E+01    1.398000E+00   -2.190000E-01   -1.000000E+01    4.105000E+00    2.983000E+00    2.697000E+00    2.086000E+00   -1.000000E+01    1.250000E+01    1.360000E+01    2.200000E+00    1.000000E+00    1.000000E+00    8.499000E-01    7.650000E-01    8.500000E-01    1.690000E+00    4.571000E-02    8.974000E-04   -9.626000E+00    2.000000E+00    2.000000E+00    1.200000E+03    4.750000E+01   -1.000000E+01    0.000000E+00   -9.272000E+00   -9.562858E+00
   8.890000E-10    4.000000E+00    2.025000E+00    8.100000E+01    1.352000E+00   -2.000000E+00   -1.000000E+01    2.362000E+00   -1.000000E+01    2.550000E+00   -1.000000E+01   -1.000000E+01    1.250000E+01    1.126000E+01    2.550000E+00    2.000000E+00    6.000000E+00    1.811000E+00    6.958000E-01    1.990000E+00    8.832000E-01    4.154000E-01    9.552000E-04   -1.052000E+01    2.500000E+01    1.000000E+00    1.650000E+03    0.000000E+00   -1.000000E+01   -2.000000E+00   -1.079000E+01   -1.103654E+01
   9.230000E-10    4.000000E+00    1.279000E+00    9.300000E+01    1.352000E+00   -2.000000E+00   -1.000000E+01    1.362000E+00   -1.000000E+01   -1.000000E+01   -1.000000E+01   -1.000000E+01    1.250000E+01    1.126000E+01    2.550000E+00    2.000000E+00    6.000000E+00    1.811000E+00    7.224000E-01    1.990000E+00    1.690000E+00    3.991000E-01    9.552000E-04   -1.052000E+01    2.000000E+00    1.000000E+00    1.600000E+03    4.750000E+01    1.477000E+00   -2.000000E+00   -1.174000E+01   -1.177040E+01
   5.000000E-10    3.000000E+00    1.436000E+00    5.870000E+01    1.176000E+00   -2.218000E-01   -1.000000E+01    4.140000E+00   -1.000000E+01    4.328000E+00   -1.000000E+01   -1.000000E+01    5.300000E+00    5.670000E+00    1.200000E+00    6.000000E+00    6.300000E+01    2.815000E+00    6.243000E-01    4.360000E+00    1.332000E+00    6.541000E-01    1.162000E-03   -9.635000E+00    2.000000E+00    1.000000E+00    1.400000E+03    7.800000E+01   -1.000000E+01   -1.000000E+00   -1.055000E+01   -1.061597E+01
   1.200000E-09    4.000000E+00    6.021000E-01    6.700000E+01    1.415000E+00    6.070000E-02   -1.000000E+01    4.403000E+00   -1.000000E+01   -1.000000E+01    4.785000E+00   -1.000000E+01    8.900000E+00    6.266000E+00    1.360000E+00    7.000000E+00    9.300000E+01    3.387000E+00    1.736000E+00    4.990000E+00    2.224000E+00    2.902000E-01    8.757000E-04   -9.485000E+00    1.300000E+01    1.000000E+00    2.640000E+03    0.000000E+00   -1.000000E+01   -4.000000E+00   -1.242000E+01   -1.251244E+01
   7.910000E-10    2.000000E+00    1.748000E+00    1.110000E+02    1.398000E+00   -7.282000E-01    1.596000E+00    3.415000E+00    2.736000E+00    3.353000E+00    1.827000E+00    3.670000E+00    7.560000E+00    5.695000E+00    9.500000E-01    5.000000E+00    3.800000E+01    2.491000E+00    8.447000E-01    3.850000E+00    1.297000E+00    4.698000E-01    8.974000E-04   -9.880000E+00    2.000000E+00    1.000000E+00    1.400000E+03    9.200000E+01   -1.000000E+01    2.000000E+00   -9.517000E+00   -9.558633E+00
   7.420000E-10    1.000000E+00    1.453000E+00    1.080000E+02    6.990000E-01   -1.000000E+01   -1.000000E+01   -1.000000E+01   -1.000000E+01   -1.000000E+01   -1.000000E+01   -1.000000E+01    4.895000E+00    5.139000E+00    9.300000E-01    3.000000E+00    1.100000E+01    1.777000E+00    6.056000E-01    2.890000E+00    1.580000E+00    4.674000E-01    1.536000E-03   -1.453000E+01    2.000000E+00    2.000000E+00    1.800000E+03    9.800000E+01   -1.000000E+01    1.000000E+00   -1.080000E+01   -1.065490E+01
   2.000000E-09    1.000000E+00    1.447000E+00    1.080000E+02    1.362000E+00    6.990000E-01   -1.000000E+01    5.061000E+00   -1.000000E+01   -1.000000E+01   -1.000000E+01   -1.000000E+01    1.250000E+01    1.045000E+01    2.660000E+00    5.000000E+00    5.300000E+01    3.375000E+00    2.913000E+00    3.850000E+00    1.586000E+00    6.398000E-02    9.432000E-04   -9.168000E+00    2.000000E+00    1.000000E+00    9.000000E+02    1.000000E+02   -1.000000E+01   -1.000000E+00   -1.026000E+01   -1.042245E+01
   2.570000E-09    1.000000E+00    1.453000E+00    1.080000E+02    1.699000E+00   -1.000000E+01   -1.000000E+01   -1.000000E+01   -1.000000E+01   -1.000000E+01   -1.000000E+01   -1.000000E+01    7.870000E+00    5.139000E+00    9.300000E-01    3.000000E+00    1.100000E+01    1.777000E+00    1.806000E+00    2.890000E+00    1.580000E+00   -7.034000E-03    5.279000E-04   -1.450000E+01    2.000000E+00    2.000000E+00    8.000000E+02    9.800000E+01   -1.000000E+01    1.000000E+00   -9.401000E+00   -9.445493E+00
   4.300000E-10    4.000000E+00    1.279000E+00    9.300000E+01    1.398000E+00    0.000000E+00   -1.000000E+01   -1.000000E+01   -1.000000E+01   -1.000000E+01   -1.000000E+01   -1.000000E+01    9.000000E+00    6.194000E+00    1.380000E+00    7.000000E+00    9.200000E+01    3.368000E+00    6.207000E-01    4.990000E+00    1.690000E+00    7.345000E-01    8.974000E-04   -9.516000E+00    2.000000E+00    2.000000E+00    1.710000E+03    4.750000E+01   -1.000000E+01    0.000000E+00   -1.072000E+01   -1.077752E+01
   7.570000E-10    2.000000E+00    1.744000E+00    8.200000E+01    1.362000E+00   -5.719000E-01    1.437000E+00    3.441000E+00    3.205000E+00    3.851000E+00    1.086000E+00    3.129000E+00    7.700000E+00    5.695000E+00    9.500000E-01    5.000000E+00    3.800000E+01    2.491000E+00    8.138000E-01    3.850000E+00    1.170000E+00    4.859000E-01    9.432000E-04   -9.804000E+00    2.000000E+00    1.000000E+00    1.600000E+03    8.000000E+01    1.699000E+00    2.000000E+00   -1.062000E+01   -1.053844E+01
   8.890000E-10    2.000000E+00    1.477000E+00    6.010000E+01    1.398000E+00   -2.899000E-01   -1.000000E+01    4.072000E+00   -1.000000E+01    4.260000E+00   -1.000000E+01   -1.000000E+01    9.351000E+00    5.278000E+00    9.000000E-01    7.000000E+00    8.800000E+01    3.109000E+00    1.185000E+00    4.990000E+00    1.302000E+00    4.190000E-01    8.974000E-04   -9.661000E+00    2.000000E+00    2.000000E+00    1.800000E+03    4.750000E+01   -1.000000E+01    2.000000E+00   -1.050000E+01   -1.001135E+01
   1.130000E-09    6.000000E+00    1.780000E+00    7.600000E+01    1.301000E+00   -3.010000E-01   -1.000000E+01    4.061000E+00   -1.000000E+01    4.249000E+00   -1.000000E+01   -1.000000E+01    7.500000E+00    6.767000E+00    1.660000E+00    4.000000E+00    2.400000E+01    2.434000E+00    1.199000E+00    3.450000E+00    1.100000E+00    3.075000E-01    1.018000E-03   -9.670000E+00    2.000000E+00    1.000000E+00    1.400000E+03    4.600000E+01   -1.000000E+01   -1.000000E+00   -1.036000E+01   -1.027845E+01
   2.220000E-09    0.000000E+00    6.232000E-01    6.700000E+01    1.398000E+00   -6.615000E-01    9.081000E-01    3.294000E+00    3.577000E+00    3.659000E+00    1.000000E+00    3.051000E+00    7.200000E+00    1.360000E+01    2.200000E+00    1.000000E+00    1.000000E+00    8.499000E-01    8.088000E-01    8.500000E-01    2.203000E+00    2.158000E-02    8.974000E-04   -9.847000E+00    1.300000E+01    1.000000E+00    1.450000E+03    0.000000E+00   -1.000000E+01    0.000000E+00   -9.412000E+00   -9.133814E+00
   2.000000E-09    1.000000E+00    1.279000E+00    9.300000E+01    1.362000E+00   -3.010000E-01   -1.000000E+01    4.061000E+00   -1.000000E+01    4.250000E+00   -1.000000E+01   -1.000000E+01    1.250000E+01    1.045000E+01    2.660000E+00    5.000000E+00    5.300000E+01    3.375000E+00    2.913000E+00    3.850000E+00    1.690000E+00    6.398000E-02    9.432000E-04   -9.668000E+00    2.000000E+00    1.000000E+00    1.600000E+03    4.800000E+01    1.477000E+00   -1.000000E+00   -1.040000E+01   -1.041361E+01
   2.020000E-09    1.000000E+00    2.025000E+00    8.100000E+01    1.398000E+00   -3.010000E-01   -1.000000E+01    4.061000E+00   -1.000000E+01    4.250000E+00   -1.000000E+01   -1.000000E+01    1.250000E+01    1.045000E+01    2.660000E+00    5.000000E+00    5.300000E+01    3.375000E+00    2.922000E+00    3.850000E+00    8.832000E-01    6.258000E-02    8.974000E-04   -9.667000E+00    2.500000E+01    1.000000E+00    1.650000E+03    0.000000E+00   -1.000000E+01   -1.000000E+00   -1.062000E+01   -1.040208E+01
   1.460000E-09    7.000000E+00    1.408000E+00    7.200000E+01    1.176000E+00   -9.208000E-01   -1.000000E+01    3.362000E+00   -1.000000E+01    3.550000E+00   -1.000000E+01   -1.000000E+01    5.600000E+00    7.834000E+00    1.900000E+00    6.000000E+00    7.500000E+01    3.309000E+00    2.143000E+00    4.360000E+00    1.449000E+00    1.888000E-01    1.162000E-03   -9.984000E+00    2.000000E+00    1.000000E+00    1.300000E+03    7.500000E+01   -1.000000E+01   -1.000000E+00   -1.015000E+01   -1.013024E+01
   2.570000E-09    1.000000E+00    1.453000E+00    1.080000E+02    1.699000E+00   -1.000000E+01   -1.000000E+01   -1.000000E+01   -1.000000E+01   -1.000000E+01   -1.000000E+01   -1.000000E+01    7.862000E+00    5.139000E+00    9.300000E-01    3.000000E+00    1.100000E+01    1.777000E+00    1.806000E+00    2.890000E+00    1.580000E+00   -7.034000E-03    5.279000E-04   -1.450000E+01    2.000000E+00    2.000000E+00    7.000000E+02    9.800000E+01   -1.000000E+01    1.000000E+00   -9.324000E+00   -9.367055E+00
   4.300000E-10    4.000000E+00    1.447000E+00    1.080000E+02    1.398000E+00    0.000000E+00   -1.000000E+01   -1.000000E+01   -1.000000E+01   -1.000000E+01   -1.000000E+01   -1.000000E+01    9.000000E+00    6.194000E+00    1.380000E+00    7.000000E+00    9.200000E+01    3.368000E+00    6.207000E-01    4.990000E+00    1.586000E+00    7.345000E-01    8.974000E-04   -9.516000E+00    2.000000E+00    2.000000E+00    8.000000E+02    9.990000E+01   -1.000000E+01    0.000000E+00   -1.018000E+01   -1.035907E+01
   2.000000E-09    1.000000E+00    1.602000E+00    1.400000E+01    1.362000E+00   -2.000000E+00    9.345000E-01    2.362000E+00    5.328000E-01    2.338000E+00    2.387000E+00    1.904000E+00    8.300000E+00    1.045000E+01    2.660000E+00    5.000000E+00    5.300000E+01    3.375000E+00    2.913000E+00    3.850000E+00    5.441000E-01    6.398000E-02    9.432000E-04   -1.052000E+01    5.000000E+00    1.000000E+00    2.450000E+03    0.000000E+00   -1.000000E+01   -1.000000E+00   -1.215000E+01   -1.204862E+01
   2.100000E-09    1.000000E+00    1.279000E+00    9.300000E+01    1.398000E+00   -1.000000E+01   -1.000000E+01   -1.000000E+01   -1.000000E+01   -1.000000E+01   -1.000000E+01   -1.000000E+01    1.250000E+01    3.894000E+00    7.900000E-01    6.000000E+00    5.500000E+01    2.333000E+00    2.100000E+00    4.360000E+00    1.690000E+00    4.571000E-02    8.974000E-04   -1.452000E+01    2.000000E+00    2.000000E+00    1.800000E+03    4.750000E+01   -1.000000E+01    1.000000E+00   -1.013000E+01   -1.007546E+01
   9.100000E-12    4.000000E+00    1.580000E+00    7.200000E+01    1.398000E+00   -3.010000E-01   -1.000000E+01    4.061000E+00   -1.000000E+01    4.249000E+00   -1.000000E+01   -1.000000E+01    4.000000E+00    9.752000E+00    2.550000E+00    4.000000E+00    3.400000E+01    2.921000E+00    1.140000E-02    3.450000E+00    1.278000E+00    2.409000E+00    8.974000E-04   -9.667000E+00    2.000000E+00    1.000000E+00    1.700000E+03    8.200000E+01   -1.000000E+01   -1.000000E+00   -1.119000E+01   -1.111923E+01
   4.300000E-10    4.000000E+00    1.279000E+00    9.300000E+01    1.398000E+00   -1.000000E+01   -1.000000E+01   -1.000000E+01   -1.000000E+01   -1.000000E+01   -1.000000E+01   -1.000000E+01    1.250000E+01    6.194000E+00    1.380000E+00    7.000000E+00    9.200000E+01    3.368000E+00    6.207000E-01    4.990000E+00    1.690000E+00    7.345000E-01    8.974000E-04   -1.452000E+01    2.000000E+00    2.000000E+00    1.600000E+03    4.750000E+01   -1.000000E+01    0.000000E+00   -1.060000E+01   -1.070365E+01
   1.460000E-09    7.000000E+00    1.547000E+00    7.000000E+01    1.301000E+00   -3.010000E-01   -1.000000E+01    4.061000E+00   -1.000000E+01    4.249000E+00   -1.000000E+01   -1.000000E+01    7.000000E+00    7.834000E+00    1.900000E+00    6.000000E+00    7.500000E+01    3.309000E+00    2.106000E+00    4.360000E+00    1.299000E+00    1.962000E-01    1.018000E-03   -9.670000E+00    2.000000E+00    1.000000E+00    1.700000E+03    3.680000E+01   -1.000000E+01   -1.000000E+00   -1.024000E+01   -1.050492E+01
   2.000000E-09    1.000000E+00    1.279000E+00    9.300000E+01    1.398000E+00   -8.097000E-01   -1.000000E+01    3.566000E+00   -1.000000E+01   -1.000000E+01    3.740000E+00    3.159000E+00    1.040000E+01    1.045000E+01    2.660000E+00    5.000000E+00    5.300000E+01    3.375000E+00    2.893000E+00    3.850000E+00    1.690000E+00    6.690000E-02    8.974000E-04   -9.921000E+00    2.000000E+00    1.000000E+00    1.600000E+03    4.750000E+01    1.653000E+00   -1.000000E+00   -1.018000E+01   -1.024471E+01
   2.032000E-10    1.000000E+00    1.531000E+00    1.300000E+01    1.362000E+00   -4.510000E-01    1.806000E+00    3.749000E+00    2.949000E+00    3.984000E+00    1.477000E+00    3.368000E+00    7.680000E+00    1.297000E+01    3.160000E+00    3.000000E+00    1.700000E+01    2.822000E+00    2.474000E-01    2.890000E+00    5.825000E-01    1.057000E+00    9.432000E-04   -9.743000E+00    4.000000E+00    1.000000E+00    2.700000E+03    0.000000E+00   -1.000000E+01   -1.000000E+00   -1.175000E+01   -1.178317E+01
   2.090000E-09    1.000000E+00    1.447000E+00    1.080000E+02    1.398000E+00   -1.000000E+01   -1.000000E+01   -1.000000E+01   -1.000000E+01   -1.000000E+01   -1.000000E+01   -1.000000E+01    8.400000E+00    3.894000E+00    7.900000E-01    6.000000E+00    5.500000E+01    2.333000E+00    2.090000E+00    4.360000E+00    1.586000E+00    4.778000E-02    8.974000E-04   -1.452000E+01    2.000000E+00    2.000000E+00    1.200000E+03    1.000000E+02   -1.000000E+01    1.000000E+00   -9.839000E+00   -9.801144E+00
   7.300000E-10    2.000000E+00    1.580000E+00    7.870000E+01    1.398000E+00   -1.000000E+00   -1.000000E+01    3.362000E+00   -1.000000E+01   -1.000000E+01   -1.000000E+01   -1.000000E+01    6.071000E+00    7.881000E+00    1.880000E+00    4.000000E+00    2.700000E+01    2.626000E+00    8.217000E-01    3.450000E+00    1.316000E+00    5.046000E-01    8.974000E-04   -1.002000E+01    2.000000E+00    1.000000E+00    1.800000E+03    8.200000E+01   -1.000000E+01    2.000000E+00   -1.073000E+01   -1.026898E+01
   2.100000E-09    0.000000E+00    1.279000E+00    9.300000E+01    1.398000E+00   -2.190000E-01   -1.000000E+01    4.105000E+00    2.983000E+00    2.697000E+00    2.086000E+00   -1.000000E+01    1.250000E+01    1.360000E+01    2.200000E+00    1.000000E+00    1.000000E+00    8.499000E-01    7.650000E-01    8.500000E-01    1.690000E+00    4.571000E-02    8.974000E-04   -9.626000E+00    2.000000E+00    2.000000E+00    1.800000E+03    4.750000E+01   -1.000000E+01    0.000000E+00   -1.018000E+01   -1.006489E+01
   4.530000E-09    1.000000E+00    1.279000E+00    9.300000E+01    1.778000E+00   -2.757000E-01    5.922000E-01    4.024000E+00    2.558000E+00    4.302000E+00   -1.000000E+01    4.065000E-01    7.700000E+00    3.894000E+00    7.900000E-01    6.000000E+00    5.500000E+01    2.333000E+00    4.054000E+00    4.360000E+00    1.690000E+00   -2.400000E-01    4.494000E-04   -9.630000E+00    2.000000E+00    7.000000E+00    1.600000E+03    4.750000E+01    1.477000E+00    1.000000E+00   -9.137000E+00   -9.159945E+00
   1.010000E-09    1.000000E+00    1.453000E+00    1.080000E+02    1.176000E+00   -1.000000E+01   -1.000000E+01   -1.000000E+01   -1.000000E+01   -1.000000E+01   -1.000000E+01   -1.000000E+01    6.650000E+00    5.139000E+00    9.300000E-01    3.000000E+00    1.100000E+01    1.777000E+00    7.958000E-01    2.890000E+00    1.580000E+00    3.488000E-01    1.162000E-03   -1.452000E+01    2.000000E+00    2.000000E+00    1.000000E+03    9.800000E+01   -1.000000E+01    1.000000E+00   -9.963000E+00   -9.948341E+00
   1.910000E-09    1.000000E+00    2.025000E+00    8.100000E+01    1.352000E+00   -2.000000E+00   -1.000000E+01    2.362000E+00   -1.000000E+01    2.550000E+00   -1.000000E+01   -1.000000E+01    1.250000E+01    1.297000E+01    3.160000E+00    3.000000E+00    1.700000E+01    2.822000E+00    2.330000E+00    2.890000E+00    8.832000E-01    8.324000E-02    9.552000E-04   -1.052000E+01    2.500000E+01    1.000000E+00    1.650000E+03    0.000000E+00   -1.000000E+01   -1.000000E+00   -1.058000E+01   -1.060472E+01
   2.100000E-09    4.000000E+00    1.279000E+00    9.300000E+01    1.398000E+00   -1.000000E+01   -1.000000E+01   -1.000000E+01   -1.000000E+01   -1.000000E+01   -1.000000E+01   -1.000000E+01    1.250000E+01    6.634000E+00    1.330000E+00    5.000000E+00    4.000000E+01    2.689000E+00    2.420000E+00    3.850000E+00    1.690000E+00    4.571000E-02    8.974000E-04   -1.452000E+01    2.000000E+00    2.000000E+00    1.200000E+03    4.750000E+01   -1.000000E+01    0.000000E+00   -9.573000E+00   -9.579694E+00
   8.480000E-10    2.000000E+00    4.771000E-01    2.000000E+00    1.398000E+00   -2.523000E+00   -1.000000E+01   -1.000000E+01    1.603000E+00    1.851000E+00   -1.000000E+01   -1.000000E+01    6.250000E+00    5.212000E+00    8.900000E-01    6.000000E+00    5.600000E+01    2.699000E+00    9.810000E-01    4.360000E+00    8.239000E-01    4.395000E-01    8.974000E-04   -1.078000E+01    8.000000E+00    1.000000E+00    2.640000E+03    0.000000E+00   -1.000000E+01    2.000000E+00   -1.265000E+01   -1.259847E+01
   1.010000E-09    1.000000E+00    1.453000E+00    1.080000E+02    1.176000E+00   -1.000000E+01   -1.000000E+01   -1.000000E+01   -1.000000E+01   -1.000000E+01   -1.000000E+01   -1.000000E+01    6.267000E+00    5.139000E+00    9.300000E-01    3.000000E+00    1.100000E+01    1.777000E+00    7.958000E-01    2.890000E+00    1.580000E+00    3.488000E-01    1.162000E-03   -1.452000E+01    2.000000E+00    2.000000E+00    1.100000E+03    9.800000E+01   -1.000000E+01    1.000000E+00   -1.004000E+01   -9.980443E+00
   1.010000E-09    1.000000E+00    1.453000E+00    1.080000E+02    1.176000E+00   -3.010000E-01   -1.000000E+01    4.061000E+00   -1.000000E+01    4.249000E+00   -1.000000E+01   -1.000000E+01    6.492000E+00    5.139000E+00    9.300000E-01    3.000000E+00    1.100000E+01    1.777000E+00    7.958000E-01    2.890000E+00    1.580000E+00    3.488000E-01    1.162000E-03   -9.674000E+00    2.000000E+00    2.000000E+00    1.000000E+03    9.800000E+01   -1.000000E+01    1.000000E+00   -9.963000E+00   -1.000101E+01
   2.100000E-09    0.000000E+00    1.279000E+00    9.300000E+01    1.398000E+00   -1.000000E+01   -1.000000E+01   -1.000000E+01   -1.000000E+01   -1.000000E+01   -1.000000E+01   -1.000000E+01    1.250000E+01    1.360000E+01    2.200000E+00    1.000000E+00    1.000000E+00    8.499000E-01    7.650000E-01    8.500000E-01    1.690000E+00    4.571000E-02    8.974000E-04   -1.452000E+01    2.000000E+00    2.000000E+00    1.200000E+03    4.750000E+01   -1.000000E+01    0.000000E+00   -9.357000E+00   -9.528827E+00
   2.030000E-09    1.000000E+00    1.453000E+00    1.100000E+02    1.362000E+00   -2.000000E+00   -1.000000E+01    2.362000E+00   -1.000000E+01    4.549000E+00   -1.000000E+01   -1.000000E+01    7.000000E+00    1.045000E+01    2.660000E+00    5.000000E+00    5.300000E+01    3.375000E+00    2.956000E+00    3.850000E+00    1.588000E+00    5.751000E-02    9.432000E-04   -1.052000E+01    2.000000E+00    1.000000E+00    8.000000E+02    9.800000E+01   -1.000000E+01   -1.000000E+00   -1.140000E+01   -1.000834E+01
   2.950000E-09    1.000000E+00    1.453000E+00    1.080000E+02    1.602000E+00   -1.000000E+01   -1.000000E+01   -1.000000E+01   -1.000000E+01   -1.000000E+01   -1.000000E+01   -1.000000E+01    6.537000E+00    1.297000E+01    3.160000E+00    3.000000E+00    1.700000E+01    2.822000E+00    3.397000E+00    2.890000E+00    1.580000E+00   -8.057000E-02    6.389000E-04   -1.451000E+01    2.000000E+00    2.000000E+00    9.000000E+02    9.800000E+01   -1.000000E+01   -1.000000E+00   -9.419000E+00   -9.415237E+00
   8.100000E-10    4.000000E+00    2.025000E+00    8.100000E+01    1.342000E+00   -1.000000E+00   -1.000000E+01    3.362000E+00   -1.000000E+01    3.550000E+00   -1.000000E+01   -1.000000E+01    7.800000E+00    9.752000E+00    2.550000E+00    4.000000E+00    3.400000E+01    2.921000E+00    1.025000E+00    3.450000E+00    8.832000E-01    4.551000E-01    9.673000E-04   -1.002000E+01    2.500000E+01    1.000000E+00    1.530000E+03    0.000000E+00   -1.000000E+01   -2.000000E+00   -1.147000E+01   -1.133329E+01
   2.000000E-09    7.000000E+00    6.232000E-01    6.700000E+01    1.398000E+00   -1.000000E+00   -1.000000E+01    3.362000E+00   -1.000000E+01   -1.000000E+01   -1.000000E+01   -1.000000E+01    1.000000E+01    7.280000E+00    1.900000E+00    5.000000E+00    4.300000E+01    2.817000E+00    2.415000E+00    3.850000E+00    2.203000E+00    6.690000E-02    8.974000E-04   -1.002000E+01    1.300000E+01    1.000000E+00    2.660000E+03    0.000000E+00   -1.000000E+01   -1.000000E+00   -1.189000E+01   -1.204002E+01
   2.140000E-09    0.000000E+00    1.477000E+00    2.100000E+01    1.398000E+00   -6.576000E-01    2.000000E+00    2.230000E+00    2.544000E+00    3.090000E+00    2.000000E+00    2.230000E+00    7.200000E+00    1.360000E+01    2.200000E+00    1.000000E+00    1.000000E+00    8.499000E-01    7.796000E-01    8.500000E-01    8.451000E-01    3.752000E-02    8.974000E-04   -9.845000E+00    4.000000E+00    1.000000E+00    2.440000E+03    0.000000E+00   -1.000000E+01    0.000000E+00   -1.043000E+01   -1.055892E+01
   7.900000E-10    2.000000E+00    1.580000E+00    7.900000E+01    1.398000E+00   -1.000000E+00   -1.000000E+01    3.362000E+00   -1.000000E+01    3.550000E+00   -1.000000E+01   -1.000000E+01    7.000000E+00    5.695000E+00    9.500000E-01    5.000000E+00    3.800000E+01    2.491000E+00    8.436000E-01    3.850000E+00    1.318000E+00    4.703000E-01    8.974000E-04   -1.002000E+01    2.000000E+00    3.000000E+00    1.100000E+03    8.200000E+01   -1.000000E+01    2.000000E+00   -9.086000E+00   -8.951987E+00
   2.140000E-09    0.000000E+00   -1.549000E-01    1.000000E+01    1.362000E+00   -5.157000E-01    1.000000E+00    3.380000E+00    3.405000E+00    3.922000E+00    1.230000E+00    2.230000E+00    8.770000E+00    1.360000E+01    2.200000E+00    1.000000E+00    1.000000E+00    8.499000E-01    7.849000E-01    8.500000E-01    2.155000E+00    3.459000E-02    9.432000E-04   -9.776000E+00    1.400000E+01    1.000000E+00    2.610000E+03    0.000000E+00   -1.000000E+01    0.000000E+00   -1.070000E+01   -1.089999E+01
   1.300000E-09    1.000000E+00    1.447000E+00    1.300000E+01    1.398000E+00   -4.089000E-01    1.799000E+00    3.742000E+00    3.015000E+00    4.027000E+00    1.462000E+00    3.132000E+00    7.600000E+00    5.139000E+00    9.300000E-01    3.000000E+00    1.100000E+01    1.777000E+00    9.899000E-01    2.890000E+00    6.668000E-01    2.540000E-01    8.974000E-04   -9.721000E+00    4.000000E+00    2.000000E+00    2.400000E+03    0.000000E+00   -1.000000E+01    1.000000E+00   -1.082000E+01   -1.059977E+01
   7.900000E-10    2.000000E+00    1.580000E+00    7.900000E+01    1.398000E+00   -1.000000E+00   -1.000000E+01    3.362000E+00   -1.000000E+01    3.550000E+00   -1.000000E+01   -1.000000E+01    1.000000E+01    5.695000E+00    9.500000E-01    5.000000E+00    3.800000E+01    2.491000E+00    8.436000E-01    3.850000E+00    1.318000E+00    4.703000E-01    8.974000E-04   -1.002000E+01    2.000000E+00    3.000000E+00    1.000000E+03    8.200000E+01   -1.000000E+01    2.000000E+00   -8.854000E+00   -8.952785E+00
   2.000000E-09    1.000000E+00    1.580000E+00    7.900000E+01    1.398000E+00   -2.000000E+00   -1.000000E+01    2.362000E+00   -1.000000E+01   -1.000000E+01   -1.000000E+01   -1.000000E+01    8.200000E+00    1.297000E+01    3.160000E+00    3.000000E+00    1.700000E+01    2.822000E+00    2.419000E+00    2.890000E+00    1.318000E+00    6.690000E-02    8.974000E-04   -1.052000E+01    2.000000E+00    1.000000E+00    8.000000E+02    8.000000E+01   -1.000000E+01   -1.000000E+00   -9.449000E+00   -9.314842E+00
   2.000000E-09    1.000000E+00   -1.549000E-01    1.000000E+01    1.398000E+00   -5.157000E-01    1.000000E+00    3.380000E+00    3.405000E+00    3.922000E+00    1.230000E+00    2.230000E+00    8.770000E+00    1.297000E+01    3.160000E+00    3.000000E+00    1.700000E+01    2.822000E+00    2.419000E+00    2.890000E+00    2.155000E+00    6.690000E-02    8.974000E-04   -9.774000E+00    1.400000E+01    1.000000E+00    2.610000E+03    0.000000E+00   -1.000000E+01   -1.000000E+00   -1.116000E+01   -1.101978E+01
   4.530000E-09    1.000000E+00    1.279000E+00    9.300000E+01    1.778000E+00   -2.757000E-01    5.922000E-01    4.024000E+00    2.558000E+00    4.302000E+00   -1.000000E+01    4.065000E-01    7.700000E+00    3.894000E+00    7.900000E-01    6.000000E+00    5.500000E+01    2.333000E+00    4.054000E+00    4.360000E+00    1.690000E+00   -2.400000E-01    4.494000E-04   -9.630000E+00    2.000000E+00    2.000000E+00    1.600000E+03    4.750000E+01    1.477000E+00    1.000000E+00   -9.456000E+00   -9.162864E+00
   2.570000E-09    1.000000E+00    1.453000E+00    1.080000E+02    1.699000E+00   -1.000000E+00   -1.000000E+01    3.362000E+00   -1.000000E+01    3.550000E+00   -1.000000E+01   -1.000000E+01    7.076000E+00    5.139000E+00    9.300000E-01    3.000000E+00    1.100000E+01    1.777000E+00    1.806000E+00    2.890000E+00    1.580000E+00   -7.034000E-03    5.279000E-04   -9.999000E+00    2.000000E+00    2.000000E+00    1.000000E+03    9.800000E+01   -1.000000E+01    1.000000E+00   -9.559000E+00   -9.553905E+00
   1.200000E-09    5.000000E+00    1.771000E+00    9.200000E+01    1.301000E+00   -3.000000E+00   -1.000000E+01    1.362000E+00   -1.000000E+01   -1.000000E+01   -1.000000E+01   -1.000000E+01    6.000000E+00    6.266000E+00    1.360000E+00    7.000000E+00    9.300000E+01    3.387000E+00    1.772000E+00    4.990000E+00    1.193000E+00    2.814000E-01    1.018000E-03   -1.102000E+01    3.000000E+00    2.000000E+00    7.800000E+02    9.800000E+01   -1.000000E+01    1.000000E+00   -9.682000E+00   -9.610262E+00
   2.000000E-09    7.000000E+00    6.232000E-01    6.700000E+01    1.398000E+00   -1.000000E+00   -1.000000E+01    3.362000E+00   -1.000000E+01   -1.000000E+01   -1.000000E+01   -1.000000E+01    5.000000E+00    7.280000E+00    1.900000E+00    5.000000E+00    4.300000E+01    2.817000E+00    2.415000E+00    3.850000E+00    2.203000E+00    6.690000E-02    8.974000E-04   -1.002000E+01    1.300000E+01    1.000000E+00    2.730000E+03    0.000000E+00   -1.000000E+01   -1.000000E+00   -1.188000E+01   -1.210436E+01
   1.330000E-09    1.000000E+00    1.602000E+00    1.400000E+02    1.398000E+00   -1.000000E+00   -1.000000E+01    3.362000E+00   -1.000000E+01   -1.000000E+01   -1.000000E+01   -1.000000E+01    5.000000E+00    5.139000E+00    9.300000E-01    3.000000E+00    1.100000E+01    1.777000E+00    1.013000E+00    2.890000E+00    1.544000E+00    2.441000E-01    8.974000E-04   -1.002000E+01    7.000000E+00    1.000000E+00    1.900000E+03    0.000000E+00   -1.000000E+01    1.000000E+00   -9.495000E+00   -9.683649E+00
   9.230000E-10    4.000000E+00    1.744000E+00    8.200000E+01    1.362000E+00   -5.768000E-01    1.437000E+00    3.430000E+00    3.204000E+00    3.844000E+00    1.086000E+00    3.126000E+00    7.700000E+00    1.126000E+01    2.550000E+00    2.000000E+00    6.000000E+00    1.811000E+00    7.212000E-01    1.990000E+00    1.170000E+00    3.998000E-01    9.432000E-04   -9.806000E+00    2.000000E+00    1.000000E+00    1.180000E+03    8.000000E+01   -1.000000E+01   -2.000000E+00   -1.110000E+01   -1.139419E+01
   2.570000E-09    1.000000E+00    1.453000E+00    1.080000E+02    1.699000E+00   -1.000000E+01   -1.000000E+01   -1.000000E+01   -1.000000E+01   -1.000000E+01   -1.000000E+01   -1.000000E+01    6.917000E+00    5.139000E+00    9.300000E-01    3.000000E+00    1.100000E+01    1.777000E+00    1.806000E+00    2.890000E+00    1.580000E+00   -7.034000E-03    5.279000E-04   -1.450000E+01    2.000000E+00    2.000000E+00    1.800000E+03    9.800000E+01   -1.000000E+01    1.000000E+00   -1.031000E+01   -1.024246E+01
   2.950000E-09    1.000000E+00    1.453000E+00    1.080000E+02    1.602000E+00   -1.000000E+01   -1.000000E+01   -1.000000E+01   -1.000000E+01   -1.000000E+01   -1.000000E+01   -1.000000E+01    5.921000E+00    1.297000E+01    3.160000E+00    3.000000E+00    1.700000E+01    2.822000E+00    3.397000E+00    2.890000E+00    1.580000E+00   -8.057000E-02    6.389000E-04   -1.451000E+01    2.000000E+00    2.000000E+00    1.200000E+03    9.800000E+01   -1.000000E+01   -1.000000E+00   -9.662000E+00   -9.569019E+00
   1.010000E-09    1.000000E+00    1.453000E+00    1.080000E+02    1.176000E+00   -1.000000E+01   -1.000000E+01   -1.000000E+01   -1.000000E+01   -1.000000E+01   -1.000000E+01   -1.000000E+01    5.672000E+00    5.139000E+00    9.300000E-01    3.000000E+00    1.100000E+01    1.777000E+00    7.958000E-01    2.890000E+00    1.580000E+00    3.488000E-01    1.162000E-03   -1.452000E+01    2.000000E+00    2.000000E+00    1.800000E+03    9.800000E+01   -1.000000E+01    1.000000E+00   -1.071000E+01   -1.066837E+01
   2.010000E-09    1.000000E+00    1.453000E+00    1.080000E+02    1.602000E+00   -1.301000E+00   -1.000000E+01    3.061000E+00   -1.000000E+01    3.249000E+00   -1.000000E+01   -1.000000E+01    7.700000E+00    5.139000E+00    9.300000E-01    3.000000E+00    1.100000E+01    1.777000E+00    1.457000E+00    2.890000E+00    1.580000E+00    8.605000E-02    6.389000E-04   -1.016000E+01    2.000000E+00    2.000000E+00    1.000000E+03    9.800000E+01   -1.000000E+01    1.000000E+00   -9.666000E+00   -9.700035E+00
   2.000000E-09    1.000000E+00   -1.549000E-01    1.000000E+01    1.398000E+00   -5.157000E-01    1.000000E+00    3.380000E+00    3.405000E+00    3.922000E+00    1.230000E+00    2.230000E+00    8.700000E+00    1.297000E+01    3.160000E+00    3.000000E+00    1.700000E+01    2.822000E+00    2.419000E+00    2.890000E+00    2.155000E+00    6.690000E-02    8.974000E-04   -9.774000E+00    1.400000E+01    1.000000E+00    2.730000E+03    0.000000E+00   -1.000000E+01   -1.000000E+00   -1.100000E+01   -1.109105E+01
   2.000000E-09    1.000000E+00    1.744000E+00    8.200000E+01    1.740000E+00   -5.918000E-01    1.146000E+00    3.279000E+00    3.328000E+00    3.785000E+00    1.831000E+00    3.016000E+00    7.500000E+00    1.045000E+01    2.660000E+00    5.000000E+00    5.300000E+01    3.375000E+00    2.629000E+00    3.850000E+00    1.170000E+00    1.085000E-01    4.852000E-04   -9.791000E+00    2.000000E+00    2.000000E+00    1.100000E+03    8.000000E+01   -1.000000E+01   -1.000000E+00   -9.674000E+00   -9.660714E+00
   2.740000E-09    2.000000E+00    1.744000E+00    8.200000E+01    1.954000E+00    1.335000E-01    1.469000E+00    3.704000E+00    4.176000E+00    4.535000E+00    1.000000E+00    2.898000E+00    8.285000E+00    5.695000E+00    9.500000E-01    5.000000E+00    3.800000E+01    2.491000E+00    2.402000E+00    3.850000E+00    1.170000E+00    1.583000E-02    3.270000E-04   -9.407000E+00    2.000000E+00    2.000000E+00    1.690000E+03    8.000000E+01    1.699000E+00    2.000000E+00   -9.783000E+00   -9.840231E+00
   2.000000E-09    7.000000E+00    1.580000E+00    7.900000E+01    1.398000E+00   -1.000000E+00   -1.000000E+01    3.362000E+00   -1.000000E+01    3.550000E+00   -1.000000E+01   -1.000000E+01    8.000000E+00    7.280000E+00    1.900000E+00    5.000000E+00    4.300000E+01    2.817000E+00    2.415000E+00    3.850000E+00    1.318000E+00    6.690000E-02    8.974000E-04   -1.002000E+01    2.000000E+00    3.000000E+00    8.000000E+02    8.200000E+01   -1.000000E+01   -1.000000E+00   -9.328000E+00   -9.139230E+00
   1.550000E-09    4.000000E+00    1.436000E+00    5.870000E+01    1.342000E+00   -3.010000E-01   -1.000000E+01    4.061000E+00   -1.000000E+01    4.249000E+00   -1.000000E+01   -1.000000E+01    3.100000E+00    9.752000E+00    2.550000E+00    4.000000E+00    3.400000E+01    2.921000E+00    1.961000E+00    3.450000E+00    1.332000E+00    1.732000E-01    9.673000E-04   -9.669000E+00    2.000000E+00    1.000000E+00    1.400000E+03    7.800000E+01   -1.000000E+01   -1.000000E+00   -1.024000E+01   -1.019215E+01
   1.550000E-09    4.000000E+00    6.232000E-01    6.700000E+01    1.672000E+00   -1.398000E+00    8.451000E-01    2.784000E+00    1.869000E+00    2.785000E+00   -1.000000E+01    2.785000E+00    7.400000E+00    9.752000E+00    2.550000E+00    4.000000E+00    3.400000E+01    2.921000E+00    1.808000E+00    3.450000E+00    2.203000E+00    2.085000E-01    5.572000E-04   -1.020000E+01    1.300000E+01    3.000000E+00    1.800000E+03    0.000000E+00   -1.000000E+01   -1.000000E+00   -1.002000E+01   -9.941307E+00
   2.000000E-09    1.000000E+00    1.447000E+00    1.080000E+02    1.398000E+00   -1.000000E+00   -1.000000E+01    3.362000E+00   -1.000000E+01    3.550000E+00   -1.000000E+01   -1.000000E+01    6.300000E+00    1.045000E+01    2.660000E+00    5.000000E+00    5.300000E+01    3.375000E+00    2.893000E+00    3.850000E+00    1.586000E+00    6.690000E-02    8.974000E-04   -1.002000E+01    2.000000E+00    1.000000E+00    9.000000E+02    1.000000E+02   -1.000000E+01   -1.000000E+00   -1.057000E+01   -1.063008E+01
   2.140000E-09    0.000000E+00   -1.549000E-01    1.000000E+01    1.362000E+00   -5.157000E-01    1.000000E+00    3.380000E+00    3.405000E+00    3.922000E+00    1.230000E+00    2.230000E+00    8.770000E+00    1.360000E+01    2.200000E+00    1.000000E+00    1.000000E+00    8.499000E-01    7.849000E-01    8.500000E-01    2.155000E+00    3.459000E-02    9.432000E-04   -9.776000E+00    1.400000E+01    1.000000E+00    2.610000E+03    0.000000E+00   -1.000000E+01    0.000000E+00   -1.077000E+01   -1.089999E+01
   1.910000E-09    1.000000E+00    2.025000E+00    8.100000E+01    1.352000E+00   -3.010000E-01   -1.000000E+01    4.061000E+00   -1.000000E+01    4.250000E+00   -1.000000E+01   -1.000000E+01    1.250000E+01    1.297000E+01    3.160000E+00    3.000000E+00    1.700000E+01    2.822000E+00    2.330000E+00    2.890000E+00    8.832000E-01    8.324000E-02    9.552000E-04   -9.669000E+00    2.500000E+01    1.000000E+00    1.650000E+03    0.000000E+00   -1.000000E+01   -1.000000E+00   -1.065000E+01   -1.062203E+01
   2.000000E-09    1.000000E+00    6.021000E-01    6.700000E+01    1.398000E+00   -1.208000E+00    7.796000E-01    2.716000E+00    2.301000E+00    2.944000E+00    2.176000E+00    3.041000E+00    7.520000E+00    1.045000E+01    2.660000E+00    5.000000E+00    5.300000E+01    3.375000E+00    2.893000E+00    3.850000E+00    2.224000E+00    6.690000E-02    8.974000E-04   -1.012000E+01    1.300000E+01    1.000000E+00    2.760000E+03    0.000000E+00   -1.000000E+01   -1.000000E+00   -1.162000E+01   -1.181660E+01
   8.100000E-10    4.000000E+00    6.232000E-01    6.700000E+01    1.477000E+00   -1.398000E+00    8.451000E-01    2.784000E+00    1.869000E+00    2.785000E+00   -1.000000E+01    2.785000E+00    2.300000E+00    9.752000E+00    2.550000E+00    4.000000E+00    3.400000E+01    2.921000E+00    9.976000E-01    3.450000E+00    2.203000E+00    4.667000E-01    7.959000E-04   -1.021000E+01    1.300000E+01    3.000000E+00    1.800000E+03    0.000000E+00   -1.000000E+01   -2.000000E+00   -9.326000E+00   -9.985718E+00
   4.530000E-09    1.000000E+00    1.279000E+00    9.300000E+01    1.778000E+00   -2.757000E-01    5.922000E-01    4.024000E+00    2.558000E+00    4.302000E+00   -1.000000E+01    4.065000E-01    8.300000E+00    3.894000E+00    7.900000E-01    6.000000E+00    5.500000E+01    2.333000E+00    4.054000E+00    4.360000E+00    1.690000E+00   -2.400000E-01    4.494000E-04   -9.630000E+00    2.000000E+00    1.000000E+00    1.600000E+03    4.750000E+01    1.477000E+00    1.000000E+00   -9.143000E+00   -9.156691E+00
   7.910000E-10    2.000000E+00    1.748000E+00    1.110000E+02    1.398000E+00   -6.778000E-01    1.637000E+00    3.472000E+00    2.790000E+00    3.517000E+00    1.749000E+00    3.638000E+00    7.550000E+00    5.695000E+00    9.500000E-01    5.000000E+00    3.800000E+01    2.491000E+00    8.447000E-01    3.850000E+00    1.297000E+00    4.698000E-01    8.974000E-04   -9.855000E+00    2.000000E+00    1.000000E+00    1.650000E+03    9.200000E+01   -1.000000E+01    2.000000E+00   -1.007000E+01   -9.965768E+00
   9.230000E-10    4.000000E+00    1.279000E+00    9.300000E+01    1.398000E+00   -1.796000E+00   -1.000000E+01    2.867000E+00   -1.000000E+01   -1.000000E+01   -1.000000E+01   -1.000000E+01    1.250000E+01    1.126000E+01    2.550000E+00    2.000000E+00    6.000000E+00    1.811000E+00    7.164000E-01    1.990000E+00    1.690000E+00    4.027000E-01    8.974000E-04   -1.041000E+01    2.000000E+00    1.000000E+00    1.600000E+03    4.750000E+01   -1.000000E+01   -2.000000E+00   -1.200000E+01   -1.153566E+01
   7.420000E-10    1.000000E+00    1.453000E+00    1.080000E+02    6.990000E-01   -1.000000E+01   -1.000000E+01   -1.000000E+01   -1.000000E+01   -1.000000E+01   -1.000000E+01   -1.000000E+01    4.895000E+00    5.139000E+00    9.300000E-01    3.000000E+00    1.100000E+01    1.777000E+00    6.056000E-01    2.890000E+00    1.580000E+00    4.674000E-01    1.536000E-03   -1.453000E+01    2.000000E+00    2.000000E+00    1.800000E+03    9.800000E+01   -1.000000E+01    1.000000E+00   -1.080000E+01   -1.065490E+01
   2.000000E-09    7.000000E+00    6.232000E-01    6.700000E+01    1.398000E+00   -1.000000E+00   -1.000000E+01    3.362000E+00   -1.000000E+01   -1.000000E+01   -1.000000E+01   -1.000000E+01    3.000000E+00    7.280000E+00    1.900000E+00    5.000000E+00    4.300000E+01    2.817000E+00    2.415000E+00    3.850000E+00    2.203000E+00    6.690000E-02    8.974000E-04   -1.002000E+01    1.300000E+01    1.000000E+00    2.670000E+03    0.000000E+00   -1.000000E+01   -1.000000E+00   -1.197000E+01   -1.210985E+01
   7.420000E-10    1.000000E+00    1.453000E+00    1.080000E+02    6.990000E-01   -1.000000E+01   -1.000000E+01   -1.000000E+01   -1.000000E+01   -1.000000E+01   -1.000000E+01   -1.000000E+01    5.871000E+00    5.139000E+00    9.300000E-01    3.000000E+00    1.100000E+01    1.777000E+00    6.056000E-01    2.890000E+00    1.580000E+00    4.674000E-01    1.536000E-03   -1.453000E+01    2.000000E+00    2.000000E+00    1.000000E+03    9.800000E+01   -1.000000E+01    1.000000E+00   -1.011000E+01   -1.013516E+01
   2.000000E-09    1.000000E+00    1.453000E+00    1.080000E+02    1.565000E+00   -2.000000E+00   -1.000000E+01    2.362000E+00   -1.000000E+01    2.550000E+00   -1.000000E+01   -1.000000E+01    6.121000E+00    1.045000E+01    2.660000E+00    5.000000E+00    5.300000E+01    3.375000E+00    2.784000E+00    3.850000E+00    1.580000E+00    8.362000E-02    6.848000E-04   -1.051000E+01    2.000000E+00    2.000000E+00    1.410000E+03    9.999000E+01   -1.000000E+01   -1.000000E+00   -1.001000E+01   -9.995019E+00
   1.200000E-09    4.000000E+00    1.279000E+00    9.300000E+01    1.398000E+00   -2.815000E-01   -1.000000E+01    4.080000E+00   -1.000000E+01    4.259000E+00   -1.000000E+01   -1.000000E+01    7.000000E+00    6.266000E+00    1.360000E+00    7.000000E+00    9.300000E+01    3.387000E+00    1.742000E+00    4.990000E+00    1.690000E+00    2.887000E-01    8.974000E-04   -9.657000E+00    2.000000E+00    2.000000E+00    1.800000E+03    4.750000E+01   -1.000000E+01    0.000000E+00   -1.037000E+01   -1.038493E+01
   1.560000E-09    1.000000E+00    1.453000E+00    1.080000E+02    1.176000E+00   -1.000000E+01   -1.000000E+01   -1.000000E+01   -1.000000E+01   -1.000000E+01   -1.000000E+01   -1.000000E+01    5.101000E+00    1.297000E+01    3.160000E+00    3.000000E+00    1.700000E+01    2.822000E+00    1.952000E+00    2.890000E+00    1.580000E+00    1.600000E-01    1.162000E-03   -1.452000E+01    2.000000E+00    2.000000E+00    1.600000E+03    9.800000E+01   -1.000000E+01   -1.000000E+00   -1.028000E+01   -1.041389E+01
   8.500000E-10    2.000000E+00    6.021000E-01    6.700000E+01    1.398000E+00   -3.523000E+00   -1.000000E+01   -1.000000E+01   -1.000000E+01    8.506000E-01   -1.000000E+01   -1.000000E+01    6.200000E+00    5.212000E+00    8.900000E-01    6.000000E+00    5.600000E+01    2.699000E+00    9.833000E-01    4.360000E+00    2.224000E+00    4.385000E-01    8.974000E-04   -1.128000E+01    1.300000E+01    1.000000E+00    2.640000E+03    0.000000E+00   -1.000000E+01    2.000000E+00   -1.224000E+01   -1.225134E+01
   1.350000E-09    1.000000E+00    1.453000E+00    1.080000E+02    1.398000E+00   -1.000000E+01   -1.000000E+01   -1.000000E+01   -1.000000E+01   -1.000000E+01   -1.000000E+01   -1.000000E+01    6.884000E+00    5.139000E+00    9.300000E-01    3.000000E+00    1.100000E+01    1.777000E+00    1.028000E+00    2.890000E+00    1.580000E+00    2.376000E-01    8.974000E-04   -1.452000E+01    2.000000E+00    2.000000E+00    1.100000E+03    9.800000E+01   -1.000000E+01    1.000000E+00   -9.917000E+00   -9.855437E+00
   9.000000E-10    4.000000E+00    1.279000E+00    9.300000E+01    1.398000E+00   -1.000000E+01   -1.000000E+01   -1.000000E+01   -1.000000E+01   -1.000000E+01   -1.000000E+01   -1.000000E+01    1.300000E+01    7.344000E+00    1.960000E+00    5.000000E+00    5.000000E+01    2.829000E+00    1.091000E+00    3.850000E+00    1.690000E+00    4.137000E-01    8.974000E-04   -1.452000E+01    2.000000E+00    2.000000E+00    4.000000E+02    4.750000E+01   -1.000000E+01    4.000000E+00   -9.453000E+00   -9.490215E+00
   2.032000E-10    1.000000E+00    1.748000E+00    1.110000E+02    1.778000E+00   -7.620000E-01    1.567000E+00    3.375000E+00    2.707000E+00    3.224000E+00    1.850000E+00    3.685000E+00    7.570000E+00    1.297000E+01    3.160000E+00    3.000000E+00    1.700000E+01    2.822000E+00    2.200000E-01    2.890000E+00    1.297000E+00    1.108000E+00    4.494000E-04   -9.873000E+00    2.000000E+00    1.000000E+00    1.200000E+03    9.200000E+01   -1.000000E+01   -1.000000E+00   -9.534000E+00   -9.713098E+00
   2.000000E-09    1.000000E+00    1.436000E+00    5.870000E+01    1.176000E+00   -3.010000E-01   -1.000000E+01    4.061000E+00   -1.000000E+01    4.249000E+00   -1.000000E+01   -1.000000E+01    3.130000E+00    1.045000E+01    2.660000E+00    5.000000E+00    5.300000E+01    3.375000E+00    2.994000E+00    3.850000E+00    1.332000E+00    5.208000E-02    1.162000E-03   -9.674000E+00    2.000000E+00    1.000000E+00    1.600000E+03    7.800000E+01   -1.000000E+01   -1.000000E+00   -1.021000E+01   -1.020044E+01
   1.330000E-09    1.000000E+00    1.833000E+00    7.100000E+01    1.398000E+00   -3.010000E-01   -1.000000E+01    4.061000E+00   -1.000000E+01    4.249000E+00   -1.000000E+01   -1.000000E+01    7.000000E+00    5.139000E+00    9.300000E-01    3.000000E+00    1.100000E+01    1.777000E+00    1.013000E+00    2.890000E+00    1.019000E+00    2.441000E-01    8.974000E-04   -9.667000E+00    6.000000E+00    1.000000E+00    1.700000E+03    0.000000E+00   -1.000000E+01    1.000000E+00   -9.638000E+00   -1.003913E+01
   2.140000E-09    0.000000E+00    1.279000E+00    9.300000E+01    1.602000E+00   -2.757000E-01    5.922000E-01    4.024000E+00    2.558000E+00    4.302000E+00   -1.000000E+01    4.065000E-01    8.300000E+00    1.360000E+01    2.200000E+00    1.000000E+00    1.000000E+00    8.499000E-01    7.423000E-01    8.500000E-01    1.690000E+00    5.883000E-02    6.389000E-04   -9.643000E+00    2.000000E+00    1.000000E+00    1.600000E+03    4.800000E+01    1.477000E+00    0.000000E+00   -9.609000E+00   -9.603737E+00
   2.140000E-09    0.000000E+00    4.771000E-01    2.000000E+00    1.398000E+00   -1.000000E+01   -1.000000E+01   -1.000000E+01   -1.000000E+01   -1.000000E+01   -1.000000E+01   -1.000000E+01    6.000000E+00    1.360000E+01    2.200000E+00    1.000000E+00    1.000000E+00    8.499000E-01    7.796000E-01    8.500000E-01    8.239000E-01    3.752000E-02    8.974000E-04   -1.452000E+01    8.000000E+00    7.000000E+00    2.980000E+03    0.000000E+00   -1.000000E+01    0.000000E+00   -1.082000E+01   -1.128637E+01
   2.100000E-09    1.000000E+00    1.279000E+00    9.300000E+01    1.398000E+00   -1.000000E+01   -1.000000E+01   -1.000000E+01   -1.000000E+01   -1.000000E+01   -1.000000E+01   -1.000000E+01    1.250000E+01    3.894000E+00    7.900000E-01    6.000000E+00    5.500000E+01    2.333000E+00    2.100000E+00    4.360000E+00    1.690000E+00    4.571000E-02    8.974000E-04   -1.452000E+01    2.000000E+00    2.000000E+00    1.600000E+03    4.750000E+01   -1.000000E+01    1.000000E+00   -1.005000E+01   -9.926857E+00
   2.100000E-09    4.000000E+00    1.279000E+00    9.300000E+01    1.398000E+00   -2.190000E-01   -1.000000E+01    4.105000E+00    2.983000E+00    2.697000E+00    2.086000E+00   -1.000000E+01    1.250000E+01    6.634000E+00    1.330000E+00    5.000000E+00    4.000000E+01    2.689000E+00    2.420000E+00    3.850000E+00    1.690000E+00    4.571000E-02    8.974000E-04   -9.626000E+00    2.000000E+00    2.000000E+00    1.200000E+03    4.750000E+01   -1.000000E+01    0.000000E+00   -9.577000E+00   -9.600099E+00
   9.000000E-10    2.000000E+00    1.279000E+00    9.300000E+01    1.398000E+00   -2.190000E-01   -1.000000E+01    4.105000E+00    2.983000E+00    2.697000E+00    2.086000E+00   -1.000000E+01    1.250000E+01    7.344000E+00    1.960000E+00    5.000000E+00    5.000000E+01    2.829000E+00    1.091000E+00    3.850000E+00    1.690000E+00    4.137000E-01    8.974000E-04   -9.626000E+00    2.000000E+00    2.000000E+00    1.800000E+03    4.750000E+01   -1.000000E+01    2.000000E+00   -1.049000E+01   -1.053027E+01
   1.550000E-09    1.000000E+00    1.453000E+00    1.080000E+02    1.477000E+00   -1.000000E+01   -1.000000E+01   -1.000000E+01   -1.000000E+01   -1.000000E+01   -1.000000E+01   -1.000000E+01    6.488000E+00    5.139000E+00    9.300000E-01    3.000000E+00    1.100000E+01    1.777000E+00    1.161000E+00    2.890000E+00    1.580000E+00    1.848000E-01    7.959000E-04   -1.451000E+01    2.000000E+00    2.000000E+00    1.200000E+03    9.800000E+01   -1.000000E+01    1.000000E+00   -9.939000E+00   -9.925493E+00
   8.480000E-10    2.000000E+00    4.771000E-01    2.000000E+00    1.398000E+00   -1.523000E+00   -1.000000E+01   -1.000000E+01    2.603000E+00    2.851000E+00   -1.000000E+01   -1.000000E+01    6.250000E+00    5.212000E+00    8.900000E-01    6.000000E+00    5.600000E+01    2.699000E+00    9.810000E-01    4.360000E+00    8.239000E-01    4.395000E-01    8.974000E-04   -1.028000E+01    8.000000E+00    1.000000E+00    2.640000E+03    0.000000E+00   -1.000000E+01    2.000000E+00   -1.278000E+01   -1.247549E+01
   1.350000E-09    1.000000E+00    1.453000E+00    1.080000E+02    1.398000E+00   -3.010000E-01   -1.000000E+01    4.061000E+00   -1.000000E+01    4.249000E+00   -1.000000E+01   -1.000000E+01    6.731000E+00    5.139000E+00    9.300000E-01    3.000000E+00    1.100000E+01    1.777000E+00    1.028000E+00    2.890000E+00    1.580000E+00    2.376000E-01    8.974000E-04   -9.667000E+00    2.000000E+00    2.000000E+00    1.000000E+03    9.800000E+01   -1.000000E+01    1.000000E+00   -9.839000E+00   -9.870259E+00
   1.300000E-10    7.000000E+00    1.580000E+00    7.200000E+01    1.398000E+00   -3.010000E-01   -1.000000E+01    4.061000E+00   -1.000000E+01    4.249000E+00   -1.000000E+01   -1.000000E+01    4.000000E+00    7.834000E+00    1.900000E+00    6.000000E+00    7.500000E+01    3.309000E+00    1.844000E-01    4.360000E+00    1.278000E+00    1.254000E+00    8.974000E-04   -9.667000E+00    2.000000E+00    1.000000E+00    1.700000E+03    8.200000E+01   -1.000000E+01   -1.000000E+00   -1.117000E+01   -1.131527E+01
   1.130000E-09    6.000000E+00    1.408000E+00    7.200000E+01    1.176000E+00   -9.208000E-01   -1.000000E+01    3.362000E+00   -1.000000E+01    3.550000E+00   -1.000000E+01   -1.000000E+01    5.600000E+00    6.767000E+00    1.660000E+00    4.000000E+00    2.400000E+01    2.434000E+00    1.220000E+00    3.450000E+00    1.449000E+00    3.000000E-01    1.162000E-03   -9.984000E+00    2.000000E+00    1.000000E+00    1.300000E+03    7.500000E+01   -1.000000E+01   -1.000000E+00   -1.025000E+01   -1.020854E+01
   1.360000E-09    5.000000E+00    1.453000E+00    1.080000E+02    1.362000E+00   -1.301000E+00   -1.000000E+01    3.061000E+00   -1.000000E+01    3.249000E+00   -1.000000E+01   -1.000000E+01    9.000000E+00    6.266000E+00    1.360000E+00    7.000000E+00    9.300000E+01    3.387000E+00    1.988000E+00    4.990000E+00    1.580000E+00    2.315000E-01    9.432000E-04   -1.017000E+01    2.000000E+00    1.000000E+00    8.000000E+02    9.900000E+01   -1.000000E+01    1.000000E+00   -9.854000E+00   -1.006048E+01
   2.090000E-09    1.000000E+00    1.580000E+00    7.870000E+01    1.398000E+00    0.000000E+00   -1.000000E+01    4.362000E+00   -1.000000E+01   -1.000000E+01   -1.000000E+01   -1.000000E+01    7.719000E+00    3.894000E+00    7.900000E-01    6.000000E+00    5.500000E+01    2.333000E+00    2.090000E+00    4.360000E+00    1.316000E+00    4.778000E-02    8.974000E-04   -9.516000E+00    2.000000E+00    1.000000E+00    1.600000E+03    8.200000E+01   -1.000000E+01    1.000000E+00   -1.008000E+01   -1.015177E+01
   2.000000E-09    1.000000E+00    1.477000E+00    2.100000E+01    1.380000E+00   -6.576000E-01    2.000000E+00    2.230000E+00    2.544000E+00    3.090000E+00    2.000000E+00    2.230000E+00    7.200000E+00    1.297000E+01    3.160000E+00    3.000000E+00    1.700000E+01    2.822000E+00    2.427000E+00    2.890000E+00    8.451000E-01    6.544000E-02    9.199000E-04   -9.846000E+00    4.000000E+00    1.000000E+00    2.440000E+03    0.000000E+00   -1.000000E+01   -1.000000E+00   -1.105000E+01   -1.113276E+01
   2.140000E-09    0.000000E+00    1.580000E+00    7.900000E+01    1.362000E+00   -7.747000E-01    2.220000E+00    3.380000E+00    2.982000E+00    3.643000E+00   -1.000000E+01    2.294000E+00    1.160000E+01    1.360000E+01    2.200000E+00    1.000000E+00    1.000000E+00    8.499000E-01    7.849000E-01    8.500000E-01    1.318000E+00    3.459000E-02    9.432000E-04   -9.905000E+00    2.000000E+00    1.000000E+00    1.810000E+03    8.200000E+01    1.778000E+00    0.000000E+00   -1.024000E+01   -1.018164E+01
   2.000000E-09    1.000000E+00    1.580000E+00    7.900000E+01    1.398000E+00   -1.000000E+00   -1.000000E+01    3.362000E+00   -1.000000E+01   -1.000000E+01   -1.000000E+01   -1.000000E+01    8.200000E+00    1.297000E+01    3.160000E+00    3.000000E+00    1.700000E+01    2.822000E+00    2.419000E+00    2.890000E+00    1.318000E+00    6.690000E-02    8.974000E-04   -1.002000E+01    2.000000E+00    1.000000E+00    4.000000E+02    8.000000E+01   -1.000000E+01   -1.000000E+00   -9.173000E+00   -9.280122E+00
   2.000000E-09    1.000000E+00    1.447000E+00    1.080000E+02    1.398000E+00   -2.000000E+00   -1.000000E+01    2.362000E+00   -1.000000E+01    2.550000E+00   -1.000000E+01   -1.000000E+01    6.300000E+00    1.045000E+01    2.660000E+00    5.000000E+00    5.300000E+01    3.375000E+00    2.893000E+00    3.850000E+00    1.586000E+00    6.690000E-02    8.974000E-04   -1.052000E+01    2.000000E+00    1.000000E+00    9.000000E+02    1.000000E+02   -1.000000E+01   -1.000000E+00   -1.119000E+01   -1.061367E+01
   8.100000E-10    2.000000E+00    1.279000E+00    9.300000E+01    1.352000E+00   -1.000000E+01   -1.000000E+01   -1.000000E+01   -1.000000E+01   -1.000000E+01   -1.000000E+01   -1.000000E+01    7.250000E+00    9.752000E+00    2.550000E+00    4.000000E+00    3.400000E+01    2.921000E+00    1.023000E+00    3.450000E+00    1.690000E+00    4.558000E-01    9.552000E-04   -1.452000E+01    2.000000E+00    2.000000E+00    1.600000E+03    4.750000E+01   -1.000000E+01   -1.000000E+00   -1.033000E+01   -1.036314E+01
   1.460000E-09    7.000000E+00    1.408000E+00    7.200000E+01    1.398000E+00   -1.184000E+00    1.199000E+00    3.079000E+00    2.103000E+00    2.783000E+00    1.919000E+00    2.732000E+00    8.300000E+00    7.834000E+00    1.900000E+00    6.000000E+00    7.500000E+01    3.309000E+00    2.071000E+00    4.360000E+00    1.449000E+00    2.036000E-01    8.974000E-04   -1.011000E+01    2.000000E+00    1.000000E+00    1.600000E+03    7.500000E+01   -1.000000E+01   -1.000000E+00   -1.072000E+01   -1.073005E+01
   7.900000E-10    2.000000E+00    1.580000E+00    7.900000E+01    1.398000E+00   -1.000000E+00   -1.000000E+01    3.362000E+00   -1.000000E+01    3.550000E+00   -1.000000E+01   -1.000000E+01    7.000000E+00    5.695000E+00    9.500000E-01    5.000000E+00    3.800000E+01    2.491000E+00    8.436000E-01    3.850000E+00    1.318000E+00    4.703000E-01    8.974000E-04   -1.002000E+01    2.000000E+00    3.000000E+00    1.000000E+03    8.200000E+01   -1.000000E+01    2.000000E+00   -9.018000E+00   -8.932884E+00
   2.000000E-09    1.000000E+00    1.602000E+00    1.400000E+01    1.362000E+00   -2.000000E+00    9.345000E-01    2.362000E+00    5.328000E-01    2.338000E+00    2.387000E+00    1.904000E+00    8.300000E+00    1.045000E+01    2.660000E+00    5.000000E+00    5.300000E+01    3.375000E+00    2.913000E+00    3.850000E+00    5.441000E-01    6.398000E-02    9.432000E-04   -1.052000E+01    5.000000E+00    1.000000E+00    2.450000E+03    0.000000E+00   -1.000000E+01   -1.000000E+00   -1.211000E+01   -1.204862E+01
   9.000000E-10    2.000000E+00    1.279000E+00    9.300000E+01    1.398000E+00    8.198000E-01   -1.000000E+01    5.178000E+00    3.983000E+00    5.366000E+00    2.086000E+00   -1.000000E+01    1.250000E+01    7.344000E+00    1.960000E+00    5.000000E+00    5.000000E+01    2.829000E+00    1.091000E+00    3.850000E+00    1.690000E+00    4.137000E-01    8.974000E-04   -9.106000E+00    2.000000E+00    2.000000E+00    1.800000E+03    4.750000E+01   -1.000000E+01    2.000000E+00   -1.049000E+01   -1.060166E+01
   1.010000E-09    1.000000E+00    1.453000E+00    1.080000E+02    1.176000E+00   -1.000000E+01   -1.000000E+01   -1.000000E+01   -1.000000E+01   -1.000000E+01   -1.000000E+01   -1.000000E+01    6.134000E+00    5.139000E+00    9.300000E-01    3.000000E+00    1.100000E+01    1.777000E+00    7.958000E-01    2.890000E+00    1.580000E+00    3.488000E-01    1.162000E-03   -1.452000E+01    2.000000E+00    2.000000E+00    1.600000E+03    9.800000E+01   -1.000000E+01    1.000000E+00   -1.047000E+01   -1.056415E+01
   2.100000E-09    0.000000E+00    2.025000E+00    8.100000E+01    1.398000E+00    6.990000E-01   -1.000000E+01    5.061000E+00   -1.000000E+01    5.249000E+00   -1.000000E+01   -1.000000E+01    1.250000E+01    1.360000E+01    2.200000E+00    1.000000E+00    1.000000E+00    8.499000E-01    7.650000E-01    8.500000E-01    8.832000E-01    4.571000E-02    8.974000E-04   -9.167000E+00    2.500000E+01    1.000000E+00    1.650000E+03    0.000000E+00   -1.000000E+01    0.000000E+00   -1.042000E+01   -1.023699E+01
   2.000000E-09    1.000000E+00    1.602000E+00    1.400000E+01    1.362000E+00   -9.586000E-01    9.345000E-01    3.403000E+00    5.328000E-01    3.575000E+00    2.387000E+00    1.904000E+00    8.200000E+00    1.045000E+01    2.660000E+00    5.000000E+00    5.300000E+01    3.375000E+00    2.913000E+00    3.850000E+00    5.441000E-01    6.398000E-02    9.432000E-04   -9.997000E+00    5.000000E+00    1.000000E+00    2.450000E+03    0.000000E+00   -1.000000E+01   -1.000000E+00   -1.174000E+01   -1.181711E+01
   8.470000E-10    2.000000E+00    1.748000E+00    1.110000E+02    1.778000E+00   -7.282000E-01    1.596000E+00    3.415000E+00    2.736000E+00    3.353000E+00    1.827000E+00    3.670000E+00    7.560000E+00    5.212000E+00    8.900000E-01    6.000000E+00    5.600000E+01    2.699000E+00    8.769000E-01    4.360000E+00    1.297000E+00    4.883000E-01    4.494000E-04   -9.856000E+00    2.000000E+00    1.000000E+00    1.400000E+03    9.200000E+01   -1.000000E+01    2.000000E+00   -8.703000E+00   -8.864469E+00
   3.690000E-09    1.000000E+00    1.453000E+00    1.080000E+02    1.699000E+00   -1.000000E+01   -1.000000E+01   -1.000000E+01   -1.000000E+01   -1.000000E+01   -1.000000E+01   -1.000000E+01    6.159000E+00    1.297000E+01    3.160000E+00    3.000000E+00    1.700000E+01    2.822000E+00    4.118000E+00    2.890000E+00    1.580000E+00   -1.641000E-01    5.279000E-04   -1.450000E+01    2.000000E+00    2.000000E+00    1.600000E+03    9.800000E+01   -1.000000E+01   -1.000000E+00   -9.910000E+00   -9.977913E+00
   1.460000E-09    7.000000E+00    1.408000E+00    7.200000E+01    1.114000E+00   -1.018000E+00    1.176000E+00    3.069000E+00    2.685000E+00    3.064000E+00    1.708000E+00    3.353000E+00    4.000000E+00    7.834000E+00    1.900000E+00    6.000000E+00    7.500000E+01    3.309000E+00    2.158000E+00    4.360000E+00    1.449000E+00    1.857000E-01    1.226000E-03   -1.003000E+01    2.000000E+00    1.000000E+00    1.800000E+03    7.500000E+01   -1.000000E+01   -1.000000E+00   -1.152000E+01   -1.086533E+01
   1.200000E-09    5.000000E+00    1.455000E+00    8.700000E+01    1.301000E+00   -2.297000E+00   -1.000000E+01   -1.000000E+01    2.603000E+00   -1.000000E+01   -1.000000E+01   -1.000000E+01    6.000000E+00    6.266000E+00    1.360000E+00    7.000000E+00    9.300000E+01    3.387000E+00    1.772000E+00    4.990000E+00    1.485000E+00    2.814000E-01    1.018000E-03   -1.067000E+01    3.000000E+00    2.000000E+00    7.800000E+02    1.000000E+02   -1.000000E+01    1.000000E+00   -9.682000E+00   -9.669354E+00
   1.460000E-09    7.000000E+00    1.408000E+00    7.200000E+01    1.398000E+00   -1.184000E+00    1.199000E+00    3.079000E+00    2.103000E+00    2.783000E+00    1.919000E+00    2.732000E+00    8.300000E+00    7.834000E+00    1.900000E+00    6.000000E+00    7.500000E+01    3.309000E+00    2.071000E+00    4.360000E+00    1.449000E+00    2.036000E-01    8.974000E-04   -1.011000E+01    2.000000E+00    1.000000E+00    1.400000E+03    7.500000E+01   -1.000000E+01   -1.000000E+00   -1.048000E+01   -1.026149E+01
   6.020000E-10    3.000000E+00    1.580000E+00    7.900000E+01    1.398000E+00   -1.000000E+00   -1.000000E+01    3.362000E+00   -1.000000E+01    3.550000E+00   -1.000000E+01   -1.000000E+01    9.000000E+00    5.670000E+00    1.200000E+00    6.000000E+00    6.300000E+01    2.815000E+00    7.264000E-01    4.360000E+00    1.318000E+00    5.883000E-01    8.974000E-04   -1.002000E+01    2.000000E+00    3.000000E+00    1.000000E+03    8.200000E+01   -1.000000E+01    3.000000E+00   -9.481000E+00   -1.021556E+01
   2.032000E-10    1.000000E+00    1.602000E+00    1.400000E+01    1.362000E+00   -9.208000E-01    9.345000E-01    3.403000E+00    5.328000E-01    3.575000E+00    2.387000E+00    1.904000E+00    8.200000E+00    1.297000E+01    3.160000E+00    3.000000E+00    1.700000E+01    2.822000E+00    2.474000E-01    2.890000E+00    5.441000E-01    1.057000E+00    9.432000E-04   -9.978000E+00    5.000000E+00    1.000000E+00    2.450000E+03    0.000000E+00   -1.000000E+01   -1.000000E+00   -1.154000E+01   -1.158936E+01
   6.100000E-10    3.000000E+00    1.279000E+00    9.300000E+01    1.391000E+00   -2.222000E+00   -1.000000E+01   -1.000000E+01   -1.000000E+01    2.027000E+00   -1.000000E+01   -1.000000E+01    1.074000E+01    5.644000E+00    1.170000E+00    6.000000E+00    6.200000E+01    2.809000E+00    7.353000E-01    4.360000E+00    1.690000E+00    5.820000E-01    9.063000E-04   -1.063000E+01    2.000000E+00    2.000000E+00    1.400000E+03    4.750000E+01   -1.000000E+01   -1.000000E+00   -1.027000E+01   -1.029657E+01
   7.900000E-10    2.000000E+00    1.279000E+00    9.300000E+01    1.398000E+00   -2.190000E-01   -1.000000E+01    4.105000E+00    2.983000E+00    2.697000E+00    2.086000E+00   -1.000000E+01    1.250000E+01    5.695000E+00    9.500000E-01    5.000000E+00    3.800000E+01    2.491000E+00    8.436000E-01    3.850000E+00    1.690000E+00    4.703000E-01    8.974000E-04   -9.626000E+00    2.000000E+00    2.000000E+00    1.200000E+03    4.750000E+01   -1.000000E+01    2.000000E+00   -1.000000E+01   -9.987941E+00
   1.550000E-09    4.000000E+00    1.408000E+00    7.200000E+01    1.342000E+00   -5.229000E-01   -1.000000E+01    3.839000E+00   -1.000000E+01    4.027000E+00   -1.000000E+01   -1.000000E+01    5.600000E+00    9.752000E+00    2.550000E+00    4.000000E+00    3.400000E+01    2.921000E+00    1.961000E+00    3.450000E+00    1.449000E+00    1.732000E-01    9.673000E-04   -9.780000E+00    2.000000E+00    1.000000E+00    1.300000E+03    7.500000E+01   -1.000000E+01   -1.000000E+00   -1.018000E+01   -1.021271E+01
   2.090000E-09    1.000000E+00   -1.549000E-01    1.000000E+01    1.398000E+00   -5.157000E-01    1.000000E+00    3.380000E+00    3.405000E+00    3.922000E+00    1.230000E+00    2.230000E+00    8.770000E+00    3.894000E+00    7.900000E-01    6.000000E+00    5.500000E+01    2.333000E+00    2.090000E+00    4.360000E+00    2.155000E+00    4.778000E-02    8.974000E-04   -9.774000E+00    1.400000E+01    1.000000E+00    2.610000E+03    0.000000E+00   -1.000000E+01    1.000000E+00   -1.092000E+01   -1.116273E+01
   1.550000E-09    4.000000E+00    1.408000E+00    7.200000E+01    1.114000E+00   -1.018000E+00    1.176000E+00    3.069000E+00    2.685000E+00    3.064000E+00    1.708000E+00    3.353000E+00    4.000000E+00    9.752000E+00    2.550000E+00    4.000000E+00    3.400000E+01    2.921000E+00    2.022000E+00    3.450000E+00    1.449000E+00    1.598000E-01    1.226000E-03   -1.003000E+01    2.000000E+00    1.000000E+00    1.800000E+03    7.500000E+01   -1.000000E+01   -1.000000E+00   -1.135000E+01   -1.076565E+01
   2.100000E-09    1.000000E+00    1.279000E+00    9.300000E+01    1.398000E+00   -2.190000E-01   -1.000000E+01    4.105000E+00    2.983000E+00    2.697000E+00    2.086000E+00   -1.000000E+01    1.250000E+01    3.894000E+00    7.900000E-01    6.000000E+00    5.500000E+01    2.333000E+00    2.100000E+00    4.360000E+00    1.690000E+00    4.571000E-02    8.974000E-04   -9.626000E+00    2.000000E+00    2.000000E+00    1.800000E+03    4.750000E+01   -1.000000E+01    1.000000E+00   -1.012000E+01   -1.005519E+01
   2.000000E-09    1.000000E+00    1.613000E+00    1.700000E+01    1.398000E+00    2.625000E-01   -1.000000E+01    4.624000E+00   -1.000000E+01    4.812000E+00   -1.000000E+01   -1.000000E+01    5.500000E+00    1.297000E+01    3.160000E+00    3.000000E+00    1.700000E+01    2.822000E+00    2.419000E+00    2.890000E+00    6.177000E-01    6.690000E-02    8.974000E-04   -9.385000E+00    1.700000E+01    1.000000E+00    2.780000E+03    0.000000E+00   -1.000000E+01   -1.000000E+00   -1.302000E+01   -1.301056E+01
   2.000000E-09    1.000000E+00    1.580000E+00    7.900000E+01    1.398000E+00   -1.365000E+00    1.990000E+00    2.225000E+00    2.538000E+00    3.094000E+00   -1.000000E+01    2.238000E+00    7.800000E+00    4.341000E+00    8.200000E-01    4.000000E+00    1.900000E+01    1.949000E+00    1.671000E+00    3.450000E+00    1.318000E+00    6.690000E-02    8.974000E-04   -1.020000E+01    2.000000E+00    1.000000E+00    2.000000E+03    8.200000E+01   -1.000000E+01    1.000000E+00   -9.959000E+00   -9.718088E+00
   8.050000E-10    2.000000E+00    1.494000E+00    8.300000E+01    1.301000E+00   -5.951000E+00    1.906000E+00   -2.081000E+00   -1.887000E+00   -2.301000E+00   -1.000000E+01   -2.066000E+00    7.906000E+00    5.695000E+00    9.500000E-01    5.000000E+00    3.800000E+01    2.491000E+00    8.743000E-01    3.850000E+00    1.425000E+00    4.548000E-01    1.018000E-03   -1.250000E+01    2.000000E+00    1.000000E+00    1.200000E+03    8.000000E+01   -1.000000E+01    2.000000E+00   -1.076000E+01   -1.054798E+01
   2.000000E-09    1.000000E+00    1.580000E+00    7.900000E+01    1.398000E+00   -1.000000E+00   -1.000000E+01    3.362000E+00   -1.000000E+01   -1.000000E+01   -1.000000E+01   -1.000000E+01    8.200000E+00    1.297000E+01    3.160000E+00    3.000000E+00    1.700000E+01    2.822000E+00    2.419000E+00    2.890000E+00    1.318000E+00    6.690000E-02    8.974000E-04   -1.002000E+01    2.000000E+00    1.000000E+00    8.000000E+02    8.000000E+01   -1.000000E+01   -1.000000E+00   -9.449000E+00   -9.395855E+00
   1.350000E-09    1.000000E+00    1.453000E+00    1.080000E+02    1.398000E+00   -1.000000E+01   -1.000000E+01   -1.000000E+01   -1.000000E+01   -1.000000E+01   -1.000000E+01   -1.000000E+01    6.303000E+00    5.139000E+00    9.300000E-01    3.000000E+00    1.100000E+01    1.777000E+00    1.028000E+00    2.890000E+00    1.580000E+00    2.376000E-01    8.974000E-04   -1.452000E+01    2.000000E+00    2.000000E+00    1.800000E+03    9.800000E+01   -1.000000E+01    1.000000E+00   -1.059000E+01   -1.052681E+01
   9.560000E-10    4.000000E+00    1.447000E+00    1.080000E+02    1.398000E+00    6.990000E-01   -1.000000E+01    5.061000E+00   -1.000000E+01    5.249000E+00   -1.000000E+01   -1.000000E+01    1.250000E+01    1.126000E+01    2.550000E+00    2.000000E+00    6.000000E+00    1.811000E+00    7.420000E-01    1.990000E+00    1.586000E+00    3.875000E-01    8.974000E-04   -9.167000E+00    2.000000E+00    1.000000E+00    9.000000E+02    1.000000E+02   -1.000000E+01   -2.000000E+00   -1.082000E+01   -1.057243E+01
   2.570000E-09    1.000000E+00    1.453000E+00    1.080000E+02    1.699000E+00   -3.979000E-01   -1.000000E+01    3.964000E+00   -1.000000E+01    4.152000E+00   -1.000000E+01   -1.000000E+01    7.048000E+00    5.139000E+00    9.300000E-01    3.000000E+00    1.100000E+01    1.777000E+00    1.806000E+00    2.890000E+00    1.580000E+00   -7.034000E-03    5.279000E-04   -9.698000E+00    2.000000E+00    2.000000E+00    1.000000E+03    9.800000E+01   -1.000000E+01    1.000000E+00   -9.559000E+00   -9.554371E+00
   8.480000E-10    2.000000E+00    4.771000E-01    2.000000E+00    1.398000E+00   -3.523000E+00   -1.000000E+01   -1.000000E+01    6.031000E-01    8.513000E-01   -1.000000E+01   -1.000000E+01    6.250000E+00    5.212000E+00    8.900000E-01    6.000000E+00    5.600000E+01    2.699000E+00    9.810000E-01    4.360000E+00    8.239000E-01    4.395000E-01    8.974000E-04   -1.128000E+01    8.000000E+00    1.000000E+00    2.640000E+03    0.000000E+00   -1.000000E+01    2.000000E+00   -1.224000E+01   -1.225725E+01
   1.010000E-09    1.000000E+00    1.453000E+00    1.080000E+02    1.176000E+00   -1.000000E+01   -1.000000E+01   -1.000000E+01   -1.000000E+01   -1.000000E+01   -1.000000E+01   -1.000000E+01    6.557000E+00    5.139000E+00    9.300000E-01    3.000000E+00    1.100000E+01    1.777000E+00    7.958000E-01    2.890000E+00    1.580000E+00    3.488000E-01    1.162000E-03   -1.452000E+01    2.000000E+00    2.000000E+00    9.000000E+02    9.800000E+01   -1.000000E+01    1.000000E+00   -9.886000E+00   -9.858026E+00
   1.460000E-09    7.000000E+00    1.408000E+00    7.200000E+01    1.398000E+00   -1.184000E+00    1.199000E+00    3.079000E+00    2.103000E+00    2.783000E+00    1.919000E+00    2.732000E+00    8.300000E+00    7.834000E+00    1.900000E+00    6.000000E+00    7.500000E+01    3.309000E+00    2.071000E+00    4.360000E+00    1.449000E+00    2.036000E-01    8.974000E-04   -1.011000E+01    2.000000E+00    1.000000E+00    1.800000E+03    7.500000E+01   -1.000000E+01   -1.000000E+00   -1.144000E+01   -1.094636E+01
   2.000000E-09    1.000000E+00    1.279000E+00    9.300000E+01    1.398000E+00   -1.398000E+00   -1.000000E+01   -1.000000E+01    2.904000E+00   -1.000000E+01   -1.000000E+01   -1.000000E+01    1.250000E+01    1.045000E+01    2.660000E+00    5.000000E+00    5.300000E+01    3.375000E+00    2.893000E+00    3.850000E+00    1.690000E+00    6.690000E-02    8.974000E-04   -1.022000E+01    2.000000E+00    1.000000E+00    1.800000E+03    4.750000E+01   -1.000000E+01   -1.000000E+00   -1.121000E+01   -1.112499E+01
   8.100000E-10    2.000000E+00    2.025000E+00    8.100000E+01    1.342000E+00   -1.000000E+00   -1.000000E+01    3.362000E+00   -1.000000E+01    3.550000E+00   -1.000000E+01   -1.000000E+01    1.100000E+01    9.752000E+00    2.550000E+00    4.000000E+00    3.400000E+01    2.921000E+00    1.025000E+00    3.450000E+00    8.832000E-01    4.551000E-01    9.673000E-04   -1.002000E+01    2.500000E+01    1.000000E+00    1.530000E+03    0.000000E+00   -1.000000E+01   -1.000000E+00   -1.121000E+01   -1.111885E+01
   2.000000E-09    7.000000E+00    1.580000E+00    7.900000E+01    1.398000E+00   -1.000000E+00   -1.000000E+01    3.362000E+00   -1.000000E+01    3.550000E+00   -1.000000E+01   -1.000000E+01    8.000000E+00    7.280000E+00    1.900000E+00    5.000000E+00    4.300000E+01    2.817000E+00    2.415000E+00    3.850000E+00    1.318000E+00    6.690000E-02    8.974000E-04   -1.002000E+01    2.000000E+00    3.000000E+00    1.200000E+03    8.200000E+01   -1.000000E+01   -1.000000E+00   -9.602000E+00   -9.486715E+00
   2.950000E-09    1.000000E+00    1.453000E+00    1.080000E+02    1.602000E+00   -1.000000E+01   -1.000000E+01   -1.000000E+01   -1.000000E+01   -1.000000E+01   -1.000000E+01   -1.000000E+01    6.075000E+00    1.297000E+01    3.160000E+00    3.000000E+00    1.700000E+01    2.822000E+00    3.397000E+00    2.890000E+00    1.580000E+00   -8.057000E-02    6.389000E-04   -1.451000E+01    2.000000E+00    2.000000E+00    1.400000E+03    9.800000E+01   -1.000000E+01   -1.000000E+00   -9.830000E+00   -9.737234E+00
   2.220000E-09    0.000000E+00    1.748000E+00    1.110000E+02    1.778000E+00   -7.282000E-01    1.596000E+00    3.415000E+00    2.736000E+00    3.353000E+00    1.827000E+00    3.670000E+00    7.560000E+00    1.360000E+01    2.200000E+00    1.000000E+00    1.000000E+00    8.499000E-01    7.238000E-01    8.500000E-01    1.297000E+00    6.978000E-02    4.494000E-04   -9.856000E+00    2.000000E+00    1.000000E+00    1.400000E+03    9.200000E+01   -1.000000E+01    0.000000E+00   -9.619000E+00   -9.633746E+00
   2.030000E-09    1.000000E+00    1.453000E+00    1.100000E+02    1.362000E+00   -1.000000E+00   -1.000000E+01    3.362000E+00   -1.000000E+01    3.550000E+00   -1.000000E+01   -1.000000E+01    7.000000E+00    1.045000E+01    2.660000E+00    5.000000E+00    5.300000E+01    3.375000E+00    2.956000E+00    3.850000E+00    1.588000E+00    5.751000E-02    9.432000E-04   -1.002000E+01    2.000000E+00    1.000000E+00    8.000000E+02    9.800000E+01   -1.000000E+01   -1.000000E+00   -1.118000E+01   -1.005549E+01
   7.900000E-10    2.000000E+00    1.580000E+00    7.900000E+01    1.398000E+00   -1.000000E+00   -1.000000E+01    3.362000E+00   -1.000000E+01    3.550000E+00   -1.000000E+01   -1.000000E+01    5.000000E+00    5.695000E+00    9.500000E-01    5.000000E+00    3.800000E+01    2.491000E+00    8.436000E-01    3.850000E+00    1.318000E+00    4.703000E-01    8.974000E-04   -1.002000E+01    2.000000E+00    3.000000E+00    1.000000E+03    8.200000E+01   -1.000000E+01    2.000000E+00   -8.886000E+00   -8.997111E+00
   4.300000E-10    6.000000E+00    1.279000E+00    9.300000E+01    1.398000E+00   -1.000000E+01   -1.000000E+01   -1.000000E+01   -1.000000E+01   -1.000000E+01   -1.000000E+01   -1.000000E+01    8.450000E+00    6.194000E+00    1.380000E+00    7.000000E+00    9.200000E+01    3.368000E+00    6.207000E-01    4.990000E+00    1.690000E+00    7.345000E-01    8.974000E-04   -1.452000E+01    2.000000E+00    2.000000E+00    1.000000E+03    4.750000E+01   -1.000000E+01   -4.000000E+00   -1.012000E+01   -1.022495E+01
   2.000000E-09    1.000000E+00    1.279000E+00    9.300000E+01    1.398000E+00   -6.108000E-01   -1.000000E+01    3.760000E+00   -1.000000E+01   -1.000000E+01    3.941000E+00    3.363000E+00    1.050000E+01    1.045000E+01    2.660000E+00    5.000000E+00    5.300000E+01    3.375000E+00    2.893000E+00    3.850000E+00    1.690000E+00    6.690000E-02    8.974000E-04   -9.822000E+00    2.000000E+00    1.000000E+00    1.600000E+03    4.750000E+01   -1.000000E+01   -1.000000E+00   -1.046000E+01   -1.055654E+01
   2.100000E-09    0.000000E+00    2.025000E+00    8.100000E+01    1.398000E+00   -1.000000E+00   -1.000000E+01    3.362000E+00   -1.000000E+01    3.550000E+00   -1.000000E+01   -1.000000E+01    1.250000E+01    1.360000E+01    2.200000E+00    1.000000E+00    1.000000E+00    8.499000E-01    7.650000E-01    8.500000E-01    8.832000E-01    4.571000E-02    8.974000E-04   -1.002000E+01    2.500000E+01    1.000000E+00    1.650000E+03    0.000000E+00   -1.000000E+01    0.000000E+00   -1.002000E+01   -1.007284E+01
   2.000000E-09    1.000000E+00    1.279000E+00    9.300000E+01    1.362000E+00    6.990000E-01   -1.000000E+01    5.061000E+00   -1.000000E+01   -1.000000E+01   -1.000000E+01   -1.000000E+01    1.250000E+01    1.045000E+01    2.660000E+00    5.000000E+00    5.300000E+01    3.375000E+00    2.913000E+00    3.850000E+00    1.690000E+00    6.398000E-02    9.432000E-04   -9.168000E+00    2.000000E+00    1.000000E+00    1.600000E+03    5.000000E+01    1.699000E+00   -1.000000E+00   -1.007000E+01   -1.025637E+01
   2.000000E-09    1.000000E+00    1.580000E+00    7.900000E+01    1.398000E+00   -1.000000E+00   -1.000000E+01    3.362000E+00   -1.000000E+01   -1.000000E+01   -1.000000E+01   -1.000000E+01    8.200000E+00    1.045000E+01    2.660000E+00    5.000000E+00    5.300000E+01    3.375000E+00    2.893000E+00    3.850000E+00    1.318000E+00    6.690000E-02    8.974000E-04   -1.002000E+01    2.000000E+00    1.000000E+00    1.200000E+03    8.000000E+01   -1.000000E+01   -1.000000E+00   -9.754000E+00   -9.724114E+00
   1.350000E-09    1.000000E+00    1.453000E+00    1.080000E+02    1.398000E+00   -1.000000E+01   -1.000000E+01   -1.000000E+01   -1.000000E+01   -1.000000E+01   -1.000000E+01   -1.000000E+01    6.244000E+00    5.139000E+00    9.300000E-01    3.000000E+00    1.100000E+01    1.777000E+00    1.028000E+00    2.890000E+00    1.580000E+00    2.376000E-01    8.974000E-04   -1.452000E+01    2.000000E+00    2.000000E+00    1.800000E+03    9.800000E+01    1.447000E+00    1.000000E+00   -1.043000E+01   -1.044478E+01
   7.900000E-10    2.000000E+00    1.580000E+00    7.900000E+01    1.398000E+00   -1.000000E+00   -1.000000E+01    3.362000E+00   -1.000000E+01    3.550000E+00   -1.000000E+01   -1.000000E+01    5.000000E+00    5.695000E+00    9.500000E-01    5.000000E+00    3.800000E+01    2.491000E+00    8.436000E-01    3.850000E+00    1.318000E+00    4.703000E-01    8.974000E-04   -1.002000E+01    2.000000E+00    3.000000E+00    1.000000E+03    8.200000E+01   -1.000000E+01    2.000000E+00   -8.886000E+00   -8.997111E+00
   2.000000E-09    1.000000E+00    1.447000E+00    1.300000E+01    1.380000E+00   -6.990000E-01    2.228000E+00    3.538000E+00    2.462000E+00    3.754000E+00    1.279000E+00    2.983000E+00    7.900000E+00    1.297000E+01    3.160000E+00    3.000000E+00    1.700000E+01    2.822000E+00    2.427000E+00    2.890000E+00    6.668000E-01    6.544000E-02    9.199000E-04   -9.866000E+00    4.000000E+00    4.000000E+00    2.600000E+03    0.000000E+00   -1.000000E+01   -1.000000E+00   -1.204000E+01   -1.203904E+01
   2.220000E-09    0.000000E+00    1.602000E+00    1.400000E+02    1.398000E+00   -1.000000E+00   -1.000000E+01    3.362000E+00   -1.000000E+01   -1.000000E+01   -1.000000E+01   -1.000000E+01    5.000000E+00    1.360000E+01    2.200000E+00    1.000000E+00    1.000000E+00    8.499000E-01    8.088000E-01    8.500000E-01    1.544000E+00    2.158000E-02    8.974000E-04   -1.002000E+01    7.000000E+00    1.000000E+00    1.900000E+03    0.000000E+00   -1.000000E+01    0.000000E+00   -9.509000E+00   -9.780210E+00
   1.550000E-09    4.000000E+00    1.436000E+00    5.870000E+01    1.342000E+00   -3.010000E-01   -1.000000E+01    4.061000E+00   -1.000000E+01    4.249000E+00   -1.000000E+01   -1.000000E+01    3.100000E+00    9.752000E+00    2.550000E+00    4.000000E+00    3.400000E+01    2.921000E+00    1.961000E+00    3.450000E+00    1.332000E+00    1.732000E-01    9.673000E-04   -9.669000E+00    2.000000E+00    1.000000E+00    1.600000E+03    7.800000E+01   -1.000000E+01   -1.000000E+00   -1.052000E+01   -1.050163E+01
   6.600000E-10    2.000000E+00    6.990000E-01    4.000000E+00    1.398000E+00   -5.229000E-01   -1.000000E+01   -1.000000E+01   -1.000000E+01    3.851000E+00   -1.000000E+01   -1.000000E+01    7.100000E+00    7.640000E+00    1.910000E+00    4.000000E+00    2.800000E+01    2.586000E+00    7.315000E-01    3.450000E+00    9.031000E-01    5.484000E-01    8.974000E-04   -9.778000E+00    1.000000E+00    1.000000E+00    2.750000E+03    0.000000E+00   -1.000000E+01    2.000000E+00   -1.355000E+01   -1.330066E+01
   2.040000E-09    1.000000E+00    1.744000E+00    8.200000E+01    1.380000E+00   -6.576000E-01    1.176000E+00    3.262000E+00    3.292000E+00    3.770000E+00    1.447000E+00    3.583000E+00    7.200000E+00    3.894000E+00    7.900000E-01    6.000000E+00    5.500000E+01    2.333000E+00    2.047000E+00    4.360000E+00    1.170000E+00    5.684000E-02    9.199000E-04   -9.846000E+00    2.000000E+00    2.000000E+00    1.250000E+03    8.000000E+01   -1.000000E+01    1.000000E+00   -9.810000E+00   -9.816734E+00
   2.950000E-09    1.000000E+00    1.453000E+00    1.080000E+02    1.602000E+00   -3.010000E-01   -1.000000E+01    4.061000E+00   -1.000000E+01    4.249000E+00   -1.000000E+01   -1.000000E+01    6.026000E+00    1.297000E+01    3.160000E+00    3.000000E+00    1.700000E+01    2.822000E+00    3.397000E+00    2.890000E+00    1.580000E+00   -8.057000E-02    6.389000E-04   -9.656000E+00    2.000000E+00    2.000000E+00    1.000000E+03    9.800000E+01   -1.000000E+01   -1.000000E+00   -9.499000E+00   -9.476103E+00
   1.560000E-09    1.000000E+00    1.453000E+00    1.080000E+02    1.176000E+00   -1.000000E+01   -1.000000E+01   -1.000000E+01   -1.000000E+01   -1.000000E+01   -1.000000E+01   -1.000000E+01    5.108000E+00    1.297000E+01    3.160000E+00    3.000000E+00    1.700000E+01    2.822000E+00    1.952000E+00    2.890000E+00    1.580000E+00    1.600000E-01    1.162000E-03   -1.452000E+01    2.000000E+00    2.000000E+00    1.600000E+03    9.800000E+01   -1.000000E+01   -1.000000E+00   -1.028000E+01   -1.041389E+01
   8.100000E-10    4.000000E+00   -1.549000E-01    1.000000E+01    1.342000E+00   -3.037000E+00   -6.990000E-01    9.827000E-01    7.490000E-01    2.967000E-01    1.408000E+00    9.581000E-01    9.290000E+00    9.752000E+00    2.550000E+00    4.000000E+00    3.400000E+01    2.921000E+00    1.025000E+00    3.450000E+00    2.155000E+00    4.551000E-01    9.673000E-04   -1.104000E+01    1.400000E+01    1.000000E+00    2.730000E+03    0.000000E+00   -1.000000E+01   -2.000000E+00   -1.172000E+01   -1.169875E+01
   6.020000E-10    3.000000E+00    1.580000E+00    7.900000E+01    1.362000E+00   -1.285000E+00    7.966000E-01    2.777000E+00    2.283000E+00    3.193000E+00   -1.000000E+01   -1.000000E+01    7.700000E+00    5.670000E+00    1.200000E+00    6.000000E+00    6.300000E+01    2.815000E+00    7.313000E-01    4.360000E+00    1.318000E+00    5.854000E-01    9.432000E-04   -1.016000E+01    2.000000E+00    2.000000E+00    1.000000E+03    8.200000E+01   -1.000000E+01    3.000000E+00   -9.585000E+00   -9.520374E+00
   7.600000E-10    2.000000E+00    1.744000E+00    8.200000E+01    1.362000E+00   -5.719000E-01    1.437000E+00    3.441000E+00    3.205000E+00    3.851000E+00    1.086000E+00    3.129000E+00    7.700000E+00    6.113000E+00    1.000000E+00    4.000000E+00    2.000000E+01    2.313000E+00    7.586000E-01    3.450000E+00    1.170000E+00    4.842000E-01    9.432000E-04   -9.804000E+00    2.000000E+00    1.000000E+00    1.250000E+03    8.000000E+01    1.699000E+00    2.000000E+00   -1.017000E+01   -1.048276E+01
   2.000000E-09    1.000000E+00    2.477000E+00    5.000000E+01    1.380000E+00   -6.108000E-01    1.176000E+00    3.262000E+00    3.292000E+00    3.770000E+00    1.447000E+00    3.051000E+00    7.200000E+00    1.045000E+01    2.660000E+00    5.000000E+00    5.300000E+01    3.375000E+00    2.903000E+00    3.850000E+00    2.218000E-01    6.544000E-02    9.199000E-04   -9.822000E+00    2.600000E+01    1.000000E+00    1.380000E+03    3.500000E+01   -1.000000E+01   -1.000000E+00   -1.074000E+01   -1.089363E+01
   2.000000E-09    4.000000E+00    1.744000E+00    8.200000E+01    1.398000E+00   -5.918000E-01    1.146000E+00    3.279000E+00    3.330000E+00    3.785000E+00    1.831000E+00    3.016000E+00    7.500000E+00    7.280000E+00    1.900000E+00    5.000000E+00    4.300000E+01    2.817000E+00    2.415000E+00    3.850000E+00    1.170000E+00    6.690000E-02    8.974000E-04   -9.812000E+00    2.000000E+00    2.000000E+00    1.360000E+03    8.000000E+01   -1.000000E+01    0.000000E+00   -9.886000E+00   -9.873834E+00
   7.420000E-10    1.000000E+00    1.453000E+00    1.080000E+02    6.990000E-01   -1.000000E+01   -1.000000E+01   -1.000000E+01   -1.000000E+01   -1.000000E+01   -1.000000E+01   -1.000000E+01    5.281000E+00    5.139000E+00    9.300000E-01    3.000000E+00    1.100000E+01    1.777000E+00    6.056000E-01    2.890000E+00    1.580000E+00    4.674000E-01    1.536000E-03   -1.453000E+01    2.000000E+00    2.000000E+00    1.400000E+03    9.800000E+01   -1.000000E+01    1.000000E+00   -1.043000E+01   -1.035563E+01
   2.000000E-09    7.000000E+00    1.580000E+00    7.900000E+01    1.398000E+00   -1.000000E+00   -1.000000E+01    3.362000E+00   -1.000000E+01    3.550000E+00   -1.000000E+01   -1.000000E+01    8.000000E+00    7.280000E+00    1.900000E+00    5.000000E+00    4.300000E+01    2.817000E+00    2.415000E+00    3.850000E+00    1.318000E+00    6.690000E-02    8.974000E-04   -1.002000E+01    2.000000E+00    3.000000E+00    8.000000E+02    8.200000E+01   -1.000000E+01   -1.000000E+00   -9.409000E+00   -9.139230E+00
   2.020000E-09    1.000000E+00    2.025000E+00    8.100000E+01    1.398000E+00    0.000000E+00   -1.000000E+01    4.362000E+00   -1.000000E+01    4.550000E+00   -1.000000E+01   -1.000000E+01    1.250000E+01    1.045000E+01    2.660000E+00    5.000000E+00    5.300000E+01    3.375000E+00    2.922000E+00    3.850000E+00    8.832000E-01    6.258000E-02    8.974000E-04   -9.516000E+00    2.500000E+01    1.000000E+00    1.650000E+03    0.000000E+00   -1.000000E+01   -1.000000E+00   -1.050000E+01   -1.050779E+01
   5.740000E-09    1.000000E+00    1.744000E+00    8.200000E+01    1.954000E+00   -5.834000E-01    9.156000E-01    3.281000E+00    3.328000E+00    3.810000E+00    1.833000E+00    3.016000E+00    8.439000E+00    1.297000E+01    3.160000E+00    3.000000E+00    1.700000E+01    2.822000E+00    5.700000E+00    2.890000E+00    1.170000E+00   -3.053000E-01    3.270000E-04   -9.765000E+00    2.000000E+00    2.000000E+00    1.630000E+03    8.000000E+01    1.699000E+00   -1.000000E+00   -9.407000E+00   -9.561257E+00
   2.950000E-09    1.000000E+00    1.453000E+00    1.080000E+02    1.602000E+00   -1.000000E+01   -1.000000E+01   -1.000000E+01   -1.000000E+01   -1.000000E+01   -1.000000E+01   -1.000000E+01    6.537000E+00    1.297000E+01    3.160000E+00    3.000000E+00    1.700000E+01    2.822000E+00    3.397000E+00    2.890000E+00    1.580000E+00   -8.057000E-02    6.389000E-04   -1.451000E+01    2.000000E+00    2.000000E+00    9.000000E+02    9.800000E+01   -1.000000E+01   -1.000000E+00   -9.419000E+00   -9.415237E+00
   2.090000E-09    1.000000E+00   -1.549000E-01    1.000000E+01    1.398000E+00   -5.157000E-01    1.000000E+00    3.380000E+00    3.405000E+00    3.922000E+00    1.230000E+00    2.230000E+00    8.700000E+00    3.894000E+00    7.900000E-01    6.000000E+00    5.500000E+01    2.333000E+00    2.090000E+00    4.360000E+00    2.155000E+00    4.778000E-02    8.974000E-04   -9.774000E+00    1.400000E+01    1.000000E+00    2.730000E+03    0.000000E+00   -1.000000E+01    1.000000E+00   -1.129000E+01   -1.126481E+01
   8.100000E-10    2.000000E+00    2.025000E+00    8.100000E+01    1.342000E+00   -1.000000E+00   -1.000000E+01    3.362000E+00   -1.000000E+01    3.550000E+00   -1.000000E+01   -1.000000E+01    8.000000E+00    9.752000E+00    2.550000E+00    4.000000E+00    3.400000E+01    2.921000E+00    1.025000E+00    3.450000E+00    8.832000E-01    4.551000E-01    9.673000E-04   -1.002000E+01    2.500000E+01    1.000000E+00    1.530000E+03    0.000000E+00   -1.000000E+01   -1.000000E+00   -1.121000E+01   -1.112276E+01
   9.000000E-10    4.000000E+00    1.279000E+00    9.300000E+01    1.398000E+00   -1.000000E+01   -1.000000E+01   -1.000000E+01   -1.000000E+01   -1.000000E+01   -1.000000E+01   -1.000000E+01    1.300000E+01    7.344000E+00    1.960000E+00    5.000000E+00    5.000000E+01    2.829000E+00    1.091000E+00    3.850000E+00    1.690000E+00    4.137000E-01    8.974000E-04   -1.452000E+01    2.000000E+00    2.000000E+00    1.000000E+03    4.750000E+01   -1.000000E+01    4.000000E+00   -9.804000E+00   -9.747241E+00
   1.690000E-09    2.000000E+00    1.744000E+00    8.200000E+01    1.778000E+00   -5.834000E-01    9.156000E-01    3.281000E+00    3.328000E+00    3.810000E+00    1.833000E+00    3.016000E+00    8.172000E+00    5.695000E+00    9.500000E-01    5.000000E+00    3.800000E+01    2.491000E+00    1.615000E+00    3.850000E+00    1.170000E+00    1.882000E-01    4.494000E-04   -9.784000E+00    2.000000E+00    2.000000E+00    1.600000E+03    8.000000E+01    1.699000E+00    2.000000E+00   -9.910000E+00   -9.961665E+00
   2.000000E-09    1.000000E+00   -1.549000E-01    1.000000E+01    1.398000E+00   -3.037000E+00   -6.990000E-01    9.827000E-01    7.490000E-01    2.967000E-01    1.408000E+00    9.581000E-01    8.700000E+00    1.297000E+01    3.160000E+00    3.000000E+00    1.700000E+01    2.822000E+00    2.419000E+00    2.890000E+00    2.155000E+00    6.690000E-02    8.974000E-04   -1.103000E+01    1.400000E+01    1.000000E+00    2.730000E+03    0.000000E+00   -1.000000E+01   -1.000000E+00   -1.100000E+01   -1.129227E+01
   3.690000E-09    1.000000E+00    1.580000E+00    7.870000E+01    1.398000E+00    7.918000E-02   -1.000000E+01    4.441000E+00   -1.000000E+01    4.629000E+00   -1.000000E+01   -1.000000E+01    7.469000E+00    3.894000E+00    7.900000E-01    6.000000E+00    5.500000E+01    2.333000E+00    3.690000E+00    4.360000E+00    1.316000E+00   -1.991000E-01    8.974000E-04   -9.477000E+00    2.000000E+00    7.000000E+00    2.030000E+03    8.200000E+01   -1.000000E+01    1.000000E+00   -1.027000E+01   -1.035451E+01
   2.100000E-09    5.000000E+00    1.279000E+00    9.300000E+01    1.398000E+00    8.198000E-01   -1.000000E+01    5.178000E+00    3.983000E+00    5.366000E+00    2.086000E+00   -1.000000E+01    1.250000E+01    6.759000E+00    1.600000E+00    5.000000E+00    4.100000E+01    2.714000E+00    2.443000E+00    3.850000E+00    1.690000E+00    4.571000E-02    8.974000E-04   -9.106000E+00    2.000000E+00    2.000000E+00    1.200000E+03    4.750000E+01   -1.000000E+01   -1.000000E+00   -9.577000E+00   -9.607988E+00
   2.570000E-09    1.000000E+00    1.453000E+00    1.080000E+02    1.699000E+00   -1.000000E+01   -1.000000E+01   -1.000000E+01   -1.000000E+01   -1.000000E+01   -1.000000E+01   -1.000000E+01    6.917000E+00    5.139000E+00    9.300000E-01    3.000000E+00    1.100000E+01    1.777000E+00    1.806000E+00    2.890000E+00    1.580000E+00   -7.034000E-03    5.279000E-04   -1.450000E+01    2.000000E+00    2.000000E+00    1.800000E+03    9.800000E+01   -1.000000E+01    1.000000E+00   -1.031000E+01   -1.024246E+01
   2.030000E-09    1.000000E+00    1.580000E+00    7.200000E+01    1.176000E+00   -3.010000E-01   -1.000000E+01    4.061000E+00   -1.000000E+01    4.249000E+00   -1.000000E+01   -1.000000E+01    6.800000E+00    1.045000E+01    2.660000E+00    5.000000E+00    5.300000E+01    3.375000E+00    3.039000E+00    3.850000E+00    1.278000E+00    4.562000E-02    1.162000E-03   -9.674000E+00    2.000000E+00    1.000000E+00    1.800000E+03    8.200000E+01   -1.000000E+01   -1.000000E+00   -1.055000E+01   -1.039630E+01
   9.230000E-10    4.000000E+00    1.744000E+00    8.200000E+01    1.362000E+00   -5.768000E-01    1.437000E+00    3.430000E+00    3.204000E+00    3.844000E+00    1.086000E+00    3.126000E+00    7.700000E+00    1.126000E+01    2.550000E+00    2.000000E+00    6.000000E+00    1.811000E+00    7.212000E-01    1.990000E+00    1.170000E+00    3.998000E-01    9.432000E-04   -9.806000E+00    2.000000E+00    1.000000E+00    8.900000E+02    8.000000E+01   -1.000000E+01   -2.000000E+00   -1.102000E+01   -1.119973E+01
   2.100000E-09    0.000000E+00   -1.549000E-01    1.000000E+01    1.362000E+00   -3.037000E+00   -6.990000E-01    9.827000E-01    7.490000E-01    2.967000E-01    1.408000E+00    9.581000E-01    8.700000E+00    1.360000E+01    2.200000E+00    1.000000E+00    1.000000E+00    8.499000E-01    7.702000E-01    8.500000E-01    2.155000E+00    4.279000E-02    9.432000E-04   -1.104000E+01    1.400000E+01    1.000000E+00    2.730000E+03    0.000000E+00   -1.000000E+01    0.000000E+00   -1.128000E+01   -1.107506E+01
   9.230000E-10    4.000000E+00    1.279000E+00    9.300000E+01    1.398000E+00   -1.796000E+00   -1.000000E+01    2.867000E+00   -1.000000E+01   -1.000000E+01   -1.000000E+01   -1.000000E+01    1.250000E+01    1.126000E+01    2.550000E+00    2.000000E+00    6.000000E+00    1.811000E+00    7.164000E-01    1.990000E+00    1.690000E+00    4.027000E-01    8.974000E-04   -1.041000E+01    2.000000E+00    1.000000E+00    1.600000E+03    4.750000E+01    1.845000E+00   -2.000000E+00   -1.080000E+01   -1.086519E+01
   4.300000E-10    6.000000E+00    1.279000E+00    9.300000E+01    1.398000E+00   -1.000000E+01   -1.000000E+01   -1.000000E+01   -1.000000E+01   -1.000000E+01   -1.000000E+01   -1.000000E+01    8.450000E+00    6.194000E+00    1.380000E+00    7.000000E+00    9.200000E+01    3.368000E+00    6.207000E-01    4.990000E+00    1.690000E+00    7.345000E-01    8.974000E-04   -1.452000E+01    2.000000E+00    2.000000E+00    1.400000E+03    4.750000E+01   -1.000000E+01   -4.000000E+00   -1.043000E+01   -1.063215E+01
   1.300000E-09    1.000000E+00   -1.549000E-01    1.000000E+01    1.398000E+00   -5.157000E-01    1.000000E+00    3.380000E+00    3.405000E+00    3.922000E+00    1.230000E+00    2.230000E+00    8.770000E+00    5.139000E+00    9.300000E-01    3.000000E+00    1.100000E+01    1.777000E+00    9.899000E-01    2.890000E+00    2.155000E+00    2.540000E-01    8.974000E-04   -9.774000E+00    1.400000E+01    1.000000E+00    2.610000E+03    0.000000E+00   -1.000000E+01    1.000000E+00   -1.137000E+01   -1.116029E+01
   1.550000E-09    4.000000E+00    1.408000E+00    7.200000E+01    1.114000E+00   -1.018000E+00    1.176000E+00    3.069000E+00    2.685000E+00    3.064000E+00    1.708000E+00    3.353000E+00    4.000000E+00    9.752000E+00    2.550000E+00    4.000000E+00    3.400000E+01    2.921000E+00    2.022000E+00    3.450000E+00    1.449000E+00    1.598000E-01    1.226000E-03   -1.003000E+01    2.000000E+00    1.000000E+00    1.600000E+03    7.500000E+01   -1.000000E+01   -1.000000E+00   -1.064000E+01   -1.072205E+01
   2.000000E-09    1.000000E+00   -2.218000E-01    1.730000E+01    1.398000E+00   -1.215000E+00   -6.990000E-01    9.823000E-01    7.497000E-01    2.967000E-01    1.348000E+00    9.581000E-01    8.920000E+00    1.297000E+01    3.160000E+00    3.000000E+00    1.700000E+01    2.822000E+00    2.419000E+00    2.890000E+00    2.460000E+00    6.690000E-02    8.974000E-04   -1.012000E+01    2.700000E+01    1.000000E+00    2.440000E+03    0.000000E+00   -1.000000E+01   -1.000000E+00   -1.074000E+01   -1.075959E+01
   2.140000E-09    0.000000E+00    1.580000E+00    7.900000E+01    1.398000E+00   -1.166000E+00    2.934000E+00    2.265000E+00    2.882000E+00    3.027000E+00   -1.000000E+01    1.061000E+00    1.250000E+01    1.360000E+01    2.200000E+00    1.000000E+00    1.000000E+00    8.499000E-01    7.796000E-01    8.500000E-01    1.318000E+00    3.752000E-02    8.974000E-04   -1.010000E+01    2.000000E+00    1.000000E+00    2.000000E+03    8.200000E+01   -1.000000E+01    0.000000E+00   -1.055000E+01   -1.042705E+01
   1.180000E-09    1.000000E+00    1.453000E+00    1.080000E+02    6.990000E-01   -1.000000E+01   -1.000000E+01   -1.000000E+01   -1.000000E+01   -1.000000E+01   -1.000000E+01   -1.000000E+01    5.725000E+00    1.297000E+01    3.160000E+00    3.000000E+00    1.700000E+01    2.822000E+00    1.530000E+00    2.890000E+00    1.580000E+00    2.659000E-01    1.536000E-03   -1.453000E+01    2.000000E+00    2.000000E+00    9.000000E+02    9.800000E+01   -1.000000E+01   -1.000000E+00   -9.818000E+00   -9.755305E+00
   2.090000E-09    1.000000E+00    1.580000E+00    7.870000E+01    1.398000E+00   -1.000000E+00   -1.000000E+01    3.362000E+00   -1.000000E+01   -1.000000E+01   -1.000000E+01   -1.000000E+01    8.008000E+00    3.894000E+00    7.900000E-01    6.000000E+00    5.500000E+01    2.333000E+00    2.090000E+00    4.360000E+00    1.316000E+00    4.778000E-02    8.974000E-04   -1.002000E+01    2.000000E+00    1.000000E+00    4.000000E+02    8.200000E+01   -1.000000E+01    1.000000E+00   -9.154000E+00   -9.304647E+00
   8.050000E-10    2.000000E+00    2.155000E+00    8.300000E+01    1.398000E+00   -1.549000E-01   -1.000000E+01    4.207000E+00   -1.000000E+01   -1.000000E+01   -1.000000E+01   -1.000000E+01    7.796000E+00    5.695000E+00    9.500000E-01    5.000000E+00    3.800000E+01    2.491000E+00    8.596000E-01    3.850000E+00    7.637000E-01    4.621000E-01    8.974000E-04   -9.594000E+00    3.000000E+00    1.000000E+00    1.950000E+03    1.000000E+02   -1.000000E+01    2.000000E+00   -1.092000E+01   -1.073776E+01
   8.100000E-10    4.000000E+00    6.232000E-01    6.700000E+01    1.431000E+00   -1.398000E+00    8.451000E-01    2.784000E+00    1.869000E+00    2.785000E+00   -1.000000E+01    2.785000E+00    1.060000E+01    9.752000E+00    2.550000E+00    4.000000E+00    3.400000E+01    2.921000E+00    1.008000E+00    3.450000E+00    2.203000E+00    4.623000E-01    8.547000E-04   -1.021000E+01    1.300000E+01    3.000000E+00    1.800000E+03    0.000000E+00   -1.000000E+01   -2.000000E+00   -9.728000E+00   -1.020173E+01
   1.690000E-09    2.000000E+00    1.744000E+00    8.200000E+01    1.778000E+00    1.335000E-01    1.469000E+00    3.704000E+00    4.176000E+00    4.535000E+00    1.000000E+00    2.898000E+00    7.784000E+00    5.695000E+00    9.500000E-01    5.000000E+00    3.800000E+01    2.491000E+00    1.615000E+00    3.850000E+00    1.170000E+00    1.882000E-01    4.494000E-04   -9.425000E+00    2.000000E+00    2.000000E+00    1.650000E+03    8.000000E+01    1.699000E+00    2.000000E+00   -9.955000E+00   -1.000712E+01
   1.460000E-09    7.000000E+00    1.408000E+00    7.200000E+01    1.398000E+00   -1.184000E+00    1.199000E+00    3.079000E+00    2.103000E+00    2.783000E+00    1.919000E+00    2.732000E+00    8.300000E+00    7.834000E+00    1.900000E+00    6.000000E+00    7.500000E+01    3.309000E+00    2.071000E+00    4.360000E+00    1.449000E+00    2.036000E-01    8.974000E-04   -1.011000E+01    2.000000E+00    1.000000E+00    1.200000E+03    7.500000E+01   -1.000000E+01   -1.000000E+00   -1.023000E+01   -1.011803E+01
   8.890000E-10    4.000000E+00    2.025000E+00    8.100000E+01    1.352000E+00    6.990000E-01   -1.000000E+01    5.061000E+00   -1.000000E+01    5.249000E+00   -1.000000E+01   -1.000000E+01    1.250000E+01    1.126000E+01    2.550000E+00    2.000000E+00    6.000000E+00    1.811000E+00    6.958000E-01    1.990000E+00    8.832000E-01    4.154000E-01    9.552000E-04   -9.169000E+00    2.500000E+01    1.000000E+00    1.650000E+03    0.000000E+00   -1.000000E+01   -2.000000E+00   -1.152000E+01   -1.122767E+01
   2.220000E-09    0.000000E+00    1.748000E+00    1.110000E+02    1.903000E+00   -7.282000E-01    1.596000E+00    3.415000E+00    2.736000E+00    3.353000E+00    1.827000E+00    3.670000E+00    7.560000E+00    1.360000E+01    2.200000E+00    1.000000E+00    1.000000E+00    8.499000E-01    6.828000E-01    8.500000E-01    1.297000E+00    9.510000E-02    3.547000E-04   -9.844000E+00    2.000000E+00    1.000000E+00    1.400000E+03    9.200000E+01   -1.000000E+01    0.000000E+00   -9.544000E+00   -9.658952E+00
   7.420000E-10    1.000000E+00    1.453000E+00    1.080000E+02    6.990000E-01   -1.000000E+01   -1.000000E+01   -1.000000E+01   -1.000000E+01   -1.000000E+01   -1.000000E+01   -1.000000E+01    6.410000E+00    5.139000E+00    9.300000E-01    3.000000E+00    1.100000E+01    1.777000E+00    6.056000E-01    2.890000E+00    1.580000E+00    4.674000E-01    1.536000E-03   -1.453000E+01    2.000000E+00    2.000000E+00    8.000000E+02    9.800000E+01   -1.000000E+01    1.000000E+00   -9.939000E+00   -1.001566E+01
   2.000000E-09    7.000000E+00    6.232000E-01    6.700000E+01    1.398000E+00   -1.000000E+00   -1.000000E+01    3.362000E+00   -1.000000E+01   -1.000000E+01   -1.000000E+01   -1.000000E+01    4.000000E+00    7.280000E+00    1.900000E+00    5.000000E+00    4.300000E+01    2.817000E+00    2.415000E+00    3.850000E+00    2.203000E+00    6.690000E-02    8.974000E-04   -1.002000E+01    1.300000E+01    1.000000E+00    2.700000E+03    0.000000E+00   -1.000000E+01   -1.000000E+00   -1.201000E+01   -1.210985E+01
   2.100000E-09    1.000000E+00    1.453000E+00    1.080000E+02    1.778000E+00   -2.924000E-01   -1.000000E+01    4.069000E+00   -1.000000E+01    4.257000E+00   -1.000000E+01   -1.000000E+01    7.685000E+00    3.894000E+00    7.900000E-01    6.000000E+00    5.500000E+01    2.333000E+00    1.879000E+00    4.360000E+00    1.580000E+00    9.392000E-02    4.494000E-04   -9.638000E+00    2.000000E+00    2.000000E+00    9.000000E+02    9.999000E+01   -1.000000E+01    1.000000E+00   -9.577000E+00   -9.526956E+00
   2.090000E-09    1.000000E+00    1.477000E+00    2.100000E+01    1.362000E+00   -1.356000E+00    1.990000E+00    2.225000E+00    2.512000E+00    3.094000E+00    2.354000E+00    2.238000E+00    7.800000E+00    3.894000E+00    7.900000E-01    6.000000E+00    5.500000E+01    2.333000E+00    2.104000E+00    4.360000E+00    8.451000E-01    4.486000E-02    9.432000E-04   -1.020000E+01    4.000000E+00    1.000000E+00    2.670000E+03    5.000000E+01   -1.000000E+01    1.000000E+00   -9.569000E+00   -9.752277E+00
   7.900000E-10    2.000000E+00    1.580000E+00    7.900000E+01    1.362000E+00   -6.615000E-01    1.893000E+00    3.508000E+00    2.904000E+00    3.805000E+00    1.785000E+00    2.584000E+00    7.700000E+00    5.695000E+00    9.500000E-01    5.000000E+00    3.800000E+01    2.491000E+00    8.493000E-01    3.850000E+00    1.318000E+00    4.674000E-01    9.432000E-04   -9.848000E+00    2.000000E+00    1.000000E+00    1.800000E+03    8.500000E+01    1.176000E+00    2.000000E+00   -9.676000E+00   -9.702052E+00
   1.550000E-09    1.000000E+00    1.453000E+00    1.080000E+02    1.477000E+00   -1.000000E+01   -1.000000E+01   -1.000000E+01   -1.000000E+01   -1.000000E+01   -1.000000E+01   -1.000000E+01    6.317000E+00    5.139000E+00    9.300000E-01    3.000000E+00    1.100000E+01    1.777000E+00    1.161000E+00    2.890000E+00    1.580000E+00    1.848000E-01    7.959000E-04   -1.451000E+01    2.000000E+00    2.000000E+00    1.800000E+03    9.800000E+01   -1.000000E+01    1.000000E+00   -1.053000E+01   -1.050589E+01
   2.000000E-09    1.000000E+00    1.447000E+00    1.080000E+02    1.398000E+00   -1.383000E+00   -1.000000E+01    2.985000E+00   -1.000000E+01   -1.000000E+01    3.178000E+00    2.585000E+00    1.020000E+01    1.297000E+01    3.160000E+00    3.000000E+00    1.700000E+01    2.822000E+00    2.419000E+00    2.890000E+00    1.586000E+00    6.690000E-02    8.974000E-04   -1.021000E+01    2.000000E+00    1.000000E+00    1.600000E+03    9.800000E+01    1.954000E+00   -1.000000E+00   -9.699000E+00   -1.008592E+01
   1.460000E-09    7.000000E+00    1.474000E+00    7.600000E+01    1.301000E+00   -1.301000E+00   -1.000000E+01    3.061000E+00   -1.000000E+01    3.249000E+00   -1.000000E+01   -1.000000E+01    7.000000E+00    7.834000E+00    1.900000E+00    6.000000E+00    7.500000E+01    3.309000E+00    2.106000E+00    4.360000E+00    1.407000E+00    1.962000E-01    1.018000E-03   -1.017000E+01    2.000000E+00    1.000000E+00    1.400000E+03    8.130000E+01   -1.000000E+01   -1.000000E+00   -1.094000E+01   -1.077225E+01
   1.300000E-10    7.000000E+00    1.580000E+00    7.200000E+01    1.398000E+00   -3.010000E-01   -1.000000E+01    4.061000E+00   -1.000000E+01    4.249000E+00   -1.000000E+01   -1.000000E+01    4.000000E+00    7.834000E+00    1.900000E+00    6.000000E+00    7.500000E+01    3.309000E+00    1.844000E-01    4.360000E+00    1.278000E+00    1.254000E+00    8.974000E-04   -9.667000E+00    2.000000E+00    1.000000E+00    1.600000E+03    8.200000E+01   -1.000000E+01   -1.000000E+00   -1.096000E+01   -1.124205E+01
   1.130000E-09    6.000000E+00    1.999000E+00    1.080000E+02    1.362000E+00   -3.010000E-01   -1.000000E+01    4.061000E+00   -1.000000E+01    4.249000E+00   -1.000000E+01   -1.000000E+01    8.600000E+00    6.767000E+00    1.660000E+00    4.000000E+00    2.400000E+01    2.434000E+00    1.187000E+00    3.450000E+00    1.034000E+00    3.119000E-01    9.432000E-04   -9.668000E+00    3.000000E+00    1.000000E+00    1.700000E+03    1.000000E+02    1.301000E+00   -1.000000E+00   -1.052000E+01   -1.057549E+01
   2.000000E-09    1.000000E+00    2.025000E+00    8.100000E+01    1.398000E+00   -1.000000E+00   -1.000000E+01    3.362000E+00   -1.000000E+01    3.550000E+00   -1.000000E+01   -1.000000E+01    9.540000E+00    1.297000E+01    3.160000E+00    3.000000E+00    1.700000E+01    2.822000E+00    2.419000E+00    2.890000E+00    8.832000E-01    6.690000E-02    8.974000E-04   -1.002000E+01    2.500000E+01    1.000000E+00    1.530000E+03    0.000000E+00   -1.000000E+01   -1.000000E+00   -1.080000E+01   -1.075883E+01
   1.270000E-09    1.000000E+00    1.744000E+00    8.200000E+01    1.362000E+00   -5.719000E-01    1.437000E+00    3.441000E+00    3.205000E+00    3.851000E+00    1.086000E+00    3.129000E+00    7.700000E+00    5.139000E+00    9.300000E-01    3.000000E+00    1.100000E+01    1.777000E+00    9.736000E-01    2.890000E+00    1.170000E+00    2.612000E-01    9.432000E-04   -9.804000E+00    2.000000E+00    1.000000E+00    1.250000E+03    8.000000E+01    1.699000E+00    1.000000E+00   -1.000000E+01   -1.030920E+01
   2.140000E-09    0.000000E+00    1.744000E+00    8.200000E+01    1.362000E+00   -1.775000E+00    4.829000E-01    2.378000E+00    1.684000E+00    8.306000E-01    2.668000E+00    1.386000E+00    7.520000E+00    1.360000E+01    2.200000E+00    1.000000E+00    1.000000E+00    8.499000E-01    7.849000E-01    8.500000E-01    1.170000E+00    3.459000E-02    9.432000E-04   -1.041000E+01    2.000000E+00    1.000000E+00    1.200000E+03    8.000000E+01   -1.000000E+01    0.000000E+00   -9.979000E+00   -1.045261E+01
   1.200000E-09    5.000000E+00    1.602000E+00    1.400000E+02    1.301000E+00   -2.297000E+00   -1.000000E+01   -1.000000E+01    2.603000E+00   -1.000000E+01   -1.000000E+01   -1.000000E+01    6.000000E+00    6.266000E+00    1.360000E+00    7.000000E+00    9.300000E+01    3.387000E+00    1.772000E+00    4.990000E+00    1.544000E+00    2.814000E-01    1.018000E-03   -1.067000E+01    7.000000E+00    2.000000E+00    1.190000E+03    0.000000E+00   -1.000000E+01    1.000000E+00   -9.442000E+00   -9.461162E+00
   8.050000E-10    2.000000E+00    1.474000E+00    7.600000E+01    1.362000E+00   -1.000000E+00   -1.000000E+01    3.362000E+00   -1.000000E+01    3.550000E+00   -1.000000E+01   -1.000000E+01    8.045000E+00    5.695000E+00    9.500000E-01    5.000000E+00    3.800000E+01    2.491000E+00    8.654000E-01    3.850000E+00    1.407000E+00    4.592000E-01    9.432000E-04   -1.002000E+01    2.000000E+00    1.000000E+00    1.300000E+03    8.000000E+01   -1.000000E+01    2.000000E+00   -1.062000E+01   -1.003409E+01
   2.570000E-09    1.000000E+00    1.453000E+00    1.080000E+02    1.699000E+00   -1.000000E+01   -1.000000E+01   -1.000000E+01   -1.000000E+01   -1.000000E+01   -1.000000E+01   -1.000000E+01    7.611000E+00    5.139000E+00    9.300000E-01    3.000000E+00    1.100000E+01    1.777000E+00    1.806000E+00    2.890000E+00    1.580000E+00   -7.034000E-03    5.279000E-04   -1.450000E+01    2.000000E+00    2.000000E+00    1.000000E+03    9.800000E+01   -1.000000E+01    1.000000E+00   -9.573000E+00   -9.554201E+00
   7.420000E-10    1.000000E+00    1.453000E+00    1.080000E+02    6.990000E-01   -1.000000E+01   -1.000000E+01   -1.000000E+01   -1.000000E+01   -1.000000E+01   -1.000000E+01   -1.000000E+01    5.909000E+00    5.139000E+00    9.300000E-01    3.000000E+00    1.100000E+01    1.777000E+00    6.056000E-01    2.890000E+00    1.580000E+00    4.674000E-01    1.536000E-03   -1.453000E+01    2.000000E+00    2.000000E+00    1.000000E+03    9.800000E+01   -1.000000E+01    1.000000E+00   -1.011000E+01   -1.013516E+01
   1.550000E-09    4.000000E+00    6.232000E-01    6.700000E+01    1.398000E+00   -1.398000E+00    8.451000E-01    2.784000E+00    1.869000E+00    2.785000E+00   -1.000000E+01    2.785000E+00    8.500000E+00    9.752000E+00    2.550000E+00    4.000000E+00    3.400000E+01    2.921000E+00    1.941000E+00    3.450000E+00    2.203000E+00    1.776000E-01    8.974000E-04   -1.022000E+01    1.300000E+01    3.000000E+00    1.800000E+03    0.000000E+00   -1.000000E+01   -1.000000E+00   -9.947000E+00   -1.006144E+01
   2.000000E-09    1.000000E+00    1.744000E+00    8.200000E+01    1.362000E+00   -1.775000E+00    4.829000E-01    2.378000E+00    1.684000E+00    8.306000E-01    2.668000E+00    1.386000E+00    7.520000E+00    1.045000E+01    2.660000E+00    5.000000E+00    5.300000E+01    3.375000E+00    2.913000E+00    3.850000E+00    1.170000E+00    6.398000E-02    9.432000E-04   -1.041000E+01    2.000000E+00    1.000000E+00    1.200000E+03    8.000000E+01   -1.000000E+01   -1.000000E+00   -1.073000E+01   -1.104588E+01
   2.100000E-09    1.000000E+00    1.279000E+00    9.300000E+01    1.398000E+00    8.198000E-01   -1.000000E+01    5.178000E+00    3.983000E+00    5.366000E+00    2.086000E+00   -1.000000E+01    1.250000E+01    3.894000E+00    7.900000E-01    6.000000E+00    5.500000E+01    2.333000E+00    2.100000E+00    4.360000E+00    1.690000E+00    4.571000E-02    8.974000E-04   -9.106000E+00    2.000000E+00    2.000000E+00    1.200000E+03    4.750000E+01   -1.000000E+01    1.000000E+00   -9.577000E+00   -9.610472E+00
   2.000000E-09    1.000000E+00    1.279000E+00    9.300000E+01    1.352000E+00   -2.000000E+00   -1.000000E+01    1.362000E+00   -1.000000E+01   -1.000000E+01   -1.000000E+01   -1.000000E+01    1.250000E+01    1.297000E+01    3.160000E+00    3.000000E+00    1.700000E+01    2.822000E+00    2.440000E+00    2.890000E+00    1.690000E+00    6.324000E-02    9.552000E-04   -1.052000E+01    2.000000E+00    1.000000E+00    1.600000E+03    4.750000E+01   -1.000000E+01   -1.000000E+00   -1.139000E+01   -1.123164E+01
   7.420000E-10    1.000000E+00    1.453000E+00    1.080000E+02    6.990000E-01   -1.000000E+01   -1.000000E+01   -1.000000E+01   -1.000000E+01   -1.000000E+01   -1.000000E+01   -1.000000E+01    5.236000E+00    5.139000E+00    9.300000E-01    3.000000E+00    1.100000E+01    1.777000E+00    6.056000E-01    2.890000E+00    1.580000E+00    4.674000E-01    1.536000E-03   -1.453000E+01    2.000000E+00    2.000000E+00    1.400000E+03    9.800000E+01   -1.000000E+01    1.000000E+00   -1.043000E+01   -1.035558E+01
   1.330000E-09    1.000000E+00   -1.549000E-01    1.000000E+01    1.362000E+00   -2.921000E+00   -8.239000E-01    1.200000E+00    7.168000E-01    7.536000E-01    1.409000E+00    7.388000E-01    9.500000E+00    5.139000E+00    9.300000E-01    3.000000E+00    1.100000E+01    1.777000E+00    1.020000E+00    2.890000E+00    2.155000E+00    2.412000E-01    9.432000E-04   -1.098000E+01    1.400000E+01    1.000000E+00    2.670000E+03    0.000000E+00   -1.000000E+01    1.000000E+00   -1.109000E+01   -1.139760E+01
   1.550000E-09    4.000000E+00    6.232000E-01    6.700000E+01    1.602000E+00   -1.398000E+00    8.451000E-01    2.784000E+00    1.869000E+00    2.785000E+00   -1.000000E+01    2.785000E+00    6.400000E+00    9.752000E+00    2.550000E+00    4.000000E+00    3.400000E+01    2.921000E+00    1.848000E+00    3.450000E+00    2.203000E+00    1.989000E-01    6.389000E-04   -1.020000E+01    1.300000E+01    3.000000E+00    1.800000E+03    0.000000E+00   -1.000000E+01   -1.000000E+00   -9.750000E+00   -9.929106E+00
   3.690000E-09    1.000000E+00    1.453000E+00    1.080000E+02    1.699000E+00   -1.000000E+01   -1.000000E+01   -1.000000E+01   -1.000000E+01   -1.000000E+01   -1.000000E+01   -1.000000E+01    6.038000E+00    1.297000E+01    3.160000E+00    3.000000E+00    1.700000E+01    2.822000E+00    4.118000E+00    2.890000E+00    1.580000E+00   -1.641000E-01    5.279000E-04   -1.450000E+01    2.000000E+00    2.000000E+00    1.800000E+03    9.800000E+01   -1.000000E+01   -1.000000E+00   -1.010000E+01   -1.009726E+01
   2.032000E-10    1.000000E+00    1.833000E+00    7.100000E+01    1.398000E+00   -3.010000E-01   -1.000000E+01    4.061000E+00   -1.000000E+01    4.249000E+00   -1.000000E+01   -1.000000E+01    7.000000E+00    1.297000E+01    3.160000E+00    3.000000E+00    1.700000E+01    2.822000E+00    2.458000E-01    2.890000E+00    1.019000E+00    1.060000E+00    8.974000E-04   -9.667000E+00    6.000000E+00    1.000000E+00    1.700000E+03    0.000000E+00   -1.000000E+01   -1.000000E+00   -1.019000E+01   -1.010736E+01
   1.350000E-09    1.000000E+00    1.453000E+00    1.080000E+02    1.398000E+00   -1.000000E+00   -1.000000E+01    3.362000E+00   -1.000000E+01    3.550000E+00   -1.000000E+01   -1.000000E+01    6.974000E+00    5.139000E+00    9.300000E-01    3.000000E+00    1.100000E+01    1.777000E+00    1.028000E+00    2.890000E+00    1.580000E+00    2.376000E-01    8.974000E-04   -1.002000E+01    2.000000E+00    2.000000E+00    1.000000E+03    9.800000E+01   -1.000000E+01    1.000000E+00   -9.839000E+00   -9.807275E+00
   1.550000E-09    1.000000E+00    1.453000E+00    1.080000E+02    1.477000E+00   -1.000000E+01   -1.000000E+01   -1.000000E+01   -1.000000E+01   -1.000000E+01   -1.000000E+01   -1.000000E+01    6.234000E+00    5.139000E+00    9.300000E-01    3.000000E+00    1.100000E+01    1.777000E+00    1.161000E+00    2.890000E+00    1.580000E+00    1.848000E-01    7.959000E-04   -1.451000E+01    2.000000E+00    2.000000E+00    1.800000E+03    9.800000E+01   -1.000000E+01    1.000000E+00   -1.053000E+01   -1.049388E+01
   2.000000E-09    7.000000E+00    1.744000E+00    8.200000E+01    1.380000E+00   -5.918000E-01    1.146000E+00    3.279000E+00    3.330000E+00    3.785000E+00    1.831000E+00    3.016000E+00    7.500000E+00    7.280000E+00    1.900000E+00    5.000000E+00    4.300000E+01    2.817000E+00    2.423000E+00    3.850000E+00    1.170000E+00    6.544000E-02    9.199000E-04   -9.813000E+00    2.000000E+00    1.000000E+00    1.300000E+03    8.000000E+01   -1.000000E+01   -1.000000E+00   -9.836000E+00   -9.891838E+00
   2.020000E-09    1.000000E+00    2.025000E+00    8.100000E+01    1.398000E+00   -1.000000E+00   -1.000000E+01    3.362000E+00   -1.000000E+01    3.550000E+00   -1.000000E+01   -1.000000E+01    1.250000E+01    1.045000E+01    2.660000E+00    5.000000E+00    5.300000E+01    3.375000E+00    2.922000E+00    3.850000E+00    8.832000E-01    6.258000E-02    8.974000E-04   -1.002000E+01    2.500000E+01    1.000000E+00    1.650000E+03    0.000000E+00   -1.000000E+01   -1.000000E+00   -1.041000E+01   -1.042073E+01
   2.000000E-09    1.000000E+00    1.279000E+00    9.300000E+01    1.362000E+00    6.990000E-01   -1.000000E+01    5.061000E+00   -1.000000E+01   -1.000000E+01   -1.000000E+01   -1.000000E+01    1.250000E+01    1.045000E+01    2.660000E+00    5.000000E+00    5.300000E+01    3.375000E+00    2.913000E+00    3.850000E+00    1.690000E+00    6.398000E-02    9.432000E-04   -9.168000E+00    2.000000E+00    1.000000E+00    1.600000E+03    4.800000E+01    1.477000E+00   -1.000000E+00   -1.015000E+01   -1.032504E+01
   2.090000E-09    1.000000E+00    1.447000E+00    1.080000E+02    1.398000E+00   -1.000000E+01   -1.000000E+01   -1.000000E+01   -1.000000E+01   -1.000000E+01   -1.000000E+01   -1.000000E+01    1.150000E+01    3.894000E+00    7.900000E-01    6.000000E+00    5.500000E+01    2.333000E+00    2.090000E+00    4.360000E+00    1.586000E+00    4.778000E-02    8.974000E-04   -1.452000E+01    2.000000E+00    2.000000E+00    1.210000E+03    1.000000E+02   -1.000000E+01    1.000000E+00   -9.848000E+00   -9.810045E+00
   1.350000E-09    1.000000E+00    1.453000E+00    1.080000E+02    1.398000E+00   -1.000000E+01   -1.000000E+01   -1.000000E+01   -1.000000E+01   -1.000000E+01   -1.000000E+01   -1.000000E+01    7.175000E+00    5.139000E+00    9.300000E-01    3.000000E+00    1.100000E+01    1.777000E+00    1.028000E+00    2.890000E+00    1.580000E+00    2.376000E-01    8.974000E-04   -1.452000E+01    2.000000E+00    2.000000E+00    9.000000E+02    9.800000E+01   -1.000000E+01    1.000000E+00   -9.759000E+00   -9.712308E+00
   1.550000E-09    4.000000E+00    1.408000E+00    3.750000E+01    1.398000E+00   -3.010000E-01   -1.000000E+01    4.061000E+00   -1.000000E+01    4.249000E+00   -1.000000E+01   -1.000000E+01    7.700000E+00    9.752000E+00    2.550000E+00    4.000000E+00    3.400000E+01    2.921000E+00    1.941000E+00    3.450000E+00    1.166000E+00    1.776000E-01    8.974000E-04   -9.667000E+00    2.000000E+00    1.000000E+00    1.400000E+03    3.300000E+01   -1.000000E+01   -1.000000E+00   -1.012000E+01   -1.002304E+01
   2.090000E-09    1.000000E+00   -2.218000E-01    1.730000E+01    1.398000E+00   -1.959000E+00   -6.990000E-01    9.823000E-01    7.497000E-01    2.967000E-01    1.348000E+00    9.581000E-01    8.920000E+00    3.894000E+00    7.900000E-01    6.000000E+00    5.500000E+01    2.333000E+00    2.090000E+00    4.360000E+00    2.460000E+00    4.778000E-02    8.974000E-04   -1.050000E+01    2.700000E+01    1.000000E+00    2.430000E+03    0.000000E+00   -1.000000E+01    1.000000E+00   -1.074000E+01   -1.073610E+01
   2.270000E-09    0.000000E+00    1.453000E+00    1.100000E+02    1.362000E+00   -2.000000E+00   -1.000000E+01    2.362000E+00   -1.000000E+01    2.550000E+00   -1.000000E+01   -1.000000E+01    7.000000E+00    1.360000E+01    2.200000E+00    1.000000E+00    1.000000E+00    8.499000E-01    8.326000E-01    8.500000E-01    1.588000E+00    8.980000E-03    9.432000E-04   -1.052000E+01    2.000000E+00    1.000000E+00    8.000000E+02    9.800000E+01   -1.000000E+01    0.000000E+00   -1.023000E+01   -9.921502E+00
   2.100000E-09    0.000000E+00    1.494000E+00    8.300000E+01    1.362000E+00   -8.239000E-01   -1.000000E+01   -1.000000E+01    3.302000E+00    3.550000E+00   -1.000000E+01   -1.000000E+01    6.799000E+00    1.360000E+01    2.200000E+00    1.000000E+00    1.000000E+00    8.499000E-01    7.702000E-01    8.500000E-01    1.425000E+00    4.279000E-02    9.432000E-04   -9.930000E+00    2.000000E+00    1.000000E+00    1.300000E+03    8.000000E+01   -1.000000E+01    0.000000E+00   -9.824000E+00   -1.013871E+01
   9.000000E-10    2.000000E+00    1.279000E+00    9.300000E+01    1.398000E+00   -1.000000E+01   -1.000000E+01   -1.000000E+01   -1.000000E+01   -1.000000E+01   -1.000000E+01   -1.000000E+01    1.250000E+01    7.344000E+00    1.960000E+00    5.000000E+00    5.000000E+01    2.829000E+00    1.091000E+00    3.850000E+00    1.690000E+00    4.137000E-01    8.974000E-04   -1.452000E+01    2.000000E+00    2.000000E+00    1.600000E+03    4.750000E+01   -1.000000E+01    2.000000E+00   -1.042000E+01   -1.051898E+01
   2.220000E-09    0.000000E+00    6.232000E-01    6.700000E+01    1.398000E+00   -6.615000E-01    9.081000E-01    3.294000E+00    3.577000E+00    3.659000E+00    1.000000E+00    3.051000E+00    7.200000E+00    1.360000E+01    2.200000E+00    1.000000E+00    1.000000E+00    8.499000E-01    8.088000E-01    8.500000E-01    2.203000E+00    2.158000E-02    8.974000E-04   -9.847000E+00    1.300000E+01    1.000000E+00    1.450000E+03    0.000000E+00   -1.000000E+01    0.000000E+00   -8.514000E+00   -9.133814E+00
   7.900000E-10    2.000000E+00    1.279000E+00    9.300000E+01    1.398000E+00    8.198000E-01   -1.000000E+01    5.178000E+00    3.983000E+00    5.366000E+00    2.086000E+00   -1.000000E+01    1.250000E+01    5.695000E+00    9.500000E-01    5.000000E+00    3.800000E+01    2.491000E+00    8.436000E-01    3.850000E+00    1.690000E+00    4.703000E-01    8.974000E-04   -9.106000E+00    2.000000E+00    2.000000E+00    1.800000E+03    4.750000E+01   -1.000000E+01    2.000000E+00   -1.055000E+01   -1.045057E+01
   2.220000E-09    0.000000E+00    1.602000E+00    1.400000E+01    1.362000E+00   -2.000000E+00    9.345000E-01    2.362000E+00    5.328000E-01    2.338000E+00    2.387000E+00    1.904000E+00    8.300000E+00    1.360000E+01    2.200000E+00    1.000000E+00    1.000000E+00    8.499000E-01    8.142000E-01    8.500000E-01    5.441000E-01    1.865000E-02    9.432000E-04   -1.052000E+01    5.000000E+00    1.000000E+00    2.450000E+03    0.000000E+00   -1.000000E+01    0.000000E+00   -1.062000E+01   -1.063107E+01
   1.360000E-09    5.000000E+00    1.453000E+00    1.080000E+02    1.362000E+00   -3.010000E-01   -1.000000E+01    4.061000E+00   -1.000000E+01    4.249000E+00   -1.000000E+01   -1.000000E+01    9.000000E+00    6.266000E+00    1.360000E+00    7.000000E+00    9.300000E+01    3.387000E+00    1.988000E+00    4.990000E+00    1.580000E+00    2.315000E-01    9.432000E-04   -9.668000E+00    2.000000E+00    1.000000E+00    8.000000E+02    9.900000E+01   -1.000000E+01    1.000000E+00   -1.043000E+01   -1.013780E+01
   9.230000E-10    4.000000E+00    1.279000E+00    9.300000E+01    1.398000E+00   -3.010000E-01   -1.000000E+01    4.061000E+00   -1.000000E+01   -1.000000E+01   -1.000000E+01   -1.000000E+01    1.250000E+01    1.126000E+01    2.550000E+00    2.000000E+00    6.000000E+00    1.811000E+00    7.164000E-01    1.990000E+00    1.690000E+00    4.027000E-01    8.974000E-04   -9.667000E+00    2.000000E+00    1.000000E+00    1.600000E+03    4.750000E+01    1.477000E+00   -2.000000E+00   -1.096000E+01   -1.081073E+01
   2.100000E-09    1.000000E+00    1.453000E+00    1.080000E+02    1.778000E+00   -2.000000E+00   -1.000000E+01    2.362000E+00   -1.000000E+01    2.550000E+00   -1.000000E+01   -1.000000E+01    8.066000E+00    3.894000E+00    7.900000E-01    6.000000E+00    5.500000E+01    2.333000E+00    1.879000E+00    4.360000E+00    1.580000E+00    9.392000E-02    4.494000E-04   -1.049000E+01    2.000000E+00    2.000000E+00    1.040000E+03    9.999000E+01   -1.000000E+01    1.000000E+00   -9.684000E+00   -9.621846E+00
   2.000000E-09    1.000000E+00    1.580000E+00    7.900000E+01    1.380000E+00   -6.615000E-01    1.893000E+00    3.508000E+00    2.904000E+00    3.805000E+00    1.785000E+00    2.584000E+00    7.700000E+00    1.045000E+01    2.660000E+00    5.000000E+00    5.300000E+01    3.375000E+00    2.903000E+00    3.850000E+00    1.318000E+00    6.544000E-02    9.199000E-04   -9.848000E+00    2.000000E+00    1.000000E+00    1.800000E+03    8.500000E+01    1.176000E+00   -1.000000E+00   -1.103000E+01   -1.126250E+01
   6.600000E-10    2.000000E+00    1.613000E+00    1.700000E+01    1.398000E+00   -5.229000E-01   -1.000000E+01   -1.000000E+01   -1.000000E+01    3.851000E+00   -1.000000E+01   -1.000000E+01    6.000000E+00    7.640000E+00    1.910000E+00    4.000000E+00    2.800000E+01    2.586000E+00    7.315000E-01    3.450000E+00    6.177000E-01    5.484000E-01    8.974000E-04   -9.778000E+00    1.700000E+01    1.000000E+00    2.780000E+03    0.000000E+00   -1.000000E+01    2.000000E+00   -1.300000E+01   -1.263146E+01
   7.400000E-10    4.000000E+00    4.771000E-01    2.000000E+00    1.389000E+00   -8.861000E-01   -1.000000E+01    3.441000E+00   -1.000000E+01   -1.000000E+01    3.785000E+00    2.983000E+00    9.350000E+00    6.026000E+00    1.280000E+00    7.000000E+00    9.400000E+01    3.322000E+00    1.055000E+00    4.990000E+00    8.239000E-01    4.980000E-01    9.086000E-04   -9.960000E+00    8.000000E+00    1.000000E+00    2.640000E+03    0.000000E+00   -1.000000E+01   -2.000000E+00   -1.270000E+01   -1.265018E+01
   2.140000E-09    0.000000E+00    1.580000E+00    7.900000E+01    1.398000E+00   -1.365000E+00    1.990000E+00    2.225000E+00    2.538000E+00    3.094000E+00   -1.000000E+01    2.238000E+00    7.800000E+00    1.360000E+01    2.200000E+00    1.000000E+00    1.000000E+00    8.499000E-01    7.796000E-01    8.500000E-01    1.318000E+00    3.752000E-02    8.974000E-04   -1.020000E+01    2.000000E+00    1.000000E+00    2.000000E+03    8.200000E+01   -1.000000E+01    0.000000E+00   -1.036000E+01   -1.038538E+01
