   1.970000E-09    1.000000E+00    1.744000E+00    8.200000E+01    1.380000E+00   -6.576000E-01    1.176000E+00    3.262000E+00    3.292000E+00    3.770000E+00    1.447000E+00    3.583000E+00    7.200000E+00    1.045000E+01    2.660000E+00    5.000000E+00    5.300000E+01    3.375000E+00    2.859000E+00    3.850000E+00    1.170000E+00    7.200000E-02    9.199000E-04   -9.846000E+00    2.000000E+00    2.000000E+00    1.300000E+03    8.000000E+01   -1.000000E+01   -1.000000E+00   -9.866000E+00   -9.797540E+00
   2.090000E-09    1.000000E+00    1.447000E+00    1.080000E+02    1.398000E+00   -1.000000E+01   -1.000000E+01   -1.000000E+01   -1.000000E+01   -1.000000E+01   -1.000000E+01   -1.000000E+01    9.500000E+00    3.894000E+00    7.900000E-01    6.000000E+00    5.500000E+01    2.333000E+00    2.090000E+00    4.360000E+00    1.586000E+00    4.778000E-02    8.974000E-04   -1.452000E+01    2.000000E+00    2.000000E+00    1.370000E+03    1.000000E+02   -1.000000E+01    1.000000E+00   -9.987000E+00   -1.003004E+01
   2.000000E-09    7.000000E+00    1.580000E+00    7.900000E+01    1.398000E+00   -1.000000E+00   -1.000000E+01    3.362000E+00   -1.000000E+01    3.550000E+00   -1.000000E+01   -1.000000E+01    8.000000E+00    7.280000E+00    1.900000E+00    5.000000E+00    4.300000E+01    2.817000E+00    2.415000E+00    3.850000E+00    1.318000E+00    6.690000E-02    8.974000E-04   -1.002000E+01    2.000000E+00    3.000000E+00    8.000000E+02    8.200000E+01   -1.000000E+01   -1.000000E+00   -9.367000E+00   -9.294003E+00
   2.090000E-09    1.000000E+00   -2.218000E-01    1.730000E+01    1.398000E+00   -1.959000E+00   -6.990000E-01    9.823000E-01    7.497000E-01    2.967000E-01    1.348000E+00    9.581000E-01    8.920000E+00    3.894000E+00    7.900000E-01    6.000000E+00    5.500000E+01    2.333000E+00    2.090000E+00    4.360000E+00    2.460000E+00    4.778000E-02    8.974000E-04   -1.050000E+01    2.700000E+01    1.000000E+00    2.430000E+03    0.000000E+00   -1.000000E+01    1.000000E+00   -1.066000E+01   -1.070122E+01
   8.100000E-10    2.000000E+00    2.025000E+00    8.100000E+01    1.362000E+00   -1.000000E+00   -1.000000E+01    3.362000E+00   -1.000000E+01    3.550000E+00   -1.000000E+01   -1.000000E+01    7.800000E+00    9.752000E+00    2.550000E+00    4.000000E+00    3.400000E+01    2.921000E+00    1.021000E+00    3.450000E+00    8.832000E-01    4.565000E-01    9.432000E-04   -1.002000E+01    2.500000E+01    1.000000E+00    1.500000E+03    0.000000E+00   -1.000000E+01   -1.000000E+00   -1.157000E+01   -1.125169E+01
   2.000000E-09    1.000000E+00    1.447000E+00    1.080000E+02    1.398000E+00   -3.010000E-01   -1.000000E+01    4.061000E+00   -1.000000E+01    4.248000E+00   -1.000000E+01   -1.000000E+01    6.300000E+00    1.045000E+01    2.660000E+00    5.000000E+00    5.300000E+01    3.375000E+00    2.893000E+00    3.850000E+00    1.586000E+00    6.690000E-02    8.974000E-04   -9.667000E+00    2.000000E+00    1.000000E+00    1.600000E+03    1.000000E+02   -1.000000E+01   -1.000000E+00   -1.125000E+01   -1.086911E+01
   6.100000E-10    3.000000E+00    1.279000E+00    9.300000E+01    1.394000E+00   -2.222000E+00   -1.000000E+01   -1.000000E+01   -1.000000E+01    2.027000E+00   -1.000000E+01   -1.000000E+01    1.069000E+01    5.644000E+00    1.170000E+00    6.000000E+00    6.200000E+01    2.809000E+00    7.348000E-01    4.360000E+00    1.690000E+00    5.823000E-01    9.019000E-04   -1.063000E+01    2.000000E+00    2.000000E+00    8.000000E+02    4.750000E+01   -1.000000E+01   -1.000000E+00   -9.845000E+00   -9.803748E+00
   1.560000E-09    1.000000E+00    1.453000E+00    1.080000E+02    1.176000E+00   -1.000000E+01   -1.000000E+01   -1.000000E+01   -1.000000E+01   -1.000000E+01   -1.000000E+01   -1.000000E+01    5.183000E+00    1.297000E+01    3.160000E+00    3.000000E+00    1.700000E+01    2.822000E+00    1.952000E+00    2.890000E+00    1.580000E+00    1.600000E-01    1.162000E-03   -1.452000E+01    2.000000E+00    2.000000E+00    1.100000E+03    9.800000E+01   -1.000000E+01   -1.000000E+00   -9.857000E+00   -9.808576E+00
   1.200000E-09    5.000000E+00    1.602000E+00    1.400000E+02    1.301000E+00   -2.297000E+00   -1.000000E+01   -1.000000E+01    2.603000E+00   -1.000000E+01   -1.000000E+01   -1.000000E+01    6.000000E+00    6.266000E+00    1.360000E+00    7.000000E+00    9.300000E+01    3.387000E+00    1.772000E+00    4.990000E+00    1.544000E+00    2.814000E-01    1.018000E-03   -1.067000E+01    7.000000E+00    2.000000E+00    1.190000E+03    0.000000E+00   -1.000000E+01    1.000000E+00   -9.442000E+00   -9.455159E+00
   2.140000E-09    0.000000E+00    1.447000E+00    1.300000E+01    1.398000E+00   -6.990000E-01    2.228000E+00    3.538000E+00    2.462000E+00    3.754000E+00    1.279000E+00    2.983000E+00    7.900000E+00    1.360000E+01    2.200000E+00    1.000000E+00    1.000000E+00    8.499000E-01    7.796000E-01    8.500000E-01    6.668000E-01    3.752000E-02    8.974000E-04   -9.866000E+00    4.000000E+00    4.000000E+00    2.600000E+03    0.000000E+00   -1.000000E+01    0.000000E+00   -1.117000E+01   -1.123235E+01
   2.090000E-09    1.000000E+00    1.580000E+00    7.900000E+01    1.398000E+00   -6.990000E-01    1.893000E+00    3.508000E+00    2.904000E+00    3.754000E+00    1.785000E+00    2.584000E+00    7.700000E+00    3.894000E+00    7.900000E-01    6.000000E+00    5.500000E+01    2.333000E+00    2.090000E+00    4.360000E+00    1.318000E+00    4.778000E-02    8.974000E-04   -9.866000E+00    2.000000E+00    5.000000E+00    1.800000E+03    8.000000E+01   -1.000000E+01    1.000000E+00   -9.656000E+00   -9.558723E+00
   1.350000E-09    1.000000E+00    1.453000E+00    1.080000E+02    1.398000E+00   -3.979000E-01   -1.000000E+01    3.964000E+00   -1.000000E+01    4.152000E+00   -1.000000E+01   -1.000000E+01    6.935000E+00    5.139000E+00    9.300000E-01    3.000000E+00    1.100000E+01    1.777000E+00    1.028000E+00    2.890000E+00    1.580000E+00    2.376000E-01    8.974000E-04   -9.715000E+00    2.000000E+00    2.000000E+00    1.000000E+03    9.800000E+01   -1.000000E+01    1.000000E+00   -9.839000E+00   -9.826654E+00
   2.140000E-09    0.000000E+00    1.580000E+00    7.900000E+01    1.398000E+00   -1.166000E+00    2.934000E+00    2.265000E+00    2.882000E+00    3.027000E+00   -1.000000E+01    1.061000E+00    1.250000E+01    1.360000E+01    2.200000E+00    1.000000E+00    1.000000E+00    8.499000E-01    7.796000E-01    8.500000E-01    1.318000E+00    3.752000E-02    8.974000E-04   -1.010000E+01    2.000000E+00    1.000000E+00    2.000000E+03    8.200000E+01   -1.000000E+01    0.000000E+00   -1.064000E+01   -1.042202E+01
   1.010000E-09    1.000000E+00    1.453000E+00    1.080000E+02    1.176000E+00   -1.000000E+00   -1.000000E+01    3.362000E+00   -1.000000E+01    3.550000E+00   -1.000000E+01   -1.000000E+01    6.352000E+00    5.139000E+00    9.300000E-01    3.000000E+00    1.100000E+01    1.777000E+00    7.958000E-01    2.890000E+00    1.580000E+00    3.488000E-01    1.162000E-03   -1.002000E+01    2.000000E+00    2.000000E+00    1.000000E+03    9.800000E+01   -1.000000E+01    1.000000E+00   -9.963000E+00   -9.952260E+00
   1.460000E-09    7.000000E+00    1.547000E+00    7.000000E+01    1.301000E+00   -3.010000E-01   -1.000000E+01    4.061000E+00   -1.000000E+01    4.249000E+00   -1.000000E+01   -1.000000E+01    7.000000E+00    7.834000E+00    1.900000E+00    6.000000E+00    7.500000E+01    3.309000E+00    2.106000E+00    4.360000E+00    1.299000E+00    1.962000E-01    1.018000E-03   -9.670000E+00    2.000000E+00    1.000000E+00    1.500000E+03    3.680000E+01   -1.000000E+01   -1.000000E+00   -1.017000E+01   -1.033460E+01
   2.000000E-09    1.000000E+00    1.477000E+00    2.100000E+01    1.380000E+00   -6.576000E-01    2.000000E+00    2.230000E+00    2.544000E+00    3.090000E+00    2.000000E+00    2.230000E+00    7.200000E+00    1.297000E+01    3.160000E+00    3.000000E+00    1.700000E+01    2.822000E+00    2.427000E+00    2.890000E+00    8.451000E-01    6.544000E-02    9.199000E-04   -9.846000E+00    4.000000E+00    1.000000E+00    2.440000E+03    0.000000E+00   -1.000000E+01   -1.000000E+00   -1.119000E+01   -1.114169E+01
   1.550000E-09    4.000000E+00    1.999000E+00    1.080000E+02    1.398000E+00   -3.635000E-01   -1.000000E+01    3.939000E+00   -1.000000E+01   -1.000000E+01   -1.000000E+01   -1.000000E+01    7.000000E+00    9.752000E+00    2.550000E+00    4.000000E+00    3.400000E+01    2.921000E+00    1.941000E+00    3.450000E+00    1.034000E+00    1.776000E-01    8.974000E-04   -9.698000E+00    3.000000E+00    1.000000E+00    1.600000E+03    1.000000E+02   -1.000000E+01   -1.000000E+00   -1.020000E+01   -1.041607E+01
   1.550000E-09    1.000000E+00    1.453000E+00    1.080000E+02    1.477000E+00   -1.000000E+01   -1.000000E+01   -1.000000E+01   -1.000000E+01   -1.000000E+01   -1.000000E+01   -1.000000E+01    6.317000E+00    5.139000E+00    9.300000E-01    3.000000E+00    1.100000E+01    1.777000E+00    1.161000E+00    2.890000E+00    1.580000E+00    1.848000E-01    7.959000E-04   -1.451000E+01    2.000000E+00    2.000000E+00    1.800000E+03    9.800000E+01   -1.000000E+01    1.000000E+00   -1.053000E+01   -1.051928E+01
   8.130000E-10    4.000000E+00    1.279000E+00    9.300000E+01    1.360000E+00    7.918000E-02   -1.000000E+01    4.281000E+00   -1.000000E+01    2.401000E+00    4.248000E+00    4.062000E+00    1.130000E+01    9.752000E+00    2.550000E+00    4.000000E+00    3.400000E+01    2.921000E+00    1.025000E+00    3.450000E+00    1.690000E+00    4.548000E-01    9.456000E-04   -9.478000E+00    2.000000E+00    1.000000E+00    1.800000E+03    4.750000E+01   -1.000000E+01   -2.000000E+00   -1.109000E+01   -1.102169E+01
   7.910000E-10    2.000000E+00    1.748000E+00    1.110000E+02    1.903000E+00   -6.778000E-01    1.637000E+00    3.472000E+00    2.790000E+00    3.517000E+00    1.749000E+00    3.638000E+00    7.550000E+00    5.695000E+00    9.500000E-01    5.000000E+00    3.800000E+01    2.491000E+00    7.131000E-01    3.850000E+00    1.297000E+00    5.433000E-01    3.547000E-04   -9.818000E+00    2.000000E+00    1.000000E+00    1.650000E+03    9.200000E+01   -1.000000E+01    2.000000E+00   -1.102000E+01   -1.065294E+01
   2.000000E-09    7.000000E+00    2.477000E+00    5.000000E+01    1.380000E+00   -6.576000E-01    1.149000E+00    3.281000E+00    3.331000E+00    3.780000E+00    1.233000E+00    3.024000E+00    7.200000E+00    7.280000E+00    1.900000E+00    5.000000E+00    4.300000E+01    2.817000E+00    2.423000E+00    3.850000E+00    2.218000E-01    6.544000E-02    9.199000E-04   -9.846000E+00    2.600000E+01    2.000000E+00    2.000000E+03    8.750000E+00   -1.000000E+01   -1.000000E+00   -9.812000E+00   -1.000101E+01
   2.140000E-09    0.000000E+00    1.000000E+00    1.400000E+01    1.362000E+00   -1.356000E+00    1.990000E+00    2.225000E+00    2.512000E+00    3.094000E+00    2.354000E+00    2.238000E+00    7.800000E+00    1.360000E+01    2.200000E+00    1.000000E+00    1.000000E+00    8.499000E-01    7.849000E-01    8.500000E-01    1.146000E+00    3.459000E-02    9.432000E-04   -1.020000E+01    4.000000E+00    1.000000E+00    2.670000E+03    7.000000E+01   -1.000000E+01    0.000000E+00   -1.070000E+01   -1.071802E+01
   2.000000E-09    1.000000E+00    1.613000E+00    1.700000E+01    1.398000E+00   -2.218000E-01   -1.000000E+01   -1.000000E+01   -1.000000E+01    4.328000E+00   -1.000000E+01   -1.000000E+01    6.000000E+00    1.297000E+01    3.160000E+00    3.000000E+00    1.700000E+01    2.822000E+00    2.419000E+00    2.890000E+00    6.177000E-01    6.690000E-02    8.974000E-04   -9.627000E+00    1.700000E+01    1.000000E+00    2.780000E+03    0.000000E+00   -1.000000E+01   -1.000000E+00   -1.305000E+01   -1.289920E+01
   2.140000E-09    0.000000E+00    1.477000E+00    2.100000E+01    1.398000E+00   -6.576000E-01    2.000000E+00    2.230000E+00    2.544000E+00    3.090000E+00    2.000000E+00    2.230000E+00    7.200000E+00    1.360000E+01    2.200000E+00    1.000000E+00    1.000000E+00    8.499000E-01    7.796000E-01    8.500000E-01    8.451000E-01    3.752000E-02    8.974000E-04   -9.845000E+00    4.000000E+00    1.000000E+00    2.440000E+03    0.000000E+00   -1.000000E+01    0.000000E+00   -1.040000E+01   -1.042130E+01
   6.100000E-10    3.000000E+00    1.279000E+00    9.300000E+01    1.391000E+00   -2.222000E+00   -1.000000E+01   -1.000000E+01   -1.000000E+01    2.027000E+00   -1.000000E+01   -1.000000E+01    1.071000E+01    5.644000E+00    1.170000E+00    6.000000E+00    6.200000E+01    2.809000E+00    7.353000E-01    4.360000E+00    1.690000E+00    5.820000E-01    9.063000E-04   -1.063000E+01    2.000000E+00    2.000000E+00    1.400000E+03    4.750000E+01   -1.000000E+01   -1.000000E+00   -1.027000E+01   -1.032457E+01
   4.300000E-10    6.000000E+00    1.580000E+00    7.900000E+01    1.398000E+00   -1.000000E+00   -1.000000E+01    3.362000E+00   -1.000000E+01    3.550000E+00   -1.000000E+01   -1.000000E+01    7.000000E+00    6.194000E+00    1.380000E+00    7.000000E+00    9.200000E+01    3.368000E+00    6.207000E-01    4.990000E+00    1.318000E+00    7.345000E-01    8.974000E-04   -1.002000E+01    2.000000E+00    3.000000E+00    1.000000E+03    8.200000E+01   -1.000000E+01    2.000000E+00   -1.007000E+01   -1.001805E+01
   2.220000E-09    0.000000E+00    1.833000E+00    7.100000E+01    1.477000E+00   -6.990000E-01   -1.000000E+01    2.061000E+00   -1.000000E+01    2.249000E+00   -1.000000E+01   -1.000000E+01    7.000000E+00    1.360000E+01    2.200000E+00    1.000000E+00    1.000000E+00    8.499000E-01    7.954000E-01    8.500000E-01    1.019000E+00    2.880000E-02    7.959000E-04   -9.862000E+00    6.000000E+00    1.000000E+00    1.500000E+03    0.000000E+00   -1.000000E+01    0.000000E+00   -9.821000E+00   -9.775081E+00
   1.300000E-09    1.000000E+00    1.447000E+00    1.300000E+01    1.398000E+00   -6.990000E-01    2.228000E+00    3.538000E+00    2.462000E+00    3.754000E+00    1.279000E+00    2.983000E+00    7.900000E+00    5.139000E+00    9.300000E-01    3.000000E+00    1.100000E+01    1.777000E+00    9.899000E-01    2.890000E+00    6.668000E-01    2.540000E-01    8.974000E-04   -9.866000E+00    4.000000E+00    2.000000E+00    2.400000E+03    0.000000E+00   -1.000000E+01    1.000000E+00   -1.070000E+01   -1.068047E+01
   2.000000E-09    1.000000E+00    1.447000E+00    1.080000E+02    1.398000E+00   -1.253000E+00   -1.000000E+01    3.118000E+00   -1.000000E+01   -1.000000E+01    3.304000E+00    2.715000E+00    1.030000E+01    1.297000E+01    3.160000E+00    3.000000E+00    1.700000E+01    2.822000E+00    2.419000E+00    2.890000E+00    1.586000E+00    6.690000E-02    8.974000E-04   -1.014000E+01    2.000000E+00    1.000000E+00    1.400000E+03    9.800000E+01    1.903000E+00   -1.000000E+00   -9.796000E+00   -9.754185E+00
   8.100000E-10    2.000000E+00    2.025000E+00    8.100000E+01    1.362000E+00   -1.000000E+00   -1.000000E+01    3.362000E+00   -1.000000E+01    3.550000E+00   -1.000000E+01   -1.000000E+01    1.100000E+01    9.752000E+00    2.550000E+00    4.000000E+00    3.400000E+01    2.921000E+00    1.021000E+00    3.450000E+00    8.832000E-01    4.565000E-01    9.432000E-04   -1.002000E+01    2.500000E+01    1.000000E+00    1.500000E+03    0.000000E+00   -1.000000E+01   -1.000000E+00   -1.125000E+01   -1.115564E+01
   1.560000E-09    1.000000E+00    1.453000E+00    1.080000E+02    1.176000E+00   -1.000000E+01   -1.000000E+01   -1.000000E+01   -1.000000E+01   -1.000000E+01   -1.000000E+01   -1.000000E+01    5.183000E+00    1.297000E+01    3.160000E+00    3.000000E+00    1.700000E+01    2.822000E+00    1.952000E+00    2.890000E+00    1.580000E+00    1.600000E-01    1.162000E-03   -1.452000E+01    2.000000E+00    2.000000E+00    1.100000E+03    9.800000E+01   -1.000000E+01   -1.000000E+00   -9.857000E+00   -9.808576E+00
   2.090000E-09    1.000000E+00    1.580000E+00    7.870000E+01    1.398000E+00   -1.857000E+00    5.922000E-01    2.448000E+00    1.256000E+00    2.603000E+00    2.086000E+00    9.825000E-01    7.162000E+00    3.894000E+00    7.900000E-01    6.000000E+00    5.500000E+01    2.333000E+00    2.090000E+00    4.360000E+00    1.316000E+00    4.778000E-02    8.974000E-04   -1.044000E+01    2.000000E+00    5.000000E+00    1.590000E+03    8.200000E+01   -1.000000E+01    1.000000E+00   -1.007000E+01   -1.005607E+01
   6.020000E-10    3.000000E+00    1.580000E+00    7.900000E+01    1.362000E+00   -1.285000E+00    7.966000E-01    2.777000E+00    2.283000E+00    3.193000E+00   -1.000000E+01   -1.000000E+01    7.700000E+00    5.670000E+00    1.200000E+00    6.000000E+00    6.300000E+01    2.815000E+00    7.313000E-01    4.360000E+00    1.318000E+00    5.854000E-01    9.432000E-04   -1.016000E+01    2.000000E+00    2.000000E+00    1.000000E+03    8.200000E+01   -1.000000E+01    3.000000E+00   -9.602000E+00   -9.669228E+00
   1.270000E-09    1.000000E+00    2.477000E+00    5.000000E+01    1.362000E+00   -5.867000E-01    1.799000E+00    3.248000E+00    3.327000E+00    3.805000E+00    1.108000E+00    3.062000E+00    7.800000E+00    5.139000E+00    9.300000E-01    3.000000E+00    1.100000E+01    1.777000E+00    9.736000E-01    2.890000E+00    2.218000E-01    2.612000E-01    9.432000E-04   -9.811000E+00    2.600000E+01    1.000000E+00    1.250000E+03    3.500000E+01    1.699000E+00    1.000000E+00   -9.886000E+00   -9.958741E+00
   5.000000E-10    4.000000E+00    1.744000E+00    8.200000E+01    1.398000E+00   -5.834000E-01    1.146000E+00    3.281000E+00    3.328000E+00    3.810000E+00    1.831000E+00    3.016000E+00    9.402000E+00    6.026000E+00    1.280000E+00    7.000000E+00    9.400000E+01    3.322000E+00    7.118000E-01    4.990000E+00    1.170000E+00    6.690000E-01    8.974000E-04   -9.808000E+00    2.000000E+00    2.000000E+00    2.130000E+03    8.000000E+01    1.875000E+00    0.000000E+00   -1.076000E+01   -1.061194E+01
   1.560000E-09    1.000000E+00    1.453000E+00    1.080000E+02    1.176000E+00   -1.000000E+01   -1.000000E+01   -1.000000E+01   -1.000000E+01   -1.000000E+01   -1.000000E+01   -1.000000E+01    5.356000E+00    1.297000E+01    3.160000E+00    3.000000E+00    1.700000E+01    2.822000E+00    1.952000E+00    2.890000E+00    1.580000E+00    1.600000E-01    1.162000E-03   -1.452000E+01    2.000000E+00    2.000000E+00    1.600000E+03    9.800000E+01   -1.000000E+01   -1.000000E+00   -1.028000E+01   -1.038587E+01
   1.550000E-09    4.000000E+00    1.547000E+00    7.000000E+01    1.301000E+00   -3.010000E-01   -1.000000E+01    4.061000E+00   -1.000000E+01    4.249000E+00   -1.000000E+01   -1.000000E+01    7.000000E+00    9.752000E+00    2.550000E+00    4.000000E+00    3.400000E+01    2.921000E+00    1.974000E+00    3.450000E+00    1.299000E+00    1.703000E-01    1.018000E-03   -9.670000E+00    2.000000E+00    1.000000E+00    1.700000E+03    3.680000E+01   -1.000000E+01   -1.000000E+00   -1.036000E+01   -1.047684E+01
   3.330000E-09    2.000000E+00    1.279000E+00    9.300000E+01    1.778000E+00   -1.807000E+00   -1.000000E+01    2.378000E+00   -1.000000E+01   -1.000000E+01   -1.000000E+01    2.699000E+00    7.250000E+00    9.752000E+00    2.550000E+00    4.000000E+00    3.400000E+01    2.921000E+00    3.732000E+00    3.450000E+00    1.690000E+00   -1.063000E-01    4.494000E-04   -1.040000E+01    2.000000E+00    2.000000E+00    1.600000E+03    5.000000E+01   -1.000000E+01   -1.000000E+00   -9.735000E+00   -9.634025E+00
   6.020000E-10    3.000000E+00    1.580000E+00    7.900000E+01    1.398000E+00   -1.000000E+00   -1.000000E+01    3.362000E+00   -1.000000E+01    3.550000E+00   -1.000000E+01   -1.000000E+01    5.000000E+00    5.670000E+00    1.200000E+00    6.000000E+00    6.300000E+01    2.815000E+00    7.264000E-01    4.360000E+00    1.318000E+00    5.883000E-01    8.974000E-04   -1.002000E+01    2.000000E+00    3.000000E+00    1.000000E+03    8.200000E+01   -1.000000E+01    3.000000E+00   -1.008000E+01   -1.000912E+01
   1.550000E-09    4.000000E+00    6.232000E-01    6.700000E+01    1.431000E+00   -1.398000E+00    8.451000E-01    2.784000E+00    1.869000E+00    2.785000E+00   -1.000000E+01    2.785000E+00    5.400000E+00    9.752000E+00    2.550000E+00    4.000000E+00    3.400000E+01    2.921000E+00    1.928000E+00    3.450000E+00    2.203000E+00    1.805000E-01    8.547000E-04   -1.021000E+01    1.300000E+01    3.000000E+00    1.800000E+03    0.000000E+00   -1.000000E+01   -1.000000E+00   -1.017000E+01   -9.961315E+00
   2.000000E-09    1.000000E+00    6.021000E-01    6.700000E+01    1.380000E+00   -7.747000E-01    2.220000E+00    3.380000E+00    2.982000E+00    3.643000E+00   -1.000000E+01    2.294000E+00    1.160000E+01    1.297000E+01    3.160000E+00    3.000000E+00    1.700000E+01    2.822000E+00    2.427000E+00    2.890000E+00    2.224000E+00    6.544000E-02    9.199000E-04   -9.904000E+00    1.300000E+01    1.000000E+00    2.000000E+03    0.000000E+00   -1.000000E+01   -1.000000E+00   -9.770000E+00   -9.888310E+00
   1.560000E-09    1.000000E+00    1.453000E+00    1.080000E+02    1.176000E+00   -1.000000E+01   -1.000000E+01   -1.000000E+01   -1.000000E+01   -1.000000E+01   -1.000000E+01   -1.000000E+01    5.005000E+00    1.297000E+01    3.160000E+00    3.000000E+00    1.700000E+01    2.822000E+00    1.952000E+00    2.890000E+00    1.580000E+00    1.600000E-01    1.162000E-03   -1.452000E+01    2.000000E+00    2.000000E+00    1.400000E+03    9.800000E+01   -1.000000E+01   -1.000000E+00   -1.011000E+01   -1.016780E+01
   1.010000E-09    1.000000E+00    1.453000E+00    1.080000E+02    1.176000E+00   -3.979000E-01   -1.000000E+01    3.964000E+00   -1.000000E+01    4.152000E+00   -1.000000E+01   -1.000000E+01    6.696000E+00    5.139000E+00    9.300000E-01    3.000000E+00    1.100000E+01    1.777000E+00    7.958000E-01    2.890000E+00    1.580000E+00    3.488000E-01    1.162000E-03   -9.723000E+00    2.000000E+00    2.000000E+00    1.000000E+03    9.800000E+01   -1.000000E+01    1.000000E+00   -9.963000E+00   -9.983666E+00
   8.500000E-10    2.000000E+00    6.021000E-01    6.700000E+01    1.398000E+00   -1.523000E+00   -1.000000E+01   -1.000000E+01   -1.000000E+01    2.851000E+00   -1.000000E+01   -1.000000E+01    6.500000E+00    5.212000E+00    8.900000E-01    6.000000E+00    5.600000E+01    2.699000E+00    9.833000E-01    4.360000E+00    2.224000E+00    4.385000E-01    8.974000E-04   -1.028000E+01    1.300000E+01    1.000000E+00    2.640000E+03    0.000000E+00   -1.000000E+01    2.000000E+00   -1.267000E+01   -1.266914E+01
   2.090000E-09    1.000000E+00    1.453000E+00    1.080000E+02    1.398000E+00   -1.000000E+01   -1.000000E+01   -1.000000E+01   -1.000000E+01   -1.000000E+01   -1.000000E+01   -1.000000E+01    7.519000E+00    1.297000E+01    3.160000E+00    3.000000E+00    1.700000E+01    2.822000E+00    2.528000E+00    2.890000E+00    1.580000E+00    4.778000E-02    8.974000E-04   -1.452000E+01    2.000000E+00    2.000000E+00    1.000000E+03    9.800000E+01   -1.000000E+01   -1.000000E+00   -9.648000E+00   -9.663693E+00
   1.350000E-09    1.000000E+00    1.453000E+00    1.080000E+02    1.398000E+00   -1.000000E+01   -1.000000E+01   -1.000000E+01   -1.000000E+01   -1.000000E+01   -1.000000E+01   -1.000000E+01    6.673000E+00    5.139000E+00    9.300000E-01    3.000000E+00    1.100000E+01    1.777000E+00    1.028000E+00    2.890000E+00    1.580000E+00    2.376000E-01    8.974000E-04   -1.452000E+01    2.000000E+00    2.000000E+00    1.200000E+03    9.800000E+01   -1.000000E+01    1.000000E+00   -1.000000E+01   -9.903829E+00
   1.130000E-09    6.000000E+00    1.580000E+00    7.200000E+01    1.398000E+00   -3.010000E-01   -1.000000E+01    4.061000E+00   -1.000000E+01    4.249000E+00   -1.000000E+01   -1.000000E+01    6.800000E+00    6.767000E+00    1.660000E+00    4.000000E+00    2.400000E+01    2.434000E+00    1.179000E+00    3.450000E+00    1.278000E+00    3.149000E-01    8.974000E-04   -9.667000E+00    2.000000E+00    1.000000E+00    1.800000E+03    8.200000E+01   -1.000000E+01   -1.000000E+00   -1.115000E+01   -1.087635E+01
   1.200000E-09    5.000000E+00    1.833000E+00    7.100000E+01    1.301000E+00   -2.297000E+00   -1.000000E+01   -1.000000E+01    2.603000E+00   -1.000000E+01   -1.000000E+01   -1.000000E+01    6.000000E+00    6.266000E+00    1.360000E+00    7.000000E+00    9.300000E+01    3.387000E+00    1.772000E+00    4.990000E+00    1.019000E+00    2.814000E-01    1.018000E-03   -1.067000E+01    6.000000E+00    2.000000E+00    9.200000E+02    0.000000E+00   -1.000000E+01    1.000000E+00   -9.378000E+00   -9.257397E+00
   2.000000E-09    1.000000E+00    1.279000E+00    9.300000E+01    1.362000E+00   -2.573000E-01   -1.000000E+01    4.072000E+00    2.903000E+00    4.260000E+00   -1.000000E+01   -1.000000E+01    1.250000E+01    1.045000E+01    2.660000E+00    5.000000E+00    5.300000E+01    3.375000E+00    2.913000E+00    3.850000E+00    1.690000E+00    6.398000E-02    9.432000E-04   -9.646000E+00    2.000000E+00    1.000000E+00    1.800000E+03    4.800000E+01   -1.000000E+01   -1.000000E+00   -1.092000E+01   -1.089114E+01
   1.350000E-09    1.000000E+00    1.453000E+00    1.080000E+02    1.398000E+00   -1.000000E+01   -1.000000E+01   -1.000000E+01   -1.000000E+01   -1.000000E+01   -1.000000E+01   -1.000000E+01    6.884000E+00    5.139000E+00    9.300000E-01    3.000000E+00    1.100000E+01    1.777000E+00    1.028000E+00    2.890000E+00    1.580000E+00    2.376000E-01    8.974000E-04   -1.452000E+01    2.000000E+00    2.000000E+00    1.100000E+03    9.800000E+01   -1.000000E+01    1.000000E+00   -9.917000E+00   -9.844183E+00
   2.090000E-09    1.000000E+00    1.744000E+00    8.200000E+01    1.380000E+00   -6.108000E-01    1.176000E+00    3.262000E+00    3.292000E+00    3.770000E+00    1.447000E+00    3.051000E+00    7.200000E+00    3.894000E+00    7.900000E-01    6.000000E+00    5.500000E+01    2.333000E+00    2.097000E+00    4.360000E+00    1.170000E+00    4.632000E-02    9.199000E-04   -9.822000E+00    2.000000E+00    1.000000E+00    1.330000E+03    8.000000E+01   -1.000000E+01    1.000000E+00   -1.049000E+01   -1.082383E+01
   4.530000E-09    1.000000E+00    1.279000E+00    9.300000E+01    1.602000E+00   -2.757000E-01    5.922000E-01    4.024000E+00    2.558000E+00    4.302000E+00   -1.000000E+01    4.065000E-01    8.300000E+00    3.894000E+00    7.900000E-01    6.000000E+00    5.500000E+01    2.333000E+00    4.313000E+00    4.360000E+00    1.690000E+00   -2.669000E-01    6.389000E-04   -9.643000E+00    2.000000E+00    1.000000E+00    1.600000E+03    4.800000E+01    1.477000E+00    1.000000E+00   -9.260000E+00   -9.241880E+00
   1.550000E-09    4.000000E+00    1.408000E+00    7.200000E+01    1.602000E+00   -1.301000E+00   -1.000000E+01    3.061000E+00   -1.000000E+01   -1.000000E+01   -1.000000E+01   -1.000000E+01    6.000000E+00    9.752000E+00    2.550000E+00    4.000000E+00    3.400000E+01    2.921000E+00    1.848000E+00    3.450000E+00    1.449000E+00    1.989000E-01    6.389000E-04   -1.016000E+01    2.000000E+00    1.000000E+00    1.600000E+03    7.500000E+01   -1.000000E+01   -1.000000E+00   -1.080000E+01   -1.062551E+01
   1.200000E-09    4.000000E+00    4.771000E-01    2.000000E+00    1.462000E+00    6.070000E-02   -1.000000E+01    4.403000E+00   -1.000000E+01   -1.000000E+01    4.785000E+00    3.682000E+00    8.870000E+00    6.266000E+00    1.360000E+00    7.000000E+00    9.300000E+01    3.387000E+00    1.719000E+00    4.990000E+00    8.239000E-01    2.945000E-01    8.149000E-04   -9.483000E+00    8.000000E+00    1.000000E+00    2.640000E+03    0.000000E+00   -1.000000E+01   -4.000000E+00   -1.255000E+01   -1.242521E+01
   3.690000E-09    1.000000E+00    1.453000E+00    1.080000E+02    1.699000E+00   -1.000000E+01   -1.000000E+01   -1.000000E+01   -1.000000E+01   -1.000000E+01   -1.000000E+01   -1.000000E+01    6.166000E+00    1.297000E+01    3.160000E+00    3.000000E+00    1.700000E+01    2.822000E+00    4.118000E+00    2.890000E+00    1.580000E+00   -1.641000E-01    5.279000E-04   -1.450000E+01    2.000000E+00    2.000000E+00    1.600000E+03    9.800000E+01   -1.000000E+01   -1.000000E+00   -9.910000E+00   -9.990572E+00
   1.200000E-09    5.000000E+00    1.602000E+00    1.400000E+02    1.301000E+00   -2.000000E+00   -1.000000E+01    2.362000E+00   -1.000000E+01   -1.000000E+01   -1.000000E+01   -1.000000E+01    6.000000E+00    6.266000E+00    1.360000E+00    7.000000E+00    9.300000E+01    3.387000E+00    1.772000E+00    4.990000E+00    1.544000E+00    2.814000E-01    1.018000E-03   -1.052000E+01    7.000000E+00    2.000000E+00    1.190000E+03    0.000000E+00   -1.000000E+01    1.000000E+00   -9.442000E+00   -9.443531E+00
   2.090000E-09    1.000000E+00    1.453000E+00    1.080000E+02    1.398000E+00   -1.000000E+01   -1.000000E+01   -1.000000E+01   -1.000000E+01   -1.000000E+01   -1.000000E+01   -1.000000E+01    7.121000E+00    1.297000E+01    3.160000E+00    3.000000E+00    1.700000E+01    2.822000E+00    2.528000E+00    2.890000E+00    1.580000E+00    4.778000E-02    8.974000E-04   -1.452000E+01    2.000000E+00    2.000000E+00    1.800000E+03    9.800000E+01   -1.000000E+01   -1.000000E+00   -1.034000E+01   -1.025627E+01
   2.000000E-09    1.000000E+00    1.279000E+00    9.300000E+01    1.380000E+00   -2.000000E+00   -1.000000E+01    2.362000E+00   -1.000000E+01    2.550000E+00   -1.000000E+01   -1.000000E+01    1.250000E+01    1.297000E+01    3.160000E+00    3.000000E+00    1.700000E+01    2.822000E+00    2.427000E+00    2.890000E+00    1.690000E+00    6.544000E-02    9.199000E-04   -1.052000E+01    2.000000E+00    1.000000E+00    1.600000E+03    4.800000E+01    1.477000E+00   -1.000000E+00   -1.107000E+01   -1.105065E+01
   6.240000E-10    3.000000E+00    1.279000E+00    9.300000E+01    1.398000E+00    7.918000E-02   -1.000000E+01    4.281000E+00   -1.000000E+01    2.401000E+00    4.248000E+00    4.062000E+00    2.000000E+00    5.974000E+00    1.300000E+00    7.000000E+00    9.500000E+01    3.307000E+00    8.845000E-01    4.990000E+00    1.690000E+00    5.727000E-01    8.974000E-04   -9.477000E+00    2.000000E+00    1.000000E+00    1.800000E+03    4.750000E+01   -1.000000E+01    3.000000E+00   -1.074000E+01   -1.067195E+01
   4.300000E-10    6.000000E+00    1.580000E+00    7.900000E+01    1.398000E+00   -1.000000E+00   -1.000000E+01    3.362000E+00   -1.000000E+01    3.550000E+00   -1.000000E+01   -1.000000E+01    7.000000E+00    6.194000E+00    1.380000E+00    7.000000E+00    9.200000E+01    3.368000E+00    6.207000E-01    4.990000E+00    1.318000E+00    7.345000E-01    8.974000E-04   -1.002000E+01    2.000000E+00    3.000000E+00    1.000000E+03    8.200000E+01   -1.000000E+01    2.000000E+00   -9.959000E+00   -1.001805E+01
   2.140000E-09    0.000000E+00   -1.549000E-01    1.000000E+01    1.362000E+00   -5.157000E-01    1.000000E+00    3.380000E+00    3.405000E+00    3.922000E+00    1.230000E+00    2.230000E+00    8.770000E+00    1.360000E+01    2.200000E+00    1.000000E+00    1.000000E+00    8.499000E-01    7.849000E-01    8.500000E-01    2.155000E+00    3.459000E-02    9.432000E-04   -9.776000E+00    1.400000E+01    1.000000E+00    2.610000E+03    0.000000E+00   -1.000000E+01    0.000000E+00   -1.074000E+01   -1.087698E+01
   1.180000E-09    1.000000E+00    1.453000E+00    1.080000E+02    6.990000E-01   -1.000000E+01   -1.000000E+01   -1.000000E+01   -1.000000E+01   -1.000000E+01   -1.000000E+01   -1.000000E+01    6.109000E+00    1.297000E+01    3.160000E+00    3.000000E+00    1.700000E+01    2.822000E+00    1.530000E+00    2.890000E+00    1.580000E+00    2.659000E-01    1.536000E-03   -1.453000E+01    2.000000E+00    2.000000E+00    7.000000E+02    9.800000E+01   -1.000000E+01   -1.000000E+00   -9.664000E+00   -9.633775E+00
   2.000000E-09    7.000000E+00    1.744000E+00    8.200000E+01    1.380000E+00   -5.918000E-01    1.146000E+00    3.279000E+00    3.330000E+00    3.785000E+00    1.831000E+00    3.016000E+00    7.500000E+00    7.280000E+00    1.900000E+00    5.000000E+00    4.300000E+01    2.817000E+00    2.423000E+00    3.850000E+00    1.170000E+00    6.544000E-02    9.199000E-04   -9.813000E+00    2.000000E+00    1.000000E+00    1.240000E+03    8.000000E+01   -1.000000E+01   -1.000000E+00   -9.790000E+00   -9.806330E+00
   7.900000E-10    2.000000E+00    1.580000E+00    7.900000E+01    1.398000E+00   -1.000000E+00   -1.000000E+01    3.362000E+00   -1.000000E+01    3.550000E+00   -1.000000E+01   -1.000000E+01    7.000000E+00    5.695000E+00    9.500000E-01    5.000000E+00    3.800000E+01    2.491000E+00    8.436000E-01    3.850000E+00    1.318000E+00    4.703000E-01    8.974000E-04   -1.002000E+01    2.000000E+00    3.000000E+00    8.000000E+02    8.200000E+01   -1.000000E+01    2.000000E+00   -8.678000E+00   -8.909358E+00
   6.020000E-10    3.000000E+00    1.580000E+00    7.900000E+01    1.398000E+00   -1.000000E+00   -1.000000E+01    3.362000E+00   -1.000000E+01    3.550000E+00   -1.000000E+01   -1.000000E+01    3.000000E+00    5.670000E+00    1.200000E+00    6.000000E+00    6.300000E+01    2.815000E+00    7.264000E-01    4.360000E+00    1.318000E+00    5.883000E-01    8.974000E-04   -1.002000E+01    2.000000E+00    3.000000E+00    1.000000E+03    8.200000E+01   -1.000000E+01    3.000000E+00   -1.059000E+01   -1.023434E+01
   1.550000E-09    4.000000E+00    6.232000E-01    6.700000E+01    1.491000E+00   -1.398000E+00    8.451000E-01    2.784000E+00    1.869000E+00    2.785000E+00   -1.000000E+01    2.785000E+00    7.500000E+00    9.752000E+00    2.550000E+00    4.000000E+00    3.400000E+01    2.921000E+00    1.903000E+00    3.450000E+00    2.203000E+00    1.863000E-01    7.777000E-04   -1.021000E+01    1.300000E+01    3.000000E+00    1.800000E+03    0.000000E+00   -1.000000E+01   -1.000000E+00   -9.866000E+00   -9.972213E+00
   2.000000E-09    1.000000E+00    1.580000E+00    7.900000E+01    1.398000E+00   -1.365000E+00    1.990000E+00    2.225000E+00    2.538000E+00    3.094000E+00   -1.000000E+01    2.238000E+00    7.800000E+00    4.341000E+00    8.200000E-01    4.000000E+00    1.900000E+01    1.949000E+00    1.671000E+00    3.450000E+00    1.318000E+00    6.690000E-02    8.974000E-04   -1.020000E+01    2.000000E+00    1.000000E+00    1.700000E+03    8.200000E+01   -1.000000E+01    1.000000E+00   -9.854000E+00   -9.769652E+00
   9.230000E-10    4.000000E+00    1.744000E+00    8.200000E+01    1.362000E+00   -5.768000E-01    1.437000E+00    3.430000E+00    3.204000E+00    3.844000E+00    1.086000E+00    3.126000E+00    7.700000E+00    1.126000E+01    2.550000E+00    2.000000E+00    6.000000E+00    1.811000E+00    7.212000E-01    1.990000E+00    1.170000E+00    3.998000E-01    9.432000E-04   -9.806000E+00    2.000000E+00    1.000000E+00    1.180000E+03    8.000000E+01   -1.000000E+01   -2.000000E+00   -1.152000E+01   -1.131544E+01
   9.000000E-10    2.000000E+00    1.279000E+00    9.300000E+01    1.398000E+00   -1.000000E+01   -1.000000E+01   -1.000000E+01   -1.000000E+01   -1.000000E+01   -1.000000E+01   -1.000000E+01    1.250000E+01    7.344000E+00    1.960000E+00    5.000000E+00    5.000000E+01    2.829000E+00    1.091000E+00    3.850000E+00    1.690000E+00    4.137000E-01    8.974000E-04   -1.452000E+01    2.000000E+00    2.000000E+00    1.800000E+03    4.750000E+01   -1.000000E+01    2.000000E+00   -1.050000E+01   -1.056779E+01
   1.460000E-09    7.000000E+00    1.408000E+00    3.750000E+01    1.398000E+00    2.166000E-03   -1.000000E+01    4.362000E+00   -1.000000E+01    4.550000E+00   -1.000000E+01   -1.000000E+01    7.000000E+00    7.834000E+00    1.900000E+00    6.000000E+00    7.500000E+01    3.309000E+00    2.071000E+00    4.360000E+00    1.166000E+00    2.036000E-01    8.974000E-04   -9.515000E+00    2.000000E+00    1.000000E+00    1.600000E+03    3.300000E+01   -1.000000E+01   -1.000000E+00   -1.012000E+01   -1.026103E+01
   2.000000E-09    1.000000E+00    1.453000E+00    1.080000E+02    1.602000E+00   -2.924000E-01   -1.000000E+01    4.069000E+00   -1.000000E+01    4.257000E+00   -1.000000E+01   -1.000000E+01    5.888000E+00    1.045000E+01    2.660000E+00    5.000000E+00    5.300000E+01    3.375000E+00    2.755000E+00    3.850000E+00    1.580000E+00    8.822000E-02    6.389000E-04   -9.652000E+00    2.000000E+00    2.000000E+00    1.380000E+03    9.999000E+01   -1.000000E+01   -1.000000E+00   -9.987000E+00   -9.957725E+00
   2.000000E-09    1.000000E+00    1.580000E+00    7.900000E+01    1.398000E+00   -3.768000E-01    1.041000E+00    3.454000E+00    3.583000E+00    4.045000E+00    1.041000E+00    2.714000E+00    8.500000E+00    1.045000E+01    2.660000E+00    5.000000E+00    5.300000E+01    3.375000E+00    2.893000E+00    3.850000E+00    1.318000E+00    6.690000E-02    8.974000E-04   -9.705000E+00    2.000000E+00    2.000000E+00    2.000000E+03    8.000000E+01   -1.000000E+01   -1.000000E+00   -1.050000E+01   -1.057021E+01
   2.000000E-09    1.000000E+00    1.453000E+00    1.080000E+02    1.342000E+00   -2.924000E-01   -1.000000E+01    4.069000E+00   -1.000000E+01    4.257000E+00   -1.000000E+01   -1.000000E+01    6.580000E+00    1.045000E+01    2.660000E+00    5.000000E+00    5.300000E+01    3.375000E+00    2.923000E+00    3.850000E+00    1.580000E+00    6.251000E-02    9.673000E-04   -9.665000E+00    2.000000E+00    2.000000E+00    1.060000E+03    9.999000E+01   -1.000000E+01   -1.000000E+00   -9.721000E+00   -9.816570E+00
   2.100000E-09    5.000000E+00    1.279000E+00    9.300000E+01    1.398000E+00   -1.000000E+01   -1.000000E+01   -1.000000E+01   -1.000000E+01   -1.000000E+01   -1.000000E+01   -1.000000E+01    1.250000E+01    6.759000E+00    1.600000E+00    5.000000E+00    4.100000E+01    2.714000E+00    2.443000E+00    3.850000E+00    1.690000E+00    4.571000E-02    8.974000E-04   -1.452000E+01    2.000000E+00    2.000000E+00    1.600000E+03    4.750000E+01   -1.000000E+01   -1.000000E+00   -1.005000E+01   -1.002177E+01
   2.100000E-09    0.000000E+00    1.580000E+00    7.900000E+01    1.398000E+00   -1.000000E+00   -1.000000E+01    3.362000E+00   -1.000000E+01    3.550000E+00   -1.000000E+01   -1.000000E+01    6.600000E+00    1.360000E+01    2.200000E+00    1.000000E+00    1.000000E+00    8.499000E-01    7.650000E-01    8.500000E-01    1.318000E+00    4.571000E-02    8.974000E-04   -1.002000E+01    2.000000E+00    1.000000E+00    1.800000E+03    8.200000E+01   -1.000000E+01    0.000000E+00   -1.012000E+01   -1.020102E+01
   1.330000E-09    1.000000E+00   -1.549000E-01    1.000000E+01    1.362000E+00   -9.208000E-01    1.172000E+00    3.441000E+00   -1.000000E+01    2.754000E+00    3.409000E+00    2.739000E+00    9.500000E+00    5.139000E+00    9.300000E-01    3.000000E+00    1.100000E+01    1.777000E+00    1.020000E+00    2.890000E+00    2.155000E+00    2.412000E-01    9.432000E-04   -9.978000E+00    1.400000E+01    1.000000E+00    2.670000E+03    0.000000E+00   -1.000000E+01    1.000000E+00   -1.121000E+01   -1.130908E+01
   2.000000E-09    1.000000E+00    1.453000E+00    1.080000E+02    1.778000E+00   -2.000000E+00   -1.000000E+01    2.362000E+00   -1.000000E+01    2.550000E+00   -1.000000E+01   -1.000000E+01    7.015000E+00    1.045000E+01    2.660000E+00    5.000000E+00    5.300000E+01    3.375000E+00    2.589000E+00    3.850000E+00    1.580000E+00    1.151000E-01    4.494000E-04   -1.049000E+01    2.000000E+00    2.000000E+00    9.000000E+02    9.999000E+01   -1.000000E+01   -1.000000E+00   -9.599000E+00   -9.612233E+00
   2.090000E-09    1.000000E+00    1.744000E+00    8.200000E+01    1.380000E+00   -6.108000E-01    1.176000E+00    3.262000E+00    3.292000E+00    3.770000E+00    1.447000E+00    3.051000E+00    7.200000E+00    3.894000E+00    7.900000E-01    6.000000E+00    5.500000E+01    2.333000E+00    2.097000E+00    4.360000E+00    1.170000E+00    4.632000E-02    9.199000E-04   -9.822000E+00    2.000000E+00    1.000000E+00    1.370000E+03    8.000000E+01   -1.000000E+01    1.000000E+00   -1.068000E+01   -1.101327E+01
   2.040000E-09    1.000000E+00    1.744000E+00    8.200000E+01    1.380000E+00   -6.576000E-01    1.176000E+00    3.262000E+00    3.292000E+00    3.770000E+00    1.447000E+00    3.583000E+00    7.200000E+00    3.894000E+00    7.900000E-01    6.000000E+00    5.500000E+01    2.333000E+00    2.047000E+00    4.360000E+00    1.170000E+00    5.684000E-02    9.199000E-04   -9.846000E+00    2.000000E+00    2.000000E+00    1.240000E+03    8.000000E+01   -1.000000E+01    1.000000E+00   -9.801000E+00   -9.724323E+00
   2.010000E-09    1.000000E+00    1.453000E+00    1.080000E+02    1.602000E+00   -3.010000E-01   -1.000000E+01    4.061000E+00   -1.000000E+01    4.249000E+00   -1.000000E+01   -1.000000E+01    7.267000E+00    5.139000E+00    9.300000E-01    3.000000E+00    1.100000E+01    1.777000E+00    1.457000E+00    2.890000E+00    1.580000E+00    8.605000E-02    6.389000E-04   -9.656000E+00    2.000000E+00    2.000000E+00    1.000000E+03    9.800000E+01   -1.000000E+01    1.000000E+00   -9.666000E+00   -9.721684E+00
   2.000000E-09    1.000000E+00    1.580000E+00    7.900000E+01    1.380000E+00   -6.615000E-01    1.893000E+00    3.508000E+00    2.904000E+00    3.805000E+00    1.785000E+00    2.584000E+00    7.700000E+00    1.045000E+01    2.660000E+00    5.000000E+00    5.300000E+01    3.375000E+00    2.903000E+00    3.850000E+00    1.318000E+00    6.544000E-02    9.199000E-04   -9.848000E+00    2.000000E+00    1.000000E+00    1.800000E+03    8.500000E+01    1.176000E+00   -1.000000E+00   -1.128000E+01   -1.117828E+01
   2.000000E-09    1.000000E+00    1.279000E+00    9.300000E+01    1.398000E+00   -3.010000E-01   -1.000000E+01    4.061000E+00   -1.000000E+01   -1.000000E+01   -1.000000E+01   -1.000000E+01    1.250000E+01    1.045000E+01    2.660000E+00    5.000000E+00    5.300000E+01    3.375000E+00    2.893000E+00    3.850000E+00    1.690000E+00    6.690000E-02    8.974000E-04   -9.667000E+00    2.000000E+00    1.000000E+00    1.600000E+03    4.750000E+01    1.477000E+00   -1.000000E+00   -1.039000E+01   -1.037298E+01
   2.570000E-09    1.000000E+00    1.453000E+00    1.080000E+02    1.699000E+00   -1.000000E+01   -1.000000E+01   -1.000000E+01   -1.000000E+01   -1.000000E+01   -1.000000E+01   -1.000000E+01    6.992000E+00    5.139000E+00    9.300000E-01    3.000000E+00    1.100000E+01    1.777000E+00    1.806000E+00    2.890000E+00    1.580000E+00   -7.034000E-03    5.279000E-04   -1.450000E+01    2.000000E+00    2.000000E+00    1.600000E+03    9.800000E+01   -1.000000E+01    1.000000E+00   -1.007000E+01   -1.012992E+01
   1.200000E-09    5.000000E+00    1.580000E+00    7.900000E+01    1.398000E+00   -1.456000E+00    1.041000E+00    2.824000E+00    8.202000E-01    2.121000E+00   -1.000000E+01    2.940000E+00    8.900000E+00    6.266000E+00    1.360000E+00    7.000000E+00    9.300000E+01    3.387000E+00    1.742000E+00    4.990000E+00    1.318000E+00    2.887000E-01    8.974000E-04   -1.024000E+01    2.000000E+00    2.000000E+00    2.000000E+03    8.000000E+01   -1.000000E+01    1.000000E+00   -1.073000E+01   -1.072545E+01
   2.100000E-09    1.000000E+00    1.453000E+00    1.080000E+02    1.778000E+00   -2.000000E+00   -1.000000E+01    2.362000E+00   -1.000000E+01    2.550000E+00   -1.000000E+01   -1.000000E+01    8.330000E+00    3.894000E+00    7.900000E-01    6.000000E+00    5.500000E+01    2.333000E+00    1.879000E+00    4.360000E+00    1.580000E+00    9.392000E-02    4.494000E-04   -1.049000E+01    2.000000E+00    2.000000E+00    9.000000E+02    9.999000E+01   -1.000000E+01    1.000000E+00   -9.577000E+00   -9.581336E+00
   1.130000E-09    6.000000E+00    1.999000E+00    1.080000E+02    1.362000E+00   -3.010000E-01   -1.000000E+01    4.061000E+00   -1.000000E+01    4.249000E+00   -1.000000E+01   -1.000000E+01    8.600000E+00    6.767000E+00    1.660000E+00    4.000000E+00    2.400000E+01    2.434000E+00    1.187000E+00    3.450000E+00    1.034000E+00    3.119000E-01    9.432000E-04   -9.668000E+00    3.000000E+00    1.000000E+00    1.700000E+03    1.000000E+02    1.602000E+00   -1.000000E+00   -1.043000E+01   -1.041773E+01
   2.030000E-09    1.000000E+00    1.744000E+00    8.200000E+01    1.398000E+00    1.335000E-01    1.469000E+00    3.704000E+00    4.176000E+00    4.535000E+00    1.000000E+00    2.898000E+00    8.642000E+00    1.297000E+01    3.160000E+00    3.000000E+00    1.700000E+01    2.822000E+00    2.455000E+00    2.890000E+00    1.170000E+00    6.043000E-02    8.974000E-04   -9.449000E+00    2.000000E+00    2.000000E+00    1.640000E+03    8.000000E+01    1.699000E+00   -1.000000E+00   -9.866000E+00   -9.919261E+00
   8.100000E-10    4.000000E+00    6.232000E-01    6.700000E+01    1.301000E+00   -1.398000E+00    8.451000E-01    2.784000E+00    1.869000E+00    2.785000E+00   -1.000000E+01    2.785000E+00    9.800000E+00    9.752000E+00    2.550000E+00    4.000000E+00    3.400000E+01    2.921000E+00    1.032000E+00    3.450000E+00    2.203000E+00    4.521000E-01    1.018000E-03   -1.022000E+01    1.300000E+01    3.000000E+00    1.800000E+03    0.000000E+00   -1.000000E+01   -2.000000E+00   -9.793000E+00   -9.939336E+00
   1.300000E-09    1.000000E+00   -1.549000E-01    1.000000E+01    1.398000E+00   -3.037000E+00   -6.990000E-01    9.827000E-01    7.490000E-01    2.967000E-01    1.408000E+00    9.581000E-01    8.700000E+00    5.139000E+00    9.300000E-01    3.000000E+00    1.100000E+01    1.777000E+00    9.899000E-01    2.890000E+00    2.155000E+00    2.540000E-01    8.974000E-04   -1.103000E+01    1.400000E+01    1.000000E+00    2.730000E+03    0.000000E+00   -1.000000E+01    1.000000E+00   -1.133000E+01   -1.124949E+01
   2.100000E-09    5.000000E+00    1.279000E+00    9.300000E+01    1.398000E+00   -2.190000E-01   -1.000000E+01    4.105000E+00    2.983000E+00    2.697000E+00    2.086000E+00   -1.000000E+01    1.250000E+01    6.759000E+00    1.600000E+00    5.000000E+00    4.100000E+01    2.714000E+00    2.443000E+00    3.850000E+00    1.690000E+00    4.571000E-02    8.974000E-04   -9.626000E+00    2.000000E+00    2.000000E+00    1.200000E+03    4.750000E+01   -1.000000E+01   -1.000000E+00   -9.577000E+00   -9.578329E+00
   5.000000E-10    3.000000E+00    1.547000E+00    7.000000E+01    1.301000E+00   -3.010000E-01   -1.000000E+01    4.061000E+00   -1.000000E+01    4.249000E+00   -1.000000E+01   -1.000000E+01    5.100000E+00    5.539000E+00    1.120000E+00    6.000000E+00    5.800000E+01    2.782000E+00    6.065000E-01    4.360000E+00    1.299000E+00    6.616000E-01    1.018000E-03   -9.670000E+00    2.000000E+00    1.000000E+00    1.700000E+03    3.680000E+01   -1.000000E+01   -1.000000E+00   -1.096000E+01   -1.090337E+01
   2.000000E-09    7.000000E+00    1.744000E+00    8.200000E+01    1.380000E+00   -5.918000E-01    1.146000E+00    3.279000E+00    3.330000E+00    3.785000E+00    1.831000E+00    3.016000E+00    7.500000E+00    7.280000E+00    1.900000E+00    5.000000E+00    4.300000E+01    2.817000E+00    2.423000E+00    3.850000E+00    1.170000E+00    6.544000E-02    9.199000E-04   -9.813000E+00    2.000000E+00    1.000000E+00    9.500000E+02    8.000000E+01   -1.000000E+01   -1.000000E+00   -9.559000E+00   -9.599149E+00
   5.740000E-09    1.000000E+00    1.744000E+00    8.200000E+01    1.954000E+00    1.335000E-01    1.469000E+00    3.704000E+00    4.176000E+00    4.535000E+00    1.000000E+00    2.898000E+00    8.810000E+00    1.297000E+01    3.160000E+00    3.000000E+00    1.700000E+01    2.822000E+00    5.700000E+00    2.890000E+00    1.170000E+00   -3.053000E-01    3.270000E-04   -9.407000E+00    2.000000E+00    2.000000E+00    1.650000E+03    8.000000E+01    1.699000E+00   -1.000000E+00   -9.425000E+00   -9.494557E+00
   1.900000E-10    7.000000E+00    1.580000E+00    7.200000E+01    1.398000E+00   -3.010000E-01   -1.000000E+01    4.061000E+00   -1.000000E+01    4.249000E+00   -1.000000E+01   -1.000000E+01    4.000000E+00    7.834000E+00    1.900000E+00    6.000000E+00    7.500000E+01    3.309000E+00    2.695000E-01    4.360000E+00    1.278000E+00    1.089000E+00    8.974000E-04   -9.667000E+00    2.000000E+00    1.000000E+00    1.500000E+03    8.200000E+01   -1.000000E+01   -1.000000E+00   -1.072000E+01   -1.074477E+01
   9.560000E-10    4.000000E+00    1.279000E+00    9.300000E+01    1.398000E+00   -2.000000E+00   -1.000000E+01    2.362000E+00   -1.000000E+01    2.550000E+00   -1.000000E+01   -1.000000E+01    1.250000E+01    1.126000E+01    2.550000E+00    2.000000E+00    6.000000E+00    1.811000E+00    7.420000E-01    1.990000E+00    1.690000E+00    3.875000E-01    8.974000E-04   -1.052000E+01    2.000000E+00    1.000000E+00    1.600000E+03    5.000000E+01   -1.000000E+01   -2.000000E+00   -1.219000E+01   -1.186293E+01
   6.020000E-10    3.000000E+00    1.580000E+00    7.900000E+01    1.398000E+00   -1.000000E+00   -1.000000E+01    3.362000E+00   -1.000000E+01    3.550000E+00   -1.000000E+01   -1.000000E+01    6.000000E+00    5.670000E+00    1.200000E+00    6.000000E+00    6.300000E+01    2.815000E+00    7.264000E-01    4.360000E+00    1.318000E+00    5.883000E-01    8.974000E-04   -1.002000E+01    2.000000E+00    3.000000E+00    1.000000E+03    8.200000E+01   -1.000000E+01    3.000000E+00   -1.021000E+01   -1.004141E+01
   1.460000E-09    7.000000E+00    1.780000E+00    7.600000E+01    1.301000E+00   -3.010000E-01   -1.000000E+01    4.061000E+00   -1.000000E+01    4.249000E+00   -1.000000E+01   -1.000000E+01    7.000000E+00    7.834000E+00    1.900000E+00    6.000000E+00    7.500000E+01    3.309000E+00    2.106000E+00    4.360000E+00    1.100000E+00    1.962000E-01    1.018000E-03   -9.670000E+00    2.000000E+00    1.000000E+00    1.300000E+03    4.600000E+01   -1.000000E+01   -1.000000E+00   -1.011000E+01   -1.013475E+01
   1.200000E-09    4.000000E+00    4.771000E-01    2.000000E+00    1.462000E+00    6.070000E-02   -1.000000E+01    4.403000E+00   -1.000000E+01   -1.000000E+01    4.785000E+00    3.682000E+00    8.970000E+00    6.266000E+00    1.360000E+00    7.000000E+00    9.300000E+01    3.387000E+00    1.719000E+00    4.990000E+00    8.239000E-01    2.945000E-01    8.149000E-04   -9.483000E+00    8.000000E+00    1.000000E+00    2.640000E+03    0.000000E+00   -1.000000E+01   -4.000000E+00   -1.227000E+01   -1.242425E+01
   2.000000E-09    1.000000E+00    1.744000E+00    8.200000E+01    1.380000E+00   -5.918000E-01    1.146000E+00    3.279000E+00    3.328000E+00    3.785000E+00    1.831000E+00    3.016000E+00    7.500000E+00    1.045000E+01    2.660000E+00    5.000000E+00    5.300000E+01    3.375000E+00    2.903000E+00    3.850000E+00    1.170000E+00    6.544000E-02    9.199000E-04   -9.813000E+00    2.000000E+00    2.000000E+00    1.100000E+03    8.000000E+01   -1.000000E+01   -1.000000E+00   -9.674000E+00   -9.663476E+00
   1.550000E-09    4.000000E+00   -1.549000E-01    1.000000E+01    1.398000E+00   -1.000000E+00   -1.000000E+01    3.362000E+00   -1.000000E+01   -1.000000E+01   -1.000000E+01   -1.000000E+01    7.500000E+00    9.752000E+00    2.550000E+00    4.000000E+00    3.400000E+01    2.921000E+00    1.941000E+00    3.450000E+00    2.155000E+00    1.776000E-01    8.974000E-04   -1.002000E+01    1.400000E+01    1.000000E+00    2.618000E+03    0.000000E+00   -1.000000E+01   -1.000000E+00   -1.239000E+01   -1.246712E+01
   2.090000E-09    1.000000E+00    1.580000E+00    7.870000E+01    1.398000E+00   -1.857000E+00    5.922000E-01    2.448000E+00    1.256000E+00    2.603000E+00    2.086000E+00    9.825000E-01    8.565000E+00    3.894000E+00    7.900000E-01    6.000000E+00    5.500000E+01    2.333000E+00    2.090000E+00    4.360000E+00    1.316000E+00    4.778000E-02    8.974000E-04   -1.044000E+01    2.000000E+00    5.000000E+00    2.100000E+03    8.200000E+01   -1.000000E+01    1.000000E+00   -1.060000E+01   -1.052431E+01
   1.550000E-09    1.000000E+00    1.453000E+00    1.080000E+02    1.477000E+00   -1.000000E+01   -1.000000E+01   -1.000000E+01   -1.000000E+01   -1.000000E+01   -1.000000E+01   -1.000000E+01    6.614000E+00    5.139000E+00    9.300000E-01    3.000000E+00    1.100000E+01    1.777000E+00    1.161000E+00    2.890000E+00    1.580000E+00    1.848000E-01    7.959000E-04   -1.451000E+01    2.000000E+00    2.000000E+00    1.600000E+03    9.800000E+01   -1.000000E+01    1.000000E+00   -1.029000E+01   -1.042854E+01
   2.090000E-09    1.000000E+00    1.447000E+00    1.080000E+02    1.398000E+00   -1.000000E+01   -1.000000E+01   -1.000000E+01   -1.000000E+01   -1.000000E+01   -1.000000E+01   -1.000000E+01    8.400000E+00    3.894000E+00    7.900000E-01    6.000000E+00    5.500000E+01    2.333000E+00    2.090000E+00    4.360000E+00    1.586000E+00    4.778000E-02    8.974000E-04   -1.452000E+01    2.000000E+00    2.000000E+00    8.100000E+02    1.000000E+02   -1.000000E+01    1.000000E+00   -9.517000E+00   -9.558000E+00
   1.010000E-09    1.000000E+00    1.453000E+00    1.080000E+02    1.176000E+00   -1.000000E+01   -1.000000E+01   -1.000000E+01   -1.000000E+01   -1.000000E+01   -1.000000E+01   -1.000000E+01    6.034000E+00    5.139000E+00    9.300000E-01    3.000000E+00    1.100000E+01    1.777000E+00    7.958000E-01    2.890000E+00    1.580000E+00    3.488000E-01    1.162000E-03   -1.452000E+01    2.000000E+00    2.000000E+00    1.200000E+03    9.800000E+01   -1.000000E+01    1.000000E+00   -1.013000E+01   -1.011644E+01
   2.140000E-09    0.000000E+00    1.279000E+00    9.300000E+01    1.362000E+00   -2.573000E-01   -1.000000E+01    4.072000E+00    2.903000E+00    4.260000E+00   -1.000000E+01   -1.000000E+01    1.250000E+01    1.360000E+01    2.200000E+00    1.000000E+00    1.000000E+00    8.499000E-01    7.849000E-01    8.500000E-01    1.690000E+00    3.459000E-02    9.432000E-04   -9.646000E+00    2.000000E+00    1.000000E+00    1.200000E+03    4.800000E+01   -1.000000E+01    0.000000E+00   -1.000000E+01   -9.874044E+00
   1.010000E-09    1.000000E+00    1.453000E+00    1.080000E+02    1.176000E+00   -1.000000E+00   -1.000000E+01    3.362000E+00   -1.000000E+01    3.550000E+00   -1.000000E+01   -1.000000E+01    6.297000E+00    5.139000E+00    9.300000E-01    3.000000E+00    1.100000E+01    1.777000E+00    7.958000E-01    2.890000E+00    1.580000E+00    3.488000E-01    1.162000E-03   -1.002000E+01    2.000000E+00    2.000000E+00    1.000000E+03    9.800000E+01   -1.000000E+01    1.000000E+00   -9.963000E+00   -9.957048E+00
   2.000000E-09    7.000000E+00    1.744000E+00    8.200000E+01    1.380000E+00   -5.918000E-01    1.146000E+00    3.279000E+00    3.330000E+00    3.785000E+00    1.831000E+00    3.016000E+00    7.500000E+00    7.280000E+00    1.900000E+00    5.000000E+00    4.300000E+01    2.817000E+00    2.423000E+00    3.850000E+00    1.170000E+00    6.544000E-02    9.199000E-04   -9.813000E+00    2.000000E+00    1.000000E+00    9.200000E+02    8.000000E+01   -1.000000E+01   -1.000000E+00   -9.538000E+00   -9.599149E+00
   7.420000E-10    1.000000E+00    1.453000E+00    1.080000E+02    6.990000E-01   -1.000000E+01   -1.000000E+01   -1.000000E+01   -1.000000E+01   -1.000000E+01   -1.000000E+01   -1.000000E+01    5.909000E+00    5.139000E+00    9.300000E-01    3.000000E+00    1.100000E+01    1.777000E+00    6.056000E-01    2.890000E+00    1.580000E+00    4.674000E-01    1.536000E-03   -1.453000E+01    2.000000E+00    2.000000E+00    1.000000E+03    9.800000E+01   -1.000000E+01    1.000000E+00   -1.011000E+01   -1.012671E+01
   2.090000E-09    1.000000E+00    1.580000E+00    7.900000E+01    1.398000E+00   -1.857000E+00    5.922000E-01    2.449000E+00    1.255000E+00    2.603000E+00    1.785000E+00    9.827000E-01    8.100000E+00    3.894000E+00    7.900000E-01    6.000000E+00    5.500000E+01    2.333000E+00    2.090000E+00    4.360000E+00    1.318000E+00    4.778000E-02    8.974000E-04   -1.044000E+01    2.000000E+00    5.000000E+00    1.800000E+03    8.000000E+01   -1.000000E+01    1.000000E+00   -9.167000E+00   -9.498520E+00
   1.460000E-09    7.000000E+00    1.408000E+00    7.200000E+01    1.544000E+00   -1.301000E+00   -1.000000E+01    3.061000E+00   -1.000000E+01    3.249000E+00   -1.000000E+01   -1.000000E+01    4.000000E+00    7.834000E+00    1.900000E+00    6.000000E+00    7.500000E+01    3.309000E+00    2.004000E+00    4.360000E+00    1.449000E+00    2.179000E-01    7.106000E-04   -1.016000E+01    2.000000E+00    1.000000E+00    1.600000E+03    7.500000E+01   -1.000000E+01   -1.000000E+00   -1.035000E+01   -1.046537E+01
   1.200000E-09    5.000000E+00    1.455000E+00    8.700000E+01    1.301000E+00   -3.300000E+00   -1.000000E+01   -1.000000E+01    1.602000E+00   -1.000000E+01   -1.000000E+01   -1.000000E+01    6.000000E+00    6.266000E+00    1.360000E+00    7.000000E+00    9.300000E+01    3.387000E+00    1.772000E+00    4.990000E+00    1.485000E+00    2.814000E-01    1.018000E-03   -1.117000E+01    3.000000E+00    2.000000E+00    7.800000E+02    1.000000E+02   -1.000000E+01    1.000000E+00   -9.682000E+00   -9.679431E+00
   2.140000E-09    0.000000E+00    6.021000E-01    6.700000E+01    1.398000E+00   -6.108000E-01    9.079000E-01    3.322000E+00    3.276000E+00    3.800000E+00    1.000000E+00    2.748000E+00    7.500000E+00    1.360000E+01    2.200000E+00    1.000000E+00    1.000000E+00    8.499000E-01    7.796000E-01    8.500000E-01    2.224000E+00    3.752000E-02    8.974000E-04   -9.822000E+00    1.300000E+01    1.000000E+00    1.450000E+03    0.000000E+00   -1.000000E+01    0.000000E+00   -9.000000E+00   -9.171807E+00
   5.000000E-10    3.000000E+00    1.408000E+00    7.200000E+01    1.398000E+00   -6.990000E-01   -1.000000E+01    3.663000E+00   -1.000000E+01    3.851000E+00   -1.000000E+01   -1.000000E+01    8.000000E+00    5.670000E+00    1.200000E+00    6.000000E+00    6.300000E+01    2.815000E+00    6.033000E-01    4.360000E+00    1.449000E+00    6.690000E-01    8.974000E-04   -9.866000E+00    2.000000E+00    1.000000E+00    1.700000E+03    7.500000E+01    1.477000E+00   -1.000000E+00   -1.115000E+01   -1.101471E+01
   1.330000E-09    1.000000E+00    1.531000E+00    1.300000E+01    1.362000E+00   -4.510000E-01    1.806000E+00    3.749000E+00    2.949000E+00    3.984000E+00    1.477000E+00    3.368000E+00    7.680000E+00    5.139000E+00    9.300000E-01    3.000000E+00    1.100000E+01    1.777000E+00    1.020000E+00    2.890000E+00    5.825000E-01    2.412000E-01    9.432000E-04   -9.743000E+00    4.000000E+00    1.000000E+00    2.700000E+03    0.000000E+00   -1.000000E+01    1.000000E+00   -1.158000E+01   -1.136382E+01
   2.000000E-09    1.000000E+00    1.279000E+00    9.300000E+01    1.362000E+00   -2.000000E+00   -1.000000E+01    2.362000E+00   -1.000000E+01    2.550000E+00   -1.000000E+01   -1.000000E+01    1.250000E+01    1.045000E+01    2.660000E+00    5.000000E+00    5.300000E+01    3.375000E+00    2.913000E+00    3.850000E+00    1.690000E+00    6.398000E-02    9.432000E-04   -1.052000E+01    2.000000E+00    1.000000E+00    1.600000E+03    4.800000E+01    1.477000E+00   -1.000000E+00   -1.120000E+01   -1.115587E+01
   2.090000E-09    1.000000E+00    1.447000E+00    1.080000E+02    1.398000E+00   -1.000000E+01   -1.000000E+01   -1.000000E+01   -1.000000E+01   -1.000000E+01   -1.000000E+01   -1.000000E+01    9.500000E+00    3.894000E+00    7.900000E-01    6.000000E+00    5.500000E+01    2.333000E+00    2.090000E+00    4.360000E+00    1.586000E+00    4.778000E-02    8.974000E-04   -1.452000E+01    2.000000E+00    2.000000E+00    8.900000E+02    1.000000E+02   -1.000000E+01    1.000000E+00   -9.582000E+00   -9.565000E+00
   8.480000E-10    2.000000E+00    4.771000E-01    2.000000E+00    1.398000E+00   -1.523000E+00   -1.000000E+01   -1.000000E+01    2.603000E+00    2.851000E+00   -1.000000E+01   -1.000000E+01    6.250000E+00    5.212000E+00    8.900000E-01    6.000000E+00    5.600000E+01    2.699000E+00    9.810000E-01    4.360000E+00    8.239000E-01    4.395000E-01    8.974000E-04   -1.028000E+01    8.000000E+00    1.000000E+00    2.640000E+03    0.000000E+00   -1.000000E+01    2.000000E+00   -1.267000E+01   -1.255536E+01
   2.950000E-09    1.000000E+00    1.453000E+00    1.080000E+02    1.602000E+00   -1.000000E+01   -1.000000E+01   -1.000000E+01   -1.000000E+01   -1.000000E+01   -1.000000E+01   -1.000000E+01    6.453000E+00    1.297000E+01    3.160000E+00    3.000000E+00    1.700000E+01    2.822000E+00    3.397000E+00    2.890000E+00    1.580000E+00   -8.057000E-02    6.389000E-04   -1.451000E+01    2.000000E+00    2.000000E+00    1.800000E+03    9.800000E+01   -1.000000E+01   -1.000000E+00   -1.020000E+01   -1.020157E+01
   6.240000E-10    3.000000E+00    1.279000E+00    9.300000E+01    1.398000E+00    8.198000E-01   -1.000000E+01    5.178000E+00    3.983000E+00    5.366000E+00    2.086000E+00   -1.000000E+01    1.250000E+01    5.974000E+00    1.300000E+00    7.000000E+00    9.500000E+01    3.307000E+00    8.845000E-01    4.990000E+00    1.690000E+00    5.727000E-01    8.974000E-04   -9.106000E+00    2.000000E+00    2.000000E+00    1.200000E+03    4.750000E+01   -1.000000E+01    3.000000E+00   -1.010000E+01   -1.002171E+01
   1.460000E-09    7.000000E+00    1.547000E+00    7.000000E+01    1.301000E+00   -3.010000E-01   -1.000000E+01    4.061000E+00   -1.000000E+01    4.249000E+00   -1.000000E+01   -1.000000E+01    7.000000E+00    7.834000E+00    1.900000E+00    6.000000E+00    7.500000E+01    3.309000E+00    2.106000E+00    4.360000E+00    1.299000E+00    1.962000E-01    1.018000E-03   -9.670000E+00    2.000000E+00    1.000000E+00    1.600000E+03    3.680000E+01   -1.000000E+01   -1.000000E+00   -1.022000E+01   -1.033022E+01
   1.550000E-09    1.000000E+00    1.453000E+00    1.080000E+02    1.477000E+00   -1.000000E+01   -1.000000E+01   -1.000000E+01   -1.000000E+01   -1.000000E+01   -1.000000E+01   -1.000000E+01    6.185000E+00    5.139000E+00    9.300000E-01    3.000000E+00    1.100000E+01    1.777000E+00    1.161000E+00    2.890000E+00    1.580000E+00    1.848000E-01    7.959000E-04   -1.451000E+01    2.000000E+00    2.000000E+00    1.800000E+03    9.800000E+01   -1.000000E+01    1.000000E+00   -1.053000E+01   -1.044706E+01
   2.000000E-09    1.000000E+00    2.477000E+00    5.000000E+01    1.380000E+00   -6.576000E-01    1.149000E+00    3.281000E+00    3.331000E+00    3.780000E+00    1.233000E+00    3.024000E+00    7.200000E+00    1.045000E+01    2.660000E+00    5.000000E+00    5.300000E+01    3.375000E+00    2.903000E+00    3.850000E+00    2.218000E-01    6.544000E-02    9.199000E-04   -9.846000E+00    2.600000E+01    2.000000E+00    1.100000E+03    3.500000E+01   -1.000000E+01   -1.000000E+00   -9.496000E+00   -9.446814E+00
   2.000000E-09    1.000000E+00    2.477000E+00    5.000000E+01    1.380000E+00   -6.108000E-01    1.176000E+00    3.262000E+00    3.292000E+00    3.770000E+00    1.447000E+00    3.051000E+00    7.200000E+00    1.045000E+01    2.660000E+00    5.000000E+00    5.300000E+01    3.375000E+00    2.903000E+00    3.850000E+00    2.218000E-01    6.544000E-02    9.199000E-04   -9.822000E+00    2.600000E+01    1.000000E+00    1.360000E+03    3.500000E+01   -1.000000E+01   -1.000000E+00   -1.102000E+01   -1.084101E+01
   5.000000E-10    3.000000E+00    1.547000E+00    7.000000E+01    1.301000E+00   -3.010000E-01   -1.000000E+01    4.061000E+00   -1.000000E+01    4.249000E+00   -1.000000E+01   -1.000000E+01    5.100000E+00    5.539000E+00    1.120000E+00    6.000000E+00    5.800000E+01    2.782000E+00    6.065000E-01    4.360000E+00    1.299000E+00    6.616000E-01    1.018000E-03   -9.670000E+00    2.000000E+00    1.000000E+00    1.800000E+03    3.680000E+01   -1.000000E+01   -1.000000E+00   -1.106000E+01   -1.090317E+01
   4.300000E-10    4.000000E+00    1.279000E+00    9.300000E+01    1.398000E+00    0.000000E+00   -1.000000E+01   -1.000000E+01   -1.000000E+01   -1.000000E+01   -1.000000E+01   -1.000000E+01    9.000000E+00    6.194000E+00    1.380000E+00    7.000000E+00    9.200000E+01    3.368000E+00    6.207000E-01    4.990000E+00    1.690000E+00    7.345000E-01    8.974000E-04   -9.516000E+00    2.000000E+00    2.000000E+00    1.400000E+03    4.750000E+01   -1.000000E+01    0.000000E+00   -1.042000E+01   -1.048011E+01
   2.100000E-09    5.000000E+00    1.279000E+00    9.300000E+01    1.398000E+00    8.198000E-01   -1.000000E+01    5.178000E+00    3.983000E+00    5.366000E+00    2.086000E+00   -1.000000E+01    1.250000E+01    6.759000E+00    1.600000E+00    5.000000E+00    4.100000E+01    2.714000E+00    2.443000E+00    3.850000E+00    1.690000E+00    4.571000E-02    8.974000E-04   -9.106000E+00    2.000000E+00    2.000000E+00    1.800000E+03    4.750000E+01   -1.000000E+01   -1.000000E+00   -1.012000E+01   -1.007194E+01
   2.000000E-09    1.000000E+00    6.021000E-01    6.700000E+01    1.398000E+00   -3.523000E+00   -1.000000E+01   -1.000000E+01   -1.000000E+01    8.506000E-01   -1.000000E+01   -1.000000E+01    6.200000E+00    1.045000E+01    2.660000E+00    5.000000E+00    5.300000E+01    3.375000E+00    2.893000E+00    3.850000E+00    2.224000E+00    6.690000E-02    8.974000E-04   -1.128000E+01    1.300000E+01    1.000000E+00    2.640000E+03    0.000000E+00   -1.000000E+01   -1.000000E+00   -1.200000E+01   -1.208393E+01
   6.100000E-10    3.000000E+00    1.279000E+00    9.300000E+01    1.389000E+00   -2.222000E+00   -1.000000E+01   -1.000000E+01   -1.000000E+01    2.027000E+00   -1.000000E+01   -1.000000E+01    1.075000E+01    5.644000E+00    1.170000E+00    6.000000E+00    6.200000E+01    2.809000E+00    7.356000E-01    4.360000E+00    1.690000E+00    5.819000E-01    9.086000E-04   -1.063000E+01    2.000000E+00    2.000000E+00    1.800000E+03    4.750000E+01   -1.000000E+01   -1.000000E+00   -1.066000E+01   -1.065589E+01
   2.950000E-09    1.000000E+00    1.453000E+00    1.080000E+02    1.602000E+00   -1.000000E+01   -1.000000E+01   -1.000000E+01   -1.000000E+01   -1.000000E+01   -1.000000E+01   -1.000000E+01    6.453000E+00    1.297000E+01    3.160000E+00    3.000000E+00    1.700000E+01    2.822000E+00    3.397000E+00    2.890000E+00    1.580000E+00   -8.057000E-02    6.389000E-04   -1.451000E+01    2.000000E+00    2.000000E+00    1.800000E+03    9.800000E+01   -1.000000E+01   -1.000000E+00   -1.020000E+01   -1.020157E+01
   2.100000E-09    0.000000E+00    1.447000E+00    1.080000E+02    1.398000E+00   -1.000000E+00   -1.000000E+01    3.362000E+00   -1.000000E+01    3.550000E+00   -1.000000E+01   -1.000000E+01    6.300000E+00    1.360000E+01    2.200000E+00    1.000000E+00    1.000000E+00    8.499000E-01    7.650000E-01    8.500000E-01    1.586000E+00    4.571000E-02    8.974000E-04   -1.002000E+01    2.000000E+00    1.000000E+00    9.000000E+02    1.000000E+02   -1.000000E+01    0.000000E+00   -9.924000E+00   -9.903973E+00
   1.330000E-09    1.000000E+00    1.602000E+00    1.400000E+02    1.398000E+00   -3.010000E-01   -1.000000E+01    4.061000E+00   -1.000000E+01   -1.000000E+01   -1.000000E+01   -1.000000E+01    5.000000E+00    5.139000E+00    9.300000E-01    3.000000E+00    1.100000E+01    1.777000E+00    1.013000E+00    2.890000E+00    1.544000E+00    2.441000E-01    8.974000E-04   -9.667000E+00    7.000000E+00    1.000000E+00    1.900000E+03    0.000000E+00   -1.000000E+01    1.000000E+00   -9.824000E+00   -9.698820E+00
   1.560000E-09    1.000000E+00    1.453000E+00    1.080000E+02    1.176000E+00   -1.000000E+01   -1.000000E+01   -1.000000E+01   -1.000000E+01   -1.000000E+01   -1.000000E+01   -1.000000E+01    5.012000E+00    1.297000E+01    3.160000E+00    3.000000E+00    1.700000E+01    2.822000E+00    1.952000E+00    2.890000E+00    1.580000E+00    1.600000E-01    1.162000E-03   -1.452000E+01    2.000000E+00    2.000000E+00    1.400000E+03    9.800000E+01   -1.000000E+01   -1.000000E+00   -1.011000E+01   -1.016780E+01
   2.000000E-09    1.000000E+00    6.232000E-01    6.700000E+01    1.568000E+00   -1.065000E+00    3.096000E+00    3.070000E+00    2.312000E+00    3.156000E+00    2.190000E+00    3.054000E+00    7.580000E+00    1.045000E+01    2.660000E+00    5.000000E+00    5.300000E+01    3.375000E+00    2.781000E+00    3.850000E+00    2.203000E+00    8.404000E-02    6.804000E-04   -1.004000E+01    1.300000E+01    1.000000E+00    2.640000E+03    0.000000E+00   -1.000000E+01   -1.000000E+00   -1.242000E+01   -1.239550E+01
   1.300000E-09    1.000000E+00   -2.218000E-01    1.730000E+01    1.398000E+00   -1.292000E+00   -6.990000E-01    9.823000E-01    7.497000E-01    2.967000E-01    1.348000E+00    9.581000E-01    8.920000E+00    5.139000E+00    9.300000E-01    3.000000E+00    1.100000E+01    1.777000E+00    9.899000E-01    2.890000E+00    2.460000E+00    2.540000E-01    8.974000E-04   -1.016000E+01    2.700000E+01    1.000000E+00    2.430000E+03    0.000000E+00   -1.000000E+01    1.000000E+00   -1.072000E+01   -1.075565E+01
   2.000000E-09    7.000000E+00    1.744000E+00    8.200000E+01    1.380000E+00   -5.918000E-01    1.146000E+00    3.279000E+00    3.330000E+00    3.785000E+00    1.831000E+00    3.016000E+00    7.500000E+00    7.280000E+00    1.900000E+00    5.000000E+00    4.300000E+01    2.817000E+00    2.423000E+00    3.850000E+00    1.170000E+00    6.544000E-02    9.199000E-04   -9.813000E+00    2.000000E+00    1.000000E+00    1.230000E+03    8.000000E+01   -1.000000E+01   -1.000000E+00   -9.780000E+00   -9.806330E+00
   2.220000E-09    0.000000E+00    1.602000E+00    1.400000E+01    1.362000E+00   -2.000000E+00    9.345000E-01    2.362000E+00    5.328000E-01    2.338000E+00    2.387000E+00    1.904000E+00    8.300000E+00    1.360000E+01    2.200000E+00    1.000000E+00    1.000000E+00    8.499000E-01    8.142000E-01    8.500000E-01    5.441000E-01    1.865000E-02    9.432000E-04   -1.052000E+01    5.000000E+00    1.000000E+00    2.450000E+03    0.000000E+00   -1.000000E+01    0.000000E+00   -1.060000E+01   -1.065760E+01
   7.900000E-10    2.000000E+00    1.580000E+00    7.900000E+01    1.398000E+00   -1.000000E+00   -1.000000E+01    3.362000E+00   -1.000000E+01    3.550000E+00   -1.000000E+01   -1.000000E+01    6.600000E+00    5.695000E+00    9.500000E-01    5.000000E+00    3.800000E+01    2.491000E+00    8.436000E-01    3.850000E+00    1.318000E+00    4.703000E-01    8.974000E-04   -1.002000E+01    2.000000E+00    3.000000E+00    1.000000E+03    8.200000E+01   -1.000000E+01    2.000000E+00   -8.854000E+00   -8.928413E+00
   1.550000E-09    4.000000E+00    6.232000E-01    6.700000E+01    1.491000E+00   -1.301000E+00   -1.000000E+01    3.061000E+00   -1.000000E+01   -1.000000E+01   -1.000000E+01   -1.000000E+01    7.580000E+00    9.752000E+00    2.550000E+00    4.000000E+00    3.400000E+01    2.921000E+00    1.903000E+00    3.450000E+00    2.203000E+00    1.863000E-01    7.777000E-04   -1.016000E+01    1.300000E+01    1.000000E+00    2.560000E+03    0.000000E+00   -1.000000E+01   -1.000000E+00   -1.304000E+01   -1.283554E+01
   8.050000E-10    2.000000E+00    1.494000E+00    8.300000E+01    1.301000E+00   -5.951000E+00    1.906000E+00   -2.081000E+00   -1.887000E+00   -2.301000E+00   -1.000000E+01   -2.066000E+00    7.562000E+00    5.695000E+00    9.500000E-01    5.000000E+00    3.800000E+01    2.491000E+00    8.743000E-01    3.850000E+00    1.425000E+00    4.548000E-01    1.018000E-03   -1.250000E+01    2.000000E+00    1.000000E+00    1.700000E+03    8.000000E+01   -1.000000E+01    2.000000E+00   -1.095000E+01   -1.079439E+01
   1.550000E-09    1.000000E+00    1.453000E+00    1.080000E+02    1.477000E+00   -1.000000E+01   -1.000000E+01   -1.000000E+01   -1.000000E+01   -1.000000E+01   -1.000000E+01   -1.000000E+01    6.196000E+00    5.139000E+00    9.300000E-01    3.000000E+00    1.100000E+01    1.777000E+00    1.161000E+00    2.890000E+00    1.580000E+00    1.848000E-01    7.959000E-04   -1.451000E+01    2.000000E+00    2.000000E+00    1.800000E+03    9.800000E+01   -1.000000E+01    1.000000E+00   -1.053000E+01   -1.051206E+01
   7.900000E-10    2.000000E+00    1.279000E+00    9.300000E+01    1.398000E+00    8.198000E-01   -1.000000E+01    5.178000E+00    3.983000E+00    5.366000E+00    2.086000E+00   -1.000000E+01    1.250000E+01    5.695000E+00    9.500000E-01    5.000000E+00    3.800000E+01    2.491000E+00    8.436000E-01    3.850000E+00    1.690000E+00    4.703000E-01    8.974000E-04   -9.106000E+00    2.000000E+00    2.000000E+00    1.200000E+03    4.750000E+01   -1.000000E+01    2.000000E+00   -1.000000E+01   -9.947282E+00
   2.000000E-09    7.000000E+00    2.477000E+00    5.000000E+01    1.362000E+00   -5.867000E-01    1.146000E+00    3.279000E+00    3.322000E+00    3.785000E+00    1.833000E+00    3.000000E+00    7.500000E+00    7.280000E+00    1.900000E+00    5.000000E+00    4.300000E+01    2.817000E+00    2.431000E+00    3.850000E+00    2.218000E-01    6.398000E-02    9.432000E-04   -9.811000E+00    2.600000E+01    1.000000E+00    1.280000E+03    3.500000E+01   -3.010000E-01   -1.000000E+00   -1.036000E+01   -1.023515E+01
   2.090000E-09    1.000000E+00    1.580000E+00    7.900000E+01    1.398000E+00   -1.456000E+00    1.041000E+00    2.824000E+00    8.202000E-01    2.121000E+00   -1.000000E+01    2.940000E+00    8.900000E+00    3.894000E+00    7.900000E-01    6.000000E+00    5.500000E+01    2.333000E+00    2.090000E+00    4.360000E+00    1.318000E+00    4.778000E-02    8.974000E-04   -1.024000E+01    2.000000E+00    2.000000E+00    2.000000E+03    8.000000E+01   -1.000000E+01    1.000000E+00   -1.049000E+01   -1.042583E+01
   1.550000E-09    4.000000E+00    1.408000E+00    7.200000E+01    1.398000E+00   -1.379000E-01   -1.000000E+01    4.192000E+00   -1.000000E+01   -1.000000E+01   -1.000000E+01   -1.000000E+01    7.000000E+00    9.752000E+00    2.550000E+00    4.000000E+00    3.400000E+01    2.921000E+00    1.941000E+00    3.450000E+00    1.449000E+00    1.776000E-01    8.974000E-04   -9.585000E+00    2.000000E+00    1.000000E+00    1.600000E+03    7.500000E+01   -1.000000E+01   -1.000000E+00   -1.036000E+01   -1.044757E+01
   2.050000E-09    1.000000E+00    1.643000E+00    2.100000E+01    1.380000E+00   -2.072000E+00    8.567000E-01    2.555000E+00    3.010000E-01    1.415000E+00    9.440000E-01    3.424000E-01    8.500000E+00    3.894000E+00    7.900000E-01    6.000000E+00    5.500000E+01    2.333000E+00    2.057000E+00    4.360000E+00    6.788000E-01    5.472000E-02    9.199000E-04   -1.055000E+01    4.000000E+00    6.000000E+00    1.700000E+03    0.000000E+00   -1.000000E+01    1.000000E+00   -8.870000E+00   -9.075271E+00
   2.000000E-09    1.000000E+00    1.279000E+00    9.300000E+01    1.398000E+00   -3.010000E-01   -1.000000E+01    4.061000E+00   -1.000000E+01   -1.000000E+01   -1.000000E+01   -1.000000E+01    1.250000E+01    1.045000E+01    2.660000E+00    5.000000E+00    5.300000E+01    3.375000E+00    2.893000E+00    3.850000E+00    1.690000E+00    6.690000E-02    8.974000E-04   -9.667000E+00    2.000000E+00    1.000000E+00    1.600000E+03    4.750000E+01   -1.000000E+01   -1.000000E+00   -1.070000E+01   -1.053026E+01
   8.100000E-10    4.000000E+00    2.025000E+00    8.100000E+01    1.342000E+00   -1.000000E+00   -1.000000E+01    3.362000E+00   -1.000000E+01    3.550000E+00   -1.000000E+01   -1.000000E+01    1.100000E+01    9.752000E+00    2.550000E+00    4.000000E+00    3.400000E+01    2.921000E+00    1.025000E+00    3.450000E+00    8.832000E-01    4.551000E-01    9.673000E-04   -1.002000E+01    2.500000E+01    1.000000E+00    1.530000E+03    0.000000E+00   -1.000000E+01   -2.000000E+00   -1.113000E+01   -1.129519E+01
   2.090000E-09    1.000000E+00    1.453000E+00    1.080000E+02    1.398000E+00   -1.000000E+01   -1.000000E+01   -1.000000E+01   -1.000000E+01   -1.000000E+01   -1.000000E+01   -1.000000E+01    7.443000E+00    1.297000E+01    3.160000E+00    3.000000E+00    1.700000E+01    2.822000E+00    2.528000E+00    2.890000E+00    1.580000E+00    4.778000E-02    8.974000E-04   -1.452000E+01    2.000000E+00    2.000000E+00    9.000000E+02    9.800000E+01   -1.000000E+01   -1.000000E+00   -9.569000E+00   -9.598661E+00
   2.090000E-09    1.000000E+00    1.453000E+00    1.080000E+02    1.398000E+00   -1.000000E+00   -1.000000E+01    3.362000E+00   -1.000000E+01    3.550000E+00   -1.000000E+01   -1.000000E+01    7.287000E+00    1.297000E+01    3.160000E+00    3.000000E+00    1.700000E+01    2.822000E+00    2.528000E+00    2.890000E+00    1.580000E+00    4.778000E-02    8.974000E-04   -1.002000E+01    2.000000E+00    2.000000E+00    1.000000E+03    9.800000E+01   -1.000000E+01   -1.000000E+00   -9.648000E+00   -9.660281E+00
   1.300000E-09    1.000000E+00    6.990000E-01    4.000000E+00    1.398000E+00    2.625000E-01   -1.000000E+01    4.624000E+00   -1.000000E+01    4.812000E+00   -1.000000E+01   -1.000000E+01    5.500000E+00    5.139000E+00    9.300000E-01    3.000000E+00    1.100000E+01    1.777000E+00    9.899000E-01    2.890000E+00    9.031000E-01    2.540000E-01    8.974000E-04   -9.385000E+00    1.000000E+00    1.000000E+00    2.750000E+03    0.000000E+00   -1.000000E+01    1.000000E+00   -1.374000E+01   -1.366230E+01
   2.090000E-09    1.000000E+00   -2.218000E-01    1.730000E+01    1.398000E+00   -1.959000E+00   -6.990000E-01    9.823000E-01    7.497000E-01    2.967000E-01    1.348000E+00    9.581000E-01    8.920000E+00    3.894000E+00    7.900000E-01    6.000000E+00    5.500000E+01    2.333000E+00    2.090000E+00    4.360000E+00    2.460000E+00    4.778000E-02    8.974000E-04   -1.050000E+01    2.700000E+01    1.000000E+00    2.430000E+03    0.000000E+00   -1.000000E+01    1.000000E+00   -1.085000E+01   -1.070122E+01
   2.570000E-09    1.000000E+00    1.453000E+00    1.080000E+02    1.699000E+00   -1.000000E+01   -1.000000E+01   -1.000000E+01   -1.000000E+01   -1.000000E+01   -1.000000E+01   -1.000000E+01    7.877000E+00    5.139000E+00    9.300000E-01    3.000000E+00    1.100000E+01    1.777000E+00    1.806000E+00    2.890000E+00    1.580000E+00   -7.034000E-03    5.279000E-04   -1.450000E+01    2.000000E+00    2.000000E+00    8.000000E+02    9.800000E+01   -1.000000E+01    1.000000E+00   -9.401000E+00   -9.434862E+00
   4.300000E-10    4.000000E+00    1.447000E+00    1.080000E+02    1.398000E+00    0.000000E+00   -1.000000E+01   -1.000000E+01   -1.000000E+01   -1.000000E+01   -1.000000E+01   -1.000000E+01    9.000000E+00    6.194000E+00    1.380000E+00    7.000000E+00    9.200000E+01    3.368000E+00    6.207000E-01    4.990000E+00    1.586000E+00    7.345000E-01    8.974000E-04   -9.516000E+00    2.000000E+00    2.000000E+00    1.000000E+03    9.990000E+01   -1.000000E+01    0.000000E+00   -1.034000E+01   -1.030711E+01
   9.230000E-10    4.000000E+00    1.279000E+00    9.300000E+01    1.398000E+00    6.990000E-01   -1.000000E+01    5.061000E+00   -1.000000E+01   -1.000000E+01   -1.000000E+01   -1.000000E+01    1.250000E+01    1.126000E+01    2.550000E+00    2.000000E+00    6.000000E+00    1.811000E+00    7.164000E-01    1.990000E+00    1.690000E+00    4.027000E-01    8.974000E-04   -9.167000E+00    2.000000E+00    1.000000E+00    1.600000E+03    4.750000E+01   -1.000000E+01   -2.000000E+00   -1.096000E+01   -1.104590E+01
   2.100000E-09    0.000000E+00    6.021000E-01    6.700000E+01    1.398000E+00   -1.000000E+01   -1.000000E+01   -1.000000E+01   -1.000000E+01   -1.000000E+01   -1.000000E+01   -1.000000E+01    5.500000E+00    1.360000E+01    2.200000E+00    1.000000E+00    1.000000E+00    8.499000E-01    7.650000E-01    8.500000E-01    2.224000E+00    4.571000E-02    8.974000E-04   -1.452000E+01    1.300000E+01    1.000000E+00    2.640000E+03    0.000000E+00   -1.000000E+01    0.000000E+00   -1.211000E+01   -1.200132E+01
   9.000000E-10    4.000000E+00    1.279000E+00    9.300000E+01    1.398000E+00   -1.000000E+01   -1.000000E+01   -1.000000E+01   -1.000000E+01   -1.000000E+01   -1.000000E+01   -1.000000E+01    1.300000E+01    7.344000E+00    1.960000E+00    5.000000E+00    5.000000E+01    2.829000E+00    1.091000E+00    3.850000E+00    1.690000E+00    4.137000E-01    8.974000E-04   -1.452000E+01    2.000000E+00    2.000000E+00    4.000000E+02    4.750000E+01   -1.000000E+01    4.000000E+00   -9.453000E+00   -9.474913E+00
   2.000000E-09    1.000000E+00    1.447000E+00    1.080000E+02    1.398000E+00   -8.097000E-01   -1.000000E+01    3.566000E+00   -1.000000E+01   -1.000000E+01    3.740000E+00    3.159000E+00    1.040000E+01    1.297000E+01    3.160000E+00    3.000000E+00    1.700000E+01    2.822000E+00    2.419000E+00    2.890000E+00    1.586000E+00    6.690000E-02    8.974000E-04   -9.921000E+00    2.000000E+00    1.000000E+00    1.600000E+03    9.800000E+01    1.653000E+00   -1.000000E+00   -1.021000E+01   -1.020179E+01
   3.690000E-09    1.000000E+00    1.453000E+00    1.080000E+02    1.699000E+00   -1.000000E+01   -1.000000E+01   -1.000000E+01   -1.000000E+01   -1.000000E+01   -1.000000E+01   -1.000000E+01    5.936000E+00    1.297000E+01    3.160000E+00    3.000000E+00    1.700000E+01    2.822000E+00    4.118000E+00    2.890000E+00    1.580000E+00   -1.641000E-01    5.279000E-04   -1.450000E+01    2.000000E+00    2.000000E+00    1.400000E+03    9.800000E+01   -1.000000E+01   -1.000000E+00   -9.733000E+00   -9.719685E+00
   2.140000E-09    0.000000E+00    1.580000E+00    7.900000E+01    1.398000E+00   -1.365000E+00    1.990000E+00    2.225000E+00    2.538000E+00    3.094000E+00   -1.000000E+01    2.238000E+00    7.800000E+00    1.360000E+01    2.200000E+00    1.000000E+00    1.000000E+00    8.499000E-01    7.796000E-01    8.500000E-01    1.318000E+00    3.752000E-02    8.974000E-04   -1.020000E+01    2.000000E+00    1.000000E+00    1.700000E+03    8.200000E+01   -1.000000E+01    0.000000E+00   -1.014000E+01   -1.016735E+01
   5.490000E-09    1.000000E+00    1.477000E+00    6.010000E+01    1.845000E+00   -3.699000E+00   -1.000000E+01    6.628000E-01   -1.000000E+01   -1.000000E+01    1.086000E+00   -1.000000E+01    6.403000E+00    3.894000E+00    7.900000E-01    6.000000E+00    5.500000E+01    2.333000E+00    4.770000E+00    4.360000E+00    1.302000E+00   -3.106000E-01    3.939000E-04   -1.134000E+01    2.000000E+00    2.000000E+00    7.600000E+02    5.000000E+01   -1.000000E+01    1.000000E+00   -8.618000E+00   -8.653830E+00
   7.420000E-10    1.000000E+00    1.453000E+00    1.080000E+02    6.990000E-01   -1.000000E+01   -1.000000E+01   -1.000000E+01   -1.000000E+01   -1.000000E+01   -1.000000E+01   -1.000000E+01    6.410000E+00    5.139000E+00    9.300000E-01    3.000000E+00    1.100000E+01    1.777000E+00    6.056000E-01    2.890000E+00    1.580000E+00    4.674000E-01    1.536000E-03   -1.453000E+01    2.000000E+00    2.000000E+00    7.000000E+02    9.800000E+01   -1.000000E+01    1.000000E+00   -9.863000E+00   -9.932558E+00
   2.000000E-09    1.000000E+00   -1.549000E-01    1.000000E+01    1.362000E+00   -2.921000E+00   -8.239000E-01    1.200000E+00    7.168000E-01    7.536000E-01    1.409000E+00    7.388000E-01    9.500000E+00    1.045000E+01    2.660000E+00    5.000000E+00    5.300000E+01    3.375000E+00    2.913000E+00    3.850000E+00    2.155000E+00    6.398000E-02    9.432000E-04   -1.098000E+01    1.400000E+01    1.000000E+00    2.670000E+03    0.000000E+00   -1.000000E+01   -1.000000E+00   -1.185000E+01   -1.172047E+01
   1.350000E-09    1.000000E+00    1.453000E+00    1.080000E+02    1.398000E+00   -1.000000E+01   -1.000000E+01   -1.000000E+01   -1.000000E+01   -1.000000E+01   -1.000000E+01   -1.000000E+01    6.323000E+00    5.139000E+00    9.300000E-01    3.000000E+00    1.100000E+01    1.777000E+00    1.028000E+00    2.890000E+00    1.580000E+00    2.376000E-01    8.974000E-04   -1.452000E+01    2.000000E+00    2.000000E+00    1.800000E+03    9.800000E+01    1.591000E+00    1.000000E+00   -1.037000E+01   -1.039903E+01
   9.230000E-10    4.000000E+00    1.744000E+00    8.200000E+01    1.362000E+00   -5.768000E-01    1.437000E+00    3.430000E+00    3.204000E+00    3.844000E+00    1.086000E+00    3.126000E+00    7.700000E+00    1.126000E+01    2.550000E+00    2.000000E+00    6.000000E+00    1.811000E+00    7.212000E-01    1.990000E+00    1.170000E+00    3.998000E-01    9.432000E-04   -9.806000E+00    2.000000E+00    1.000000E+00    9.200000E+02    8.000000E+01   -1.000000E+01   -2.000000E+00   -1.100000E+01   -1.114734E+01
   2.010000E-09    1.000000E+00    1.453000E+00    1.080000E+02    1.602000E+00   -6.990000E-01   -1.000000E+01    3.663000E+00   -1.000000E+01    3.851000E+00   -1.000000E+01   -1.000000E+01    7.016000E+00    5.139000E+00    9.300000E-01    3.000000E+00    1.100000E+01    1.777000E+00    1.457000E+00    2.890000E+00    1.580000E+00    8.605000E-02    6.389000E-04   -9.855000E+00    2.000000E+00    2.000000E+00    1.000000E+03    9.800000E+01   -1.000000E+01    1.000000E+00   -9.666000E+00   -9.714703E+00
   1.550000E-09    4.000000E+00    6.232000E-01    6.700000E+01    1.740000E+00   -1.146000E+00    1.301000E+00    3.024000E+00    2.243000E+00    3.027000E+00    2.556000E+00    2.970000E+00    7.580000E+00    9.752000E+00    2.550000E+00    4.000000E+00    3.400000E+01    2.921000E+00    1.763000E+00    3.450000E+00    2.203000E+00    2.192000E-01    4.852000E-04   -1.007000E+01    1.300000E+01    1.000000E+00    2.570000E+03    0.000000E+00   -1.000000E+01   -1.000000E+00   -1.252000E+01   -1.265570E+01
   2.100000E-09    0.000000E+00    2.025000E+00    8.100000E+01    1.398000E+00    0.000000E+00   -1.000000E+01    4.362000E+00   -1.000000E+01    4.550000E+00   -1.000000E+01   -1.000000E+01    1.250000E+01    1.360000E+01    2.200000E+00    1.000000E+00    1.000000E+00    8.499000E-01    7.650000E-01    8.500000E-01    8.832000E-01    4.571000E-02    8.974000E-04   -9.516000E+00    2.500000E+01    1.000000E+00    1.650000E+03    0.000000E+00   -1.000000E+01    0.000000E+00   -1.004000E+01   -1.006972E+01
   1.010000E-09    1.000000E+00    1.453000E+00    1.080000E+02    1.176000E+00   -1.000000E+01   -1.000000E+01   -1.000000E+01   -1.000000E+01   -1.000000E+01   -1.000000E+01   -1.000000E+01    6.688000E+00    5.139000E+00    9.300000E-01    3.000000E+00    1.100000E+01    1.777000E+00    7.958000E-01    2.890000E+00    1.580000E+00    3.488000E-01    1.162000E-03   -1.452000E+01    2.000000E+00    2.000000E+00    1.000000E+03    9.800000E+01   -1.000000E+01    1.000000E+00   -9.979000E+00   -9.955288E+00
   1.460000E-09    7.000000E+00    1.408000E+00    3.750000E+01    1.398000E+00   -1.260000E+00   -1.000000E+01    3.061000E+00   -1.000000E+01    3.249000E+00   -1.000000E+01   -1.000000E+01    7.000000E+00    7.834000E+00    1.900000E+00    6.000000E+00    7.500000E+01    3.309000E+00    2.071000E+00    4.360000E+00    1.166000E+00    2.036000E-01    8.974000E-04   -1.015000E+01    2.000000E+00    1.000000E+00    1.600000E+03    3.300000E+01   -1.000000E+01   -1.000000E+00   -1.042000E+01   -1.037135E+01
   2.000000E-09    1.000000E+00    1.279000E+00    9.300000E+01    1.352000E+00   -2.000000E+00   -1.000000E+01    1.362000E+00   -1.000000E+01   -1.000000E+01   -1.000000E+01   -1.000000E+01    1.250000E+01    1.297000E+01    3.160000E+00    3.000000E+00    1.700000E+01    2.822000E+00    2.440000E+00    2.890000E+00    1.690000E+00    6.324000E-02    9.552000E-04   -1.052000E+01    2.000000E+00    1.000000E+00    1.600000E+03    4.750000E+01    1.699000E+00   -1.000000E+00   -1.085000E+01   -1.088599E+01
   2.000000E-09    1.000000E+00    1.477000E+00    2.100000E+01    1.380000E+00   -6.576000E-01    2.000000E+00    2.230000E+00    2.544000E+00    3.090000E+00    2.000000E+00    2.230000E+00    7.200000E+00    1.297000E+01    3.160000E+00    3.000000E+00    1.700000E+01    2.822000E+00    2.427000E+00    2.890000E+00    8.451000E-01    6.544000E-02    9.199000E-04   -9.846000E+00    4.000000E+00    1.000000E+00    2.440000E+03    0.000000E+00   -1.000000E+01   -1.000000E+00   -1.135000E+01   -1.114169E+01
   8.050000E-10    2.000000E+00    1.580000E+00    7.870000E+01    1.398000E+00   -3.000000E+00   -1.000000E+01    1.362000E+00   -1.000000E+01    1.550000E+00   -1.000000E+01   -1.000000E+01    7.046000E+00    5.695000E+00    9.500000E-01    5.000000E+00    3.800000E+01    2.491000E+00    8.596000E-01    3.850000E+00    1.316000E+00    4.621000E-01    8.974000E-04   -1.102000E+01    2.000000E+00    7.000000E+00    1.740000E+03    8.200000E+01   -1.000000E+01    2.000000E+00   -1.063000E+01   -1.057996E+01
   9.000000E-10    2.000000E+00    1.279000E+00    9.300000E+01    1.398000E+00   -1.000000E+01   -1.000000E+01   -1.000000E+01   -1.000000E+01   -1.000000E+01   -1.000000E+01   -1.000000E+01    1.250000E+01    7.344000E+00    1.960000E+00    5.000000E+00    5.000000E+01    2.829000E+00    1.091000E+00    3.850000E+00    1.690000E+00    4.137000E-01    8.974000E-04   -1.452000E+01    2.000000E+00    2.000000E+00    1.800000E+03    4.750000E+01   -1.000000E+01    2.000000E+00   -1.050000E+01   -1.056779E+01
   2.220000E-09    0.000000E+00    1.602000E+00    1.400000E+01    1.362000E+00   -9.586000E-01    9.345000E-01    3.403000E+00    5.328000E-01    3.575000E+00    2.387000E+00    1.904000E+00    8.200000E+00    1.360000E+01    2.200000E+00    1.000000E+00    1.000000E+00    8.499000E-01    8.142000E-01    8.500000E-01    5.441000E-01    1.865000E-02    9.432000E-04   -9.997000E+00    5.000000E+00    1.000000E+00    2.450000E+03    0.000000E+00   -1.000000E+01    0.000000E+00   -1.061000E+01   -1.061993E+01
   2.000000E-09    4.000000E+00    1.279000E+00    9.300000E+01    1.398000E+00   -2.815000E-01   -1.000000E+01    4.080000E+00   -1.000000E+01    4.259000E+00   -1.000000E+01   -1.000000E+01    7.000000E+00    7.280000E+00    1.900000E+00    5.000000E+00    4.300000E+01    2.817000E+00    2.415000E+00    3.850000E+00    1.690000E+00    6.690000E-02    8.974000E-04   -9.657000E+00    2.000000E+00    2.000000E+00    1.800000E+03    4.750000E+01   -1.000000E+01    0.000000E+00   -1.015000E+01   -1.025459E+01
   5.490000E-09    1.000000E+00    1.477000E+00    6.010000E+01    1.845000E+00   -3.000000E+00   -1.000000E+01    1.362000E+00   -1.000000E+01   -1.000000E+01    1.785000E+00   -1.000000E+01    6.150000E+00    3.894000E+00    7.900000E-01    6.000000E+00    5.500000E+01    2.333000E+00    4.770000E+00    4.360000E+00    1.302000E+00   -3.106000E-01    3.939000E-04   -1.099000E+01    2.000000E+00    2.000000E+00    1.600000E+03    5.000000E+01   -1.000000E+01    1.000000E+00   -8.848000E+00   -8.981284E+00
   8.100000E-10    2.000000E+00    2.025000E+00    8.100000E+01    1.362000E+00   -1.000000E+00   -1.000000E+01    3.362000E+00   -1.000000E+01    3.550000E+00   -1.000000E+01   -1.000000E+01    1.100000E+01    9.752000E+00    2.550000E+00    4.000000E+00    3.400000E+01    2.921000E+00    1.021000E+00    3.450000E+00    8.832000E-01    4.565000E-01    9.432000E-04   -1.002000E+01    2.500000E+01    1.000000E+00    1.500000E+03    0.000000E+00   -1.000000E+01   -1.000000E+00   -1.116000E+01   -1.115564E+01
   2.090000E-09    1.000000E+00    1.580000E+00    7.870000E+01    1.398000E+00   -1.857000E+00    5.922000E-01    2.448000E+00    1.256000E+00    2.603000E+00    2.086000E+00    9.825000E-01    6.811000E+00    3.894000E+00    7.900000E-01    6.000000E+00    5.500000E+01    2.333000E+00    2.090000E+00    4.360000E+00    1.316000E+00    4.778000E-02    8.974000E-04   -1.044000E+01    2.000000E+00    5.000000E+00    1.590000E+03    8.200000E+01   -1.000000E+01    1.000000E+00   -1.007000E+01   -1.005607E+01
   2.000000E-09    1.000000E+00    2.477000E+00    5.000000E+01    1.380000E+00   -6.108000E-01    1.176000E+00    3.262000E+00    3.292000E+00    3.770000E+00    1.447000E+00    3.051000E+00    7.200000E+00    1.045000E+01    2.660000E+00    5.000000E+00    5.300000E+01    3.375000E+00    2.903000E+00    3.850000E+00    2.218000E-01    6.544000E-02    9.199000E-04   -9.822000E+00    2.600000E+01    1.000000E+00    1.380000E+03    3.500000E+01   -1.000000E+01   -1.000000E+00   -1.082000E+01   -1.084110E+01
   1.970000E-09    0.000000E+00    2.025000E+00    8.100000E+01    1.352000E+00   -2.000000E+00   -1.000000E+01    2.362000E+00   -1.000000E+01    2.550000E+00   -1.000000E+01   -1.000000E+01    1.250000E+01    1.360000E+01    2.200000E+00    1.000000E+00    1.000000E+00    8.499000E-01    7.237000E-01    8.500000E-01    8.832000E-01    6.981000E-02    9.552000E-04   -1.052000E+01    2.500000E+01    1.000000E+00    1.650000E+03    0.000000E+00   -1.000000E+01    0.000000E+00   -1.008000E+01   -1.016838E+01
   7.900000E-10    2.000000E+00    1.580000E+00    7.900000E+01    1.398000E+00   -1.000000E+00   -1.000000E+01    3.362000E+00   -1.000000E+01    3.550000E+00   -1.000000E+01   -1.000000E+01    7.000000E+00    5.695000E+00    9.500000E-01    5.000000E+00    3.800000E+01    2.491000E+00    8.436000E-01    3.850000E+00    1.318000E+00    4.703000E-01    8.974000E-04   -1.002000E+01    2.000000E+00    3.000000E+00    8.500000E+02    8.200000E+01   -1.000000E+01    2.000000E+00   -9.155000E+00   -8.915253E+00
   4.300000E-10    4.000000E+00    1.447000E+00    1.080000E+02    1.398000E+00    0.000000E+00   -1.000000E+01   -1.000000E+01   -1.000000E+01   -1.000000E+01   -1.000000E+01   -1.000000E+01    9.000000E+00    6.194000E+00    1.380000E+00    7.000000E+00    9.200000E+01    3.368000E+00    6.207000E-01    4.990000E+00    1.586000E+00    7.345000E-01    8.974000E-04   -9.516000E+00    2.000000E+00    2.000000E+00    1.800000E+03    9.990000E+01   -1.000000E+01    0.000000E+00   -1.104000E+01   -1.102439E+01
   1.550000E-09    1.000000E+00    1.453000E+00    1.080000E+02    1.477000E+00   -1.000000E+01   -1.000000E+01   -1.000000E+01   -1.000000E+01   -1.000000E+01   -1.000000E+01   -1.000000E+01    7.073000E+00    5.139000E+00    9.300000E-01    3.000000E+00    1.100000E+01    1.777000E+00    1.161000E+00    2.890000E+00    1.580000E+00    1.848000E-01    7.959000E-04   -1.451000E+01    2.000000E+00    2.000000E+00    1.000000E+03    9.800000E+01   -1.000000E+01    1.000000E+00   -9.793000E+00   -9.802050E+00
   6.100000E-10    3.000000E+00    1.279000E+00    9.300000E+01    1.394000E+00   -2.222000E+00   -1.000000E+01   -1.000000E+01   -1.000000E+01    2.027000E+00   -1.000000E+01   -1.000000E+01    7.700000E+00    5.644000E+00    1.170000E+00    6.000000E+00    6.200000E+01    2.809000E+00    7.348000E-01    4.360000E+00    1.690000E+00    5.823000E-01    9.019000E-04   -1.063000E+01    2.000000E+00    2.000000E+00    8.000000E+02    4.750000E+01   -1.000000E+01    1.000000E+00   -9.845000E+00   -9.803921E+00
   2.000000E-09    1.000000E+00    6.021000E-01    6.700000E+01    1.398000E+00   -1.208000E+00    7.796000E-01    2.716000E+00    2.301000E+00    2.944000E+00    2.176000E+00    3.041000E+00    7.520000E+00    1.045000E+01    2.660000E+00    5.000000E+00    5.300000E+01    3.375000E+00    2.893000E+00    3.850000E+00    2.224000E+00    6.690000E-02    8.974000E-04   -1.012000E+01    1.300000E+01    1.000000E+00    2.800000E+03    0.000000E+00   -1.000000E+01   -1.000000E+00   -1.156000E+01   -1.159826E+01
   2.000000E-09    1.000000E+00    1.744000E+00    8.200000E+01    1.380000E+00   -5.918000E-01    1.146000E+00    3.279000E+00    3.328000E+00    3.785000E+00    1.831000E+00    3.016000E+00    7.500000E+00    1.045000E+01    2.660000E+00    5.000000E+00    5.300000E+01    3.375000E+00    2.903000E+00    3.850000E+00    1.170000E+00    6.544000E-02    9.199000E-04   -9.813000E+00    2.000000E+00    2.000000E+00    9.200000E+02    8.000000E+01   -1.000000E+01   -1.000000E+00   -9.536000E+00   -9.576216E+00
   9.000000E-10    4.000000E+00    1.279000E+00    9.300000E+01    1.398000E+00   -1.000000E+01   -1.000000E+01   -1.000000E+01   -1.000000E+01   -1.000000E+01   -1.000000E+01   -1.000000E+01    1.300000E+01    7.344000E+00    1.960000E+00    5.000000E+00    5.000000E+01    2.829000E+00    1.091000E+00    3.850000E+00    1.690000E+00    4.137000E-01    8.974000E-04   -1.452000E+01    2.000000E+00    2.000000E+00    4.000000E+02    4.750000E+01   -1.000000E+01    4.000000E+00   -9.453000E+00   -9.474913E+00
   1.300000E-09    2.000000E+00    2.155000E+00    8.300000E+01    1.398000E+00   -3.010000E-01   -1.000000E+01    4.061000E+00   -1.000000E+01   -1.000000E+01   -1.000000E+01   -1.000000E+01    7.347000E+00    5.139000E+00    9.300000E-01    3.000000E+00    1.100000E+01    1.777000E+00    9.899000E-01    2.890000E+00    7.637000E-01    2.540000E-01    8.974000E-04   -9.667000E+00    3.000000E+00    1.000000E+00    1.950000E+03    1.000000E+02   -1.000000E+01    1.000000E+00   -1.007000E+01   -1.027604E+01
   6.600000E-10    2.000000E+00    1.279000E+00    9.300000E+01    1.398000E+00   -1.000000E+01   -1.000000E+01   -1.000000E+01   -1.000000E+01   -1.000000E+01   -1.000000E+01   -1.000000E+01    1.250000E+01    7.640000E+00    1.910000E+00    4.000000E+00    2.800000E+01    2.586000E+00    7.315000E-01    3.450000E+00    1.690000E+00    5.484000E-01    8.974000E-04   -1.452000E+01    2.000000E+00    2.000000E+00    1.200000E+03    4.750000E+01   -1.000000E+01    2.000000E+00   -1.008000E+01   -9.998769E+00
   2.000000E-09    1.000000E+00    1.453000E+00    1.080000E+02    1.602000E+00   -2.000000E+00   -1.000000E+01    2.362000E+00   -1.000000E+01    2.550000E+00   -1.000000E+01   -1.000000E+01    6.562000E+00    1.045000E+01    2.660000E+00    5.000000E+00    5.300000E+01    3.375000E+00    2.755000E+00    3.850000E+00    1.580000E+00    8.822000E-02    6.389000E-04   -1.051000E+01    2.000000E+00    2.000000E+00    9.100000E+02    9.999000E+01   -1.000000E+01   -1.000000E+00   -9.600000E+00   -9.629952E+00
   7.600000E-10    2.000000E+00    1.580000E+00    7.900000E+01    1.362000E+00   -1.166000E+00    2.934000E+00    2.265000E+00    2.882000E+00    3.027000E+00   -1.000000E+01    1.061000E+00    1.250000E+01    6.113000E+00    1.000000E+00    4.000000E+00    2.000000E+01    2.313000E+00    7.586000E-01    3.450000E+00    1.318000E+00    4.842000E-01    9.432000E-04   -1.010000E+01    2.000000E+00    1.000000E+00    1.700000E+03    8.200000E+01   -1.000000E+01    2.000000E+00   -9.222000E+00   -9.596205E+00
   2.000000E-09    1.000000E+00    1.744000E+00    8.200000E+01    1.380000E+00   -5.918000E-01    1.146000E+00    3.279000E+00    3.328000E+00    3.785000E+00    1.831000E+00    3.016000E+00    7.500000E+00    1.045000E+01    2.660000E+00    5.000000E+00    5.300000E+01    3.375000E+00    2.903000E+00    3.850000E+00    1.170000E+00    6.544000E-02    9.199000E-04   -9.813000E+00    2.000000E+00    2.000000E+00    1.500000E+03    8.000000E+01   -1.000000E+01   -1.000000E+00   -1.001000E+01   -1.027633E+01
   2.000000E-09    1.000000E+00    1.580000E+00    7.900000E+01    1.380000E+00   -1.740000E+00    5.922000E-01    2.449000E+00    1.255000E+00    2.646000E+00    1.785000E+00    9.827000E-01    8.100000E+00    1.045000E+01    2.660000E+00    5.000000E+00    5.300000E+01    3.375000E+00    2.903000E+00    3.850000E+00    1.318000E+00    6.544000E-02    9.199000E-04   -1.039000E+01    2.000000E+00    1.000000E+00    1.800000E+03    8.500000E+01    1.176000E+00   -1.000000E+00   -1.268000E+01   -1.220439E+01
   2.220000E-09    0.000000E+00    1.602000E+00    1.400000E+01    1.362000E+00   -9.586000E-01    9.345000E-01    3.403000E+00    5.328000E-01    3.575000E+00    2.387000E+00    1.904000E+00    8.200000E+00    1.360000E+01    2.200000E+00    1.000000E+00    1.000000E+00    8.499000E-01    8.142000E-01    8.500000E-01    5.441000E-01    1.865000E-02    9.432000E-04   -9.997000E+00    5.000000E+00    1.000000E+00    2.450000E+03    0.000000E+00   -1.000000E+01    0.000000E+00   -1.057000E+01   -1.061993E+01
   2.000000E-09    1.000000E+00    6.021000E-01    6.700000E+01    1.398000E+00   -1.523000E+00   -1.000000E+01   -1.000000E+01   -1.000000E+01    2.851000E+00   -1.000000E+01   -1.000000E+01    6.500000E+00    1.045000E+01    2.660000E+00    5.000000E+00    5.300000E+01    3.375000E+00    2.893000E+00    3.850000E+00    2.224000E+00    6.690000E-02    8.974000E-04   -1.028000E+01    1.300000E+01    1.000000E+00    2.640000E+03    0.000000E+00   -1.000000E+01   -1.000000E+00   -1.214000E+01   -1.218491E+01
   5.000000E-10    3.000000E+00    1.547000E+00    7.000000E+01    1.301000E+00   -3.010000E-01   -1.000000E+01    4.061000E+00   -1.000000E+01    4.249000E+00   -1.000000E+01   -1.000000E+01    5.100000E+00    5.539000E+00    1.120000E+00    6.000000E+00    5.800000E+01    2.782000E+00    6.065000E-01    4.360000E+00    1.299000E+00    6.616000E-01    1.018000E-03   -9.670000E+00    2.000000E+00    1.000000E+00    1.300000E+03    3.680000E+01   -1.000000E+01   -1.000000E+00   -1.072000E+01   -1.054427E+01
   1.350000E-09    1.000000E+00    1.453000E+00    1.080000E+02    1.398000E+00   -6.990000E-01   -1.000000E+01    3.663000E+00   -1.000000E+01    3.851000E+00   -1.000000E+01   -1.000000E+01    6.798000E+00    5.139000E+00    9.300000E-01    3.000000E+00    1.100000E+01    1.777000E+00    1.028000E+00    2.890000E+00    1.580000E+00    2.376000E-01    8.974000E-04   -9.866000E+00    2.000000E+00    2.000000E+00    1.000000E+03    9.800000E+01   -1.000000E+01    1.000000E+00   -9.839000E+00   -9.817855E+00
   2.090000E-09    1.000000E+00   -1.549000E-01    1.000000E+01    1.398000E+00   -5.157000E-01    1.000000E+00    3.380000E+00    3.405000E+00    3.922000E+00    1.230000E+00    2.230000E+00    8.770000E+00    3.894000E+00    7.900000E-01    6.000000E+00    5.500000E+01    2.333000E+00    2.090000E+00    4.360000E+00    2.155000E+00    4.778000E-02    8.974000E-04   -9.774000E+00    1.400000E+01    1.000000E+00    2.610000E+03    0.000000E+00   -1.000000E+01    1.000000E+00   -1.092000E+01   -1.107512E+01
   2.000000E-09    1.000000E+00    1.279000E+00    9.300000E+01    1.398000E+00   -2.000000E+00   -1.000000E+01    1.362000E+00   -1.000000E+01   -1.000000E+01   -1.000000E+01   -1.000000E+01    1.250000E+01    1.045000E+01    2.660000E+00    5.000000E+00    5.300000E+01    3.375000E+00    2.893000E+00    3.850000E+00    1.690000E+00    6.690000E-02    8.974000E-04   -1.052000E+01    2.000000E+00    1.000000E+00    1.600000E+03    4.750000E+01    1.477000E+00   -1.000000E+00   -1.119000E+01   -1.102659E+01
   1.550000E-09    1.000000E+00    1.453000E+00    1.080000E+02    1.477000E+00   -1.000000E+01   -1.000000E+01   -1.000000E+01   -1.000000E+01   -1.000000E+01   -1.000000E+01   -1.000000E+01    6.481000E+00    5.139000E+00    9.300000E-01    3.000000E+00    1.100000E+01    1.777000E+00    1.161000E+00    2.890000E+00    1.580000E+00    1.848000E-01    7.959000E-04   -1.451000E+01    2.000000E+00    2.000000E+00    1.200000E+03    9.800000E+01   -1.000000E+01    1.000000E+00   -9.939000E+00   -9.902739E+00
   9.230000E-10    4.000000E+00    1.279000E+00    9.300000E+01    1.398000E+00   -6.108000E-01   -1.000000E+01    3.760000E+00   -1.000000E+01   -1.000000E+01    3.941000E+00    3.363000E+00    1.050000E+01    1.126000E+01    2.550000E+00    2.000000E+00    6.000000E+00    1.811000E+00    7.164000E-01    1.990000E+00    1.690000E+00    4.027000E-01    8.974000E-04   -9.822000E+00    2.000000E+00    1.000000E+00    1.600000E+03    4.750000E+01   -1.000000E+01   -2.000000E+00   -1.072000E+01   -1.085312E+01
   1.350000E-09    1.000000E+00    1.453000E+00    1.080000E+02    1.398000E+00   -1.000000E+01   -1.000000E+01   -1.000000E+01   -1.000000E+01   -1.000000E+01   -1.000000E+01   -1.000000E+01    7.561000E+00    5.139000E+00    9.300000E-01    3.000000E+00    1.100000E+01    1.777000E+00    1.028000E+00    2.890000E+00    1.580000E+00    2.376000E-01    8.974000E-04   -1.452000E+01    2.000000E+00    2.000000E+00    1.000000E+03    9.800000E+01   -1.000000E+01    1.000000E+00   -9.854000E+00   -9.804717E+00
   2.100000E-09    0.000000E+00    2.025000E+00    8.100000E+01    1.398000E+00   -2.000000E+00   -1.000000E+01    2.362000E+00   -1.000000E+01    2.550000E+00   -1.000000E+01   -1.000000E+01    1.250000E+01    1.360000E+01    2.200000E+00    1.000000E+00    1.000000E+00    8.499000E-01    7.650000E-01    8.500000E-01    8.832000E-01    4.571000E-02    8.974000E-04   -1.052000E+01    2.500000E+01    1.000000E+00    1.650000E+03    0.000000E+00   -1.000000E+01    0.000000E+00   -1.010000E+01   -1.001450E+01
   1.550000E-09    1.000000E+00    1.453000E+00    1.080000E+02    1.477000E+00   -1.000000E+01   -1.000000E+01   -1.000000E+01   -1.000000E+01   -1.000000E+01   -1.000000E+01   -1.000000E+01    7.069000E+00    5.139000E+00    9.300000E-01    3.000000E+00    1.100000E+01    1.777000E+00    1.161000E+00    2.890000E+00    1.580000E+00    1.848000E-01    7.959000E-04   -1.451000E+01    2.000000E+00    2.000000E+00    1.000000E+03    9.800000E+01   -1.000000E+01    1.000000E+00   -9.793000E+00   -9.802050E+00
   2.060000E-09    1.000000E+00    6.232000E-01    6.700000E+01    1.398000E+00   -5.214000E-01   -1.000000E+01    3.663000E+00   -1.000000E+01    4.027000E+00    2.086000E+00   -1.000000E+01    8.000000E+00    3.894000E+00    7.900000E-01    6.000000E+00    5.500000E+01    2.333000E+00    2.060000E+00    4.360000E+00    2.203000E+00    5.406000E-02    8.974000E-04   -9.777000E+00    1.300000E+01    7.000000E+00    2.700000E+03    0.000000E+00   -1.000000E+01    1.000000E+00   -1.173000E+01   -1.168517E+01
   7.420000E-10    1.000000E+00    1.453000E+00    1.080000E+02    6.990000E-01   -1.000000E+01   -1.000000E+01   -1.000000E+01   -1.000000E+01   -1.000000E+01   -1.000000E+01   -1.000000E+01    5.283000E+00    5.139000E+00    9.300000E-01    3.000000E+00    1.100000E+01    1.777000E+00    6.056000E-01    2.890000E+00    1.580000E+00    4.674000E-01    1.536000E-03   -1.453000E+01    2.000000E+00    2.000000E+00    1.400000E+03    9.800000E+01   -1.000000E+01    1.000000E+00   -1.043000E+01   -1.040914E+01
   4.300000E-10    6.000000E+00    1.279000E+00    9.300000E+01    1.398000E+00   -1.000000E+01   -1.000000E+01   -1.000000E+01   -1.000000E+01   -1.000000E+01   -1.000000E+01   -1.000000E+01    8.450000E+00    6.194000E+00    1.380000E+00    7.000000E+00    9.200000E+01    3.368000E+00    6.207000E-01    4.990000E+00    1.690000E+00    7.345000E-01    8.974000E-04   -1.452000E+01    2.000000E+00    2.000000E+00    2.000000E+03    4.750000E+01   -1.000000E+01   -4.000000E+00   -1.106000E+01   -1.099686E+01
   2.000000E-09    7.000000E+00    1.744000E+00    8.200000E+01    1.380000E+00   -5.918000E-01    1.146000E+00    3.279000E+00    3.330000E+00    3.785000E+00    1.831000E+00    3.016000E+00    7.500000E+00    7.280000E+00    1.900000E+00    5.000000E+00    4.300000E+01    2.817000E+00    2.423000E+00    3.850000E+00    1.170000E+00    6.544000E-02    9.199000E-04   -9.813000E+00    2.000000E+00    1.000000E+00    9.500000E+02    8.000000E+01   -1.000000E+01   -1.000000E+00   -9.558000E+00   -9.599149E+00
   8.100000E-10    2.000000E+00    2.025000E+00    8.100000E+01    1.342000E+00   -1.000000E+00   -1.000000E+01    3.362000E+00   -1.000000E+01    3.550000E+00   -1.000000E+01   -1.000000E+01    8.000000E+00    9.752000E+00    2.550000E+00    4.000000E+00    3.400000E+01    2.921000E+00    1.025000E+00    3.450000E+00    8.832000E-01    4.551000E-01    9.673000E-04   -1.002000E+01    2.500000E+01    1.000000E+00    1.530000E+03    0.000000E+00   -1.000000E+01   -1.000000E+00   -1.119000E+01   -1.120611E+01
   2.090000E-09    1.000000E+00    1.453000E+00    1.080000E+02    1.398000E+00   -1.000000E+01   -1.000000E+01   -1.000000E+01   -1.000000E+01   -1.000000E+01   -1.000000E+01   -1.000000E+01    7.254000E+00    1.297000E+01    3.160000E+00    3.000000E+00    1.700000E+01    2.822000E+00    2.528000E+00    2.890000E+00    1.580000E+00    4.778000E-02    8.974000E-04   -1.452000E+01    2.000000E+00    2.000000E+00    1.600000E+03    9.800000E+01   -1.000000E+01   -1.000000E+00   -1.016000E+01   -1.015686E+01
   2.000000E-09    1.000000E+00    6.021000E-01    6.700000E+01    1.398000E+00   -2.523000E+00   -1.000000E+01   -1.000000E+01   -1.000000E+01    1.851000E+00   -1.000000E+01   -1.000000E+01    6.100000E+00    1.045000E+01    2.660000E+00    5.000000E+00    5.300000E+01    3.375000E+00    2.893000E+00    3.850000E+00    2.224000E+00    6.690000E-02    8.974000E-04   -1.078000E+01    1.300000E+01    1.000000E+00    2.640000E+03    0.000000E+00   -1.000000E+01   -1.000000E+00   -1.207000E+01   -1.218883E+01
   4.300000E-10    4.000000E+00    1.447000E+00    1.080000E+02    1.398000E+00    0.000000E+00   -1.000000E+01   -1.000000E+01   -1.000000E+01   -1.000000E+01   -1.000000E+01   -1.000000E+01    9.000000E+00    6.194000E+00    1.380000E+00    7.000000E+00    9.200000E+01    3.368000E+00    6.207000E-01    4.990000E+00    1.586000E+00    7.345000E-01    8.974000E-04   -9.516000E+00    2.000000E+00    2.000000E+00    1.600000E+03    9.990000E+01   -1.000000E+01    0.000000E+00   -1.085000E+01   -1.088921E+01
   1.010000E-09    1.000000E+00    1.453000E+00    1.080000E+02    1.176000E+00   -1.000000E+01   -1.000000E+01   -1.000000E+01   -1.000000E+01   -1.000000E+01   -1.000000E+01   -1.000000E+01    6.909000E+00    5.139000E+00    9.300000E-01    3.000000E+00    1.100000E+01    1.777000E+00    7.958000E-01    2.890000E+00    1.580000E+00    3.488000E-01    1.162000E-03   -1.452000E+01    2.000000E+00    2.000000E+00    1.000000E+03    9.800000E+01   -1.000000E+01    1.000000E+00   -9.979000E+00   -9.955288E+00
   2.000000E-09    1.000000E+00    1.279000E+00    9.300000E+01    1.398000E+00   -1.398000E+00   -1.000000E+01   -1.000000E+01    2.904000E+00   -1.000000E+01   -1.000000E+01   -1.000000E+01    1.250000E+01    1.045000E+01    2.660000E+00    5.000000E+00    5.300000E+01    3.375000E+00    2.893000E+00    3.850000E+00    1.690000E+00    6.690000E-02    8.974000E-04   -1.022000E+01    2.000000E+00    1.000000E+00    1.600000E+03    4.750000E+01    1.699000E+00   -1.000000E+00   -1.060000E+01   -1.057807E+01
   1.350000E-09    1.000000E+00    1.453000E+00    1.080000E+02    1.398000E+00   -1.000000E+01   -1.000000E+01   -1.000000E+01   -1.000000E+01   -1.000000E+01   -1.000000E+01   -1.000000E+01    6.229000E+00    5.139000E+00    9.300000E-01    3.000000E+00    1.100000E+01    1.777000E+00    1.028000E+00    2.890000E+00    1.580000E+00    2.376000E-01    8.974000E-04   -1.452000E+01    2.000000E+00    2.000000E+00    1.800000E+03    9.800000E+01    1.857000E+00    1.000000E+00   -1.009000E+01   -1.029978E+01
   9.560000E-10    4.000000E+00    1.279000E+00    9.300000E+01    1.398000E+00   -3.010000E-01   -1.000000E+01    4.061000E+00   -1.000000E+01    4.250000E+00   -1.000000E+01   -1.000000E+01    1.250000E+01    1.126000E+01    2.550000E+00    2.000000E+00    6.000000E+00    1.811000E+00    7.420000E-01    1.990000E+00    1.690000E+00    3.875000E-01    8.974000E-04   -9.667000E+00    2.000000E+00    1.000000E+00    1.600000E+03    5.000000E+01   -1.000000E+01   -2.000000E+00   -1.125000E+01   -1.127707E+01
   7.600000E-10    2.000000E+00    1.580000E+00    7.900000E+01    1.362000E+00   -1.365000E+00    1.990000E+00    2.225000E+00    2.538000E+00    3.094000E+00   -1.000000E+01    2.238000E+00    7.800000E+00    6.113000E+00    1.000000E+00    4.000000E+00    2.000000E+01    2.313000E+00    7.586000E-01    3.450000E+00    1.318000E+00    4.842000E-01    9.432000E-04   -1.020000E+01    2.000000E+00    1.000000E+00    1.700000E+03    8.200000E+01   -1.000000E+01    2.000000E+00   -9.854000E+00   -9.824573E+00
   1.330000E-09    1.000000E+00    1.453000E+00    1.100000E+02    1.362000E+00   -2.000000E+00   -1.000000E+01    2.362000E+00   -1.000000E+01    2.550000E+00   -1.000000E+01   -1.000000E+01    7.000000E+00    5.139000E+00    9.300000E-01    3.000000E+00    1.100000E+01    1.777000E+00    1.020000E+00    2.890000E+00    1.588000E+00    2.412000E-01    9.432000E-04   -1.052000E+01    2.000000E+00    1.000000E+00    8.000000E+02    9.800000E+01   -1.000000E+01    1.000000E+00   -8.724000E+00   -8.953885E+00
   2.000000E-09    1.000000E+00    1.279000E+00    9.300000E+01    1.362000E+00   -3.010000E-01   -1.000000E+01    4.061000E+00   -1.000000E+01    4.250000E+00   -1.000000E+01   -1.000000E+01    1.250000E+01    1.297000E+01    3.160000E+00    3.000000E+00    1.700000E+01    2.822000E+00    2.435000E+00    2.890000E+00    1.690000E+00    6.398000E-02    9.432000E-04   -9.668000E+00    2.000000E+00    1.000000E+00    1.600000E+03    4.800000E+01    1.477000E+00   -1.000000E+00   -1.049000E+01   -1.047362E+01
   9.000000E-10    2.000000E+00    1.279000E+00    9.300000E+01    1.398000E+00   -2.190000E-01   -1.000000E+01    4.105000E+00    2.983000E+00    2.697000E+00    2.086000E+00   -1.000000E+01    1.250000E+01    7.344000E+00    1.960000E+00    5.000000E+00    5.000000E+01    2.829000E+00    1.091000E+00    3.850000E+00    1.690000E+00    4.137000E-01    8.974000E-04   -9.626000E+00    2.000000E+00    2.000000E+00    1.200000E+03    4.750000E+01   -1.000000E+01    2.000000E+00   -9.947000E+00   -9.903518E+00
   2.020000E-09    1.000000E+00    2.025000E+00    8.100000E+01    1.398000E+00   -3.010000E-01   -1.000000E+01    4.061000E+00   -1.000000E+01    4.250000E+00   -1.000000E+01   -1.000000E+01    1.250000E+01    1.045000E+01    2.660000E+00    5.000000E+00    5.300000E+01    3.375000E+00    2.922000E+00    3.850000E+00    8.832000E-01    6.258000E-02    8.974000E-04   -9.667000E+00    2.500000E+01    1.000000E+00    1.650000E+03    0.000000E+00   -1.000000E+01   -1.000000E+00   -1.049000E+01   -1.044489E+01
   1.000000E-10    6.000000E+00    1.447000E+00    1.080000E+02    1.398000E+00   -1.000000E+01   -1.000000E+01   -1.000000E+01   -1.000000E+01   -1.000000E+01   -1.000000E+01   -1.000000E+01    9.000000E+00    6.194000E+00    1.380000E+00    7.000000E+00    9.200000E+01    3.368000E+00    1.443000E-01    4.990000E+00    1.586000E+00    1.368000E+00    8.974000E-04   -1.452000E+01    2.000000E+00    2.000000E+00    8.000000E+02    9.990000E+01   -1.000000E+01   -1.000000E+00   -1.082000E+01   -1.058129E+01
   2.000000E-09    1.000000E+00   -2.218000E-01    1.730000E+01    1.398000E+00   -1.215000E+00   -6.990000E-01    9.823000E-01    7.497000E-01    2.967000E-01    1.348000E+00    9.581000E-01    8.920000E+00    1.297000E+01    3.160000E+00    3.000000E+00    1.700000E+01    2.822000E+00    2.419000E+00    2.890000E+00    2.460000E+00    6.690000E-02    8.974000E-04   -1.012000E+01    2.700000E+01    1.000000E+00    2.430000E+03    0.000000E+00   -1.000000E+01   -1.000000E+00   -1.074000E+01   -1.078159E+01
   1.560000E-09    1.000000E+00    1.453000E+00    1.080000E+02    1.176000E+00   -1.000000E+01   -1.000000E+01   -1.000000E+01   -1.000000E+01   -1.000000E+01   -1.000000E+01   -1.000000E+01    5.500000E+00    1.297000E+01    3.160000E+00    3.000000E+00    1.700000E+01    2.822000E+00    1.952000E+00    2.890000E+00    1.580000E+00    1.600000E-01    1.162000E-03   -1.452000E+01    2.000000E+00    2.000000E+00    9.000000E+02    9.800000E+01   -1.000000E+01   -1.000000E+00   -9.697000E+00   -9.728494E+00
   1.010000E-09    1.000000E+00    1.453000E+00    1.080000E+02    1.176000E+00   -1.000000E+01   -1.000000E+01   -1.000000E+01   -1.000000E+01   -1.000000E+01   -1.000000E+01   -1.000000E+01    6.052000E+00    5.139000E+00    9.300000E-01    3.000000E+00    1.100000E+01    1.777000E+00    7.958000E-01    2.890000E+00    1.580000E+00    3.488000E-01    1.162000E-03   -1.452000E+01    2.000000E+00    2.000000E+00    1.200000E+03    9.800000E+01   -1.000000E+01    1.000000E+00   -1.013000E+01   -1.011644E+01
   1.560000E-09    1.000000E+00    1.453000E+00    1.080000E+02    1.176000E+00   -1.000000E+01   -1.000000E+01   -1.000000E+01   -1.000000E+01   -1.000000E+01   -1.000000E+01   -1.000000E+01    4.927000E+00    1.297000E+01    3.160000E+00    3.000000E+00    1.700000E+01    2.822000E+00    1.952000E+00    2.890000E+00    1.580000E+00    1.600000E-01    1.162000E-03   -1.452000E+01    2.000000E+00    2.000000E+00    1.800000E+03    9.800000E+01   -1.000000E+01   -1.000000E+00   -1.047000E+01   -1.051037E+01
   2.000000E-09    1.000000E+00   -1.549000E-01    1.000000E+01    1.398000E+00    2.625000E-01   -1.000000E+01    4.624000E+00   -1.000000E+01    4.812000E+00   -1.000000E+01   -1.000000E+01    5.500000E+00    1.297000E+01    3.160000E+00    3.000000E+00    1.700000E+01    2.822000E+00    2.419000E+00    2.890000E+00    2.155000E+00    6.690000E-02    8.974000E-04   -9.385000E+00    1.400000E+01    1.000000E+00    2.640000E+03    0.000000E+00   -1.000000E+01   -1.000000E+00   -1.235000E+01   -1.222716E+01
   2.220000E-09    0.000000E+00    6.232000E-01    6.700000E+01    1.398000E+00   -6.615000E-01    9.081000E-01    3.294000E+00    3.577000E+00    3.659000E+00    1.000000E+00    3.051000E+00    7.200000E+00    1.360000E+01    2.200000E+00    1.000000E+00    1.000000E+00    8.499000E-01    8.088000E-01    8.500000E-01    2.203000E+00    2.158000E-02    8.974000E-04   -9.847000E+00    1.300000E+01    1.000000E+00    1.450000E+03    0.000000E+00   -1.000000E+01    0.000000E+00   -8.914000E+00   -9.013379E+00
   2.090000E-09    1.000000E+00    1.580000E+00    7.900000E+01    1.398000E+00   -6.990000E-01    1.893000E+00    3.508000E+00    2.904000E+00    3.754000E+00    1.785000E+00    2.584000E+00    7.700000E+00    3.894000E+00    7.900000E-01    6.000000E+00    5.500000E+01    2.333000E+00    2.090000E+00    4.360000E+00    1.318000E+00    4.778000E-02    8.974000E-04   -9.866000E+00    2.000000E+00    5.000000E+00    1.800000E+03    8.000000E+01   -1.000000E+01    1.000000E+00   -9.431000E+00   -9.558723E+00
   2.000000E-09    1.000000E+00    1.580000E+00    7.900000E+01    1.380000E+00   -1.166000E+00    2.934000E+00    2.265000E+00    2.882000E+00    3.027000E+00   -1.000000E+01    1.061000E+00    1.250000E+01    1.297000E+01    3.160000E+00    3.000000E+00    1.700000E+01    2.822000E+00    2.427000E+00    2.890000E+00    1.318000E+00    6.544000E-02    9.199000E-04   -1.010000E+01    2.000000E+00    1.000000E+00    1.700000E+03    8.200000E+01   -1.000000E+01   -1.000000E+00   -1.126000E+01   -1.097838E+01
   2.220000E-09    0.000000E+00    1.602000E+00    1.400000E+01    1.362000E+00   -9.208000E-01    9.345000E-01    3.403000E+00    5.328000E-01    3.575000E+00    2.387000E+00    1.904000E+00    8.200000E+00    1.360000E+01    2.200000E+00    1.000000E+00    1.000000E+00    8.499000E-01    8.142000E-01    8.500000E-01    5.441000E-01    1.865000E-02    9.432000E-04   -9.978000E+00    5.000000E+00    1.000000E+00    2.450000E+03    0.000000E+00   -1.000000E+01    0.000000E+00   -1.059000E+01   -1.063552E+01
   1.550000E-09    1.000000E+00    1.453000E+00    1.080000E+02    1.477000E+00   -1.000000E+01   -1.000000E+01   -1.000000E+01   -1.000000E+01   -1.000000E+01   -1.000000E+01   -1.000000E+01    6.507000E+00    5.139000E+00    9.300000E-01    3.000000E+00    1.100000E+01    1.777000E+00    1.161000E+00    2.890000E+00    1.580000E+00    1.848000E-01    7.959000E-04   -1.451000E+01    2.000000E+00    2.000000E+00    1.400000E+03    9.800000E+01   -1.000000E+01    1.000000E+00   -1.011000E+01   -1.009316E+01
   2.140000E-09    0.000000E+00   -2.218000E-01    1.730000E+01    1.362000E+00   -3.000000E+00   -6.990000E-01    9.823000E-01    7.497000E-01    2.967000E-01    1.348000E+00    9.581000E-01    8.920000E+00    1.360000E+01    2.200000E+00    1.000000E+00    1.000000E+00    8.499000E-01    7.849000E-01    8.500000E-01    2.460000E+00    3.459000E-02    9.432000E-04   -1.102000E+01    2.700000E+01    1.000000E+00    2.430000E+03    0.000000E+00   -1.000000E+01    0.000000E+00   -1.055000E+01   -1.057641E+01
   2.450000E-09    0.000000E+00    2.477000E+00    5.000000E+01    1.362000E+00   -5.867000E-01    1.799000E+00    3.248000E+00    3.327000E+00    3.805000E+00    1.108000E+00    3.062000E+00    7.800000E+00    1.360000E+01    2.200000E+00    1.000000E+00    1.000000E+00    8.499000E-01    8.986000E-01    8.500000E-01    2.218000E-01   -2.416000E-02    9.432000E-04   -9.811000E+00    2.600000E+01    1.000000E+00    1.600000E+03    3.500000E+01    1.699000E+00    0.000000E+00   -1.003000E+01   -9.933869E+00
   9.560000E-10    4.000000E+00    1.279000E+00    9.300000E+01    1.398000E+00   -3.010000E-01   -1.000000E+01    4.061000E+00   -1.000000E+01    4.250000E+00   -1.000000E+01   -1.000000E+01    1.250000E+01    1.126000E+01    2.550000E+00    2.000000E+00    6.000000E+00    1.811000E+00    7.420000E-01    1.990000E+00    1.690000E+00    3.875000E-01    8.974000E-04   -9.667000E+00    2.000000E+00    1.000000E+00    1.600000E+03    5.000000E+01    1.477000E+00   -2.000000E+00   -1.096000E+01   -1.107237E+01
   2.000000E-09    7.000000E+00    1.744000E+00    8.200000E+01    1.398000E+00   -5.918000E-01    1.146000E+00    3.279000E+00    3.330000E+00    3.785000E+00    1.831000E+00    3.016000E+00    7.500000E+00    7.280000E+00    1.900000E+00    5.000000E+00    4.300000E+01    2.817000E+00    2.415000E+00    3.850000E+00    1.170000E+00    6.690000E-02    8.974000E-04   -9.812000E+00    2.000000E+00    2.000000E+00    9.200000E+02    8.000000E+01   -1.000000E+01   -1.000000E+00   -9.536000E+00   -9.549622E+00
   7.200000E-10    4.000000E+00    1.279000E+00    9.300000E+01    1.398000E+00   -2.301000E+00   -1.000000E+01    2.362000E+00   -1.000000E+01   -1.000000E+01   -1.000000E+01   -1.000000E+01    7.000000E+00    6.194000E+00    1.380000E+00    7.000000E+00    9.200000E+01    3.368000E+00    1.039000E+00    4.990000E+00    1.690000E+00    5.106000E-01    8.974000E-04   -1.067000E+01    2.000000E+00    2.000000E+00    1.800000E+03    4.750000E+01   -1.000000E+01    0.000000E+00   -1.059000E+01   -1.055312E+01
   2.000000E-09    1.000000E+00    6.232000E-01    6.700000E+01    1.653000E+00   -1.065000E+00    3.096000E+00    3.070000E+00    2.312000E+00    3.156000E+00    2.190000E+00    3.054000E+00    7.580000E+00    1.045000E+01    2.660000E+00    5.000000E+00    5.300000E+01    3.375000E+00    2.711000E+00    3.850000E+00    2.203000E+00    9.510000E-02    5.786000E-04   -1.003000E+01    1.300000E+01    1.000000E+00    2.620000E+03    0.000000E+00   -1.000000E+01   -1.000000E+00   -1.232000E+01   -1.239570E+01
   3.690000E-09    1.000000E+00    1.453000E+00    1.080000E+02    1.699000E+00   -1.000000E+01   -1.000000E+01   -1.000000E+01   -1.000000E+01   -1.000000E+01   -1.000000E+01   -1.000000E+01    6.003000E+00    1.297000E+01    3.160000E+00    3.000000E+00    1.700000E+01    2.822000E+00    4.118000E+00    2.890000E+00    1.580000E+00   -1.641000E-01    5.279000E-04   -1.450000E+01    2.000000E+00    2.000000E+00    1.100000E+03    9.800000E+01   -1.000000E+01   -1.000000E+00   -9.481000E+00   -9.513961E+00
   2.220000E-09    0.000000E+00    1.531000E+00    1.300000E+01    1.398000E+00   -4.510000E-01    1.806000E+00    3.749000E+00    2.949000E+00    3.984000E+00    1.477000E+00    3.368000E+00    7.680000E+00    1.360000E+01    2.200000E+00    1.000000E+00    1.000000E+00    8.499000E-01    8.088000E-01    8.500000E-01    5.825000E-01    2.158000E-02    8.974000E-04   -9.742000E+00    4.000000E+00    1.000000E+00    2.700000E+03    0.000000E+00   -1.000000E+01    0.000000E+00   -1.148000E+01   -1.107024E+01
   7.900000E-10    2.000000E+00    1.491000E+00    8.300000E+01    1.301000E+00   -2.839000E+00    5.441000E-01    9.191000E-01    1.114000E+00    6.990000E-01   -1.000000E+01    9.345000E-01    7.000000E+00    5.695000E+00    9.500000E-01    5.000000E+00    3.800000E+01    2.491000E+00    8.580000E-01    3.850000E+00    1.428000E+00    4.630000E-01    1.018000E-03   -1.094000E+01    2.000000E+00    1.000000E+00    1.400000E+03    8.000000E+01   -1.000000E+01    2.000000E+00   -1.082000E+01   -1.089664E+01
   2.100000E-09    1.000000E+00    1.453000E+00    1.080000E+02    1.602000E+00   -2.924000E-01   -1.000000E+01    4.069000E+00   -1.000000E+01    4.257000E+00   -1.000000E+01   -1.000000E+01    7.990000E+00    3.894000E+00    7.900000E-01    6.000000E+00    5.500000E+01    2.333000E+00    1.999000E+00    4.360000E+00    1.580000E+00    6.703000E-02    6.389000E-04   -9.652000E+00    2.000000E+00    2.000000E+00    1.380000E+03    9.999000E+01   -1.000000E+01    1.000000E+00   -9.967000E+00   -9.920401E+00
   2.000000E-09    1.000000E+00    1.279000E+00    9.300000E+01    1.362000E+00   -3.010000E-01   -1.000000E+01    4.061000E+00   -1.000000E+01    4.250000E+00   -1.000000E+01   -1.000000E+01    1.250000E+01    1.045000E+01    2.660000E+00    5.000000E+00    5.300000E+01    3.375000E+00    2.913000E+00    3.850000E+00    1.690000E+00    6.398000E-02    9.432000E-04   -9.668000E+00    2.000000E+00    1.000000E+00    1.600000E+03    4.800000E+01   -1.000000E+01   -1.000000E+00   -1.074000E+01   -1.059514E+01
   1.200000E-09    5.000000E+00    1.580000E+00    7.900000E+01    1.398000E+00   -3.768000E-01    1.041000E+00    3.454000E+00    3.583000E+00    4.045000E+00    1.041000E+00    2.714000E+00    8.500000E+00    6.266000E+00    1.360000E+00    7.000000E+00    9.300000E+01    3.387000E+00    1.742000E+00    4.990000E+00    1.318000E+00    2.887000E-01    8.974000E-04   -9.705000E+00    2.000000E+00    2.000000E+00    2.000000E+03    8.000000E+01   -1.000000E+01    1.000000E+00   -1.073000E+01   -1.067578E+01
   2.090000E-09    1.000000E+00    1.447000E+00    1.080000E+02    1.398000E+00   -1.000000E+01   -1.000000E+01   -1.000000E+01   -1.000000E+01   -1.000000E+01   -1.000000E+01   -1.000000E+01    1.200000E+01    3.894000E+00    7.900000E-01    6.000000E+00    5.500000E+01    2.333000E+00    2.090000E+00    4.360000E+00    1.586000E+00    4.778000E-02    8.974000E-04   -1.452000E+01    2.000000E+00    2.000000E+00    9.100000E+02    1.000000E+02   -1.000000E+01    1.000000E+00   -9.599000E+00   -9.628520E+00
   7.900000E-10    2.000000E+00    1.580000E+00    7.900000E+01    1.398000E+00   -1.000000E+00   -1.000000E+01    3.362000E+00   -1.000000E+01    3.550000E+00   -1.000000E+01   -1.000000E+01    1.100000E+01    5.695000E+00    9.500000E-01    5.000000E+00    3.800000E+01    2.491000E+00    8.436000E-01    3.850000E+00    1.318000E+00    4.703000E-01    8.974000E-04   -1.002000E+01    2.000000E+00    3.000000E+00    1.000000E+03    8.200000E+01   -1.000000E+01    2.000000E+00   -9.004000E+00   -8.970816E+00
   1.460000E-09    7.000000E+00    1.408000E+00    7.200000E+01    1.079000E+00   -8.761000E-01   -1.000000E+01    3.458000E+00   -1.000000E+01   -1.000000E+01   -1.000000E+01   -1.000000E+01    7.000000E+00    7.834000E+00    1.900000E+00    6.000000E+00    7.500000E+01    3.309000E+00    2.165000E+00    4.360000E+00    1.449000E+00    1.842000E-01    1.261000E-03   -9.964000E+00    2.000000E+00    1.000000E+00    1.600000E+03    7.500000E+01   -1.000000E+01   -1.000000E+00   -1.059000E+01   -1.055124E+01
   1.460000E-09    7.000000E+00    1.408000E+00    7.200000E+01    1.114000E+00   -1.018000E+00    1.176000E+00    3.069000E+00    2.685000E+00    3.064000E+00    1.708000E+00    3.353000E+00    4.000000E+00    7.834000E+00    1.900000E+00    6.000000E+00    7.500000E+01    3.309000E+00    2.158000E+00    4.360000E+00    1.449000E+00    1.857000E-01    1.226000E-03   -1.003000E+01    2.000000E+00    1.000000E+00    1.300000E+03    7.500000E+01   -1.000000E+01   -1.000000E+00   -1.028000E+01   -1.028018E+01
   2.100000E-09    5.000000E+00    1.279000E+00    9.300000E+01    1.398000E+00   -1.000000E+01   -1.000000E+01   -1.000000E+01   -1.000000E+01   -1.000000E+01   -1.000000E+01   -1.000000E+01    1.250000E+01    6.759000E+00    1.600000E+00    5.000000E+00    4.100000E+01    2.714000E+00    2.443000E+00    3.850000E+00    1.690000E+00    4.571000E-02    8.974000E-04   -1.452000E+01    2.000000E+00    2.000000E+00    1.600000E+03    4.750000E+01   -1.000000E+01   -1.000000E+00   -1.005000E+01   -1.002177E+01
   2.000000E-09    7.000000E+00    1.744000E+00    8.200000E+01    1.380000E+00   -5.918000E-01    1.146000E+00    3.279000E+00    3.330000E+00    3.785000E+00    1.831000E+00    3.016000E+00    7.500000E+00    7.280000E+00    1.900000E+00    5.000000E+00    4.300000E+01    2.817000E+00    2.423000E+00    3.850000E+00    1.170000E+00    6.544000E-02    9.199000E-04   -9.813000E+00    2.000000E+00    1.000000E+00    9.100000E+02    8.000000E+01   -1.000000E+01   -1.000000E+00   -9.530000E+00   -9.599149E+00
   6.240000E-10    3.000000E+00    1.279000E+00    9.300000E+01    1.398000E+00   -2.190000E-01   -1.000000E+01    4.105000E+00    2.983000E+00    2.697000E+00    2.086000E+00   -1.000000E+01    1.250000E+01    5.974000E+00    1.300000E+00    7.000000E+00    9.500000E+01    3.307000E+00    8.845000E-01    4.990000E+00    1.690000E+00    5.727000E-01    8.974000E-04   -9.626000E+00    2.000000E+00    2.000000E+00    1.800000E+03    4.750000E+01   -1.000000E+01    3.000000E+00   -1.065000E+01   -1.065848E+01
   2.000000E-09    1.000000E+00    1.580000E+00    7.900000E+01    1.398000E+00   -2.000000E+00   -1.000000E+01    2.362000E+00   -1.000000E+01   -1.000000E+01   -1.000000E+01   -1.000000E+01    8.200000E+00    1.297000E+01    3.160000E+00    3.000000E+00    1.700000E+01    2.822000E+00    2.419000E+00    2.890000E+00    1.318000E+00    6.690000E-02    8.974000E-04   -1.052000E+01    2.000000E+00    1.000000E+00    4.000000E+02    8.000000E+01   -1.000000E+01   -1.000000E+00   -9.173000E+00   -9.219260E+00
   1.350000E-09    1.000000E+00    1.453000E+00    1.080000E+02    1.398000E+00   -1.000000E+01   -1.000000E+01   -1.000000E+01   -1.000000E+01   -1.000000E+01   -1.000000E+01   -1.000000E+01    7.561000E+00    5.139000E+00    9.300000E-01    3.000000E+00    1.100000E+01    1.777000E+00    1.028000E+00    2.890000E+00    1.580000E+00    2.376000E-01    8.974000E-04   -1.452000E+01    2.000000E+00    2.000000E+00    1.000000E+03    9.800000E+01   -1.000000E+01    1.000000E+00   -9.854000E+00   -9.804717E+00
   2.032000E-10    1.000000E+00    1.748000E+00    1.110000E+02    1.602000E+00   -7.620000E-01    1.567000E+00    3.375000E+00    2.707000E+00    3.224000E+00    1.850000E+00    3.685000E+00    7.570000E+00    1.297000E+01    3.160000E+00    3.000000E+00    1.700000E+01    2.822000E+00    2.340000E-01    2.890000E+00    1.297000E+00    1.081000E+00    6.389000E-04   -9.887000E+00    2.000000E+00    1.000000E+00    1.200000E+03    9.200000E+01   -1.000000E+01   -1.000000E+00   -9.756000E+00   -9.748543E+00
   2.090000E-09    1.000000E+00   -1.549000E-01    1.000000E+01    1.398000E+00   -5.157000E-01    1.000000E+00    3.380000E+00    3.405000E+00    3.922000E+00    1.230000E+00    2.230000E+00    8.770000E+00    3.894000E+00    7.900000E-01    6.000000E+00    5.500000E+01    2.333000E+00    2.090000E+00    4.360000E+00    2.155000E+00    4.778000E-02    8.974000E-04   -9.774000E+00    1.400000E+01    1.000000E+00    2.610000E+03    0.000000E+00   -1.000000E+01    1.000000E+00   -1.092000E+01   -1.107512E+01
   2.090000E-09    1.000000E+00   -1.549000E-01    1.000000E+01    1.398000E+00   -5.157000E-01    1.000000E+00    3.380000E+00    3.405000E+00    3.922000E+00    1.230000E+00    2.230000E+00    8.770000E+00    3.894000E+00    7.900000E-01    6.000000E+00    5.500000E+01    2.333000E+00    2.090000E+00    4.360000E+00    2.155000E+00    4.778000E-02    8.974000E-04   -9.774000E+00    1.400000E+01    1.000000E+00    2.610000E+03    0.000000E+00   -1.000000E+01    1.000000E+00   -1.132000E+01   -1.107512E+01
   2.090000E-09    1.000000E+00    1.580000E+00    7.900000E+01    1.398000E+00   -1.166000E+00    2.934000E+00    2.265000E+00    2.882000E+00    3.027000E+00   -1.000000E+01    1.061000E+00    1.250000E+01    3.894000E+00    7.900000E-01    6.000000E+00    5.500000E+01    2.333000E+00    2.090000E+00    4.360000E+00    1.318000E+00    4.778000E-02    8.974000E-04   -1.010000E+01    2.000000E+00    1.000000E+00    1.700000E+03    8.000000E+01   -1.000000E+01    1.000000E+00   -9.569000E+00   -9.747411E+00
   2.000000E-09    4.000000E+00    1.744000E+00    8.200000E+01    1.398000E+00   -5.918000E-01    1.146000E+00    3.279000E+00    3.330000E+00    3.785000E+00    1.831000E+00    3.016000E+00    7.500000E+00    7.280000E+00    1.900000E+00    5.000000E+00    4.300000E+01    2.817000E+00    2.415000E+00    3.850000E+00    1.170000E+00    6.690000E-02    8.974000E-04   -9.812000E+00    2.000000E+00    2.000000E+00    1.290000E+03    8.000000E+01   -1.000000E+01    0.000000E+00   -9.827000E+00   -9.828610E+00
   1.200000E-09    5.000000E+00    1.602000E+00    1.400000E+02    1.301000E+00   -2.297000E+00   -1.000000E+01   -1.000000E+01    2.603000E+00   -1.000000E+01   -1.000000E+01   -1.000000E+01    6.000000E+00    6.266000E+00    1.360000E+00    7.000000E+00    9.300000E+01    3.387000E+00    1.772000E+00    4.990000E+00    1.544000E+00    2.814000E-01    1.018000E-03   -1.067000E+01    7.000000E+00    2.000000E+00    1.190000E+03    0.000000E+00   -1.000000E+01    1.000000E+00   -9.442000E+00   -9.455159E+00
   7.900000E-10    2.000000E+00    1.279000E+00    9.300000E+01    1.398000E+00    8.198000E-01   -1.000000E+01    5.178000E+00    3.983000E+00    5.366000E+00    2.086000E+00   -1.000000E+01    1.250000E+01    5.695000E+00    9.500000E-01    5.000000E+00    3.800000E+01    2.491000E+00    8.436000E-01    3.850000E+00    1.690000E+00    4.703000E-01    8.974000E-04   -9.106000E+00    2.000000E+00    2.000000E+00    1.200000E+03    4.750000E+01   -1.000000E+01    2.000000E+00   -1.000000E+01   -9.947282E+00
   2.570000E-09    1.000000E+00    1.453000E+00    1.080000E+02    1.699000E+00   -3.010000E-01   -1.000000E+01    4.061000E+00   -1.000000E+01    4.249000E+00   -1.000000E+01   -1.000000E+01    6.851000E+00    5.139000E+00    9.300000E-01    3.000000E+00    1.100000E+01    1.777000E+00    1.806000E+00    2.890000E+00    1.580000E+00   -7.034000E-03    5.279000E-04   -9.649000E+00    2.000000E+00    2.000000E+00    1.000000E+03    9.800000E+01   -1.000000E+01    1.000000E+00   -9.559000E+00   -9.551916E+00
   9.230000E-10    4.000000E+00    1.279000E+00    9.300000E+01    1.398000E+00    6.990000E-01   -1.000000E+01    5.061000E+00   -1.000000E+01   -1.000000E+01   -1.000000E+01   -1.000000E+01    1.250000E+01    1.126000E+01    2.550000E+00    2.000000E+00    6.000000E+00    1.811000E+00    7.164000E-01    1.990000E+00    1.690000E+00    4.027000E-01    8.974000E-04   -9.167000E+00    2.000000E+00    1.000000E+00    1.600000E+03    4.750000E+01    1.699000E+00   -2.000000E+00   -1.072000E+01   -1.061467E+01
   5.000000E-10    3.000000E+00    1.408000E+00    7.200000E+01    1.301000E+00   -4.765000E-01    1.717000E+00    3.897000E+00   -1.000000E+01    3.706000E+00    2.547000E+00    3.301000E+00    8.600000E+00    5.539000E+00    1.120000E+00    6.000000E+00    5.800000E+01    2.782000E+00    6.065000E-01    4.360000E+00    1.449000E+00    6.616000E-01    1.018000E-03   -9.758000E+00    2.000000E+00    1.000000E+00    1.300000E+03    7.500000E+01    1.477000E+00   -1.000000E+00   -1.032000E+01   -1.045952E+01
   8.050000E-10    2.000000E+00    2.155000E+00    8.300000E+01    1.398000E+00    0.000000E+00   -1.000000E+01    4.362000E+00   -1.000000E+01   -1.000000E+01   -1.000000E+01   -1.000000E+01    7.805000E+00    5.695000E+00    9.500000E-01    5.000000E+00    3.800000E+01    2.491000E+00    8.596000E-01    3.850000E+00    7.637000E-01    4.621000E-01    8.974000E-04   -9.516000E+00    3.000000E+00    1.000000E+00    1.950000E+03    1.000000E+02   -1.000000E+01    2.000000E+00   -1.122000E+01   -1.087894E+01
   2.140000E-09    0.000000E+00    1.580000E+00    7.900000E+01    1.398000E+00   -1.166000E+00    2.934000E+00    2.265000E+00    2.882000E+00    3.027000E+00   -1.000000E+01    1.061000E+00    1.250000E+01    1.360000E+01    2.200000E+00    1.000000E+00    1.000000E+00    8.499000E-01    7.796000E-01    8.500000E-01    1.318000E+00    3.752000E-02    8.974000E-04   -1.010000E+01    2.000000E+00    1.000000E+00    1.700000E+03    8.200000E+01   -1.000000E+01    0.000000E+00   -1.014000E+01   -1.022003E+01
   1.640000E-09    2.000000E+00    1.279000E+00    9.300000E+01    1.352000E+00   -1.807000E+00   -1.000000E+01    2.378000E+00   -1.000000E+01   -1.000000E+01   -1.000000E+01    2.699000E+00    7.250000E+00    9.752000E+00    2.550000E+00    4.000000E+00    3.400000E+01    2.921000E+00    2.071000E+00    3.450000E+00    1.690000E+00    1.494000E-01    9.552000E-04   -1.042000E+01    2.000000E+00    2.000000E+00    1.600000E+03    5.000000E+01   -1.000000E+01   -1.000000E+00   -1.004000E+01   -1.008487E+01
   1.550000E-09    4.000000E+00    1.436000E+00    5.870000E+01    1.342000E+00   -3.010000E-01   -1.000000E+01    3.663000E+00   -1.000000E+01    3.851000E+00   -1.000000E+01   -1.000000E+01    3.100000E+00    9.752000E+00    2.550000E+00    4.000000E+00    3.400000E+01    2.921000E+00    1.961000E+00    3.450000E+00    1.332000E+00    1.732000E-01    9.673000E-04   -9.669000E+00    2.000000E+00    1.000000E+00    1.300000E+03    7.800000E+01   -1.000000E+01   -1.000000E+00   -1.017000E+01   -1.017169E+01
   2.030000E-09    1.000000E+00    1.453000E+00    1.100000E+02    1.362000E+00   -2.000000E+00   -1.000000E+01    2.362000E+00   -1.000000E+01    4.549000E+00   -1.000000E+01   -1.000000E+01    7.000000E+00    1.045000E+01    2.660000E+00    5.000000E+00    5.300000E+01    3.375000E+00    2.956000E+00    3.850000E+00    1.588000E+00    5.751000E-02    9.432000E-04   -1.052000E+01    2.000000E+00    1.000000E+00    8.000000E+02    9.800000E+01   -1.000000E+01   -1.000000E+00   -1.161000E+01   -1.142448E+01
   6.600000E-10    2.000000E+00    1.279000E+00    9.300000E+01    1.398000E+00    8.198000E-01   -1.000000E+01    5.178000E+00    3.983000E+00    5.366000E+00    2.086000E+00   -1.000000E+01    1.250000E+01    7.640000E+00    1.910000E+00    4.000000E+00    2.800000E+01    2.586000E+00    7.315000E-01    3.450000E+00    1.690000E+00    5.484000E-01    8.974000E-04   -9.106000E+00    2.000000E+00    2.000000E+00    1.800000E+03    4.750000E+01   -1.000000E+01    2.000000E+00   -1.063000E+01   -1.064082E+01
   2.000000E-09    1.000000E+00    1.453000E+00    1.080000E+02    1.778000E+00   -2.924000E-01   -1.000000E+01    4.069000E+00   -1.000000E+01    4.257000E+00   -1.000000E+01   -1.000000E+01    6.483000E+00    1.045000E+01    2.660000E+00    5.000000E+00    5.300000E+01    3.375000E+00    2.589000E+00    3.850000E+00    1.580000E+00    1.151000E-01    4.494000E-04   -9.638000E+00    2.000000E+00    2.000000E+00    9.000000E+02    9.999000E+01   -1.000000E+01   -1.000000E+00   -9.599000E+00   -9.648423E+00
   4.300000E-10    4.000000E+00    1.580000E+00    7.900000E+01    1.398000E+00   -2.107000E+00    1.176000E+00    2.173000E+00    1.139000E-01    1.857000E+00    2.494000E+00    1.544000E+00    9.500000E+00    6.194000E+00    1.380000E+00    7.000000E+00    9.200000E+01    3.368000E+00    6.207000E-01    4.990000E+00    1.318000E+00    7.345000E-01    8.974000E-04   -1.057000E+01    2.000000E+00    1.000000E+00    7.600000E+02    8.200000E+01   -1.000000E+01    0.000000E+00   -1.172000E+01   -1.163008E+01
   8.100000E-10    2.000000E+00   -1.549000E-01    1.000000E+01    1.342000E+00   -5.157000E-01    1.000000E+00    3.380000E+00    3.405000E+00    3.922000E+00    1.230000E+00    2.230000E+00    8.700000E+00    9.752000E+00    2.550000E+00    4.000000E+00    3.400000E+01    2.921000E+00    1.025000E+00    3.450000E+00    2.155000E+00    4.551000E-01    9.673000E-04   -9.776000E+00    1.400000E+01    1.000000E+00    2.730000E+03    0.000000E+00   -1.000000E+01   -1.000000E+00   -1.172000E+01   -1.168642E+01
   7.300000E-10    2.000000E+00    1.580000E+00    7.870000E+01    1.398000E+00   -1.000000E+00   -1.000000E+01    3.362000E+00   -1.000000E+01   -1.000000E+01   -1.000000E+01   -1.000000E+01    6.053000E+00    7.881000E+00    1.880000E+00    4.000000E+00    2.700000E+01    2.626000E+00    8.217000E-01    3.450000E+00    1.316000E+00    5.046000E-01    8.974000E-04   -1.002000E+01    2.000000E+00    1.000000E+00    1.600000E+03    8.200000E+01   -1.000000E+01    2.000000E+00   -1.054000E+01   -1.052324E+01
   2.000000E-09    1.000000E+00   -5.229000E-01    8.000000E-01    1.380000E+00   -1.470000E+00    2.204000E+00    2.529000E+00    2.672000E+00    1.623000E+00   -1.000000E+01    1.362000E+00    1.160000E+01    1.297000E+01    3.160000E+00    3.000000E+00    1.700000E+01    2.822000E+00    2.427000E+00    2.890000E+00    1.426000E+00    6.544000E-02    9.199000E-04   -1.025000E+01    1.600000E+01    1.000000E+00    2.100000E+03    0.000000E+00   -1.000000E+01   -1.000000E+00   -9.886000E+00   -9.976293E+00
   6.020000E-10    3.000000E+00    1.580000E+00    7.900000E+01    1.398000E+00   -1.000000E+00   -1.000000E+01    3.362000E+00   -1.000000E+01    3.550000E+00   -1.000000E+01   -1.000000E+01    5.000000E+00    5.670000E+00    1.200000E+00    6.000000E+00    6.300000E+01    2.815000E+00    7.264000E-01    4.360000E+00    1.318000E+00    5.883000E-01    8.974000E-04   -1.002000E+01    2.000000E+00    3.000000E+00    1.000000E+03    8.200000E+01   -1.000000E+01    3.000000E+00   -9.721000E+00   -1.000912E+01
   1.350000E-09    1.000000E+00    1.453000E+00    1.080000E+02    1.398000E+00   -1.301000E+00   -1.000000E+01    3.061000E+00   -1.000000E+01    3.249000E+00   -1.000000E+01   -1.000000E+01    7.374000E+00    5.139000E+00    9.300000E-01    3.000000E+00    1.100000E+01    1.777000E+00    1.028000E+00    2.890000E+00    1.580000E+00    2.376000E-01    8.974000E-04   -1.017000E+01    2.000000E+00    2.000000E+00    1.000000E+03    9.800000E+01   -1.000000E+01    1.000000E+00   -9.839000E+00   -9.800354E+00
   2.100000E-09    0.000000E+00    1.279000E+00    9.300000E+01    1.398000E+00   -2.190000E-01   -1.000000E+01    4.105000E+00    2.983000E+00    2.697000E+00    2.086000E+00   -1.000000E+01    1.250000E+01    1.360000E+01    2.200000E+00    1.000000E+00    1.000000E+00    8.499000E-01    7.650000E-01    8.500000E-01    1.690000E+00    4.571000E-02    8.974000E-04   -9.626000E+00    2.000000E+00    2.000000E+00    1.800000E+03    4.750000E+01   -1.000000E+01    0.000000E+00   -1.005000E+01   -1.001875E+01
   1.360000E-09    5.000000E+00    1.453000E+00    1.080000E+02    1.362000E+00   -1.301000E+00   -1.000000E+01    3.061000E+00   -1.000000E+01    3.249000E+00   -1.000000E+01   -1.000000E+01    9.000000E+00    6.266000E+00    1.360000E+00    7.000000E+00    9.300000E+01    3.387000E+00    1.988000E+00    4.990000E+00    1.580000E+00    2.315000E-01    9.432000E-04   -1.017000E+01    2.000000E+00    1.000000E+00    8.000000E+02    9.900000E+01   -1.000000E+01    1.000000E+00   -9.678000E+00   -9.954282E+00
   1.180000E-09    1.000000E+00    1.453000E+00    1.080000E+02    6.990000E-01   -1.000000E+01   -1.000000E+01   -1.000000E+01   -1.000000E+01   -1.000000E+01   -1.000000E+01   -1.000000E+01    5.219000E+00    1.297000E+01    3.160000E+00    3.000000E+00    1.700000E+01    2.822000E+00    1.530000E+00    2.890000E+00    1.580000E+00    2.659000E-01    1.536000E-03   -1.453000E+01    2.000000E+00    2.000000E+00    1.400000E+03    9.800000E+01   -1.000000E+01   -1.000000E+00   -1.023000E+01   -1.023952E+01
   1.330000E-09    1.000000E+00    1.833000E+00    7.100000E+01    1.398000E+00   -1.000000E+00   -1.000000E+01    3.362000E+00   -1.000000E+01   -1.000000E+01   -1.000000E+01   -1.000000E+01    5.000000E+00    5.139000E+00    9.300000E-01    3.000000E+00    1.100000E+01    1.777000E+00    1.013000E+00    2.890000E+00    1.019000E+00    2.441000E-01    8.974000E-04   -1.002000E+01    6.000000E+00    1.000000E+00    1.900000E+03    0.000000E+00   -1.000000E+01    1.000000E+00   -9.409000E+00   -9.469392E+00
   2.140000E-09    0.000000E+00    1.580000E+00    7.900000E+01    1.362000E+00   -7.747000E-01    2.220000E+00    3.380000E+00    2.982000E+00    3.643000E+00   -1.000000E+01    2.294000E+00    1.160000E+01    1.360000E+01    2.200000E+00    1.000000E+00    1.000000E+00    8.499000E-01    7.849000E-01    8.500000E-01    1.318000E+00    3.459000E-02    9.432000E-04   -9.905000E+00    2.000000E+00    1.000000E+00    1.810000E+03    8.200000E+01    1.778000E+00    0.000000E+00   -1.017000E+01   -1.024078E+01
   1.200000E-09    5.000000E+00    1.455000E+00    8.700000E+01    1.301000E+00   -2.297000E+00   -1.000000E+01   -1.000000E+01    2.603000E+00   -1.000000E+01   -1.000000E+01   -1.000000E+01    6.000000E+00    6.266000E+00    1.360000E+00    7.000000E+00    9.300000E+01    3.387000E+00    1.772000E+00    4.990000E+00    1.485000E+00    2.814000E-01    1.018000E-03   -1.067000E+01    3.000000E+00    2.000000E+00    7.800000E+02    1.000000E+02   -1.000000E+01    1.000000E+00   -9.682000E+00   -9.679431E+00
   4.530000E-09    1.000000E+00    1.580000E+00    7.900000E+01    1.398000E+00   -3.768000E-01    1.041000E+00    3.454000E+00    3.583000E+00    4.045000E+00    1.041000E+00    2.714000E+00    8.500000E+00    3.894000E+00    7.900000E-01    6.000000E+00    5.500000E+01    2.333000E+00    4.530000E+00    4.360000E+00    1.318000E+00   -2.882000E-01    8.974000E-04   -9.705000E+00    2.000000E+00    2.000000E+00    2.000000E+03    8.000000E+01   -1.000000E+01    1.000000E+00   -1.015000E+01   -9.969415E+00
   7.420000E-10    1.000000E+00    1.453000E+00    1.080000E+02    6.990000E-01   -1.000000E+01   -1.000000E+01   -1.000000E+01   -1.000000E+01   -1.000000E+01   -1.000000E+01   -1.000000E+01    5.871000E+00    5.139000E+00    9.300000E-01    3.000000E+00    1.100000E+01    1.777000E+00    6.056000E-01    2.890000E+00    1.580000E+00    4.674000E-01    1.536000E-03   -1.453000E+01    2.000000E+00    2.000000E+00    1.000000E+03    9.800000E+01   -1.000000E+01    1.000000E+00   -1.011000E+01   -1.012671E+01
   2.100000E-09    1.000000E+00    1.453000E+00    1.080000E+02    1.778000E+00   -2.924000E-01   -1.000000E+01    4.069000E+00   -1.000000E+01    4.257000E+00   -1.000000E+01   -1.000000E+01    8.047000E+00    3.894000E+00    7.900000E-01    6.000000E+00    5.500000E+01    2.333000E+00    1.879000E+00    4.360000E+00    1.580000E+00    9.392000E-02    4.494000E-04   -9.638000E+00    2.000000E+00    2.000000E+00    1.010000E+03    9.999000E+01   -1.000000E+01    1.000000E+00   -9.660000E+00   -9.677207E+00
   6.240000E-10    3.000000E+00    1.279000E+00    9.300000E+01    1.398000E+00   -1.000000E+01   -1.000000E+01   -1.000000E+01   -1.000000E+01   -1.000000E+01   -1.000000E+01   -1.000000E+01    1.250000E+01    5.974000E+00    1.300000E+00    7.000000E+00    9.500000E+01    3.307000E+00    8.845000E-01    4.990000E+00    1.690000E+00    5.727000E-01    8.974000E-04   -1.452000E+01    2.000000E+00    2.000000E+00    1.600000E+03    4.750000E+01   -1.000000E+01    3.000000E+00   -1.058000E+01   -1.059236E+01
   2.220000E-09    0.000000E+00    1.833000E+00    7.100000E+01    1.398000E+00   -1.000000E+00   -1.000000E+01    3.362000E+00   -1.000000E+01   -1.000000E+01   -1.000000E+01   -1.000000E+01    5.000000E+00    1.360000E+01    2.200000E+00    1.000000E+00    1.000000E+00    8.499000E-01    8.088000E-01    8.500000E-01    1.019000E+00    2.158000E-02    8.974000E-04   -1.002000E+01    6.000000E+00    1.000000E+00    1.900000E+03    0.000000E+00   -1.000000E+01    0.000000E+00   -9.886000E+00   -9.634603E+00
   2.000000E-09    1.000000E+00    1.580000E+00    7.900000E+01    1.380000E+00   -6.615000E-01    1.893000E+00    3.508000E+00    2.904000E+00    3.805000E+00    1.785000E+00    2.584000E+00    7.700000E+00    1.045000E+01    2.660000E+00    5.000000E+00    5.300000E+01    3.375000E+00    2.903000E+00    3.850000E+00    1.318000E+00    6.544000E-02    9.199000E-04   -9.848000E+00    2.000000E+00    1.000000E+00    1.800000E+03    8.500000E+01    1.176000E+00   -1.000000E+00   -1.117000E+01   -1.117828E+01
   2.000000E-09    1.000000E+00    2.025000E+00    8.100000E+01    1.398000E+00   -1.000000E+00   -1.000000E+01    3.362000E+00   -1.000000E+01    3.550000E+00   -1.000000E+01   -1.000000E+01    9.480000E+00    1.297000E+01    3.160000E+00    3.000000E+00    1.700000E+01    2.822000E+00    2.419000E+00    2.890000E+00    8.832000E-01    6.690000E-02    8.974000E-04   -1.002000E+01    2.500000E+01    1.000000E+00    1.530000E+03    0.000000E+00   -1.000000E+01   -1.000000E+00   -1.102000E+01   -1.071155E+01
   2.000000E-09    1.000000E+00    6.021000E-01    6.700000E+01    1.398000E+00   -1.208000E+00    7.796000E-01    2.716000E+00    2.301000E+00    2.944000E+00    2.176000E+00    3.041000E+00    7.520000E+00    1.045000E+01    2.660000E+00    5.000000E+00    5.300000E+01    3.375000E+00    2.893000E+00    3.850000E+00    2.224000E+00    6.690000E-02    8.974000E-04   -1.012000E+01    1.300000E+01    1.000000E+00    2.770000E+03    0.000000E+00   -1.000000E+01   -1.000000E+00   -1.157000E+01   -1.171694E+01
   2.090000E-09    4.000000E+00    1.580000E+00    7.900000E+01    1.398000E+00   -1.456000E+00    1.041000E+00    2.824000E+00    8.202000E-01    2.121000E+00   -1.000000E+01    2.940000E+00    8.900000E+00    6.307000E+00    1.300000E+00    7.000000E+00    9.000000E+01    3.398000E+00    3.044000E+00    4.990000E+00    1.318000E+00    4.778000E-02    8.974000E-04   -1.024000E+01    2.000000E+00    2.000000E+00    2.000000E+03    8.000000E+01   -1.000000E+01    0.000000E+00   -1.049000E+01   -1.046109E+01
   2.000000E-09    1.000000E+00    6.128000E-01    1.090000E+01    1.398000E+00   -2.000000E+00   -1.000000E+01    2.362000E+00   -1.000000E+01    2.550000E+00   -1.000000E+01   -1.000000E+01    8.000000E+00    1.045000E+01    2.660000E+00    5.000000E+00    5.300000E+01    3.375000E+00    2.893000E+00    3.850000E+00    1.425000E+00    6.690000E-02    8.974000E-04   -1.052000E+01    2.800000E+01    2.000000E+00    2.250000E+03    0.000000E+00   -1.000000E+01   -1.000000E+00   -9.991000E+00   -1.020825E+01
   8.470000E-10    2.000000E+00    1.748000E+00    1.110000E+02    1.903000E+00   -7.282000E-01    1.596000E+00    3.415000E+00    2.736000E+00    3.353000E+00    1.827000E+00    3.670000E+00    7.560000E+00    5.212000E+00    8.900000E-01    6.000000E+00    5.600000E+01    2.699000E+00    8.272000E-01    4.360000E+00    1.297000E+00    5.136000E-01    3.547000E-04   -9.844000E+00    2.000000E+00    1.000000E+00    1.400000E+03    9.200000E+01   -1.000000E+01    2.000000E+00   -8.626000E+00   -8.762416E+00
   8.050000E-10    2.000000E+00    1.580000E+00    7.870000E+01    1.398000E+00   -3.010000E-01   -1.000000E+01    4.061000E+00   -1.000000E+01   -1.000000E+01   -1.000000E+01   -1.000000E+01    7.260000E+00    5.695000E+00    9.500000E-01    5.000000E+00    3.800000E+01    2.491000E+00    8.596000E-01    3.850000E+00    1.316000E+00    4.621000E-01    8.974000E-04   -9.667000E+00    2.000000E+00    1.000000E+00    1.800000E+03    8.200000E+01   -1.000000E+01    2.000000E+00   -1.069000E+01   -1.062187E+01
   2.090000E-09    1.000000E+00    1.744000E+00    8.200000E+01    1.380000E+00   -6.108000E-01    1.176000E+00    3.262000E+00    3.292000E+00    3.770000E+00    1.447000E+00    3.051000E+00    7.200000E+00    3.894000E+00    7.900000E-01    6.000000E+00    5.500000E+01    2.333000E+00    2.097000E+00    4.360000E+00    1.170000E+00    4.632000E-02    9.199000E-04   -9.822000E+00    2.000000E+00    1.000000E+00    1.370000E+03    8.000000E+01   -1.000000E+01    1.000000E+00   -1.154000E+01   -1.101327E+01
   7.300000E-10    2.000000E+00    1.580000E+00    7.870000E+01    1.398000E+00   -1.000000E+00   -1.000000E+01    3.362000E+00   -1.000000E+01   -1.000000E+01   -1.000000E+01   -1.000000E+01    6.090000E+00    7.881000E+00    1.880000E+00    4.000000E+00    2.700000E+01    2.626000E+00    8.217000E-01    3.450000E+00    1.316000E+00    5.046000E-01    8.974000E-04   -1.002000E+01    2.000000E+00    1.000000E+00    1.200000E+03    8.200000E+01   -1.000000E+01    2.000000E+00   -1.019000E+01   -1.017564E+01
   2.000000E-09    1.000000E+00    1.447000E+00    1.080000E+02    1.398000E+00   -1.398000E+00   -1.000000E+01   -1.000000E+01    2.904000E+00   -1.000000E+01   -1.000000E+01   -1.000000E+01    1.250000E+01    1.297000E+01    3.160000E+00    3.000000E+00    1.700000E+01    2.822000E+00    2.419000E+00    2.890000E+00    1.586000E+00    6.690000E-02    8.974000E-04   -1.022000E+01    2.000000E+00    1.000000E+00    1.600000E+03    9.800000E+01   -1.000000E+01   -1.000000E+00   -1.049000E+01   -1.059149E+01
   6.240000E-10    3.000000E+00    1.580000E+00    7.900000E+01    1.398000E+00   -3.000000E+00   -1.000000E+01   -1.000000E+01   -1.000000E+01   -1.000000E+01    2.086000E+00   -1.000000E+01    8.200000E+00    5.974000E+00    1.300000E+00    7.000000E+00    9.500000E+01    3.307000E+00    8.845000E-01    4.990000E+00    1.318000E+00    5.727000E-01    8.974000E-04   -1.102000E+01    2.000000E+00    2.000000E+00    2.100000E+03    8.000000E+01   -1.000000E+01    3.000000E+00   -1.113000E+01   -1.097426E+01
   1.010000E-09    1.000000E+00    1.453000E+00    1.080000E+02    1.176000E+00   -1.000000E+01   -1.000000E+01   -1.000000E+01   -1.000000E+01   -1.000000E+01   -1.000000E+01   -1.000000E+01    5.663000E+00    5.139000E+00    9.300000E-01    3.000000E+00    1.100000E+01    1.777000E+00    7.958000E-01    2.890000E+00    1.580000E+00    3.488000E-01    1.162000E-03   -1.452000E+01    2.000000E+00    2.000000E+00    1.800000E+03    9.800000E+01   -1.000000E+01    1.000000E+00   -1.071000E+01   -1.067523E+01
   2.060000E-09    1.000000E+00   -1.549000E-01    1.000000E+01    1.362000E+00   -2.921000E+00   -8.239000E-01    1.200000E+00    7.168000E-01    7.536000E-01    1.409000E+00    7.388000E-01    9.500000E+00    3.894000E+00    7.900000E-01    6.000000E+00    5.500000E+01    2.333000E+00    2.074000E+00    4.360000E+00    2.155000E+00    5.114000E-02    9.432000E-04   -1.098000E+01    1.400000E+01    1.000000E+00    2.670000E+03    0.000000E+00   -1.000000E+01    1.000000E+00   -1.100000E+01   -1.108155E+01
   2.000000E-09    1.000000E+00    1.279000E+00    9.300000E+01    1.398000E+00   -1.383000E+00   -1.000000E+01    2.985000E+00   -1.000000E+01   -1.000000E+01    3.178000E+00    2.584000E+00    1.020000E+01    1.045000E+01    2.660000E+00    5.000000E+00    5.300000E+01    3.375000E+00    2.893000E+00    3.850000E+00    1.690000E+00    6.690000E-02    8.974000E-04   -1.021000E+01    2.000000E+00    1.000000E+00    1.600000E+03    4.750000E+01    1.954000E+00   -1.000000E+00   -9.796000E+00   -9.982904E+00
   1.550000E-09    4.000000E+00    6.232000E-01    6.700000E+01    1.398000E+00   -6.615000E-01    9.081000E-01    3.294000E+00    3.577000E+00    3.659000E+00    1.000000E+00    3.051000E+00    7.200000E+00    9.752000E+00    2.550000E+00    4.000000E+00    3.400000E+01    2.921000E+00    1.941000E+00    3.450000E+00    2.203000E+00    1.776000E-01    8.974000E-04   -9.847000E+00    1.300000E+01    1.000000E+00    1.450000E+03    0.000000E+00   -1.000000E+01   -1.000000E+00   -9.690000E+00   -9.758579E+00
   1.350000E-09    1.000000E+00    1.453000E+00    1.080000E+02    1.398000E+00   -1.000000E+01   -1.000000E+01   -1.000000E+01   -1.000000E+01   -1.000000E+01   -1.000000E+01   -1.000000E+01    7.806000E+00    5.139000E+00    9.300000E-01    3.000000E+00    1.100000E+01    1.777000E+00    1.028000E+00    2.890000E+00    1.580000E+00    2.376000E-01    8.974000E-04   -1.452000E+01    2.000000E+00    2.000000E+00    7.000000E+02    9.800000E+01   -1.000000E+01    1.000000E+00   -9.604000E+00   -9.568602E+00
   2.000000E-09    1.000000E+00   -5.229000E-01    8.000000E-01    1.380000E+00   -1.470000E+00    2.204000E+00    2.529000E+00    2.672000E+00    1.623000E+00   -1.000000E+01    1.362000E+00    1.160000E+01    1.297000E+01    3.160000E+00    3.000000E+00    1.700000E+01    2.822000E+00    2.427000E+00    2.890000E+00    1.426000E+00    6.544000E-02    9.199000E-04   -1.025000E+01    1.600000E+01    1.000000E+00    2.100000E+03    0.000000E+00   -1.000000E+01   -1.000000E+00   -9.886000E+00   -9.976293E+00
   1.010000E-09    1.000000E+00    1.453000E+00    1.080000E+02    1.176000E+00   -1.000000E+01   -1.000000E+01   -1.000000E+01   -1.000000E+01   -1.000000E+01   -1.000000E+01   -1.000000E+01    7.189000E+00    5.139000E+00    9.300000E-01    3.000000E+00    1.100000E+01    1.777000E+00    7.958000E-01    2.890000E+00    1.580000E+00    3.488000E-01    1.162000E-03   -1.452000E+01    2.000000E+00    2.000000E+00    8.000000E+02    9.800000E+01   -1.000000E+01    1.000000E+00   -9.807000E+00   -9.797586E+00
   2.020000E-09    1.000000E+00    2.025000E+00    8.100000E+01    1.398000E+00   -2.000000E+00   -1.000000E+01    2.362000E+00   -1.000000E+01    2.550000E+00   -1.000000E+01   -1.000000E+01    1.250000E+01    1.045000E+01    2.660000E+00    5.000000E+00    5.300000E+01    3.375000E+00    2.922000E+00    3.850000E+00    8.832000E-01    6.258000E-02    8.974000E-04   -1.052000E+01    2.500000E+01    1.000000E+00    1.650000E+03    0.000000E+00   -1.000000E+01   -1.000000E+00   -1.040000E+01   -1.047863E+01
   2.020000E-09    1.000000E+00    2.025000E+00    8.100000E+01    1.398000E+00   -3.010000E-01   -1.000000E+01    4.061000E+00   -1.000000E+01    4.250000E+00   -1.000000E+01   -1.000000E+01    1.250000E+01    1.045000E+01    2.660000E+00    5.000000E+00    5.300000E+01    3.375000E+00    2.922000E+00    3.850000E+00    8.832000E-01    6.258000E-02    8.974000E-04   -9.667000E+00    2.500000E+01    1.000000E+00    1.650000E+03    0.000000E+00   -1.000000E+01   -1.000000E+00   -1.022000E+01   -1.044489E+01
   8.050000E-10    2.000000E+00    1.580000E+00    7.870000E+01    1.398000E+00   -3.010000E-01   -1.000000E+01    4.061000E+00   -1.000000E+01    4.249000E+00   -1.000000E+01   -1.000000E+01    6.190000E+00    5.695000E+00    9.500000E-01    5.000000E+00    3.800000E+01    2.491000E+00    8.596000E-01    3.850000E+00    1.316000E+00    4.621000E-01    8.974000E-04   -9.667000E+00    2.000000E+00    1.000000E+00    1.750000E+03    8.200000E+01   -1.000000E+01    2.000000E+00   -9.538000E+00   -9.608053E+00
   8.050000E-10    2.000000E+00    2.155000E+00    8.300000E+01    1.398000E+00    0.000000E+00   -1.000000E+01    4.362000E+00   -1.000000E+01   -1.000000E+01   -1.000000E+01   -1.000000E+01    7.787000E+00    5.695000E+00    9.500000E-01    5.000000E+00    3.800000E+01    2.491000E+00    8.596000E-01    3.850000E+00    7.637000E-01    4.621000E-01    8.974000E-04   -9.516000E+00    3.000000E+00    1.000000E+00    1.950000E+03    1.000000E+02   -1.000000E+01    2.000000E+00   -1.092000E+01   -1.086328E+01
   2.100000E-09    0.000000E+00    1.279000E+00    9.300000E+01    1.398000E+00    8.198000E-01   -1.000000E+01    5.178000E+00    3.983000E+00    5.366000E+00    2.086000E+00   -1.000000E+01    1.250000E+01    1.360000E+01    2.200000E+00    1.000000E+00    1.000000E+00    8.499000E-01    7.650000E-01    8.500000E-01    1.690000E+00    4.571000E-02    8.974000E-04   -9.106000E+00    2.000000E+00    2.000000E+00    1.800000E+03    4.750000E+01   -1.000000E+01    0.000000E+00   -9.876000E+00   -1.001341E+01
   1.460000E-09    7.000000E+00    1.474000E+00    7.600000E+01    1.398000E+00   -6.882000E-01   -1.000000E+01    3.663000E+00   -1.000000E+01    3.851000E+00   -1.000000E+01   -1.000000E+01    7.000000E+00    7.834000E+00    1.900000E+00    6.000000E+00    7.500000E+01    3.309000E+00    2.071000E+00    4.360000E+00    1.407000E+00    2.036000E-01    8.974000E-04   -9.860000E+00    2.000000E+00    1.000000E+00    1.600000E+03    8.130000E+01   -1.000000E+01   -1.000000E+00   -1.064000E+01   -1.071183E+01
   5.000000E-10    4.000000E+00    1.744000E+00    8.200000E+01    1.398000E+00   -5.834000E-01    1.146000E+00    3.281000E+00    3.328000E+00    3.810000E+00    1.831000E+00    3.016000E+00    9.327000E+00    6.026000E+00    1.280000E+00    7.000000E+00    9.400000E+01    3.322000E+00    7.118000E-01    4.990000E+00    1.170000E+00    6.690000E-01    8.974000E-04   -9.808000E+00    2.000000E+00    2.000000E+00    1.740000E+03    8.000000E+01    1.875000E+00    0.000000E+00   -1.033000E+01   -1.043083E+01
   1.970000E-09    1.000000E+00    1.744000E+00    8.200000E+01    1.380000E+00   -6.576000E-01    1.176000E+00    3.262000E+00    3.292000E+00    3.770000E+00    1.447000E+00    3.583000E+00    7.200000E+00    1.045000E+01    2.660000E+00    5.000000E+00    5.300000E+01    3.375000E+00    2.859000E+00    3.850000E+00    1.170000E+00    7.200000E-02    9.199000E-04   -9.846000E+00    2.000000E+00    1.000000E+00    1.290000E+03    8.000000E+01   -1.000000E+01   -1.000000E+00   -9.857000E+00   -1.003424E+01
   1.550000E-09    4.000000E+00    1.408000E+00    7.200000E+01    1.398000E+00   -6.326000E-01   -1.000000E+01    3.612000E+00   -1.000000E+01   -1.000000E+01   -1.000000E+01   -1.000000E+01    7.000000E+00    9.752000E+00    2.550000E+00    4.000000E+00    3.400000E+01    2.921000E+00    1.941000E+00    3.450000E+00    1.449000E+00    1.776000E-01    8.974000E-04   -9.833000E+00    2.000000E+00    1.000000E+00    1.600000E+03    7.500000E+01   -1.000000E+01   -1.000000E+00   -1.080000E+01   -1.057804E+01
   7.420000E-10    1.000000E+00    1.453000E+00    1.080000E+02    6.990000E-01   -1.000000E+01   -1.000000E+01   -1.000000E+01   -1.000000E+01   -1.000000E+01   -1.000000E+01   -1.000000E+01    5.871000E+00    5.139000E+00    9.300000E-01    3.000000E+00    1.100000E+01    1.777000E+00    6.056000E-01    2.890000E+00    1.580000E+00    4.674000E-01    1.536000E-03   -1.453000E+01    2.000000E+00    2.000000E+00    1.000000E+03    9.800000E+01   -1.000000E+01    1.000000E+00   -1.010000E+01   -1.012671E+01
   1.550000E-09    1.000000E+00    1.453000E+00    1.080000E+02    1.477000E+00   -1.000000E+01   -1.000000E+01   -1.000000E+01   -1.000000E+01   -1.000000E+01   -1.000000E+01   -1.000000E+01    7.073000E+00    5.139000E+00    9.300000E-01    3.000000E+00    1.100000E+01    1.777000E+00    1.161000E+00    2.890000E+00    1.580000E+00    1.848000E-01    7.959000E-04   -1.451000E+01    2.000000E+00    2.000000E+00    1.000000E+03    9.800000E+01   -1.000000E+01    1.000000E+00   -9.793000E+00   -9.802050E+00
   2.090000E-09    1.000000E+00    1.744000E+00    8.200000E+01    1.380000E+00   -6.108000E-01    1.176000E+00    3.262000E+00    3.292000E+00    3.770000E+00    1.447000E+00    3.051000E+00    7.200000E+00    3.894000E+00    7.900000E-01    6.000000E+00    5.500000E+01    2.333000E+00    2.097000E+00    4.360000E+00    1.170000E+00    4.632000E-02    9.199000E-04   -9.822000E+00    2.000000E+00    1.000000E+00    1.330000E+03    8.000000E+01   -1.000000E+01    1.000000E+00   -1.115000E+01   -1.082383E+01
   2.000000E-09    1.000000E+00    6.990000E-01    4.000000E+00    1.398000E+00    2.625000E-01   -1.000000E+01    4.624000E+00   -1.000000E+01    4.812000E+00   -1.000000E+01   -1.000000E+01    5.500000E+00    1.297000E+01    3.160000E+00    3.000000E+00    1.700000E+01    2.822000E+00    2.419000E+00    2.890000E+00    9.031000E-01    6.690000E-02    8.974000E-04   -9.385000E+00    1.000000E+00    1.000000E+00    2.750000E+03    0.000000E+00   -1.000000E+01   -1.000000E+00   -1.415000E+01   -1.374258E+01
   8.480000E-10    2.000000E+00    4.771000E-01    2.000000E+00    1.398000E+00   -3.523000E+00   -1.000000E+01   -1.000000E+01    6.031000E-01    8.513000E-01   -1.000000E+01   -1.000000E+01    6.250000E+00    5.212000E+00    8.900000E-01    6.000000E+00    5.600000E+01    2.699000E+00    9.810000E-01    4.360000E+00    8.239000E-01    4.395000E-01    8.974000E-04   -1.128000E+01    8.000000E+00    1.000000E+00    2.640000E+03    0.000000E+00   -1.000000E+01    2.000000E+00   -1.213000E+01   -1.229006E+01
   2.570000E-09    1.000000E+00    1.453000E+00    1.080000E+02    1.699000E+00   -1.000000E+01   -1.000000E+01   -1.000000E+01   -1.000000E+01   -1.000000E+01   -1.000000E+01   -1.000000E+01    7.536000E+00    5.139000E+00    9.300000E-01    3.000000E+00    1.100000E+01    1.777000E+00    1.806000E+00    2.890000E+00    1.580000E+00   -7.034000E-03    5.279000E-04   -1.450000E+01    2.000000E+00    2.000000E+00    9.000000E+02    9.800000E+01   -1.000000E+01    1.000000E+00   -9.479000E+00   -9.492348E+00
   1.200000E-09    5.000000E+00    1.771000E+00    9.200000E+01    1.301000E+00   -2.000000E+00   -1.000000E+01    2.362000E+00   -1.000000E+01   -1.000000E+01   -1.000000E+01   -1.000000E+01    6.000000E+00    6.266000E+00    1.360000E+00    7.000000E+00    9.300000E+01    3.387000E+00    1.772000E+00    4.990000E+00    1.193000E+00    2.814000E-01    1.018000E-03   -1.052000E+01    3.000000E+00    2.000000E+00    7.800000E+02    9.800000E+01   -1.000000E+01    1.000000E+00   -9.682000E+00   -9.637749E+00
   8.100000E-10    4.000000E+00    1.748000E+00    1.110000E+02    1.398000E+00   -2.361000E+00    4.139000E-02    1.176000E+00    1.671000E+00    1.079000E+00    2.170000E+00    1.146000E+00    8.300000E+00    9.752000E+00    2.550000E+00    4.000000E+00    3.400000E+01    2.921000E+00    1.014000E+00    3.450000E+00    1.297000E+00    4.594000E-01    8.974000E-04   -1.070000E+01    2.000000E+00    2.000000E+00    1.650000E+03    9.300000E+01   -1.000000E+01   -2.000000E+00   -1.064000E+01   -1.069340E+01
   2.570000E-09    1.000000E+00    1.453000E+00    1.080000E+02    1.699000E+00   -1.000000E+00   -1.000000E+01    3.362000E+00   -1.000000E+01    3.550000E+00   -1.000000E+01   -1.000000E+01    7.076000E+00    5.139000E+00    9.300000E-01    3.000000E+00    1.100000E+01    1.777000E+00    1.806000E+00    2.890000E+00    1.580000E+00   -7.034000E-03    5.279000E-04   -9.999000E+00    2.000000E+00    2.000000E+00    1.000000E+03    9.800000E+01   -1.000000E+01    1.000000E+00   -9.559000E+00   -9.548960E+00
   1.300000E-09    1.000000E+00   -2.218000E-01    1.730000E+01    1.398000E+00   -1.292000E+00   -6.990000E-01    9.823000E-01    7.497000E-01    2.967000E-01    1.348000E+00    9.581000E-01    8.920000E+00    5.139000E+00    9.300000E-01    3.000000E+00    1.100000E+01    1.777000E+00    9.899000E-01    2.890000E+00    2.460000E+00    2.540000E-01    8.974000E-04   -1.016000E+01    2.700000E+01    1.000000E+00    2.440000E+03    0.000000E+00   -1.000000E+01    1.000000E+00   -1.072000E+01   -1.075565E+01
   1.200000E-09    4.000000E+00    1.279000E+00    9.300000E+01    1.398000E+00   -2.190000E-01   -1.000000E+01    4.105000E+00    2.983000E+00    2.697000E+00    2.086000E+00   -1.000000E+01    1.250000E+01    6.266000E+00    1.360000E+00    7.000000E+00    9.300000E+01    3.387000E+00    1.742000E+00    4.990000E+00    1.690000E+00    2.887000E-01    8.974000E-04   -9.626000E+00    2.000000E+00    2.000000E+00    1.200000E+03    4.750000E+01   -1.000000E+01    0.000000E+00   -9.821000E+00   -9.826740E+00
   5.000000E-10    4.000000E+00    1.744000E+00    8.200000E+01    1.398000E+00   -5.834000E-01    1.146000E+00    3.281000E+00    3.328000E+00    3.810000E+00    1.831000E+00    3.016000E+00    9.402000E+00    6.026000E+00    1.280000E+00    7.000000E+00    9.400000E+01    3.322000E+00    7.118000E-01    4.990000E+00    1.170000E+00    6.690000E-01    8.974000E-04   -9.808000E+00    2.000000E+00    2.000000E+00    2.120000E+03    8.000000E+01    1.875000E+00    0.000000E+00   -1.075000E+01   -1.061194E+01
   1.350000E-09    1.000000E+00    1.453000E+00    1.080000E+02    1.398000E+00   -1.000000E+01   -1.000000E+01   -1.000000E+01   -1.000000E+01   -1.000000E+01   -1.000000E+01   -1.000000E+01    7.250000E+00    5.139000E+00    9.300000E-01    3.000000E+00    1.100000E+01    1.777000E+00    1.028000E+00    2.890000E+00    1.580000E+00    2.376000E-01    8.974000E-04   -1.452000E+01    2.000000E+00    2.000000E+00    1.000000E+03    9.800000E+01   -1.000000E+01    1.000000E+00   -9.854000E+00   -9.802827E+00
   1.550000E-09    4.000000E+00    6.232000E-01    6.700000E+01    1.431000E+00   -1.146000E+00    1.301000E+00    3.024000E+00    2.243000E+00    3.027000E+00    2.556000E+00    2.970000E+00    7.580000E+00    9.752000E+00    2.550000E+00    4.000000E+00    3.400000E+01    2.921000E+00    1.928000E+00    3.450000E+00    2.203000E+00    1.805000E-01    8.547000E-04   -1.009000E+01    1.300000E+01    1.000000E+00    2.580000E+03    0.000000E+00   -1.000000E+01   -1.000000E+00   -1.314000E+01   -1.294658E+01
   2.950000E-09    1.000000E+00    1.453000E+00    1.080000E+02    1.602000E+00   -1.000000E+01   -1.000000E+01   -1.000000E+01   -1.000000E+01   -1.000000E+01   -1.000000E+01   -1.000000E+01    6.071000E+00    1.297000E+01    3.160000E+00    3.000000E+00    1.700000E+01    2.822000E+00    3.397000E+00    2.890000E+00    1.580000E+00   -8.057000E-02    6.389000E-04   -1.451000E+01    2.000000E+00    2.000000E+00    1.400000E+03    9.800000E+01   -1.000000E+01   -1.000000E+00   -9.830000E+00   -9.747850E+00
   8.100000E-10    4.000000E+00    2.025000E+00    8.100000E+01    1.342000E+00   -1.000000E+00   -1.000000E+01    3.362000E+00   -1.000000E+01    3.550000E+00   -1.000000E+01   -1.000000E+01    1.100000E+01    9.752000E+00    2.550000E+00    4.000000E+00    3.400000E+01    2.921000E+00    1.025000E+00    3.450000E+00    8.832000E-01    4.551000E-01    9.673000E-04   -1.002000E+01    2.500000E+01    1.000000E+00    1.530000E+03    0.000000E+00   -1.000000E+01   -2.000000E+00   -1.119000E+01   -1.129519E+01
   7.900000E-10    2.000000E+00    1.580000E+00    7.900000E+01    1.398000E+00   -1.000000E+00   -1.000000E+01    3.362000E+00   -1.000000E+01    3.550000E+00   -1.000000E+01   -1.000000E+01    3.000000E+00    5.695000E+00    9.500000E-01    5.000000E+00    3.800000E+01    2.491000E+00    8.436000E-01    3.850000E+00    1.318000E+00    4.703000E-01    8.974000E-04   -1.002000E+01    2.000000E+00    3.000000E+00    1.000000E+03    8.200000E+01   -1.000000E+01    2.000000E+00   -9.000000E+00   -9.044648E+00
   2.000000E-09    1.000000E+00    1.279000E+00    9.300000E+01    1.362000E+00   -1.000000E+00   -1.000000E+01    3.362000E+00   -1.000000E+01    3.550000E+00   -1.000000E+01   -1.000000E+01    1.250000E+01    1.045000E+01    2.660000E+00    5.000000E+00    5.300000E+01    3.375000E+00    2.913000E+00    3.850000E+00    1.690000E+00    6.398000E-02    9.432000E-04   -1.002000E+01    2.000000E+00    1.000000E+00    1.600000E+03    4.800000E+01    1.477000E+00   -1.000000E+00   -1.074000E+01   -1.071883E+01
   1.010000E-09    1.000000E+00    1.453000E+00    1.080000E+02    1.176000E+00   -1.000000E+01   -1.000000E+01   -1.000000E+01   -1.000000E+01   -1.000000E+01   -1.000000E+01   -1.000000E+01    6.688000E+00    5.139000E+00    9.300000E-01    3.000000E+00    1.100000E+01    1.777000E+00    7.958000E-01    2.890000E+00    1.580000E+00    3.488000E-01    1.162000E-03   -1.452000E+01    2.000000E+00    2.000000E+00    1.000000E+03    9.800000E+01   -1.000000E+01    1.000000E+00   -9.979000E+00   -9.955288E+00
   1.550000E-09    1.000000E+00    1.453000E+00    1.080000E+02    1.477000E+00   -1.000000E+01   -1.000000E+01   -1.000000E+01   -1.000000E+01   -1.000000E+01   -1.000000E+01   -1.000000E+01    6.511000E+00    5.139000E+00    9.300000E-01    3.000000E+00    1.100000E+01    1.777000E+00    1.161000E+00    2.890000E+00    1.580000E+00    1.848000E-01    7.959000E-04   -1.451000E+01    2.000000E+00    2.000000E+00    1.400000E+03    9.800000E+01   -1.000000E+01    1.000000E+00   -1.011000E+01   -1.009316E+01
   1.350000E-09    1.000000E+00    1.453000E+00    1.080000E+02    1.398000E+00   -6.990000E-01   -1.000000E+01    3.663000E+00   -1.000000E+01    3.851000E+00   -1.000000E+01   -1.000000E+01    6.798000E+00    5.139000E+00    9.300000E-01    3.000000E+00    1.100000E+01    1.777000E+00    1.028000E+00    2.890000E+00    1.580000E+00    2.376000E-01    8.974000E-04   -9.866000E+00    2.000000E+00    2.000000E+00    1.000000E+03    9.800000E+01   -1.000000E+01    1.000000E+00   -9.839000E+00   -9.817855E+00
   2.000000E-09    1.000000E+00    1.744000E+00    8.200000E+01    1.380000E+00   -5.918000E-01    1.146000E+00    3.279000E+00    3.328000E+00    3.785000E+00    1.831000E+00    3.016000E+00    7.500000E+00    1.045000E+01    2.660000E+00    5.000000E+00    5.300000E+01    3.375000E+00    2.903000E+00    3.850000E+00    1.170000E+00    6.544000E-02    9.199000E-04   -9.813000E+00    2.000000E+00    2.000000E+00    1.300000E+03    8.000000E+01   -1.000000E+01   -1.000000E+00   -9.836000E+00   -9.901135E+00
   1.180000E-09    1.000000E+00    1.453000E+00    1.080000E+02    6.990000E-01   -1.000000E+01   -1.000000E+01   -1.000000E+01   -1.000000E+01   -1.000000E+01   -1.000000E+01   -1.000000E+01    5.448000E+00    1.297000E+01    3.160000E+00    3.000000E+00    1.700000E+01    2.822000E+00    1.530000E+00    2.890000E+00    1.580000E+00    2.659000E-01    1.536000E-03   -1.453000E+01    2.000000E+00    2.000000E+00    1.100000E+03    9.800000E+01   -1.000000E+01   -1.000000E+00   -9.979000E+00   -9.869809E+00
   1.550000E-09    4.000000E+00    6.232000E-01    6.700000E+01    1.653000E+00   -1.398000E+00    8.451000E-01    2.784000E+00    1.869000E+00    2.785000E+00   -1.000000E+01    2.785000E+00    3.900000E+00    9.752000E+00    2.550000E+00    4.000000E+00    3.400000E+01    2.921000E+00    1.819000E+00    3.450000E+00    2.203000E+00    2.058000E-01    5.786000E-04   -1.020000E+01    1.300000E+01    3.000000E+00    1.800000E+03    0.000000E+00   -1.000000E+01   -1.000000E+00   -1.014000E+01   -9.904669E+00
   2.020000E-09    1.000000E+00    2.025000E+00    8.100000E+01    1.398000E+00   -2.000000E+00   -1.000000E+01    2.362000E+00   -1.000000E+01    2.550000E+00   -1.000000E+01   -1.000000E+01    1.250000E+01    1.045000E+01    2.660000E+00    5.000000E+00    5.300000E+01    3.375000E+00    2.922000E+00    3.850000E+00    8.832000E-01    6.258000E-02    8.974000E-04   -1.052000E+01    2.500000E+01    1.000000E+00    1.650000E+03    0.000000E+00   -1.000000E+01   -1.000000E+00   -1.045000E+01   -1.047863E+01
   1.550000E-09    4.000000E+00    6.232000E-01    6.700000E+01    1.491000E+00   -1.398000E+00    8.451000E-01    2.784000E+00    1.869000E+00    2.785000E+00   -1.000000E+01    2.785000E+00    7.900000E+00    9.752000E+00    2.550000E+00    4.000000E+00    3.400000E+01    2.921000E+00    1.903000E+00    3.450000E+00    2.203000E+00    1.863000E-01    7.777000E-04   -1.021000E+01    1.300000E+01    3.000000E+00    1.800000E+03    0.000000E+00   -1.000000E+01   -1.000000E+00   -9.921000E+00   -1.003967E+01
   2.100000E-09    0.000000E+00    1.279000E+00    9.300000E+01    1.398000E+00   -1.000000E+01   -1.000000E+01   -1.000000E+01   -1.000000E+01   -1.000000E+01   -1.000000E+01   -1.000000E+01    1.250000E+01    1.360000E+01    2.200000E+00    1.000000E+00    1.000000E+00    8.499000E-01    7.650000E-01    8.500000E-01    1.690000E+00    4.571000E-02    8.974000E-04   -1.452000E+01    2.000000E+00    2.000000E+00    1.200000E+03    4.750000E+01   -1.000000E+01    0.000000E+00   -9.432000E+00   -9.556514E+00
   2.220000E-09    0.000000E+00    1.833000E+00    7.100000E+01    1.415000E+00   -2.301000E+00   -1.000000E+01    2.061000E+00   -1.000000E+01    2.249000E+00   -1.000000E+01   -1.000000E+01    7.000000E+00    1.360000E+01    2.200000E+00    1.000000E+00    1.000000E+00    8.499000E-01    8.061000E-01    8.500000E-01    1.019000E+00    2.303000E-02    8.757000E-04   -1.067000E+01    6.000000E+00    1.000000E+00    1.500000E+03    0.000000E+00   -1.000000E+01    0.000000E+00   -9.842000E+00   -9.791583E+00
   2.100000E-09    1.000000E+00    1.453000E+00    1.080000E+02    1.342000E+00   -2.000000E+00   -1.000000E+01    2.362000E+00   -1.000000E+01    2.550000E+00   -1.000000E+01   -1.000000E+01    6.929000E+00    3.894000E+00    7.900000E-01    6.000000E+00    5.500000E+01    2.333000E+00    2.121000E+00    4.360000E+00    1.580000E+00    4.132000E-02    9.673000E-04   -1.052000E+01    2.000000E+00    2.000000E+00    1.000000E+03    9.999000E+01   -1.000000E+01    1.000000E+00   -9.654000E+00   -9.668467E+00
   4.300000E-10    4.000000E+00    1.279000E+00    9.300000E+01    1.398000E+00    0.000000E+00   -1.000000E+01   -1.000000E+01   -1.000000E+01   -1.000000E+01   -1.000000E+01   -1.000000E+01    9.000000E+00    6.194000E+00    1.380000E+00    7.000000E+00    9.200000E+01    3.368000E+00    6.207000E-01    4.990000E+00    1.690000E+00    7.345000E-01    8.974000E-04   -9.516000E+00    2.000000E+00    2.000000E+00    1.820000E+03    4.750000E+01   -1.000000E+01    0.000000E+00   -1.084000E+01   -1.080102E+01
   7.900000E-10    2.000000E+00    1.580000E+00    7.900000E+01    1.398000E+00   -1.000000E+00   -1.000000E+01    3.362000E+00   -1.000000E+01    3.550000E+00   -1.000000E+01   -1.000000E+01    9.000000E+00    5.695000E+00    9.500000E-01    5.000000E+00    3.800000E+01    2.491000E+00    8.436000E-01    3.850000E+00    1.318000E+00    4.703000E-01    8.974000E-04   -1.002000E+01    2.000000E+00    3.000000E+00    1.000000E+03    8.200000E+01   -1.000000E+01    2.000000E+00   -9.000000E+00   -8.969030E+00
   7.900000E-10    2.000000E+00    1.580000E+00    7.900000E+01    1.398000E+00   -1.000000E+00   -1.000000E+01    3.362000E+00   -1.000000E+01    3.550000E+00   -1.000000E+01   -1.000000E+01    6.600000E+00    5.695000E+00    9.500000E-01    5.000000E+00    3.800000E+01    2.491000E+00    8.436000E-01    3.850000E+00    1.318000E+00    4.703000E-01    8.974000E-04   -1.002000E+01    2.000000E+00    3.000000E+00    1.000000E+03    8.200000E+01   -1.000000E+01    2.000000E+00   -8.921000E+00   -8.928413E+00
   2.000000E-09    1.000000E+00    1.279000E+00    9.300000E+01    1.380000E+00   -3.010000E-01   -1.000000E+01    4.061000E+00   -1.000000E+01    4.250000E+00   -1.000000E+01   -1.000000E+01    1.250000E+01    1.297000E+01    3.160000E+00    3.000000E+00    1.700000E+01    2.822000E+00    2.427000E+00    2.890000E+00    1.690000E+00    6.544000E-02    9.199000E-04   -9.668000E+00    2.000000E+00    1.000000E+00    1.600000E+03    4.800000E+01    1.477000E+00   -1.000000E+00   -1.046000E+01   -1.045094E+01
   3.690000E-09    1.000000E+00    1.453000E+00    1.080000E+02    1.699000E+00   -3.010000E-01   -1.000000E+01    4.061000E+00   -1.000000E+01    4.249000E+00   -1.000000E+01   -1.000000E+01    5.907000E+00    1.297000E+01    3.160000E+00    3.000000E+00    1.700000E+01    2.822000E+00    4.118000E+00    2.890000E+00    1.580000E+00   -1.641000E-01    5.279000E-04   -9.649000E+00    2.000000E+00    2.000000E+00    1.000000E+03    9.800000E+01   -1.000000E+01   -1.000000E+00   -9.401000E+00   -9.455599E+00
   1.010000E-09    1.000000E+00    1.453000E+00    1.080000E+02    1.176000E+00   -1.000000E+01   -1.000000E+01   -1.000000E+01   -1.000000E+01   -1.000000E+01   -1.000000E+01   -1.000000E+01    6.059000E+00    5.139000E+00    9.300000E-01    3.000000E+00    1.100000E+01    1.777000E+00    7.958000E-01    2.890000E+00    1.580000E+00    3.488000E-01    1.162000E-03   -1.452000E+01    2.000000E+00    2.000000E+00    1.400000E+03    9.800000E+01   -1.000000E+01    1.000000E+00   -1.029000E+01   -1.031679E+01
   2.090000E-09    1.000000E+00    1.580000E+00    7.900000E+01    1.398000E+00   -1.166000E+00    2.934000E+00    2.265000E+00    2.882000E+00    3.027000E+00   -1.000000E+01    1.061000E+00    1.250000E+01    3.894000E+00    7.900000E-01    6.000000E+00    5.500000E+01    2.333000E+00    2.090000E+00    4.360000E+00    1.318000E+00    4.778000E-02    8.974000E-04   -1.010000E+01    2.000000E+00    1.000000E+00    2.000000E+03    8.000000E+01   -1.000000E+01    1.000000E+00   -9.824000E+00   -1.002316E+01
   3.690000E-09    1.000000E+00    1.453000E+00    1.080000E+02    1.699000E+00   -1.000000E+01   -1.000000E+01   -1.000000E+01   -1.000000E+01   -1.000000E+01   -1.000000E+01   -1.000000E+01    6.084000E+00    1.297000E+01    3.160000E+00    3.000000E+00    1.700000E+01    2.822000E+00    4.118000E+00    2.890000E+00    1.580000E+00   -1.641000E-01    5.279000E-04   -1.450000E+01    2.000000E+00    2.000000E+00    1.200000E+03    9.800000E+01   -1.000000E+01   -1.000000E+00   -9.564000E+00   -9.557433E+00
   1.200000E-09    4.000000E+00    1.279000E+00    9.300000E+01    1.398000E+00   -2.301000E+00   -1.000000E+01    2.362000E+00   -1.000000E+01   -1.000000E+01   -1.000000E+01   -1.000000E+01    7.000000E+00    6.266000E+00    1.360000E+00    7.000000E+00    9.300000E+01    3.387000E+00    1.742000E+00    4.990000E+00    1.690000E+00    2.887000E-01    8.974000E-04   -1.067000E+01    2.000000E+00    2.000000E+00    1.800000E+03    4.750000E+01   -1.000000E+01    0.000000E+00   -1.037000E+01   -1.038599E+01
   5.490000E-09    1.000000E+00    1.477000E+00    6.010000E+01    1.845000E+00   -2.854000E+00   -1.000000E+01    1.508000E+00   -1.000000E+01   -1.000000E+01    1.932000E+00   -1.000000E+01    5.171000E+00    3.894000E+00    7.900000E-01    6.000000E+00    5.500000E+01    2.333000E+00    4.770000E+00    4.360000E+00    1.302000E+00   -3.106000E-01    3.939000E-04   -1.091000E+01    2.000000E+00    2.000000E+00    1.100000E+03    5.000000E+01   -1.000000E+01    1.000000E+00   -8.688000E+00   -8.715369E+00
   2.000000E-09    1.000000E+00    1.602000E+00    1.400000E+01    1.362000E+00   -9.586000E-01    9.345000E-01    3.403000E+00    5.328000E-01    3.575000E+00    2.387000E+00    1.904000E+00    8.200000E+00    1.045000E+01    2.660000E+00    5.000000E+00    5.300000E+01    3.375000E+00    2.913000E+00    3.850000E+00    5.441000E-01    6.398000E-02    9.432000E-04   -9.997000E+00    5.000000E+00    1.000000E+00    2.450000E+03    0.000000E+00   -1.000000E+01   -1.000000E+00   -1.182000E+01   -1.181025E+01
   2.000000E-09    4.000000E+00    1.744000E+00    8.200000E+01    1.362000E+00   -1.775000E+00    4.829000E-01    2.378000E+00    1.684000E+00    8.306000E-01    2.668000E+00    1.386000E+00    7.520000E+00    7.280000E+00    1.900000E+00    5.000000E+00    4.300000E+01    2.817000E+00    2.431000E+00    3.850000E+00    1.170000E+00    6.398000E-02    9.432000E-04   -1.041000E+01    2.000000E+00    1.000000E+00    1.200000E+03    8.000000E+01   -1.000000E+01    0.000000E+00   -1.074000E+01   -1.064010E+01
   2.140000E-09    0.000000E+00   -1.549000E-01    1.000000E+01    1.362000E+00   -5.157000E-01    1.000000E+00    3.380000E+00    3.405000E+00    3.922000E+00    1.230000E+00    2.230000E+00    8.700000E+00    1.360000E+01    2.200000E+00    1.000000E+00    1.000000E+00    8.499000E-01    7.849000E-01    8.500000E-01    2.155000E+00    3.459000E-02    9.432000E-04   -9.776000E+00    1.400000E+01    1.000000E+00    2.730000E+03    0.000000E+00   -1.000000E+01    0.000000E+00   -1.128000E+01   -1.111063E+01
   2.220000E-09    0.000000E+00    1.531000E+00    1.300000E+01    1.398000E+00   -4.510000E-01    1.806000E+00    3.749000E+00    2.949000E+00    3.984000E+00    1.477000E+00    3.368000E+00    7.680000E+00    1.360000E+01    2.200000E+00    1.000000E+00    1.000000E+00    8.499000E-01    8.088000E-01    8.500000E-01    5.825000E-01    2.158000E-02    8.974000E-04   -9.742000E+00    4.000000E+00    1.000000E+00    2.700000E+03    0.000000E+00   -1.000000E+01    0.000000E+00   -1.094000E+01   -1.107024E+01
   2.032000E-10    1.000000E+00    1.531000E+00    1.300000E+01    1.362000E+00   -4.510000E-01    1.806000E+00    3.749000E+00    2.949000E+00    3.984000E+00    1.477000E+00    3.368000E+00    7.680000E+00    1.297000E+01    3.160000E+00    3.000000E+00    1.700000E+01    2.822000E+00    2.474000E-01    2.890000E+00    5.825000E-01    1.057000E+00    9.432000E-04   -9.743000E+00    4.000000E+00    1.000000E+00    2.700000E+03    0.000000E+00   -1.000000E+01   -1.000000E+00   -1.163000E+01   -1.173980E+01
   8.100000E-10    4.000000E+00    6.232000E-01    6.700000E+01    1.699000E+00   -1.398000E+00    8.451000E-01    2.784000E+00    1.869000E+00    2.785000E+00   -1.000000E+01    2.785000E+00    8.100000E+00    9.752000E+00    2.550000E+00    4.000000E+00    3.400000E+01    2.921000E+00    9.358000E-01    3.450000E+00    2.203000E+00    4.944000E-01    5.279000E-04   -1.020000E+01    1.300000E+01    3.000000E+00    1.800000E+03    0.000000E+00   -1.000000E+01   -2.000000E+00   -9.606000E+00   -9.715594E+00
   1.000000E-10    6.000000E+00    1.279000E+00    9.300000E+01    1.398000E+00   -1.000000E+01   -1.000000E+01   -1.000000E+01   -1.000000E+01   -1.000000E+01   -1.000000E+01   -1.000000E+01    9.000000E+00    6.194000E+00    1.380000E+00    7.000000E+00    9.200000E+01    3.368000E+00    1.443000E-01    4.990000E+00    1.690000E+00    1.368000E+00    8.974000E-04   -1.452000E+01    2.000000E+00    2.000000E+00    1.000000E+03    4.750000E+01   -1.000000E+01   -1.000000E+00   -1.076000E+01   -1.054341E+01
   2.010000E-09    1.000000E+00    1.453000E+00    1.080000E+02    1.602000E+00   -1.000000E+00   -1.000000E+01    3.362000E+00   -1.000000E+01    3.550000E+00   -1.000000E+01   -1.000000E+01    7.234000E+00    5.139000E+00    9.300000E-01    3.000000E+00    1.100000E+01    1.777000E+00    1.457000E+00    2.890000E+00    1.580000E+00    8.605000E-02    6.389000E-04   -1.001000E+01    2.000000E+00    2.000000E+00    1.000000E+03    9.800000E+01   -1.000000E+01    1.000000E+00   -9.666000E+00   -9.691454E+00
   2.100000E-09    0.000000E+00    1.279000E+00    9.300000E+01    1.398000E+00   -2.190000E-01   -1.000000E+01    4.105000E+00    2.983000E+00    2.697000E+00    2.086000E+00   -1.000000E+01    1.250000E+01    1.360000E+01    2.200000E+00    1.000000E+00    1.000000E+00    8.499000E-01    7.650000E-01    8.500000E-01    1.690000E+00    4.571000E-02    8.974000E-04   -9.626000E+00    2.000000E+00    2.000000E+00    1.200000E+03    4.750000E+01   -1.000000E+01    0.000000E+00   -9.272000E+00   -9.557138E+00
   2.000000E-09    1.000000E+00    1.447000E+00    1.080000E+02    1.398000E+00   -1.016000E+00   -1.000000E+01    3.353000E+00   -1.000000E+01   -1.000000E+01    3.541000E+00    2.956000E+00    1.040000E+01    1.297000E+01    3.160000E+00    3.000000E+00    1.700000E+01    2.822000E+00    2.419000E+00    2.890000E+00    1.586000E+00    6.690000E-02    8.974000E-04   -1.002000E+01    2.000000E+00    1.000000E+00    1.600000E+03    9.800000E+01    1.845000E+00   -1.000000E+00   -1.014000E+01   -1.006581E+01
   2.040000E-09    1.000000E+00    1.744000E+00    8.200000E+01    1.380000E+00   -6.576000E-01    1.176000E+00    3.262000E+00    3.292000E+00    3.770000E+00    1.447000E+00    3.583000E+00    7.200000E+00    3.894000E+00    7.900000E-01    6.000000E+00    5.500000E+01    2.333000E+00    2.047000E+00    4.360000E+00    1.170000E+00    5.684000E-02    9.199000E-04   -9.846000E+00    2.000000E+00    1.000000E+00    1.380000E+03    8.000000E+01   -1.000000E+01    1.000000E+00   -9.921000E+00   -9.971674E+00
   8.890000E-10    4.000000E+00    2.025000E+00    8.100000E+01    1.352000E+00   -2.000000E+00   -1.000000E+01    2.362000E+00   -1.000000E+01    2.550000E+00   -1.000000E+01   -1.000000E+01    1.250000E+01    1.126000E+01    2.550000E+00    2.000000E+00    6.000000E+00    1.811000E+00    6.958000E-01    1.990000E+00    8.832000E-01    4.154000E-01    9.552000E-04   -1.052000E+01    2.500000E+01    1.000000E+00    1.650000E+03    0.000000E+00   -1.000000E+01   -2.000000E+00   -1.079000E+01   -1.100361E+01
   2.032000E-10    1.000000E+00    1.748000E+00    1.110000E+02    1.903000E+00   -7.620000E-01    1.567000E+00    3.375000E+00    2.707000E+00    3.224000E+00    1.850000E+00    3.685000E+00    7.570000E+00    1.297000E+01    3.160000E+00    3.000000E+00    1.700000E+01    2.822000E+00    2.075000E-01    2.890000E+00    1.297000E+00    1.134000E+00    3.547000E-04   -9.860000E+00    2.000000E+00    1.000000E+00    1.200000E+03    9.200000E+01   -1.000000E+01   -1.000000E+00   -9.455000E+00   -9.667758E+00
   6.080000E-10    3.000000E+00    1.279000E+00    9.300000E+01    1.371000E+00    7.918000E-02   -1.000000E+01    4.281000E+00   -1.000000E+01    2.401000E+00    4.248000E+00    4.062000E+00    5.300000E+00    5.644000E+00    1.170000E+00    6.000000E+00    6.200000E+01    2.809000E+00    7.356000E-01    4.360000E+00    1.690000E+00    5.818000E-01    9.315000E-04   -9.478000E+00    2.000000E+00    1.000000E+00    1.800000E+03    4.750000E+01   -1.000000E+01    3.000000E+00   -9.886000E+00   -1.011491E+01
   4.300000E-10    4.000000E+00    1.279000E+00    9.300000E+01    1.398000E+00    0.000000E+00   -1.000000E+01   -1.000000E+01   -1.000000E+01   -1.000000E+01   -1.000000E+01   -1.000000E+01    9.000000E+00    6.194000E+00    1.380000E+00    7.000000E+00    9.200000E+01    3.368000E+00    6.207000E-01    4.990000E+00    1.690000E+00    7.345000E-01    8.974000E-04   -9.516000E+00    2.000000E+00    2.000000E+00    1.610000E+03    4.750000E+01    1.602000E+00    0.000000E+00   -1.044000E+01   -1.046004E+01
   9.230000E-10    4.000000E+00    1.279000E+00    9.300000E+01    1.352000E+00   -2.000000E+00   -1.000000E+01    1.362000E+00   -1.000000E+01   -1.000000E+01   -1.000000E+01   -1.000000E+01    1.250000E+01    1.126000E+01    2.550000E+00    2.000000E+00    6.000000E+00    1.811000E+00    7.224000E-01    1.990000E+00    1.690000E+00    3.991000E-01    9.552000E-04   -1.052000E+01    2.000000E+00    1.000000E+00    1.600000E+03    4.750000E+01    1.477000E+00   -2.000000E+00   -1.174000E+01   -1.176483E+01
   5.000000E-10    3.000000E+00    1.436000E+00    5.870000E+01    1.176000E+00   -2.218000E-01   -1.000000E+01    4.140000E+00   -1.000000E+01    4.328000E+00   -1.000000E+01   -1.000000E+01    5.300000E+00    5.670000E+00    1.200000E+00    6.000000E+00    6.300000E+01    2.815000E+00    6.243000E-01    4.360000E+00    1.332000E+00    6.541000E-01    1.162000E-03   -9.635000E+00    2.000000E+00    1.000000E+00    1.400000E+03    7.800000E+01   -1.000000E+01   -1.000000E+00   -1.055000E+01   -1.052373E+01
   1.460000E-09    7.000000E+00    1.474000E+00    7.600000E+01    1.398000E+00   -1.518000E-01   -1.000000E+01    4.207000E+00   -1.000000E+01    4.395000E+00   -1.000000E+01   -1.000000E+01    7.000000E+00    7.834000E+00    1.900000E+00    6.000000E+00    7.500000E+01    3.309000E+00    2.071000E+00    4.360000E+00    1.407000E+00    2.036000E-01    8.974000E-04   -9.592000E+00    2.000000E+00    1.000000E+00    1.600000E+03    8.130000E+01   -1.000000E+01   -1.000000E+00   -1.060000E+01   -1.064291E+01
   6.600000E-10    2.000000E+00    1.279000E+00    9.300000E+01    1.398000E+00    8.198000E-01   -1.000000E+01    5.178000E+00    3.983000E+00    5.366000E+00    2.086000E+00   -1.000000E+01    1.250000E+01    7.640000E+00    1.910000E+00    4.000000E+00    2.800000E+01    2.586000E+00    7.315000E-01    3.450000E+00    1.690000E+00    5.484000E-01    8.974000E-04   -9.106000E+00    2.000000E+00    2.000000E+00    1.800000E+03    4.750000E+01   -1.000000E+01    2.000000E+00   -1.063000E+01   -1.064082E+01
   1.200000E-09    4.000000E+00    6.021000E-01    6.700000E+01    1.415000E+00    6.070000E-02   -1.000000E+01    4.403000E+00   -1.000000E+01   -1.000000E+01    4.785000E+00   -1.000000E+01    8.900000E+00    6.266000E+00    1.360000E+00    7.000000E+00    9.300000E+01    3.387000E+00    1.736000E+00    4.990000E+00    2.224000E+00    2.902000E-01    8.757000E-04   -9.485000E+00    1.300000E+01    1.000000E+00    2.640000E+03    0.000000E+00   -1.000000E+01   -4.000000E+00   -1.242000E+01   -1.247890E+01
   9.230000E-10    4.000000E+00    1.744000E+00    8.200000E+01    1.362000E+00   -5.768000E-01    1.437000E+00    3.430000E+00    3.204000E+00    3.844000E+00    1.086000E+00    3.126000E+00    7.700000E+00    1.126000E+01    2.550000E+00    2.000000E+00    6.000000E+00    1.811000E+00    7.212000E-01    1.990000E+00    1.170000E+00    3.998000E-01    9.432000E-04   -9.806000E+00    2.000000E+00    1.000000E+00    1.430000E+03    8.000000E+01   -1.000000E+01   -2.000000E+00   -1.226000E+01   -1.225391E+01
   2.000000E-09    7.000000E+00    6.232000E-01    6.700000E+01    1.398000E+00   -2.578000E+00   -1.550000E-01    1.756000E+00    8.701000E-01    1.225000E+00   -1.000000E+01    1.403000E+00    8.060000E+00    7.280000E+00    1.900000E+00    5.000000E+00    4.300000E+01    2.817000E+00    2.415000E+00    3.850000E+00    2.203000E+00    6.690000E-02    8.974000E-04   -1.081000E+01    1.300000E+01    1.000000E+00    1.450000E+03    0.000000E+00   -1.000000E+01   -1.000000E+00   -9.157000E+00   -9.162719E+00
   2.000000E-09    1.000000E+00    1.436000E+00    5.870000E+01    1.176000E+00   -3.010000E-01   -1.000000E+01    4.061000E+00   -1.000000E+01    4.249000E+00   -1.000000E+01   -1.000000E+01    3.130000E+00    1.045000E+01    2.660000E+00    5.000000E+00    5.300000E+01    3.375000E+00    2.994000E+00    3.850000E+00    1.332000E+00    5.208000E-02    1.162000E-03   -9.674000E+00    2.000000E+00    1.000000E+00    1.400000E+03    7.800000E+01   -1.000000E+01   -1.000000E+00   -9.987000E+00   -1.003544E+01
   1.460000E-09    7.000000E+00    1.408000E+00    7.200000E+01    1.398000E+00   -1.184000E+00    1.199000E+00    3.079000E+00    2.103000E+00    2.783000E+00    1.919000E+00    2.732000E+00    8.300000E+00    7.834000E+00    1.900000E+00    6.000000E+00    7.500000E+01    3.309000E+00    2.071000E+00    4.360000E+00    1.449000E+00    2.036000E-01    8.974000E-04   -1.011000E+01    2.000000E+00    1.000000E+00    1.700000E+03    7.500000E+01   -1.000000E+01   -1.000000E+00   -1.102000E+01   -1.099176E+01
   5.000000E-10    3.000000E+00    1.436000E+00    5.870000E+01    1.176000E+00   -2.218000E-01   -1.000000E+01    4.140000E+00   -1.000000E+01    4.328000E+00   -1.000000E+01   -1.000000E+01    5.300000E+00    5.670000E+00    1.200000E+00    6.000000E+00    6.300000E+01    2.815000E+00    6.243000E-01    4.360000E+00    1.332000E+00    6.541000E-01    1.162000E-03   -9.635000E+00    2.000000E+00    1.000000E+00    1.300000E+03    7.800000E+01   -1.000000E+01   -1.000000E+00   -1.044000E+01   -1.046469E+01
   1.640000E-09    2.000000E+00    1.279000E+00    9.300000E+01    1.352000E+00   -1.807000E+00   -1.000000E+01    2.378000E+00   -1.000000E+01   -1.000000E+01   -1.000000E+01    2.699000E+00    7.250000E+00    9.752000E+00    2.550000E+00    4.000000E+00    3.400000E+01    2.921000E+00    2.071000E+00    3.450000E+00    1.690000E+00    1.494000E-01    9.552000E-04   -1.042000E+01    2.000000E+00    2.000000E+00    1.600000E+03    5.000000E+01   -1.000000E+01   -1.000000E+00   -1.004000E+01   -1.008487E+01
   7.910000E-10    2.000000E+00    1.748000E+00    1.110000E+02    1.398000E+00   -7.282000E-01    1.596000E+00    3.415000E+00    2.736000E+00    3.353000E+00    1.827000E+00    3.670000E+00    7.560000E+00    5.695000E+00    9.500000E-01    5.000000E+00    3.800000E+01    2.491000E+00    8.447000E-01    3.850000E+00    1.297000E+00    4.698000E-01    8.974000E-04   -9.880000E+00    2.000000E+00    1.000000E+00    1.400000E+03    9.200000E+01   -1.000000E+01    2.000000E+00   -9.517000E+00   -9.577503E+00
   7.420000E-10    1.000000E+00    1.453000E+00    1.080000E+02    6.990000E-01   -1.000000E+01   -1.000000E+01   -1.000000E+01   -1.000000E+01   -1.000000E+01   -1.000000E+01   -1.000000E+01    4.895000E+00    5.139000E+00    9.300000E-01    3.000000E+00    1.100000E+01    1.777000E+00    6.056000E-01    2.890000E+00    1.580000E+00    4.674000E-01    1.536000E-03   -1.453000E+01    2.000000E+00    2.000000E+00    1.800000E+03    9.800000E+01   -1.000000E+01    1.000000E+00   -1.080000E+01   -1.071561E+01
   2.032000E-10    1.000000E+00    1.748000E+00    1.110000E+02    1.602000E+00   -7.282000E-01    1.596000E+00    3.415000E+00    2.736000E+00    3.353000E+00    1.827000E+00    3.670000E+00    7.560000E+00    1.297000E+01    3.160000E+00    3.000000E+00    1.700000E+01    2.822000E+00    2.340000E-01    2.890000E+00    1.297000E+00    1.081000E+00    6.389000E-04   -9.870000E+00    2.000000E+00    1.000000E+00    1.400000E+03    9.200000E+01   -1.000000E+01   -1.000000E+00   -1.014000E+01   -9.967552E+00
   8.500000E-10    2.000000E+00    6.021000E-01    6.700000E+01    1.398000E+00   -2.523000E+00   -1.000000E+01   -1.000000E+01   -1.000000E+01    1.851000E+00   -1.000000E+01   -1.000000E+01    6.100000E+00    5.212000E+00    8.900000E-01    6.000000E+00    5.600000E+01    2.699000E+00    9.833000E-01    4.360000E+00    2.224000E+00    4.385000E-01    8.974000E-04   -1.078000E+01    1.300000E+01    1.000000E+00    2.640000E+03    0.000000E+00   -1.000000E+01    2.000000E+00   -1.265000E+01   -1.261959E+01
   2.000000E-09    1.000000E+00    1.447000E+00    1.080000E+02    1.362000E+00    6.990000E-01   -1.000000E+01    5.061000E+00   -1.000000E+01   -1.000000E+01   -1.000000E+01   -1.000000E+01    1.250000E+01    1.045000E+01    2.660000E+00    5.000000E+00    5.300000E+01    3.375000E+00    2.913000E+00    3.850000E+00    1.586000E+00    6.398000E-02    9.432000E-04   -9.168000E+00    2.000000E+00    1.000000E+00    9.000000E+02    1.000000E+02   -1.000000E+01   -1.000000E+00   -1.026000E+01   -1.035884E+01
   1.550000E-09    4.000000E+00    1.408000E+00    7.200000E+01    1.114000E+00   -1.018000E+00    1.176000E+00    3.069000E+00    2.685000E+00    3.064000E+00    1.708000E+00    3.353000E+00    4.000000E+00    9.752000E+00    2.550000E+00    4.000000E+00    3.400000E+01    2.921000E+00    2.022000E+00    3.450000E+00    1.449000E+00    1.598000E-01    1.226000E-03   -1.003000E+01    2.000000E+00    1.000000E+00    1.300000E+03    7.500000E+01   -1.000000E+01   -1.000000E+00   -1.027000E+01   -1.022296E+01
   2.100000E-09    0.000000E+00   -2.218000E-01    1.730000E+01    1.362000E+00   -3.000000E+00   -6.990000E-01    9.823000E-01    7.497000E-01    2.967000E-01    1.348000E+00    9.581000E-01    8.920000E+00    1.360000E+01    2.200000E+00    1.000000E+00    1.000000E+00    8.499000E-01    7.702000E-01    8.500000E-01    2.460000E+00    4.279000E-02    9.432000E-04   -1.102000E+01    2.700000E+01    1.000000E+00    2.440000E+03    0.000000E+00   -1.000000E+01    0.000000E+00   -1.062000E+01   -1.056874E+01
   2.020000E-09    1.000000E+00    2.025000E+00    8.100000E+01    1.398000E+00   -1.000000E+00   -1.000000E+01    3.362000E+00   -1.000000E+01    3.550000E+00   -1.000000E+01   -1.000000E+01    1.250000E+01    1.045000E+01    2.660000E+00    5.000000E+00    5.300000E+01    3.375000E+00    2.922000E+00    3.850000E+00    8.832000E-01    6.258000E-02    8.974000E-04   -1.002000E+01    2.500000E+01    1.000000E+00    1.650000E+03    0.000000E+00   -1.000000E+01   -1.000000E+00   -1.032000E+01   -1.049816E+01
   2.570000E-09    1.000000E+00    1.453000E+00    1.080000E+02    1.699000E+00   -1.000000E+01   -1.000000E+01   -1.000000E+01   -1.000000E+01   -1.000000E+01   -1.000000E+01   -1.000000E+01    7.870000E+00    5.139000E+00    9.300000E-01    3.000000E+00    1.100000E+01    1.777000E+00    1.806000E+00    2.890000E+00    1.580000E+00   -7.034000E-03    5.279000E-04   -1.450000E+01    2.000000E+00    2.000000E+00    8.000000E+02    9.800000E+01   -1.000000E+01    1.000000E+00   -9.401000E+00   -9.434862E+00
   4.300000E-10    4.000000E+00    1.279000E+00    9.300000E+01    1.398000E+00    0.000000E+00   -1.000000E+01   -1.000000E+01   -1.000000E+01   -1.000000E+01   -1.000000E+01   -1.000000E+01    9.000000E+00    6.194000E+00    1.380000E+00    7.000000E+00    9.200000E+01    3.368000E+00    6.207000E-01    4.990000E+00    1.690000E+00    7.345000E-01    8.974000E-04   -9.516000E+00    2.000000E+00    2.000000E+00    1.710000E+03    4.750000E+01   -1.000000E+01    0.000000E+00   -1.072000E+01   -1.077014E+01
   2.040000E-09    1.000000E+00    1.447000E+00    1.300000E+01    1.380000E+00   -4.089000E-01    1.799000E+00    3.742000E+00    3.015000E+00    4.027000E+00    1.462000E+00    3.132000E+00    7.600000E+00    3.894000E+00    7.900000E-01    6.000000E+00    5.500000E+01    2.333000E+00    2.047000E+00    4.360000E+00    6.668000E-01    5.684000E-02    9.199000E-04   -9.721000E+00    4.000000E+00    2.000000E+00    2.400000E+03    0.000000E+00   -1.000000E+01    1.000000E+00   -1.052000E+01   -1.047248E+01
   7.570000E-10    2.000000E+00    1.744000E+00    8.200000E+01    1.362000E+00   -5.719000E-01    1.437000E+00    3.441000E+00    3.205000E+00    3.851000E+00    1.086000E+00    3.129000E+00    7.700000E+00    5.695000E+00    9.500000E-01    5.000000E+00    3.800000E+01    2.491000E+00    8.138000E-01    3.850000E+00    1.170000E+00    4.859000E-01    9.432000E-04   -9.804000E+00    2.000000E+00    1.000000E+00    1.600000E+03    8.000000E+01    1.699000E+00    2.000000E+00   -1.062000E+01   -1.063903E+01
   8.890000E-10    2.000000E+00    1.477000E+00    6.010000E+01    1.398000E+00   -2.899000E-01   -1.000000E+01    4.072000E+00   -1.000000E+01    4.260000E+00   -1.000000E+01   -1.000000E+01    9.351000E+00    5.278000E+00    9.000000E-01    7.000000E+00    8.800000E+01    3.109000E+00    1.185000E+00    4.990000E+00    1.302000E+00    4.190000E-01    8.974000E-04   -9.661000E+00    2.000000E+00    2.000000E+00    1.800000E+03    4.750000E+01   -1.000000E+01    2.000000E+00   -1.050000E+01   -1.054452E+01
   1.130000E-09    6.000000E+00    1.780000E+00    7.600000E+01    1.301000E+00   -3.010000E-01   -1.000000E+01    4.061000E+00   -1.000000E+01    4.249000E+00   -1.000000E+01   -1.000000E+01    7.500000E+00    6.767000E+00    1.660000E+00    4.000000E+00    2.400000E+01    2.434000E+00    1.199000E+00    3.450000E+00    1.100000E+00    3.075000E-01    1.018000E-03   -9.670000E+00    2.000000E+00    1.000000E+00    1.400000E+03    4.600000E+01   -1.000000E+01   -1.000000E+00   -1.036000E+01   -1.037862E+01
   1.300000E-09    1.000000E+00   -1.549000E-01    1.000000E+01    1.398000E+00   -5.157000E-01    1.000000E+00    3.380000E+00    3.405000E+00    3.922000E+00    1.230000E+00    2.230000E+00    8.770000E+00    5.139000E+00    9.300000E-01    3.000000E+00    1.100000E+01    1.777000E+00    9.899000E-01    2.890000E+00    2.155000E+00    2.540000E-01    8.974000E-04   -9.774000E+00    1.400000E+01    1.000000E+00    2.610000E+03    0.000000E+00   -1.000000E+01    1.000000E+00   -1.114000E+01   -1.114344E+01
   2.570000E-09    1.000000E+00    1.453000E+00    1.080000E+02    1.699000E+00   -1.301000E+00   -1.000000E+01    3.061000E+00   -1.000000E+01    3.249000E+00   -1.000000E+01   -1.000000E+01    7.488000E+00    5.139000E+00    9.300000E-01    3.000000E+00    1.100000E+01    1.777000E+00    1.806000E+00    2.890000E+00    1.580000E+00   -7.034000E-03    5.279000E-04   -1.015000E+01    2.000000E+00    2.000000E+00    1.000000E+03    9.800000E+01   -1.000000E+01    1.000000E+00   -9.559000E+00   -9.552637E+00
   2.220000E-09    0.000000E+00    6.232000E-01    6.700000E+01    1.398000E+00   -6.615000E-01    9.081000E-01    3.294000E+00    3.577000E+00    3.659000E+00    1.000000E+00    3.051000E+00    7.200000E+00    1.360000E+01    2.200000E+00    1.000000E+00    1.000000E+00    8.499000E-01    8.088000E-01    8.500000E-01    2.203000E+00    2.158000E-02    8.974000E-04   -9.847000E+00    1.300000E+01    1.000000E+00    1.450000E+03    0.000000E+00   -1.000000E+01    0.000000E+00   -9.412000E+00   -9.013379E+00
   2.950000E-09    1.000000E+00    1.453000E+00    1.080000E+02    1.602000E+00   -1.000000E+01   -1.000000E+01   -1.000000E+01   -1.000000E+01   -1.000000E+01   -1.000000E+01   -1.000000E+01    6.138000E+00    1.297000E+01    3.160000E+00    3.000000E+00    1.700000E+01    2.822000E+00    3.397000E+00    2.890000E+00    1.580000E+00   -8.057000E-02    6.389000E-04   -1.451000E+01    2.000000E+00    2.000000E+00    1.100000E+03    9.800000E+01   -1.000000E+01   -1.000000E+00   -9.578000E+00   -9.539320E+00
   1.460000E-09    7.000000E+00    1.780000E+00    7.600000E+01    1.301000E+00   -3.010000E-01   -1.000000E+01    4.061000E+00   -1.000000E+01    4.249000E+00   -1.000000E+01   -1.000000E+01    7.000000E+00    7.834000E+00    1.900000E+00    6.000000E+00    7.500000E+01    3.309000E+00    2.106000E+00    4.360000E+00    1.100000E+00    1.962000E-01    1.018000E-03   -9.670000E+00    2.000000E+00    1.000000E+00    1.600000E+03    4.600000E+01   -1.000000E+01   -1.000000E+00   -1.057000E+01   -1.040395E+01
   2.090000E-09    1.000000E+00   -1.549000E-01    1.000000E+01    1.398000E+00   -5.157000E-01    1.000000E+00    3.380000E+00    3.405000E+00    3.922000E+00    1.230000E+00    2.230000E+00    8.770000E+00    3.894000E+00    7.900000E-01    6.000000E+00    5.500000E+01    2.333000E+00    2.090000E+00    4.360000E+00    2.155000E+00    4.778000E-02    8.974000E-04   -9.774000E+00    1.400000E+01    1.000000E+00    2.610000E+03    0.000000E+00   -1.000000E+01    1.000000E+00   -1.122000E+01   -1.107512E+01
   2.000000E-09    1.000000E+00    1.279000E+00    9.300000E+01    1.362000E+00   -3.010000E-01   -1.000000E+01    4.061000E+00   -1.000000E+01    4.250000E+00   -1.000000E+01   -1.000000E+01    1.250000E+01    1.045000E+01    2.660000E+00    5.000000E+00    5.300000E+01    3.375000E+00    2.913000E+00    3.850000E+00    1.690000E+00    6.398000E-02    9.432000E-04   -9.668000E+00    2.000000E+00    1.000000E+00    1.600000E+03    4.800000E+01    1.477000E+00   -1.000000E+00   -1.040000E+01   -1.042261E+01
   2.020000E-09    1.000000E+00    2.025000E+00    8.100000E+01    1.398000E+00   -3.010000E-01   -1.000000E+01    4.061000E+00   -1.000000E+01    4.250000E+00   -1.000000E+01   -1.000000E+01    1.250000E+01    1.045000E+01    2.660000E+00    5.000000E+00    5.300000E+01    3.375000E+00    2.922000E+00    3.850000E+00    8.832000E-01    6.258000E-02    8.974000E-04   -9.667000E+00    2.500000E+01    1.000000E+00    1.650000E+03    0.000000E+00   -1.000000E+01   -1.000000E+00   -1.062000E+01   -1.044489E+01
   1.550000E-09    4.000000E+00    1.999000E+00    1.080000E+02    1.398000E+00   -8.761000E-01   -1.000000E+01    3.254000E+00   -1.000000E+01   -1.000000E+01   -1.000000E+01   -1.000000E+01    7.000000E+00    9.752000E+00    2.550000E+00    4.000000E+00    3.400000E+01    2.921000E+00    1.941000E+00    3.450000E+00    1.034000E+00    1.776000E-01    8.974000E-04   -9.954000E+00    3.000000E+00    1.000000E+00    1.600000E+03    1.000000E+02   -1.000000E+01   -1.000000E+00   -1.036000E+01   -1.043569E+01
   1.550000E-09    4.000000E+00    6.232000E-01    6.700000E+01    1.568000E+00   -1.398000E+00    8.451000E-01    2.784000E+00    1.869000E+00    2.785000E+00   -1.000000E+01    2.785000E+00    5.100000E+00    9.752000E+00    2.550000E+00    4.000000E+00    3.400000E+01    2.921000E+00    1.866000E+00    3.450000E+00    2.203000E+00    1.947000E-01    6.804000E-04   -1.021000E+01    1.300000E+01    3.000000E+00    1.800000E+03    0.000000E+00   -1.000000E+01   -1.000000E+00   -9.815000E+00   -9.912096E+00
   3.690000E-09    1.000000E+00    1.453000E+00    1.080000E+02    1.699000E+00   -1.000000E+01   -1.000000E+01   -1.000000E+01   -1.000000E+01   -1.000000E+01   -1.000000E+01   -1.000000E+01    6.084000E+00    1.297000E+01    3.160000E+00    3.000000E+00    1.700000E+01    2.822000E+00    4.118000E+00    2.890000E+00    1.580000E+00   -1.641000E-01    5.279000E-04   -1.450000E+01    2.000000E+00    2.000000E+00    1.200000E+03    9.800000E+01   -1.000000E+01   -1.000000E+00   -9.564000E+00   -9.557433E+00
   1.460000E-09    7.000000E+00    1.408000E+00    7.200000E+01    1.176000E+00   -9.208000E-01   -1.000000E+01    3.362000E+00   -1.000000E+01    3.550000E+00   -1.000000E+01   -1.000000E+01    5.600000E+00    7.834000E+00    1.900000E+00    6.000000E+00    7.500000E+01    3.309000E+00    2.143000E+00    4.360000E+00    1.449000E+00    1.888000E-01    1.162000E-03   -9.984000E+00    2.000000E+00    1.000000E+00    1.300000E+03    7.500000E+01   -1.000000E+01   -1.000000E+00   -1.015000E+01   -1.015032E+01
   2.000000E-09    7.000000E+00    6.232000E-01    6.700000E+01    1.431000E+00   -2.578000E+00   -1.550000E-01    1.756000E+00    8.701000E-01    1.225000E+00   -1.000000E+01    1.403000E+00    8.060000E+00    7.280000E+00    1.900000E+00    5.000000E+00    4.300000E+01    2.817000E+00    2.399000E+00    3.850000E+00    2.203000E+00    6.980000E-02    8.547000E-04   -1.080000E+01    1.300000E+01    1.000000E+00    1.450000E+03    0.000000E+00   -1.000000E+01   -1.000000E+00   -9.174000E+00   -9.178506E+00
   2.570000E-09    1.000000E+00    1.453000E+00    1.080000E+02    1.699000E+00   -1.000000E+01   -1.000000E+01   -1.000000E+01   -1.000000E+01   -1.000000E+01   -1.000000E+01   -1.000000E+01    7.862000E+00    5.139000E+00    9.300000E-01    3.000000E+00    1.100000E+01    1.777000E+00    1.806000E+00    2.890000E+00    1.580000E+00   -7.034000E-03    5.279000E-04   -1.450000E+01    2.000000E+00    2.000000E+00    7.000000E+02    9.800000E+01   -1.000000E+01    1.000000E+00   -9.324000E+00   -9.373777E+00
   4.300000E-10    4.000000E+00    1.447000E+00    1.080000E+02    1.398000E+00    0.000000E+00   -1.000000E+01   -1.000000E+01   -1.000000E+01   -1.000000E+01   -1.000000E+01   -1.000000E+01    9.000000E+00    6.194000E+00    1.380000E+00    7.000000E+00    9.200000E+01    3.368000E+00    6.207000E-01    4.990000E+00    1.586000E+00    7.345000E-01    8.974000E-04   -9.516000E+00    2.000000E+00    2.000000E+00    8.000000E+02    9.990000E+01   -1.000000E+01    0.000000E+00   -1.018000E+01   -1.023322E+01
   1.560000E-09    1.000000E+00    1.453000E+00    1.080000E+02    1.176000E+00   -1.000000E+01   -1.000000E+01   -1.000000E+01   -1.000000E+01   -1.000000E+01   -1.000000E+01   -1.000000E+01    5.862000E+00    1.297000E+01    3.160000E+00    3.000000E+00    1.700000E+01    2.822000E+00    1.952000E+00    2.890000E+00    1.580000E+00    1.600000E-01    1.162000E-03   -1.452000E+01    2.000000E+00    2.000000E+00    8.000000E+02    9.800000E+01   -1.000000E+01   -1.000000E+00   -9.618000E+00   -9.640022E+00
   2.100000E-09    1.000000E+00    1.279000E+00    9.300000E+01    1.398000E+00   -2.190000E-01   -1.000000E+01    4.105000E+00    2.983000E+00    2.697000E+00    2.086000E+00   -1.000000E+01    1.250000E+01    3.894000E+00    7.900000E-01    6.000000E+00    5.500000E+01    2.333000E+00    2.100000E+00    4.360000E+00    1.690000E+00    4.571000E-02    8.974000E-04   -9.626000E+00    2.000000E+00    2.000000E+00    1.200000E+03    4.750000E+01   -1.000000E+01    1.000000E+00   -9.577000E+00   -9.605673E+00
   1.460000E-09    7.000000E+00    1.408000E+00    3.750000E+01    1.398000E+00   -1.518000E-01   -1.000000E+01    4.207000E+00   -1.000000E+01    4.395000E+00   -1.000000E+01   -1.000000E+01    7.000000E+00    7.834000E+00    1.900000E+00    6.000000E+00    7.500000E+01    3.309000E+00    2.071000E+00    4.360000E+00    1.166000E+00    2.036000E-01    8.974000E-04   -9.592000E+00    2.000000E+00    1.000000E+00    1.600000E+03    3.300000E+01   -1.000000E+01   -1.000000E+00   -1.014000E+01   -1.026242E+01
   2.000000E-09    7.000000E+00    1.744000E+00    8.200000E+01    1.398000E+00   -5.918000E-01    1.146000E+00    3.279000E+00    3.330000E+00    3.785000E+00    1.831000E+00    3.016000E+00    7.500000E+00    7.280000E+00    1.900000E+00    5.000000E+00    4.300000E+01    2.817000E+00    2.415000E+00    3.850000E+00    1.170000E+00    6.690000E-02    8.974000E-04   -9.812000E+00    2.000000E+00    2.000000E+00    1.340000E+03    8.000000E+01   -1.000000E+01   -1.000000E+00   -9.870000E+00   -9.889578E+00
   1.130000E-09    6.000000E+00    1.580000E+00    7.200000E+01    1.398000E+00   -3.010000E-01   -1.000000E+01    4.061000E+00   -1.000000E+01    4.249000E+00   -1.000000E+01   -1.000000E+01    6.800000E+00    6.767000E+00    1.660000E+00    4.000000E+00    2.400000E+01    2.434000E+00    1.179000E+00    3.450000E+00    1.278000E+00    3.149000E-01    8.974000E-04   -9.667000E+00    2.000000E+00    1.000000E+00    1.500000E+03    8.200000E+01   -1.000000E+01   -1.000000E+00   -1.057000E+01   -1.069674E+01
   2.090000E-09    1.000000E+00    1.447000E+00    1.080000E+02    1.398000E+00   -1.000000E+01   -1.000000E+01   -1.000000E+01   -1.000000E+01   -1.000000E+01   -1.000000E+01   -1.000000E+01    8.500000E+00    3.894000E+00    7.900000E-01    6.000000E+00    5.500000E+01    2.333000E+00    2.090000E+00    4.360000E+00    1.586000E+00    4.778000E-02    8.974000E-04   -1.452000E+01    2.000000E+00    2.000000E+00    9.700000E+02    1.000000E+02   -1.000000E+01    1.000000E+00   -9.646000E+00   -9.676315E+00
   2.000000E-09    1.000000E+00    1.602000E+00    1.400000E+01    1.362000E+00   -2.000000E+00    9.345000E-01    2.362000E+00    5.328000E-01    2.338000E+00    2.387000E+00    1.904000E+00    8.300000E+00    1.045000E+01    2.660000E+00    5.000000E+00    5.300000E+01    3.375000E+00    2.913000E+00    3.850000E+00    5.441000E-01    6.398000E-02    9.432000E-04   -1.052000E+01    5.000000E+00    1.000000E+00    2.450000E+03    0.000000E+00   -1.000000E+01   -1.000000E+00   -1.215000E+01   -1.208519E+01
   1.010000E-09    1.000000E+00    1.453000E+00    1.080000E+02    1.176000E+00   -1.000000E+01   -1.000000E+01   -1.000000E+01   -1.000000E+01   -1.000000E+01   -1.000000E+01   -1.000000E+01    5.663000E+00    5.139000E+00    9.300000E-01    3.000000E+00    1.100000E+01    1.777000E+00    7.958000E-01    2.890000E+00    1.580000E+00    3.488000E-01    1.162000E-03   -1.452000E+01    2.000000E+00    2.000000E+00    1.800000E+03    9.800000E+01   -1.000000E+01    1.000000E+00   -1.071000E+01   -1.067523E+01
   4.300000E-10    6.000000E+00    1.580000E+00    7.900000E+01    1.398000E+00   -1.000000E+00   -1.000000E+01    3.362000E+00   -1.000000E+01    3.550000E+00   -1.000000E+01   -1.000000E+01    7.000000E+00    6.194000E+00    1.380000E+00    7.000000E+00    9.200000E+01    3.368000E+00    6.207000E-01    4.990000E+00    1.318000E+00    7.345000E-01    8.974000E-04   -1.002000E+01    2.000000E+00    3.000000E+00    9.500000E+02    8.200000E+01   -1.000000E+01    2.000000E+00   -9.747000E+00   -9.975771E+00
   1.300000E-09    1.000000E+00    1.477000E+00    2.100000E+01    1.398000E+00   -6.576000E-01    2.000000E+00    2.230000E+00    2.544000E+00    3.090000E+00    2.000000E+00    2.230000E+00    7.200000E+00    5.139000E+00    9.300000E-01    3.000000E+00    1.100000E+01    1.777000E+00    9.899000E-01    2.890000E+00    8.451000E-01    2.540000E-01    8.974000E-04   -9.845000E+00    4.000000E+00    1.000000E+00    2.440000E+03    0.000000E+00   -1.000000E+01    1.000000E+00   -1.056000E+01   -1.056495E+01
   2.030000E-09    1.000000E+00    1.408000E+00    7.200000E+01    1.176000E+00   -3.768000E-01   -1.000000E+01    3.964000E+00   -1.000000E+01    4.152000E+00   -1.000000E+01   -1.000000E+01    5.600000E+00    1.045000E+01    2.660000E+00    5.000000E+00    5.300000E+01    3.375000E+00    3.039000E+00    3.850000E+00    1.449000E+00    4.562000E-02    1.162000E-03   -9.712000E+00    2.000000E+00    1.000000E+00    1.300000E+03    7.500000E+01   -1.000000E+01   -1.000000E+00   -8.045000E+00   -8.652517E+00
   1.550000E-09    1.000000E+00    1.453000E+00    1.080000E+02    1.477000E+00   -1.000000E+01   -1.000000E+01   -1.000000E+01   -1.000000E+01   -1.000000E+01   -1.000000E+01   -1.000000E+01    6.196000E+00    5.139000E+00    9.300000E-01    3.000000E+00    1.100000E+01    1.777000E+00    1.161000E+00    2.890000E+00    1.580000E+00    1.848000E-01    7.959000E-04   -1.451000E+01    2.000000E+00    2.000000E+00    1.800000E+03    9.800000E+01   -1.000000E+01    1.000000E+00   -1.053000E+01   -1.051206E+01
   9.230000E-10    4.000000E+00    1.279000E+00    9.300000E+01    1.398000E+00   -1.253000E+00   -1.000000E+01    3.118000E+00   -1.000000E+01   -1.000000E+01    3.304000E+00    2.715000E+00    1.030000E+01    1.126000E+01    2.550000E+00    2.000000E+00    6.000000E+00    1.811000E+00    7.164000E-01    1.990000E+00    1.690000E+00    4.027000E-01    8.974000E-04   -1.014000E+01    2.000000E+00    1.000000E+00    1.400000E+03    4.750000E+01    1.903000E+00   -2.000000E+00   -1.015000E+01   -1.016988E+01
   1.350000E-09    1.000000E+00    1.453000E+00    1.080000E+02    1.398000E+00   -1.000000E+01   -1.000000E+01   -1.000000E+01   -1.000000E+01   -1.000000E+01   -1.000000E+01   -1.000000E+01    6.303000E+00    5.139000E+00    9.300000E-01    3.000000E+00    1.100000E+01    1.777000E+00    1.028000E+00    2.890000E+00    1.580000E+00    2.376000E-01    8.974000E-04   -1.452000E+01    2.000000E+00    2.000000E+00    1.800000E+03    9.800000E+01   -1.000000E+01    1.000000E+00   -1.059000E+01   -1.053260E+01
   2.000000E-09    1.000000E+00    6.128000E-01    1.090000E+01    1.398000E+00   -2.812000E+00    3.655000E-01    1.640000E+00    3.444000E-01    1.305000E+00   -1.000000E+01    8.932000E-01    9.050000E+00    1.045000E+01    2.660000E+00    5.000000E+00    5.300000E+01    3.375000E+00    2.893000E+00    3.850000E+00    1.425000E+00    6.690000E-02    8.974000E-04   -1.092000E+01    2.800000E+01    1.000000E+00    2.250000E+03    0.000000E+00   -1.000000E+01   -1.000000E+00   -1.192000E+01   -1.148054E+01
   2.100000E-09    1.000000E+00    1.279000E+00    9.300000E+01    1.398000E+00   -1.000000E+01   -1.000000E+01   -1.000000E+01   -1.000000E+01   -1.000000E+01   -1.000000E+01   -1.000000E+01    1.250000E+01    3.894000E+00    7.900000E-01    6.000000E+00    5.500000E+01    2.333000E+00    2.100000E+00    4.360000E+00    1.690000E+00    4.571000E-02    8.974000E-04   -1.452000E+01    2.000000E+00    2.000000E+00    1.800000E+03    4.750000E+01   -1.000000E+01    1.000000E+00   -1.013000E+01   -1.012009E+01
   2.090000E-09    1.000000E+00    1.453000E+00    1.080000E+02    1.398000E+00   -1.000000E+01   -1.000000E+01   -1.000000E+01   -1.000000E+01   -1.000000E+01   -1.000000E+01   -1.000000E+01    7.261000E+00    1.297000E+01    3.160000E+00    3.000000E+00    1.700000E+01    2.822000E+00    2.528000E+00    2.890000E+00    1.580000E+00    4.778000E-02    8.974000E-04   -1.452000E+01    2.000000E+00    2.000000E+00    1.600000E+03    9.800000E+01   -1.000000E+01   -1.000000E+00   -1.016000E+01   -1.015686E+01
   1.460000E-09    7.000000E+00    1.780000E+00    7.600000E+01    1.301000E+00   -3.010000E-01   -1.000000E+01    4.061000E+00   -1.000000E+01    4.249000E+00   -1.000000E+01   -1.000000E+01    7.000000E+00    7.834000E+00    1.900000E+00    6.000000E+00    7.500000E+01    3.309000E+00    2.106000E+00    4.360000E+00    1.100000E+00    1.962000E-01    1.018000E-03   -9.670000E+00    2.000000E+00    1.000000E+00    1.500000E+03    4.600000E+01   -1.000000E+01   -1.000000E+00   -1.037000E+01   -1.040173E+01
   9.100000E-12    4.000000E+00    1.580000E+00    7.200000E+01    1.398000E+00   -3.010000E-01   -1.000000E+01    4.061000E+00   -1.000000E+01    4.249000E+00   -1.000000E+01   -1.000000E+01    4.000000E+00    9.752000E+00    2.550000E+00    4.000000E+00    3.400000E+01    2.921000E+00    1.140000E-02    3.450000E+00    1.278000E+00    2.409000E+00    8.974000E-04   -9.667000E+00    2.000000E+00    1.000000E+00    1.700000E+03    8.200000E+01   -1.000000E+01   -1.000000E+00   -1.119000E+01   -1.111731E+01
   1.550000E-09    4.000000E+00    1.436000E+00    5.870000E+01    1.301000E+00   -3.010000E-01   -1.000000E+01    4.061000E+00   -1.000000E+01    4.249000E+00   -1.000000E+01   -1.000000E+01    7.600000E+00    9.752000E+00    2.550000E+00    4.000000E+00    3.400000E+01    2.921000E+00    1.974000E+00    3.450000E+00    1.332000E+00    1.703000E-01    1.018000E-03   -9.670000E+00    2.000000E+00    1.000000E+00    1.600000E+03    7.800000E+01   -1.000000E+01   -1.000000E+00   -1.072000E+01   -1.062787E+01
   1.350000E-09    1.000000E+00    1.453000E+00    1.080000E+02    1.398000E+00   -1.000000E+01   -1.000000E+01   -1.000000E+01   -1.000000E+01   -1.000000E+01   -1.000000E+01   -1.000000E+01    6.303000E+00    5.139000E+00    9.300000E-01    3.000000E+00    1.100000E+01    1.777000E+00    1.028000E+00    2.890000E+00    1.580000E+00    2.376000E-01    8.974000E-04   -1.452000E+01    2.000000E+00    2.000000E+00    1.800000E+03    9.800000E+01   -1.000000E+01    1.000000E+00   -1.059000E+01   -1.053260E+01
   6.020000E-10    3.000000E+00    1.580000E+00    7.900000E+01    1.362000E+00   -1.285000E+00    7.966000E-01    2.777000E+00    2.283000E+00    3.193000E+00   -1.000000E+01   -1.000000E+01    7.700000E+00    5.670000E+00    1.200000E+00    6.000000E+00    6.300000E+01    2.815000E+00    7.313000E-01    4.360000E+00    1.318000E+00    5.854000E-01    9.432000E-04   -1.016000E+01    2.000000E+00    2.000000E+00    1.150000E+03    8.200000E+01   -1.000000E+01    3.000000E+00   -9.796000E+00   -9.666386E+00
   4.300000E-10    4.000000E+00    1.279000E+00    9.300000E+01    1.398000E+00   -1.000000E+01   -1.000000E+01   -1.000000E+01   -1.000000E+01   -1.000000E+01   -1.000000E+01   -1.000000E+01    1.250000E+01    6.194000E+00    1.380000E+00    7.000000E+00    9.200000E+01    3.368000E+00    6.207000E-01    4.990000E+00    1.690000E+00    7.345000E-01    8.974000E-04   -1.452000E+01    2.000000E+00    2.000000E+00    1.600000E+03    4.750000E+01   -1.000000E+01    0.000000E+00   -1.060000E+01   -1.070664E+01
   5.000000E-10    3.000000E+00    1.436000E+00    5.870000E+01    1.176000E+00   -2.218000E-01   -1.000000E+01    4.140000E+00   -1.000000E+01    4.328000E+00   -1.000000E+01   -1.000000E+01    5.300000E+00    5.670000E+00    1.200000E+00    6.000000E+00    6.300000E+01    2.815000E+00    6.243000E-01    4.360000E+00    1.332000E+00    6.541000E-01    1.162000E-03   -9.635000E+00    2.000000E+00    1.000000E+00    1.600000E+03    7.800000E+01   -1.000000E+01   -1.000000E+00   -1.074000E+01   -1.074252E+01
   1.460000E-09    7.000000E+00    1.547000E+00    7.000000E+01    1.301000E+00   -3.010000E-01   -1.000000E+01    4.061000E+00   -1.000000E+01    4.249000E+00   -1.000000E+01   -1.000000E+01    7.000000E+00    7.834000E+00    1.900000E+00    6.000000E+00    7.500000E+01    3.309000E+00    2.106000E+00    4.360000E+00    1.299000E+00    1.962000E-01    1.018000E-03   -9.670000E+00    2.000000E+00    1.000000E+00    1.700000E+03    3.680000E+01   -1.000000E+01   -1.000000E+00   -1.024000E+01   -1.042149E+01
   1.560000E-09    1.000000E+00    1.453000E+00    1.080000E+02    1.176000E+00   -1.301000E+00   -1.000000E+01    3.061000E+00   -1.000000E+01    3.249000E+00   -1.000000E+01   -1.000000E+01    5.405000E+00    1.297000E+01    3.160000E+00    3.000000E+00    1.700000E+01    2.822000E+00    1.952000E+00    2.890000E+00    1.580000E+00    1.600000E-01    1.162000E-03   -1.017000E+01    2.000000E+00    2.000000E+00    1.000000E+03    9.800000E+01   -1.000000E+01   -1.000000E+00   -9.775000E+00   -9.780420E+00
   2.220000E-09    0.000000E+00    6.232000E-01    6.700000E+01    1.398000E+00   -2.578000E+00   -1.550000E-01    1.756000E+00    8.701000E-01    1.225000E+00   -1.000000E+01    1.403000E+00    8.060000E+00    1.360000E+01    2.200000E+00    1.000000E+00    1.000000E+00    8.499000E-01    8.088000E-01    8.500000E-01    2.203000E+00    2.158000E-02    8.974000E-04   -1.081000E+01    1.300000E+01    1.000000E+00    1.450000E+03    0.000000E+00   -1.000000E+01    0.000000E+00   -8.893000E+00   -8.940583E+00
   2.000000E-09    1.000000E+00    1.279000E+00    9.300000E+01    1.398000E+00   -8.097000E-01   -1.000000E+01    3.566000E+00   -1.000000E+01   -1.000000E+01    3.740000E+00    3.159000E+00    1.040000E+01    1.045000E+01    2.660000E+00    5.000000E+00    5.300000E+01    3.375000E+00    2.893000E+00    3.850000E+00    1.690000E+00    6.690000E-02    8.974000E-04   -9.921000E+00    2.000000E+00    1.000000E+00    1.600000E+03    4.750000E+01    1.653000E+00   -1.000000E+00   -1.018000E+01   -1.019995E+01
   2.032000E-10    1.000000E+00    1.531000E+00    1.300000E+01    1.362000E+00   -4.510000E-01    1.806000E+00    3.749000E+00    2.949000E+00    3.984000E+00    1.477000E+00    3.368000E+00    7.680000E+00    1.297000E+01    3.160000E+00    3.000000E+00    1.700000E+01    2.822000E+00    2.474000E-01    2.890000E+00    5.825000E-01    1.057000E+00    9.432000E-04   -9.743000E+00    4.000000E+00    1.000000E+00    2.700000E+03    0.000000E+00   -1.000000E+01   -1.000000E+00   -1.175000E+01   -1.173980E+01
   2.100000E-09    0.000000E+00    2.025000E+00    8.100000E+01    1.398000E+00   -3.010000E-01   -1.000000E+01    4.061000E+00   -1.000000E+01    4.250000E+00   -1.000000E+01   -1.000000E+01    1.250000E+01    1.360000E+01    2.200000E+00    1.000000E+00    1.000000E+00    8.499000E-01    7.650000E-01    8.500000E-01    8.832000E-01    4.571000E-02    8.974000E-04   -9.667000E+00    2.500000E+01    1.000000E+00    1.650000E+03    0.000000E+00   -1.000000E+01    0.000000E+00   -1.009000E+01   -1.007868E+01
   1.200000E-09    5.000000E+00    1.455000E+00    8.700000E+01    1.301000E+00   -2.297000E+00   -1.000000E+01   -1.000000E+01    2.603000E+00   -1.000000E+01   -1.000000E+01   -1.000000E+01    6.000000E+00    6.266000E+00    1.360000E+00    7.000000E+00    9.300000E+01    3.387000E+00    1.772000E+00    4.990000E+00    1.485000E+00    2.814000E-01    1.018000E-03   -1.067000E+01    3.000000E+00    2.000000E+00    7.800000E+02    1.000000E+02   -1.000000E+01    1.000000E+00   -9.682000E+00   -9.679431E+00
   1.350000E-09    1.000000E+00    1.453000E+00    1.080000E+02    1.398000E+00   -1.000000E+01   -1.000000E+01   -1.000000E+01   -1.000000E+01   -1.000000E+01   -1.000000E+01   -1.000000E+01    6.888000E+00    5.139000E+00    9.300000E-01    3.000000E+00    1.100000E+01    1.777000E+00    1.028000E+00    2.890000E+00    1.580000E+00    2.376000E-01    8.974000E-04   -1.452000E+01    2.000000E+00    2.000000E+00    1.100000E+03    9.800000E+01   -1.000000E+01    1.000000E+00   -9.917000E+00   -9.844183E+00
   2.000000E-09    7.000000E+00    1.744000E+00    8.200000E+01    1.380000E+00   -5.918000E-01    1.146000E+00    3.279000E+00    3.330000E+00    3.785000E+00    1.831000E+00    3.016000E+00    7.500000E+00    7.280000E+00    1.900000E+00    5.000000E+00    4.300000E+01    2.817000E+00    2.423000E+00    3.850000E+00    1.170000E+00    6.544000E-02    9.199000E-04   -9.813000E+00    2.000000E+00    1.000000E+00    1.360000E+03    8.000000E+01   -1.000000E+01   -1.000000E+00   -9.889000E+00   -1.029421E+01
   2.090000E-09    1.000000E+00    1.447000E+00    1.080000E+02    1.398000E+00   -1.000000E+01   -1.000000E+01   -1.000000E+01   -1.000000E+01   -1.000000E+01   -1.000000E+01   -1.000000E+01    8.400000E+00    3.894000E+00    7.900000E-01    6.000000E+00    5.500000E+01    2.333000E+00    2.090000E+00    4.360000E+00    1.586000E+00    4.778000E-02    8.974000E-04   -1.452000E+01    2.000000E+00    2.000000E+00    1.200000E+03    1.000000E+02   -1.000000E+01    1.000000E+00   -9.839000E+00   -9.782922E+00
   2.010000E-09    1.000000E+00    1.453000E+00    1.080000E+02    1.602000E+00   -3.010000E-01   -1.000000E+01    4.061000E+00   -1.000000E+01    4.249000E+00   -1.000000E+01   -1.000000E+01    7.267000E+00    5.139000E+00    9.300000E-01    3.000000E+00    1.100000E+01    1.777000E+00    1.457000E+00    2.890000E+00    1.580000E+00    8.605000E-02    6.389000E-04   -9.656000E+00    2.000000E+00    2.000000E+00    1.000000E+03    9.800000E+01   -1.000000E+01    1.000000E+00   -9.666000E+00   -9.721684E+00
   1.550000E-09    4.000000E+00    1.547000E+00    7.000000E+01    1.301000E+00   -3.010000E-01   -1.000000E+01    4.061000E+00   -1.000000E+01    4.249000E+00   -1.000000E+01   -1.000000E+01    7.000000E+00    9.752000E+00    2.550000E+00    4.000000E+00    3.400000E+01    2.921000E+00    1.974000E+00    3.450000E+00    1.299000E+00    1.703000E-01    1.018000E-03   -9.670000E+00    2.000000E+00    1.000000E+00    1.600000E+03    3.680000E+01   -1.000000E+01   -1.000000E+00   -1.034000E+01   -1.039541E+01
   2.090000E-09    1.000000E+00    1.447000E+00    1.080000E+02    1.398000E+00   -1.000000E+01   -1.000000E+01   -1.000000E+01   -1.000000E+01   -1.000000E+01   -1.000000E+01   -1.000000E+01    1.050000E+01    3.894000E+00    7.900000E-01    6.000000E+00    5.500000E+01    2.333000E+00    2.090000E+00    4.360000E+00    1.586000E+00    4.778000E-02    8.974000E-04   -1.452000E+01    2.000000E+00    2.000000E+00    7.300000E+02    1.000000E+02   -1.000000E+01    1.000000E+00   -9.453000E+00   -9.505884E+00
   7.300000E-10    2.000000E+00    1.580000E+00    7.870000E+01    1.398000E+00   -1.000000E+00   -1.000000E+01    3.362000E+00   -1.000000E+01   -1.000000E+01   -1.000000E+01   -1.000000E+01    6.071000E+00    7.881000E+00    1.880000E+00    4.000000E+00    2.700000E+01    2.626000E+00    8.217000E-01    3.450000E+00    1.316000E+00    5.046000E-01    8.974000E-04   -1.002000E+01    2.000000E+00    1.000000E+00    1.800000E+03    8.200000E+01   -1.000000E+01    2.000000E+00   -1.073000E+01   -1.052668E+01
   2.100000E-09    0.000000E+00    1.279000E+00    9.300000E+01    1.398000E+00   -2.190000E-01   -1.000000E+01    4.105000E+00    2.983000E+00    2.697000E+00    2.086000E+00   -1.000000E+01    1.250000E+01    1.360000E+01    2.200000E+00    1.000000E+00    1.000000E+00    8.499000E-01    7.650000E-01    8.500000E-01    1.690000E+00    4.571000E-02    8.974000E-04   -9.626000E+00    2.000000E+00    2.000000E+00    1.800000E+03    4.750000E+01   -1.000000E+01    0.000000E+00   -1.018000E+01   -1.001875E+01
   4.530000E-09    1.000000E+00    1.279000E+00    9.300000E+01    1.778000E+00   -2.757000E-01    5.922000E-01    4.024000E+00    2.558000E+00    4.302000E+00   -1.000000E+01    4.065000E-01    7.700000E+00    3.894000E+00    7.900000E-01    6.000000E+00    5.500000E+01    2.333000E+00    4.054000E+00    4.360000E+00    1.690000E+00   -2.400000E-01    4.494000E-04   -9.630000E+00    2.000000E+00    7.000000E+00    1.600000E+03    4.750000E+01    1.477000E+00    1.000000E+00   -9.137000E+00   -9.171809E+00
   2.090000E-09    1.000000E+00   -1.549000E-01    1.000000E+01    1.398000E+00   -5.157000E-01    1.000000E+00    3.380000E+00    3.405000E+00    3.922000E+00    1.230000E+00    2.230000E+00    8.700000E+00    3.894000E+00    7.900000E-01    6.000000E+00    5.500000E+01    2.333000E+00    2.090000E+00    4.360000E+00    2.155000E+00    4.778000E-02    8.974000E-04   -9.774000E+00    1.400000E+01    1.000000E+00    2.730000E+03    0.000000E+00   -1.000000E+01    1.000000E+00   -1.129000E+01   -1.122934E+01
   1.010000E-09    1.000000E+00    1.453000E+00    1.080000E+02    1.176000E+00   -1.000000E+01   -1.000000E+01   -1.000000E+01   -1.000000E+01   -1.000000E+01   -1.000000E+01   -1.000000E+01    6.650000E+00    5.139000E+00    9.300000E-01    3.000000E+00    1.100000E+01    1.777000E+00    7.958000E-01    2.890000E+00    1.580000E+00    3.488000E-01    1.162000E-03   -1.452000E+01    2.000000E+00    2.000000E+00    1.000000E+03    9.800000E+01   -1.000000E+01    1.000000E+00   -9.963000E+00   -9.955283E+00
   6.600000E-10    2.000000E+00    1.279000E+00    9.300000E+01    1.398000E+00   -2.190000E-01   -1.000000E+01    4.105000E+00    2.983000E+00    2.697000E+00    2.086000E+00   -1.000000E+01    1.250000E+01    7.640000E+00    1.910000E+00    4.000000E+00    2.800000E+01    2.586000E+00    7.315000E-01    3.450000E+00    1.690000E+00    5.484000E-01    8.974000E-04   -9.626000E+00    2.000000E+00    2.000000E+00    1.200000E+03    4.750000E+01   -1.000000E+01    2.000000E+00   -1.008000E+01   -1.002818E+01
   2.140000E-09    0.000000E+00    1.580000E+00    7.900000E+01    1.398000E+00   -1.365000E+00    1.990000E+00    2.225000E+00    2.538000E+00    3.094000E+00   -1.000000E+01    2.238000E+00    7.800000E+00    1.360000E+01    2.200000E+00    1.000000E+00    1.000000E+00    8.499000E-01    7.796000E-01    8.500000E-01    1.318000E+00    3.752000E-02    8.974000E-04   -1.020000E+01    2.000000E+00    1.000000E+00    1.700000E+03    8.200000E+01   -1.000000E+01    0.000000E+00   -1.013000E+01   -1.016735E+01
   2.060000E-09    1.000000E+00    1.453000E+00    1.100000E+02    1.362000E+00   -2.000000E+00   -1.000000E+01    2.362000E+00   -1.000000E+01    2.550000E+00   -1.000000E+01   -1.000000E+01    7.000000E+00    3.894000E+00    7.900000E-01    6.000000E+00    5.500000E+01    2.333000E+00    2.074000E+00    4.360000E+00    1.588000E+00    5.114000E-02    9.432000E-04   -1.052000E+01    2.000000E+00    1.000000E+00    8.000000E+02    9.800000E+01   -1.000000E+01    1.000000E+00   -8.393000E+00   -8.871150E+00
   2.090000E-09    1.000000E+00    1.447000E+00    1.080000E+02    1.398000E+00   -1.000000E+01   -1.000000E+01   -1.000000E+01   -1.000000E+01   -1.000000E+01   -1.000000E+01   -1.000000E+01    8.500000E+00    3.894000E+00    7.900000E-01    6.000000E+00    5.500000E+01    2.333000E+00    2.090000E+00    4.360000E+00    1.586000E+00    4.778000E-02    8.974000E-04   -1.452000E+01    2.000000E+00    2.000000E+00    1.350000E+03    1.000000E+02   -1.000000E+01    1.000000E+00   -9.971000E+00   -1.002087E+01
   2.032000E-10    1.000000E+00    1.748000E+00    1.110000E+02    1.398000E+00   -6.778000E-01    1.637000E+00    3.472000E+00    2.790000E+00    3.517000E+00    1.749000E+00    3.638000E+00    7.550000E+00    1.297000E+01    3.160000E+00    3.000000E+00    1.700000E+01    2.822000E+00    2.458000E-01    2.890000E+00    1.297000E+00    1.060000E+00    8.974000E-04   -9.855000E+00    2.000000E+00    1.000000E+00    1.650000E+03    9.200000E+01   -1.000000E+01   -1.000000E+00   -1.069000E+01   -1.061345E+01
   1.600000E-11    4.000000E+00    1.580000E+00    7.200000E+01    1.398000E+00   -3.010000E-01   -1.000000E+01    4.061000E+00   -1.000000E+01    4.249000E+00   -1.000000E+01   -1.000000E+01    4.000000E+00    9.752000E+00    2.550000E+00    4.000000E+00    3.400000E+01    2.921000E+00    2.004000E-02    3.450000E+00    1.278000E+00    2.164000E+00    8.974000E-04   -9.667000E+00    2.000000E+00    1.000000E+00    1.500000E+03    8.200000E+01   -1.000000E+01   -1.000000E+00   -1.085000E+01   -1.100354E+01
   2.040000E-09    1.000000E+00    1.744000E+00    8.200000E+01    1.380000E+00   -6.576000E-01    1.176000E+00    3.262000E+00    3.292000E+00    3.770000E+00    1.447000E+00    3.583000E+00    7.200000E+00    3.894000E+00    7.900000E-01    6.000000E+00    5.500000E+01    2.333000E+00    2.047000E+00    4.360000E+00    1.170000E+00    5.684000E-02    9.199000E-04   -9.846000E+00    2.000000E+00    1.000000E+00    1.380000E+03    8.000000E+01   -1.000000E+01    1.000000E+00   -9.921000E+00   -9.971674E+00
   2.000000E-09    1.000000E+00   -1.549000E-01    1.000000E+01    1.398000E+00   -5.157000E-01    1.000000E+00    3.380000E+00    3.405000E+00    3.922000E+00    1.230000E+00    2.230000E+00    8.770000E+00    1.297000E+01    3.160000E+00    3.000000E+00    1.700000E+01    2.822000E+00    2.419000E+00    2.890000E+00    2.155000E+00    6.690000E-02    8.974000E-04   -9.774000E+00    1.400000E+01    1.000000E+00    2.610000E+03    0.000000E+00   -1.000000E+01   -1.000000E+00   -1.108000E+01   -1.107034E+01
   1.940000E-09    1.000000E+00    2.477000E+00    5.000000E+01    1.362000E+00   -5.867000E-01    1.799000E+00    3.248000E+00    3.327000E+00    3.805000E+00    1.108000E+00    3.062000E+00    7.800000E+00    1.045000E+01    2.660000E+00    5.000000E+00    5.300000E+01    3.375000E+00    2.825000E+00    3.850000E+00    2.218000E-01    7.720000E-02    9.432000E-04   -9.811000E+00    2.600000E+01    1.000000E+00    1.250000E+03    3.500000E+01    1.699000E+00   -1.000000E+00   -1.085000E+01   -1.065058E+01
   2.140000E-09    0.000000E+00    1.580000E+00    7.900000E+01    1.398000E+00   -1.166000E+00    2.934000E+00    2.265000E+00    2.882000E+00    3.027000E+00   -1.000000E+01    1.061000E+00    1.250000E+01    1.360000E+01    2.200000E+00    1.000000E+00    1.000000E+00    8.499000E-01    7.796000E-01    8.500000E-01    1.318000E+00    3.752000E-02    8.974000E-04   -1.010000E+01    2.000000E+00    1.000000E+00    1.700000E+03    8.200000E+01   -1.000000E+01    0.000000E+00   -1.021000E+01   -1.022003E+01
   2.100000E-09    1.000000E+00    1.453000E+00    1.080000E+02    1.342000E+00   -2.924000E-01   -1.000000E+01    4.069000E+00   -1.000000E+01    4.257000E+00   -1.000000E+01   -1.000000E+01    6.438000E+00    3.894000E+00    7.900000E-01    6.000000E+00    5.500000E+01    2.333000E+00    2.121000E+00    4.360000E+00    1.580000E+00    4.132000E-02    9.673000E-04   -9.665000E+00    2.000000E+00    2.000000E+00    1.410000E+03    9.999000E+01   -1.000000E+01    1.000000E+00   -9.996000E+00   -1.000628E+01
   4.300000E-10    6.000000E+00    1.580000E+00    7.900000E+01    1.398000E+00   -3.768000E-01    1.041000E+00    3.454000E+00    3.583000E+00    4.045000E+00    1.041000E+00    2.714000E+00    8.500000E+00    6.194000E+00    1.380000E+00    7.000000E+00    9.200000E+01    3.368000E+00    6.207000E-01    4.990000E+00    1.318000E+00    7.345000E-01    8.974000E-04   -9.705000E+00    2.000000E+00    2.000000E+00    2.000000E+03    8.000000E+01   -1.000000E+01    2.000000E+00   -1.117000E+01   -1.098308E+01
   1.460000E-09    7.000000E+00    1.999000E+00    1.080000E+02    1.398000E+00   -1.215000E+00   -1.000000E+01    3.061000E+00   -1.000000E+01    3.249000E+00   -1.000000E+01   -1.000000E+01    7.000000E+00    7.834000E+00    1.900000E+00    6.000000E+00    7.500000E+01    3.309000E+00    2.071000E+00    4.360000E+00    1.034000E+00    2.036000E-01    8.974000E-04   -1.012000E+01    3.000000E+00    1.000000E+00    1.600000E+03    1.000000E+02   -1.000000E+01   -1.000000E+00   -1.077000E+01   -1.066111E+01
   2.090000E-09    1.000000E+00    1.453000E+00    1.080000E+02    1.398000E+00   -1.000000E+01   -1.000000E+01   -1.000000E+01   -1.000000E+01   -1.000000E+01   -1.000000E+01   -1.000000E+01    7.254000E+00    1.297000E+01    3.160000E+00    3.000000E+00    1.700000E+01    2.822000E+00    2.528000E+00    2.890000E+00    1.580000E+00    4.778000E-02    8.974000E-04   -1.452000E+01    2.000000E+00    2.000000E+00    1.600000E+03    9.800000E+01   -1.000000E+01   -1.000000E+00   -1.016000E+01   -1.015686E+01
   2.010000E-09    1.000000E+00    1.453000E+00    1.080000E+02    1.602000E+00   -6.990000E-01   -1.000000E+01    3.663000E+00   -1.000000E+01    3.851000E+00   -1.000000E+01   -1.000000E+01    7.040000E+00    5.139000E+00    9.300000E-01    3.000000E+00    1.100000E+01    1.777000E+00    1.457000E+00    2.890000E+00    1.580000E+00    8.605000E-02    6.389000E-04   -9.855000E+00    2.000000E+00    2.000000E+00    1.000000E+03    9.800000E+01   -1.000000E+01    1.000000E+00   -9.666000E+00   -9.714703E+00
   2.140000E-09    0.000000E+00    1.279000E+00    9.300000E+01    1.477000E+00   -2.757000E-01    5.922000E-01    4.024000E+00    2.558000E+00    4.302000E+00   -1.000000E+01    4.065000E-01    8.300000E+00    1.360000E+01    2.200000E+00    1.000000E+00    1.000000E+00    8.499000E-01    7.668000E-01    8.500000E-01    1.690000E+00    4.474000E-02    7.959000E-04   -9.651000E+00    2.000000E+00    1.000000E+00    1.600000E+03    4.800000E+01    1.477000E+00    0.000000E+00   -9.710000E+00   -9.686222E+00
   2.220000E-09    0.000000E+00    1.748000E+00    1.110000E+02    1.398000E+00   -7.620000E-01    1.567000E+00    3.375000E+00    2.707000E+00    3.224000E+00    1.850000E+00    3.685000E+00    7.570000E+00    1.360000E+01    2.200000E+00    1.000000E+00    1.000000E+00    8.499000E-01    8.088000E-01    8.500000E-01    1.297000E+00    2.158000E-02    8.974000E-04   -9.897000E+00    2.000000E+00    1.000000E+00    1.200000E+03    9.200000E+01   -1.000000E+01    0.000000E+00   -9.683000E+00   -9.627229E+00
   1.910000E-09    1.000000E+00    2.025000E+00    8.100000E+01    1.352000E+00   -2.000000E+00   -1.000000E+01    2.362000E+00   -1.000000E+01    2.550000E+00   -1.000000E+01   -1.000000E+01    1.250000E+01    1.297000E+01    3.160000E+00    3.000000E+00    1.700000E+01    2.822000E+00    2.330000E+00    2.890000E+00    8.832000E-01    8.324000E-02    9.552000E-04   -1.052000E+01    2.500000E+01    1.000000E+00    1.650000E+03    0.000000E+00   -1.000000E+01   -1.000000E+00   -1.058000E+01   -1.059175E+01
   2.090000E-09    1.000000E+00    1.447000E+00    1.080000E+02    1.398000E+00   -1.000000E+01   -1.000000E+01   -1.000000E+01   -1.000000E+01   -1.000000E+01   -1.000000E+01   -1.000000E+01    8.500000E+00    3.894000E+00    7.900000E-01    6.000000E+00    5.500000E+01    2.333000E+00    2.090000E+00    4.360000E+00    1.586000E+00    4.778000E-02    8.974000E-04   -1.452000E+01    2.000000E+00    2.000000E+00    1.470000E+03    1.000000E+02   -1.000000E+01    1.000000E+00   -1.008000E+01   -1.015374E+01
   1.350000E-09    1.000000E+00    1.453000E+00    1.080000E+02    1.398000E+00   -1.000000E+01   -1.000000E+01   -1.000000E+01   -1.000000E+01   -1.000000E+01   -1.000000E+01   -1.000000E+01    6.303000E+00    5.139000E+00    9.300000E-01    3.000000E+00    1.100000E+01    1.777000E+00    1.028000E+00    2.890000E+00    1.580000E+00    2.376000E-01    8.974000E-04   -1.452000E+01    2.000000E+00    2.000000E+00    1.800000E+03    9.800000E+01   -1.000000E+01    1.000000E+00   -1.059000E+01   -1.053260E+01
   7.200000E-10    4.000000E+00    1.279000E+00    9.300000E+01    1.398000E+00   -2.815000E-01   -1.000000E+01    4.080000E+00   -1.000000E+01    4.259000E+00   -1.000000E+01   -1.000000E+01    7.000000E+00    6.194000E+00    1.380000E+00    7.000000E+00    9.200000E+01    3.368000E+00    1.039000E+00    4.990000E+00    1.690000E+00    5.106000E-01    8.974000E-04   -9.657000E+00    2.000000E+00    2.000000E+00    1.800000E+03    4.750000E+01   -1.000000E+01    0.000000E+00   -1.059000E+01   -1.054741E+01
   1.300000E-09    1.000000E+00   -1.549000E-01    1.000000E+01    1.398000E+00    2.625000E-01   -1.000000E+01    4.624000E+00   -1.000000E+01    4.812000E+00   -1.000000E+01   -1.000000E+01    5.500000E+00    5.139000E+00    9.300000E-01    3.000000E+00    1.100000E+01    1.777000E+00    9.899000E-01    2.890000E+00    2.155000E+00    2.540000E-01    8.974000E-04   -9.385000E+00    1.400000E+01    1.000000E+00    2.640000E+03    0.000000E+00   -1.000000E+01    1.000000E+00   -1.233000E+01   -1.233232E+01
   1.460000E-09    7.000000E+00    1.408000E+00    7.200000E+01    1.398000E+00   -1.184000E+00    1.199000E+00    3.079000E+00    2.103000E+00    2.783000E+00    1.919000E+00    2.732000E+00    8.300000E+00    7.834000E+00    1.900000E+00    6.000000E+00    7.500000E+01    3.309000E+00    2.071000E+00    4.360000E+00    1.449000E+00    2.036000E-01    8.974000E-04   -1.011000E+01    2.000000E+00    1.000000E+00    1.300000E+03    7.500000E+01   -1.000000E+01   -1.000000E+00   -1.034000E+01   -1.026354E+01
   2.100000E-09    4.000000E+00    1.279000E+00    9.300000E+01    1.398000E+00   -1.000000E+01   -1.000000E+01   -1.000000E+01   -1.000000E+01   -1.000000E+01   -1.000000E+01   -1.000000E+01    1.250000E+01    6.634000E+00    1.330000E+00    5.000000E+00    4.000000E+01    2.689000E+00    2.420000E+00    3.850000E+00    1.690000E+00    4.571000E-02    8.974000E-04   -1.452000E+01    2.000000E+00    2.000000E+00    1.200000E+03    4.750000E+01   -1.000000E+01    0.000000E+00   -9.573000E+00   -9.591290E+00
   7.900000E-10    2.000000E+00    1.279000E+00    9.300000E+01    1.398000E+00   -1.000000E+01   -1.000000E+01   -1.000000E+01   -1.000000E+01   -1.000000E+01   -1.000000E+01   -1.000000E+01    1.250000E+01    5.695000E+00    9.500000E-01    5.000000E+00    3.800000E+01    2.491000E+00    8.436000E-01    3.850000E+00    1.690000E+00    4.703000E-01    8.974000E-04   -1.452000E+01    2.000000E+00    2.000000E+00    1.200000E+03    4.750000E+01   -1.000000E+01    2.000000E+00   -1.000000E+01   -9.886128E+00
   5.000000E-10    4.000000E+00    1.744000E+00    8.200000E+01    1.398000E+00   -5.834000E-01    1.146000E+00    3.281000E+00    3.328000E+00    3.810000E+00    1.831000E+00    3.016000E+00    9.402000E+00    6.026000E+00    1.280000E+00    7.000000E+00    9.400000E+01    3.322000E+00    7.118000E-01    4.990000E+00    1.170000E+00    6.690000E-01    8.974000E-04   -9.808000E+00    2.000000E+00    2.000000E+00    2.090000E+03    8.000000E+01    1.954000E+00    0.000000E+00   -1.041000E+01   -1.056291E+01
   8.100000E-10    2.000000E+00   -1.549000E-01    1.000000E+01    1.342000E+00   -5.157000E-01    1.000000E+00    3.380000E+00    3.405000E+00    3.922000E+00    1.230000E+00    2.230000E+00    8.770000E+00    9.752000E+00    2.550000E+00    4.000000E+00    3.400000E+01    2.921000E+00    1.025000E+00    3.450000E+00    2.155000E+00    4.551000E-01    9.673000E-04   -9.776000E+00    1.400000E+01    1.000000E+00    2.610000E+03    0.000000E+00   -1.000000E+01   -1.000000E+00   -1.162000E+01   -1.156486E+01
   2.090000E-09    1.000000E+00    1.580000E+00    7.870000E+01    1.398000E+00   -1.857000E+00    5.922000E-01    2.448000E+00    1.256000E+00    2.603000E+00    2.086000E+00    9.825000E-01    8.731000E+00    3.894000E+00    7.900000E-01    6.000000E+00    5.500000E+01    2.333000E+00    2.090000E+00    4.360000E+00    1.316000E+00    4.778000E-02    8.974000E-04   -1.044000E+01    2.000000E+00    5.000000E+00    2.100000E+03    8.200000E+01   -1.000000E+01    1.000000E+00   -1.060000E+01   -1.052431E+01
   2.000000E-09    7.000000E+00    1.580000E+00    7.900000E+01    1.398000E+00   -1.000000E+00   -1.000000E+01    3.362000E+00   -1.000000E+01    3.550000E+00   -1.000000E+01   -1.000000E+01    8.000000E+00    7.280000E+00    1.900000E+00    5.000000E+00    4.300000E+01    2.817000E+00    2.415000E+00    3.850000E+00    1.318000E+00    6.690000E-02    8.974000E-04   -1.002000E+01    2.000000E+00    3.000000E+00    1.020000E+03    8.200000E+01   -1.000000E+01   -1.000000E+00   -9.469000E+00   -9.361104E+00
   2.000000E-09    1.000000E+00    1.447000E+00    1.080000E+02    1.352000E+00    6.990000E-01   -1.000000E+01    5.061000E+00   -1.000000E+01   -1.000000E+01   -1.000000E+01   -1.000000E+01    1.250000E+01    1.297000E+01    3.160000E+00    3.000000E+00    1.700000E+01    2.822000E+00    2.440000E+00    2.890000E+00    1.586000E+00    6.324000E-02    9.552000E-04   -9.169000E+00    2.000000E+00    1.000000E+00    9.000000E+02    9.990000E+01   -1.000000E+01   -1.000000E+00   -1.048000E+01   -1.035964E+01
   8.480000E-10    2.000000E+00    4.771000E-01    2.000000E+00    1.398000E+00   -2.523000E+00   -1.000000E+01   -1.000000E+01    1.603000E+00    1.851000E+00   -1.000000E+01   -1.000000E+01    6.250000E+00    5.212000E+00    8.900000E-01    6.000000E+00    5.600000E+01    2.699000E+00    9.810000E-01    4.360000E+00    8.239000E-01    4.395000E-01    8.974000E-04   -1.078000E+01    8.000000E+00    1.000000E+00    2.640000E+03    0.000000E+00   -1.000000E+01    2.000000E+00   -1.265000E+01   -1.265588E+01
   2.000000E-09    1.000000E+00    1.744000E+00    8.200000E+01    1.380000E+00   -5.918000E-01    1.146000E+00    3.279000E+00    3.328000E+00    3.785000E+00    1.831000E+00    3.016000E+00    7.500000E+00    1.045000E+01    2.660000E+00    5.000000E+00    5.300000E+01    3.375000E+00    2.903000E+00    3.850000E+00    1.170000E+00    6.544000E-02    9.199000E-04   -9.813000E+00    2.000000E+00    1.000000E+00    1.110000E+03    8.000000E+01   -1.000000E+01   -1.000000E+00   -1.057000E+01   -1.032481E+01
   2.000000E-09    1.000000E+00    1.279000E+00    9.300000E+01    1.398000E+00   -3.010000E-01   -1.000000E+01    4.061000E+00   -1.000000E+01   -1.000000E+01   -1.000000E+01   -1.000000E+01    1.250000E+01    1.045000E+01    2.660000E+00    5.000000E+00    5.300000E+01    3.375000E+00    2.893000E+00    3.850000E+00    1.690000E+00    6.690000E-02    8.974000E-04   -9.667000E+00    2.000000E+00    1.000000E+00    1.600000E+03    4.750000E+01    1.699000E+00   -1.000000E+00   -1.024000E+01   -1.027513E+01
   2.090000E-09    1.000000E+00    1.580000E+00    7.870000E+01    1.398000E+00   -1.857000E+00    5.922000E-01    2.448000E+00    1.256000E+00    2.603000E+00    2.086000E+00    9.825000E-01    8.065000E+00    3.894000E+00    7.900000E-01    6.000000E+00    5.500000E+01    2.333000E+00    2.090000E+00    4.360000E+00    1.316000E+00    4.778000E-02    8.974000E-04   -1.044000E+01    2.000000E+00    5.000000E+00    2.100000E+03    8.200000E+01   -1.000000E+01    1.000000E+00   -1.060000E+01   -1.049049E+01
   8.100000E-10    2.000000E+00    1.279000E+00    9.300000E+01    1.778000E+00   -1.000000E+01   -1.000000E+01   -1.000000E+01   -1.000000E+01   -1.000000E+01   -1.000000E+01   -1.000000E+01    7.250000E+00    9.752000E+00    2.550000E+00    4.000000E+00    3.400000E+01    2.921000E+00    9.077000E-01    3.450000E+00    1.690000E+00    5.076000E-01    4.494000E-04   -1.449000E+01    2.000000E+00    2.000000E+00    1.600000E+03    4.750000E+01    1.699000E+00   -1.000000E+00   -1.010000E+01   -1.014201E+01
   1.010000E-09    1.000000E+00    1.453000E+00    1.080000E+02    1.176000E+00   -1.000000E+01   -1.000000E+01   -1.000000E+01   -1.000000E+01   -1.000000E+01   -1.000000E+01   -1.000000E+01    6.267000E+00    5.139000E+00    9.300000E-01    3.000000E+00    1.100000E+01    1.777000E+00    7.958000E-01    2.890000E+00    1.580000E+00    3.488000E-01    1.162000E-03   -1.452000E+01    2.000000E+00    2.000000E+00    1.100000E+03    9.800000E+01   -1.000000E+01    1.000000E+00   -1.004000E+01   -9.987983E+00
   1.010000E-09    1.000000E+00    1.453000E+00    1.080000E+02    1.176000E+00   -1.301000E+00   -1.000000E+01    3.061000E+00   -1.000000E+01    3.249000E+00   -1.000000E+01   -1.000000E+01    6.763000E+00    5.139000E+00    9.300000E-01    3.000000E+00    1.100000E+01    1.777000E+00    7.958000E-01    2.890000E+00    1.580000E+00    3.488000E-01    1.162000E-03   -1.017000E+01    2.000000E+00    2.000000E+00    1.000000E+03    9.800000E+01   -1.000000E+01    1.000000E+00   -9.963000E+00   -9.949648E+00
   1.010000E-09    1.000000E+00    1.453000E+00    1.080000E+02    1.176000E+00   -3.010000E-01   -1.000000E+01    4.061000E+00   -1.000000E+01    4.249000E+00   -1.000000E+01   -1.000000E+01    6.492000E+00    5.139000E+00    9.300000E-01    3.000000E+00    1.100000E+01    1.777000E+00    7.958000E-01    2.890000E+00    1.580000E+00    3.488000E-01    1.162000E-03   -9.674000E+00    2.000000E+00    2.000000E+00    1.000000E+03    9.800000E+01   -1.000000E+01    1.000000E+00   -9.963000E+00   -9.983661E+00
   1.460000E-09    7.000000E+00    1.547000E+00    7.000000E+01    1.301000E+00   -3.010000E-01   -1.000000E+01    4.061000E+00   -1.000000E+01    4.249000E+00   -1.000000E+01   -1.000000E+01    7.000000E+00    7.834000E+00    1.900000E+00    6.000000E+00    7.500000E+01    3.309000E+00    2.106000E+00    4.360000E+00    1.299000E+00    1.962000E-01    1.018000E-03   -9.670000E+00    2.000000E+00    1.000000E+00    1.300000E+03    3.680000E+01   -1.000000E+01   -1.000000E+00   -1.002000E+01   -1.008430E+01
   2.100000E-09    0.000000E+00    1.279000E+00    9.300000E+01    1.398000E+00   -1.000000E+01   -1.000000E+01   -1.000000E+01   -1.000000E+01   -1.000000E+01   -1.000000E+01   -1.000000E+01    1.250000E+01    1.360000E+01    2.200000E+00    1.000000E+00    1.000000E+00    8.499000E-01    7.650000E-01    8.500000E-01    1.690000E+00    4.571000E-02    8.974000E-04   -1.452000E+01    2.000000E+00    2.000000E+00    1.200000E+03    4.750000E+01   -1.000000E+01    0.000000E+00   -9.357000E+00   -9.556514E+00
   2.140000E-09    0.000000E+00   -1.549000E-01    1.000000E+01    1.362000E+00   -5.157000E-01    1.000000E+00    3.380000E+00    3.405000E+00    3.922000E+00    1.230000E+00    2.230000E+00    8.700000E+00    1.360000E+01    2.200000E+00    1.000000E+00    1.000000E+00    8.499000E-01    7.849000E-01    8.500000E-01    2.155000E+00    3.459000E-02    9.432000E-04   -9.776000E+00    1.400000E+01    1.000000E+00    2.730000E+03    0.000000E+00   -1.000000E+01    0.000000E+00   -1.132000E+01   -1.111063E+01
   3.330000E-09    2.000000E+00    1.279000E+00    9.300000E+01    1.778000E+00   -1.807000E+00   -1.000000E+01    2.378000E+00   -1.000000E+01   -1.000000E+01   -1.000000E+01    2.699000E+00    7.250000E+00    9.752000E+00    2.550000E+00    4.000000E+00    3.400000E+01    2.921000E+00    3.732000E+00    3.450000E+00    1.690000E+00   -1.063000E-01    4.494000E-04   -1.040000E+01    2.000000E+00    2.000000E+00    1.600000E+03    5.000000E+01   -1.000000E+01   -1.000000E+00   -9.735000E+00   -9.634025E+00
   2.140000E-09    0.000000E+00    1.580000E+00    7.900000E+01    1.398000E+00   -1.166000E+00    2.934000E+00    2.265000E+00    2.882000E+00    3.027000E+00   -1.000000E+01    1.061000E+00    1.250000E+01    1.360000E+01    2.200000E+00    1.000000E+00    1.000000E+00    8.499000E-01    7.796000E-01    8.500000E-01    1.318000E+00    3.752000E-02    8.974000E-04   -1.010000E+01    2.000000E+00    1.000000E+00    2.000000E+03    8.200000E+01   -1.000000E+01    0.000000E+00   -1.049000E+01   -1.042202E+01
   2.030000E-09    1.000000E+00    1.453000E+00    1.100000E+02    1.362000E+00   -2.000000E+00   -1.000000E+01    2.362000E+00   -1.000000E+01    4.549000E+00   -1.000000E+01   -1.000000E+01    7.000000E+00    1.045000E+01    2.660000E+00    5.000000E+00    5.300000E+01    3.375000E+00    2.956000E+00    3.850000E+00    1.588000E+00    5.751000E-02    9.432000E-04   -1.052000E+01    2.000000E+00    1.000000E+00    8.000000E+02    9.800000E+01   -1.000000E+01   -1.000000E+00   -1.140000E+01   -1.142448E+01
   2.032000E-10    1.000000E+00    1.748000E+00    1.110000E+02    1.778000E+00   -6.778000E-01    1.637000E+00    3.472000E+00    2.790000E+00    3.517000E+00    1.749000E+00    3.638000E+00    7.550000E+00    1.297000E+01    3.160000E+00    3.000000E+00    1.700000E+01    2.822000E+00    2.200000E-01    2.890000E+00    1.297000E+00    1.108000E+00    4.494000E-04   -9.831000E+00    2.000000E+00    1.000000E+00    1.650000E+03    9.200000E+01   -1.000000E+01   -1.000000E+00   -1.047000E+01   -1.053866E+01
   2.000000E-09    1.000000E+00    1.580000E+00    7.900000E+01    1.398000E+00   -1.000000E+00   -1.000000E+01    3.362000E+00   -1.000000E+01   -1.000000E+01   -1.000000E+01   -1.000000E+01    8.200000E+00    1.297000E+01    3.160000E+00    3.000000E+00    1.700000E+01    2.822000E+00    2.419000E+00    2.890000E+00    1.318000E+00    6.690000E-02    8.974000E-04   -1.002000E+01    2.000000E+00    1.000000E+00    1.200000E+03    8.000000E+01   -1.000000E+01   -1.000000E+00   -9.754000E+00   -9.660370E+00
   2.950000E-09    1.000000E+00    1.453000E+00    1.080000E+02    1.602000E+00   -1.000000E+01   -1.000000E+01   -1.000000E+01   -1.000000E+01   -1.000000E+01   -1.000000E+01   -1.000000E+01    6.537000E+00    1.297000E+01    3.160000E+00    3.000000E+00    1.700000E+01    2.822000E+00    3.397000E+00    2.890000E+00    1.580000E+00   -8.057000E-02    6.389000E-04   -1.451000E+01    2.000000E+00    2.000000E+00    9.000000E+02    9.800000E+01   -1.000000E+01   -1.000000E+00   -9.419000E+00   -9.443201E+00
   9.000000E-10    4.000000E+00    1.279000E+00    9.300000E+01    1.398000E+00   -1.000000E+01   -1.000000E+01   -1.000000E+01   -1.000000E+01   -1.000000E+01   -1.000000E+01   -1.000000E+01    1.300000E+01    7.344000E+00    1.960000E+00    5.000000E+00    5.000000E+01    2.829000E+00    1.091000E+00    3.850000E+00    1.690000E+00    4.137000E-01    8.974000E-04   -1.452000E+01    2.000000E+00    2.000000E+00    1.000000E+03    4.750000E+01   -1.000000E+01    4.000000E+00   -9.804000E+00   -9.761213E+00
   1.550000E-09    4.000000E+00    1.408000E+00    3.750000E+01    1.398000E+00   -3.010000E-01   -1.000000E+01    4.061000E+00   -1.000000E+01    4.249000E+00   -1.000000E+01   -1.000000E+01    7.700000E+00    9.752000E+00    2.550000E+00    4.000000E+00    3.400000E+01    2.921000E+00    1.941000E+00    3.450000E+00    1.166000E+00    1.776000E-01    8.974000E-04   -9.667000E+00    2.000000E+00    1.000000E+00    1.300000E+03    3.300000E+01   -1.000000E+01   -1.000000E+00   -1.005000E+01   -1.010356E+01
   8.100000E-10    4.000000E+00    2.025000E+00    8.100000E+01    1.342000E+00   -1.000000E+00   -1.000000E+01    3.362000E+00   -1.000000E+01    3.550000E+00   -1.000000E+01   -1.000000E+01    7.800000E+00    9.752000E+00    2.550000E+00    4.000000E+00    3.400000E+01    2.921000E+00    1.025000E+00    3.450000E+00    8.832000E-01    4.551000E-01    9.673000E-04   -1.002000E+01    2.500000E+01    1.000000E+00    1.530000E+03    0.000000E+00   -1.000000E+01   -2.000000E+00   -1.147000E+01   -1.138849E+01
   7.600000E-10    2.000000E+00    1.580000E+00    7.900000E+01    1.362000E+00   -1.365000E+00    1.990000E+00    2.225000E+00    2.538000E+00    3.094000E+00   -1.000000E+01    2.238000E+00    7.800000E+00    6.113000E+00    1.000000E+00    4.000000E+00    2.000000E+01    2.313000E+00    7.586000E-01    3.450000E+00    1.318000E+00    4.842000E-01    9.432000E-04   -1.020000E+01    2.000000E+00    1.000000E+00    2.000000E+03    8.200000E+01   -1.000000E+01    2.000000E+00   -9.854000E+00   -9.802718E+00
   2.000000E-09    4.000000E+00    1.279000E+00    9.300000E+01    1.398000E+00   -2.301000E+00   -1.000000E+01    2.362000E+00   -1.000000E+01   -1.000000E+01   -1.000000E+01   -1.000000E+01    7.000000E+00    7.280000E+00    1.900000E+00    5.000000E+00    4.300000E+01    2.817000E+00    2.415000E+00    3.850000E+00    1.690000E+00    6.690000E-02    8.974000E-04   -1.067000E+01    2.000000E+00    2.000000E+00    1.400000E+03    4.750000E+01   -1.000000E+01    0.000000E+00   -9.757000E+00   -9.812608E+00
   1.350000E-09    1.000000E+00    1.453000E+00    1.080000E+02    1.398000E+00   -1.000000E+01   -1.000000E+01   -1.000000E+01   -1.000000E+01   -1.000000E+01   -1.000000E+01   -1.000000E+01    7.797000E+00    5.139000E+00    9.300000E-01    3.000000E+00    1.100000E+01    1.777000E+00    1.028000E+00    2.890000E+00    1.580000E+00    2.376000E-01    8.974000E-04   -1.452000E+01    2.000000E+00    2.000000E+00    7.000000E+02    9.800000E+01   -1.000000E+01    1.000000E+00   -9.604000E+00   -9.568602E+00
   4.530000E-09    1.000000E+00    1.279000E+00    9.300000E+01    1.778000E+00   -2.757000E-01    5.922000E-01    4.024000E+00    2.558000E+00    4.302000E+00   -1.000000E+01    4.065000E-01    8.300000E+00    3.894000E+00    7.900000E-01    6.000000E+00    5.500000E+01    2.333000E+00    4.054000E+00    4.360000E+00    1.690000E+00   -2.400000E-01    4.494000E-04   -9.630000E+00    2.000000E+00    1.000000E+00    1.600000E+03    4.750000E+01    1.477000E+00    1.000000E+00   -9.097000E+00   -9.191251E+00
   2.000000E-09    7.000000E+00    6.232000E-01    6.700000E+01    1.398000E+00   -1.000000E+00   -1.000000E+01    3.362000E+00   -1.000000E+01   -1.000000E+01   -1.000000E+01   -1.000000E+01    1.000000E+01    7.280000E+00    1.900000E+00    5.000000E+00    4.300000E+01    2.817000E+00    2.415000E+00    3.850000E+00    2.203000E+00    6.690000E-02    8.974000E-04   -1.002000E+01    1.300000E+01    1.000000E+00    2.660000E+03    0.000000E+00   -1.000000E+01   -1.000000E+00   -1.189000E+01   -1.190670E+01
   2.140000E-09    0.000000E+00    1.447000E+00    1.300000E+01    1.398000E+00   -6.990000E-01    2.228000E+00    3.538000E+00    2.462000E+00    3.754000E+00    1.279000E+00    2.983000E+00    7.900000E+00    1.360000E+01    2.200000E+00    1.000000E+00    1.000000E+00    8.499000E-01    7.796000E-01    8.500000E-01    6.668000E-01    3.752000E-02    8.974000E-04   -9.866000E+00    4.000000E+00    4.000000E+00    2.600000E+03    0.000000E+00   -1.000000E+01    0.000000E+00   -1.123000E+01   -1.123235E+01
   2.100000E-09    0.000000E+00    1.447000E+00    1.080000E+02    1.398000E+00   -1.301000E+00   -1.000000E+01    3.061000E+00   -1.000000E+01    3.248000E+00   -1.000000E+01   -1.000000E+01    6.300000E+00    1.360000E+01    2.200000E+00    1.000000E+00    1.000000E+00    8.499000E-01    7.650000E-01    8.500000E-01    1.586000E+00    4.571000E-02    8.974000E-04   -1.017000E+01    2.000000E+00    1.000000E+00    9.000000E+02    1.000000E+02   -1.000000E+01    0.000000E+00   -9.836000E+00   -9.939867E+00
   2.100000E-09    0.000000E+00    1.447000E+00    1.080000E+02    1.398000E+00   -5.157000E-01   -1.000000E+01    3.853000E+00   -1.000000E+01    4.025000E+00   -1.000000E+01   -1.000000E+01    6.300000E+00    1.360000E+01    2.200000E+00    1.000000E+00    1.000000E+00    8.499000E-01    7.650000E-01    8.500000E-01    1.586000E+00    4.571000E-02    8.974000E-04   -9.774000E+00    2.000000E+00    1.000000E+00    9.000000E+02    1.000000E+02   -1.000000E+01    0.000000E+00   -9.845000E+00   -9.896052E+00
   2.000000E-09    7.000000E+00    1.415000E+00    3.800000E+01    1.362000E+00   -5.867000E-01    1.146000E+00    3.279000E+00    3.322000E+00    3.785000E+00    1.833000E+00    3.000000E+00    7.500000E+00    7.280000E+00    1.900000E+00    5.000000E+00    4.300000E+01    2.817000E+00    2.431000E+00    3.850000E+00    1.165000E+00    6.398000E-02    9.432000E-04   -9.811000E+00    2.000000E+00    1.000000E+00    1.200000E+03    3.300000E+01   -1.000000E+01   -1.000000E+00   -1.012000E+01   -1.011607E+01
   8.100000E-10    4.000000E+00   -2.218000E-01    1.730000E+01    1.342000E+00   -2.523000E+00   -6.990000E-01    9.823000E-01    7.497000E-01    2.967000E-01    1.348000E+00    9.581000E-01    9.530000E+00    9.752000E+00    2.550000E+00    4.000000E+00    3.400000E+01    2.921000E+00    1.025000E+00    3.450000E+00    2.460000E+00    4.551000E-01    9.673000E-04   -1.078000E+01    2.700000E+01    1.000000E+00    2.440000E+03    0.000000E+00   -1.000000E+01   -2.000000E+00   -1.128000E+01   -1.132385E+01
   1.200000E-09    4.000000E+00    1.279000E+00    9.300000E+01    1.398000E+00   -2.190000E-01   -1.000000E+01    4.105000E+00    2.983000E+00    2.697000E+00    2.086000E+00   -1.000000E+01    1.250000E+01    6.266000E+00    1.360000E+00    7.000000E+00    9.300000E+01    3.387000E+00    1.742000E+00    4.990000E+00    1.690000E+00    2.887000E-01    8.974000E-04   -9.626000E+00    2.000000E+00    2.000000E+00    1.800000E+03    4.750000E+01   -1.000000E+01    0.000000E+00   -1.037000E+01   -1.048569E+01
   1.970000E-09    0.000000E+00    2.025000E+00    8.100000E+01    1.352000E+00   -2.000000E+00   -1.000000E+01    2.362000E+00   -1.000000E+01    2.550000E+00   -1.000000E+01   -1.000000E+01    1.250000E+01    1.360000E+01    2.200000E+00    1.000000E+00    1.000000E+00    8.499000E-01    7.237000E-01    8.500000E-01    8.832000E-01    6.981000E-02    9.552000E-04   -1.052000E+01    2.500000E+01    1.000000E+00    1.650000E+03    0.000000E+00   -1.000000E+01    0.000000E+00   -1.011000E+01   -1.016838E+01
   8.050000E-10    2.000000E+00    1.580000E+00    7.870000E+01    1.398000E+00   -1.000000E+00   -1.000000E+01    3.362000E+00   -1.000000E+01   -1.000000E+01   -1.000000E+01   -1.000000E+01    7.893000E+00    5.695000E+00    9.500000E-01    5.000000E+00    3.800000E+01    2.491000E+00    8.596000E-01    3.850000E+00    1.316000E+00    4.621000E-01    8.974000E-04   -1.002000E+01    2.000000E+00    1.000000E+00    8.000000E+02    8.200000E+01   -1.000000E+01    2.000000E+00   -9.845000E+00   -9.754162E+00
   7.200000E-10    4.000000E+00    1.279000E+00    9.300000E+01    1.398000E+00   -2.815000E-01   -1.000000E+01    4.080000E+00   -1.000000E+01    4.259000E+00   -1.000000E+01   -1.000000E+01    7.000000E+00    6.194000E+00    1.380000E+00    7.000000E+00    9.200000E+01    3.368000E+00    1.039000E+00    4.990000E+00    1.690000E+00    5.106000E-01    8.974000E-04   -9.657000E+00    2.000000E+00    2.000000E+00    1.800000E+03    4.750000E+01   -1.000000E+01    0.000000E+00   -1.059000E+01   -1.054741E+01
   1.330000E-09    1.000000E+00    1.453000E+00    1.100000E+02    1.362000E+00   -1.000000E+00   -1.000000E+01    3.362000E+00   -1.000000E+01    3.550000E+00   -1.000000E+01   -1.000000E+01    7.000000E+00    5.139000E+00    9.300000E-01    3.000000E+00    1.100000E+01    1.777000E+00    1.020000E+00    2.890000E+00    1.588000E+00    2.412000E-01    9.432000E-04   -1.002000E+01    2.000000E+00    1.000000E+00    8.000000E+02    9.800000E+01   -1.000000E+01    1.000000E+00   -9.613000E+00   -9.544443E+00
   2.040000E-09    1.000000E+00    1.744000E+00    8.200000E+01    1.380000E+00   -6.576000E-01    1.176000E+00    3.262000E+00    3.292000E+00    3.770000E+00    1.447000E+00    3.583000E+00    7.200000E+00    3.894000E+00    7.900000E-01    6.000000E+00    5.500000E+01    2.333000E+00    2.047000E+00    4.360000E+00    1.170000E+00    5.684000E-02    9.199000E-04   -9.846000E+00    2.000000E+00    1.000000E+00    1.370000E+03    8.000000E+01   -1.000000E+01    1.000000E+00   -9.914000E+00   -9.971674E+00
   2.000000E-09    1.000000E+00    1.279000E+00    9.300000E+01    1.398000E+00   -1.016000E+00   -1.000000E+01    3.353000E+00   -1.000000E+01   -1.000000E+01    3.541000E+00    2.956000E+00    1.040000E+01    1.045000E+01    2.660000E+00    5.000000E+00    5.300000E+01    3.375000E+00    2.893000E+00    3.850000E+00    1.690000E+00    6.690000E-02    8.974000E-04   -1.002000E+01    2.000000E+00    1.000000E+00    1.600000E+03    4.750000E+01    1.845000E+00   -1.000000E+00   -1.006000E+01   -1.009261E+01
   2.140000E-09    0.000000E+00    1.477000E+00    2.100000E+01    1.398000E+00   -6.576000E-01    2.000000E+00    2.230000E+00    2.544000E+00    3.090000E+00    2.000000E+00    2.230000E+00    7.200000E+00    1.360000E+01    2.200000E+00    1.000000E+00    1.000000E+00    8.499000E-01    7.796000E-01    8.500000E-01    8.451000E-01    3.752000E-02    8.974000E-04   -9.845000E+00    4.000000E+00    1.000000E+00    2.440000E+03    0.000000E+00   -1.000000E+01    0.000000E+00   -1.043000E+01   -1.042130E+01
   7.900000E-10    2.000000E+00    1.580000E+00    7.900000E+01    1.398000E+00   -1.000000E+00   -1.000000E+01    3.362000E+00   -1.000000E+01    3.550000E+00   -1.000000E+01   -1.000000E+01    7.000000E+00    5.695000E+00    9.500000E-01    5.000000E+00    3.800000E+01    2.491000E+00    8.436000E-01    3.850000E+00    1.318000E+00    4.703000E-01    8.974000E-04   -1.002000E+01    2.000000E+00    3.000000E+00    1.100000E+03    8.200000E+01   -1.000000E+01    2.000000E+00   -9.086000E+00   -9.000249E+00
   1.000000E-10    6.000000E+00    1.279000E+00    9.300000E+01    1.398000E+00   -1.000000E+01   -1.000000E+01   -1.000000E+01   -1.000000E+01   -1.000000E+01   -1.000000E+01   -1.000000E+01    9.000000E+00    6.194000E+00    1.380000E+00    7.000000E+00    9.200000E+01    3.368000E+00    1.443000E-01    4.990000E+00    1.690000E+00    1.368000E+00    8.974000E-04   -1.452000E+01    2.000000E+00    2.000000E+00    1.800000E+03    4.750000E+01   -1.000000E+01   -1.000000E+00   -1.145000E+01   -1.130518E+01
   2.570000E-09    1.000000E+00    1.453000E+00    1.080000E+02    1.699000E+00   -1.000000E+01   -1.000000E+01   -1.000000E+01   -1.000000E+01   -1.000000E+01   -1.000000E+01   -1.000000E+01    6.992000E+00    5.139000E+00    9.300000E-01    3.000000E+00    1.100000E+01    1.777000E+00    1.806000E+00    2.890000E+00    1.580000E+00   -7.034000E-03    5.279000E-04   -1.450000E+01    2.000000E+00    2.000000E+00    1.600000E+03    9.800000E+01   -1.000000E+01    1.000000E+00   -1.007000E+01   -1.012992E+01
   1.300000E-09    1.000000E+00   -1.549000E-01    1.000000E+01    1.398000E+00    2.625000E-01   -1.000000E+01    4.624000E+00   -1.000000E+01    4.812000E+00   -1.000000E+01   -1.000000E+01    5.500000E+00    5.139000E+00    9.300000E-01    3.000000E+00    1.100000E+01    1.777000E+00    9.899000E-01    2.890000E+00    2.155000E+00    2.540000E-01    8.974000E-04   -9.385000E+00    1.400000E+01    1.000000E+00    2.640000E+03    0.000000E+00   -1.000000E+01    1.000000E+00   -1.236000E+01   -1.233232E+01
   2.140000E-09    0.000000E+00   -1.549000E-01    1.000000E+01    1.362000E+00   -5.157000E-01    1.000000E+00    3.380000E+00    3.405000E+00    3.922000E+00    1.230000E+00    2.230000E+00    8.770000E+00    1.360000E+01    2.200000E+00    1.000000E+00    1.000000E+00    8.499000E-01    7.849000E-01    8.500000E-01    2.155000E+00    3.459000E-02    9.432000E-04   -9.776000E+00    1.400000E+01    1.000000E+00    2.610000E+03    0.000000E+00   -1.000000E+01    0.000000E+00   -1.070000E+01   -1.087698E+01
   2.100000E-09    4.000000E+00    1.279000E+00    9.300000E+01    1.398000E+00   -1.000000E+01   -1.000000E+01   -1.000000E+01   -1.000000E+01   -1.000000E+01   -1.000000E+01   -1.000000E+01    1.250000E+01    6.634000E+00    1.330000E+00    5.000000E+00    4.000000E+01    2.689000E+00    2.420000E+00    3.850000E+00    1.690000E+00    4.571000E-02    8.974000E-04   -1.452000E+01    2.000000E+00    2.000000E+00    1.600000E+03    4.750000E+01   -1.000000E+01    0.000000E+00   -1.005000E+01   -1.003743E+01
   1.300000E-09    1.000000E+00    1.447000E+00    1.300000E+01    1.398000E+00   -4.089000E-01    1.799000E+00    3.742000E+00    3.015000E+00    4.027000E+00    1.462000E+00    3.132000E+00    7.600000E+00    5.139000E+00    9.300000E-01    3.000000E+00    1.100000E+01    1.777000E+00    9.899000E-01    2.890000E+00    6.668000E-01    2.540000E-01    8.974000E-04   -9.721000E+00    4.000000E+00    2.000000E+00    2.400000E+03    0.000000E+00   -1.000000E+01    1.000000E+00   -1.082000E+01   -1.072816E+01
   2.570000E-09    1.000000E+00    1.453000E+00    1.080000E+02    1.699000E+00   -1.000000E+01   -1.000000E+01   -1.000000E+01   -1.000000E+01   -1.000000E+01   -1.000000E+01   -1.000000E+01    6.928000E+00    5.139000E+00    9.300000E-01    3.000000E+00    1.100000E+01    1.777000E+00    1.806000E+00    2.890000E+00    1.580000E+00   -7.034000E-03    5.279000E-04   -1.450000E+01    2.000000E+00    2.000000E+00    1.800000E+03    9.800000E+01   -1.000000E+01    1.000000E+00   -1.025000E+01   -1.027119E+01
   6.600000E-10    2.000000E+00    1.279000E+00    9.300000E+01    1.398000E+00   -1.000000E+01   -1.000000E+01   -1.000000E+01   -1.000000E+01   -1.000000E+01   -1.000000E+01   -1.000000E+01    1.250000E+01    7.640000E+00    1.910000E+00    4.000000E+00    2.800000E+01    2.586000E+00    7.315000E-01    3.450000E+00    1.690000E+00    5.484000E-01    8.974000E-04   -1.452000E+01    2.000000E+00    2.000000E+00    1.800000E+03    4.750000E+01   -1.000000E+01    2.000000E+00   -1.063000E+01   -1.068507E+01
   4.300000E-10    6.000000E+00    1.580000E+00    7.900000E+01    1.398000E+00   -2.127000E+00    4.314000E-01    2.167000E+00    4.139000E-02    1.763000E+00    2.513000E+00    1.505000E+00    8.400000E+00    6.194000E+00    1.380000E+00    7.000000E+00    9.200000E+01    3.368000E+00    6.207000E-01    4.990000E+00    1.318000E+00    7.345000E-01    8.974000E-04   -1.058000E+01    2.000000E+00    1.000000E+00    7.000000E+02    8.200000E+01   -1.000000E+01    2.000000E+00   -1.172000E+01   -1.161554E+01
   1.460000E-09    7.000000E+00    1.999000E+00    1.080000E+02    1.398000E+00   -1.469000E-01   -1.000000E+01    4.207000E+00   -1.000000E+01    4.395000E+00   -1.000000E+01   -1.000000E+01    7.000000E+00    7.834000E+00    1.900000E+00    6.000000E+00    7.500000E+01    3.309000E+00    2.071000E+00    4.360000E+00    1.034000E+00    2.036000E-01    8.974000E-04   -9.590000E+00    3.000000E+00    1.000000E+00    1.600000E+03    1.000000E+02   -1.000000E+01   -1.000000E+00   -1.054000E+01   -1.059098E+01
   1.550000E-09    4.000000E+00    6.232000E-01    6.700000E+01    1.301000E+00   -1.146000E+00    1.301000E+00    3.024000E+00    2.243000E+00    3.027000E+00    2.556000E+00    2.970000E+00    7.580000E+00    9.752000E+00    2.550000E+00    4.000000E+00    3.400000E+01    2.921000E+00    1.974000E+00    3.450000E+00    2.203000E+00    1.703000E-01    1.018000E-03   -1.009000E+01    1.300000E+01    1.000000E+00    2.630000E+03    0.000000E+00   -1.000000E+01   -1.000000E+00   -1.338000E+01   -1.301777E+01
   7.910000E-10    2.000000E+00    1.748000E+00    1.110000E+02    1.903000E+00   -7.282000E-01    1.596000E+00    3.415000E+00    2.736000E+00    3.353000E+00    1.827000E+00    3.670000E+00    7.560000E+00    5.695000E+00    9.500000E-01    5.000000E+00    3.800000E+01    2.491000E+00    7.131000E-01    3.850000E+00    1.297000E+00    5.433000E-01    3.547000E-04   -9.844000E+00    2.000000E+00    1.000000E+00    1.400000E+03    9.200000E+01   -1.000000E+01    2.000000E+00   -1.023000E+01   -1.001376E+01
   7.900000E-10    2.000000E+00    1.580000E+00    7.900000E+01    1.398000E+00   -1.000000E+00   -1.000000E+01    3.362000E+00   -1.000000E+01    3.550000E+00   -1.000000E+01   -1.000000E+01    1.000000E+01    5.695000E+00    9.500000E-01    5.000000E+00    3.800000E+01    2.491000E+00    8.436000E-01    3.850000E+00    1.318000E+00    4.703000E-01    8.974000E-04   -1.002000E+01    2.000000E+00    3.000000E+00    1.000000E+03    8.200000E+01   -1.000000E+01    2.000000E+00   -8.854000E+00   -8.967855E+00
   2.000000E-09    1.000000E+00    1.580000E+00    7.900000E+01    1.398000E+00   -2.000000E+00   -1.000000E+01    2.362000E+00   -1.000000E+01   -1.000000E+01   -1.000000E+01   -1.000000E+01    8.200000E+00    1.297000E+01    3.160000E+00    3.000000E+00    1.700000E+01    2.822000E+00    2.419000E+00    2.890000E+00    1.318000E+00    6.690000E-02    8.974000E-04   -1.052000E+01    2.000000E+00    1.000000E+00    8.000000E+02    8.000000E+01   -1.000000E+01   -1.000000E+00   -9.449000E+00   -9.340857E+00
   7.910000E-10    2.000000E+00    1.748000E+00    1.110000E+02    1.778000E+00   -7.282000E-01    1.596000E+00    3.415000E+00    2.736000E+00    3.353000E+00    1.827000E+00    3.670000E+00    7.560000E+00    5.695000E+00    9.500000E-01    5.000000E+00    3.800000E+01    2.491000E+00    7.559000E-01    3.850000E+00    1.297000E+00    5.180000E-01    4.494000E-04   -9.856000E+00    2.000000E+00    1.000000E+00    1.400000E+03    9.200000E+01   -1.000000E+01    2.000000E+00   -9.402000E+00   -9.458519E+00
   2.570000E-09    1.000000E+00    1.453000E+00    1.080000E+02    1.699000E+00   -1.000000E+01   -1.000000E+01   -1.000000E+01   -1.000000E+01   -1.000000E+01   -1.000000E+01   -1.000000E+01    6.748000E+00    5.139000E+00    9.300000E-01    3.000000E+00    1.100000E+01    1.777000E+00    1.806000E+00    2.890000E+00    1.580000E+00   -7.034000E-03    5.279000E-04   -1.450000E+01    2.000000E+00    2.000000E+00    1.400000E+03    9.800000E+01   -1.000000E+01    1.000000E+00   -9.889000E+00   -9.817429E+00
   1.460000E-09    7.000000E+00    1.408000E+00    7.200000E+01    1.544000E+00   -1.301000E+00   -1.000000E+01    3.061000E+00   -1.000000E+01    3.249000E+00   -1.000000E+01   -1.000000E+01    4.000000E+00    7.834000E+00    1.900000E+00    6.000000E+00    7.500000E+01    3.309000E+00    2.004000E+00    4.360000E+00    1.449000E+00    2.179000E-01    7.106000E-04   -1.016000E+01    2.000000E+00    1.000000E+00    1.600000E+03    7.500000E+01   -1.000000E+01   -1.000000E+00   -1.036000E+01   -1.046537E+01
   1.550000E-09    4.000000E+00    6.232000E-01    6.700000E+01    1.398000E+00   -1.398000E+00    8.451000E-01    2.784000E+00    1.869000E+00    2.785000E+00   -1.000000E+01    2.785000E+00    9.200000E+00    9.752000E+00    2.550000E+00    4.000000E+00    3.400000E+01    2.921000E+00    1.941000E+00    3.450000E+00    2.203000E+00    1.776000E-01    8.974000E-04   -1.022000E+01    1.300000E+01    3.000000E+00    1.800000E+03    0.000000E+00   -1.000000E+01   -1.000000E+00   -1.017000E+01   -1.008397E+01
   2.090000E-09    1.000000E+00    1.447000E+00    1.080000E+02    1.398000E+00   -1.000000E+01   -1.000000E+01   -1.000000E+01   -1.000000E+01   -1.000000E+01   -1.000000E+01   -1.000000E+01    1.200000E+01    3.894000E+00    7.900000E-01    6.000000E+00    5.500000E+01    2.333000E+00    2.090000E+00    4.360000E+00    1.586000E+00    4.778000E-02    8.974000E-04   -1.452000E+01    2.000000E+00    2.000000E+00    1.000000E+03    1.000000E+02   -1.000000E+01    1.000000E+00   -9.672000E+00   -9.680314E+00
   1.010000E-09    1.000000E+00    1.453000E+00    1.080000E+02    1.176000E+00   -1.000000E+01   -1.000000E+01   -1.000000E+01   -1.000000E+01   -1.000000E+01   -1.000000E+01   -1.000000E+01    5.674000E+00    5.139000E+00    9.300000E-01    3.000000E+00    1.100000E+01    1.777000E+00    7.958000E-01    2.890000E+00    1.580000E+00    3.488000E-01    1.162000E-03   -1.452000E+01    2.000000E+00    2.000000E+00    1.800000E+03    9.800000E+01   -1.000000E+01    1.000000E+00   -1.071000E+01   -1.067523E+01
   2.060000E-09    1.000000E+00   -1.549000E-01    1.000000E+01    1.362000E+00   -9.208000E-01    1.172000E+00    3.441000E+00   -1.000000E+01    2.754000E+00    3.409000E+00    2.739000E+00    9.500000E+00    3.894000E+00    7.900000E-01    6.000000E+00    5.500000E+01    2.333000E+00    2.074000E+00    4.360000E+00    2.155000E+00    5.114000E-02    9.432000E-04   -9.978000E+00    1.400000E+01    1.000000E+00    2.670000E+03    0.000000E+00   -1.000000E+01    1.000000E+00   -1.109000E+01   -1.114924E+01
   1.560000E-09    1.000000E+00    1.453000E+00    1.080000E+02    1.176000E+00   -1.000000E+01   -1.000000E+01   -1.000000E+01   -1.000000E+01   -1.000000E+01   -1.000000E+01   -1.000000E+01    5.893000E+00    1.297000E+01    3.160000E+00    3.000000E+00    1.700000E+01    2.822000E+00    1.952000E+00    2.890000E+00    1.580000E+00    1.600000E-01    1.162000E-03   -1.452000E+01    2.000000E+00    2.000000E+00    7.000000E+02    9.800000E+01   -1.000000E+01   -1.000000E+00   -9.541000E+00   -9.582741E+00
   2.040000E-09    1.000000E+00    1.744000E+00    8.200000E+01    1.380000E+00   -6.576000E-01    1.176000E+00    3.262000E+00    3.292000E+00    3.770000E+00    1.447000E+00    3.583000E+00    7.200000E+00    3.894000E+00    7.900000E-01    6.000000E+00    5.500000E+01    2.333000E+00    2.047000E+00    4.360000E+00    1.170000E+00    5.684000E-02    9.199000E-04   -9.846000E+00    2.000000E+00    2.000000E+00    1.220000E+03    8.000000E+01   -1.000000E+01    1.000000E+00   -9.783000E+00   -9.726933E+00
   6.240000E-10    3.000000E+00    1.279000E+00    9.300000E+01    1.398000E+00   -1.000000E+01   -1.000000E+01   -1.000000E+01   -1.000000E+01   -1.000000E+01   -1.000000E+01   -1.000000E+01    8.500000E+00    5.974000E+00    1.300000E+00    7.000000E+00    9.500000E+01    3.307000E+00    8.845000E-01    4.990000E+00    1.690000E+00    5.727000E-01    8.974000E-04   -1.452000E+01    2.000000E+00    2.000000E+00    1.400000E+03    4.750000E+01   -1.000000E+01   -1.000000E+00   -1.026000E+01   -1.022820E+01
   3.690000E-09    1.000000E+00    1.453000E+00    1.080000E+02    1.699000E+00   -1.301000E+00   -1.000000E+01    3.061000E+00   -1.000000E+01    3.249000E+00   -1.000000E+01   -1.000000E+01    6.359000E+00    1.297000E+01    3.160000E+00    3.000000E+00    1.700000E+01    2.822000E+00    4.118000E+00    2.890000E+00    1.580000E+00   -1.641000E-01    5.279000E-04   -1.015000E+01    2.000000E+00    2.000000E+00    1.000000E+03    9.800000E+01   -1.000000E+01   -1.000000E+00   -9.401000E+00   -9.468424E+00
   3.690000E-09    1.000000E+00    1.453000E+00    1.080000E+02    1.699000E+00   -1.000000E+01   -1.000000E+01   -1.000000E+01   -1.000000E+01   -1.000000E+01   -1.000000E+01   -1.000000E+01    6.052000E+00    1.297000E+01    3.160000E+00    3.000000E+00    1.700000E+01    2.822000E+00    4.118000E+00    2.890000E+00    1.580000E+00   -1.641000E-01    5.279000E-04   -1.450000E+01    2.000000E+00    2.000000E+00    1.800000E+03    9.800000E+01   -1.000000E+01   -1.000000E+00   -1.010000E+01   -1.014659E+01
   1.550000E-09    4.000000E+00    6.232000E-01    6.700000E+01    1.491000E+00   -3.010000E-01   -1.000000E+01    4.061000E+00   -1.000000E+01   -1.000000E+01   -1.000000E+01   -1.000000E+01    7.580000E+00    9.752000E+00    2.550000E+00    4.000000E+00    3.400000E+01    2.921000E+00    1.903000E+00    3.450000E+00    2.203000E+00    1.863000E-01    7.777000E-04   -9.662000E+00    1.300000E+01    1.000000E+00    2.560000E+03    0.000000E+00   -1.000000E+01   -1.000000E+00   -1.278000E+01   -1.275195E+01
   1.300000E-09    1.000000E+00   -1.549000E-01    1.000000E+01    1.398000E+00   -5.157000E-01    1.000000E+00    3.380000E+00    3.405000E+00    3.922000E+00    1.230000E+00    2.230000E+00    8.770000E+00    5.139000E+00    9.300000E-01    3.000000E+00    1.100000E+01    1.777000E+00    9.899000E-01    2.890000E+00    2.155000E+00    2.540000E-01    8.974000E-04   -9.774000E+00    1.400000E+01    1.000000E+00    2.610000E+03    0.000000E+00   -1.000000E+01    1.000000E+00   -1.092000E+01   -1.114344E+01
   2.032000E-10    1.000000E+00    1.531000E+00    1.300000E+01    1.362000E+00   -4.510000E-01    1.806000E+00    3.749000E+00    2.949000E+00    3.984000E+00    1.477000E+00    3.368000E+00    7.680000E+00    1.297000E+01    3.160000E+00    3.000000E+00    1.700000E+01    2.822000E+00    2.474000E-01    2.890000E+00    5.825000E-01    1.057000E+00    9.432000E-04   -9.743000E+00    4.000000E+00    1.000000E+00    2.700000E+03    0.000000E+00   -1.000000E+01   -1.000000E+00   -1.175000E+01   -1.173980E+01
   7.420000E-10    1.000000E+00    1.453000E+00    1.080000E+02    6.990000E-01   -1.000000E+01   -1.000000E+01   -1.000000E+01   -1.000000E+01   -1.000000E+01   -1.000000E+01   -1.000000E+01    6.158000E+00    5.139000E+00    9.300000E-01    3.000000E+00    1.100000E+01    1.777000E+00    6.056000E-01    2.890000E+00    1.580000E+00    4.674000E-01    1.536000E-03   -1.453000E+01    2.000000E+00    2.000000E+00    1.000000E+03    9.800000E+01   -1.000000E+01    1.000000E+00   -1.010000E+01   -1.011623E+01
   2.000000E-09    1.000000E+00    1.580000E+00    7.900000E+01    1.398000E+00   -1.000000E+00   -1.000000E+01    3.362000E+00   -1.000000E+01   -1.000000E+01   -1.000000E+01   -1.000000E+01    8.200000E+00    1.297000E+01    3.160000E+00    3.000000E+00    1.700000E+01    2.822000E+00    2.419000E+00    2.890000E+00    1.318000E+00    6.690000E-02    8.974000E-04   -1.002000E+01    2.000000E+00    1.000000E+00    1.800000E+03    8.000000E+01   -1.000000E+01   -1.000000E+00   -1.029000E+01   -1.034680E+01
   1.200000E-09    5.000000E+00    1.455000E+00    8.700000E+01    1.301000E+00   -2.297000E+00   -1.000000E+01   -1.000000E+01    2.603000E+00   -1.000000E+01   -1.000000E+01   -1.000000E+01    6.000000E+00    6.266000E+00    1.360000E+00    7.000000E+00    9.300000E+01    3.387000E+00    1.772000E+00    4.990000E+00    1.485000E+00    2.814000E-01    1.018000E-03   -1.067000E+01    3.000000E+00    2.000000E+00    7.800000E+02    1.000000E+02   -1.000000E+01    1.000000E+00   -9.682000E+00   -9.679431E+00
   2.000000E-09    1.000000E+00   -1.549000E-01    1.000000E+01    1.398000E+00   -5.157000E-01    1.000000E+00    3.380000E+00    3.405000E+00    3.922000E+00    1.230000E+00    2.230000E+00    8.770000E+00    1.297000E+01    3.160000E+00    3.000000E+00    1.700000E+01    2.822000E+00    2.419000E+00    2.890000E+00    2.155000E+00    6.690000E-02    8.974000E-04   -9.774000E+00    1.400000E+01    1.000000E+00    2.610000E+03    0.000000E+00   -1.000000E+01   -1.000000E+00   -1.116000E+01   -1.107034E+01
   4.530000E-09    1.000000E+00    1.279000E+00    9.300000E+01    1.778000E+00   -2.757000E-01    5.922000E-01    4.024000E+00    2.558000E+00    4.302000E+00   -1.000000E+01    4.065000E-01    7.700000E+00    3.894000E+00    7.900000E-01    6.000000E+00    5.500000E+01    2.333000E+00    4.054000E+00    4.360000E+00    1.690000E+00   -2.400000E-01    4.494000E-04   -9.630000E+00    2.000000E+00    2.000000E+00    1.600000E+03    4.750000E+01    1.477000E+00    1.000000E+00   -9.456000E+00   -9.263960E+00
   4.300000E-10    6.000000E+00    1.279000E+00    9.300000E+01    1.398000E+00   -1.000000E+01   -1.000000E+01   -1.000000E+01   -1.000000E+01   -1.000000E+01   -1.000000E+01   -1.000000E+01    9.000000E+00    6.194000E+00    1.380000E+00    7.000000E+00    9.200000E+01    3.368000E+00    6.207000E-01    4.990000E+00    1.690000E+00    7.345000E-01    8.974000E-04   -1.452000E+01    2.000000E+00    2.000000E+00    1.820000E+03    4.750000E+01    1.602000E+00   -1.000000E+00   -1.064000E+01   -1.056177E+01
   6.100000E-10    3.000000E+00    1.279000E+00    9.300000E+01    1.391000E+00   -2.222000E+00   -1.000000E+01   -1.000000E+01   -1.000000E+01    2.027000E+00   -1.000000E+01   -1.000000E+01    7.650000E+00    5.644000E+00    1.170000E+00    6.000000E+00    6.200000E+01    2.809000E+00    7.353000E-01    4.360000E+00    1.690000E+00    5.820000E-01    9.063000E-04   -1.063000E+01    2.000000E+00    2.000000E+00    1.400000E+03    4.750000E+01   -1.000000E+01    1.000000E+00   -1.027000E+01   -1.032039E+01
   9.230000E-10    4.000000E+00    1.279000E+00    9.300000E+01    1.398000E+00   -6.108000E-01   -1.000000E+01    3.760000E+00   -1.000000E+01   -1.000000E+01    3.941000E+00    3.363000E+00    1.050000E+01    1.126000E+01    2.550000E+00    2.000000E+00    6.000000E+00    1.811000E+00    7.164000E-01    1.990000E+00    1.690000E+00    4.027000E-01    8.974000E-04   -9.822000E+00    2.000000E+00    1.000000E+00    1.600000E+03    4.750000E+01   -1.000000E+01   -2.000000E+00   -1.085000E+01   -1.085312E+01
   2.570000E-09    1.000000E+00    1.453000E+00    1.080000E+02    1.699000E+00   -1.000000E+01   -1.000000E+01   -1.000000E+01   -1.000000E+01   -1.000000E+01   -1.000000E+01   -1.000000E+01    7.564000E+00    5.139000E+00    9.300000E-01    3.000000E+00    1.100000E+01    1.777000E+00    1.806000E+00    2.890000E+00    1.580000E+00   -7.034000E-03    5.279000E-04   -1.450000E+01    2.000000E+00    2.000000E+00    1.000000E+03    9.800000E+01   -1.000000E+01    1.000000E+00   -9.559000E+00   -9.550908E+00
   2.100000E-09    1.000000E+00    1.453000E+00    1.080000E+02    1.342000E+00   -2.924000E-01   -1.000000E+01    4.069000E+00   -1.000000E+01    4.257000E+00   -1.000000E+01   -1.000000E+01    7.580000E+00    3.894000E+00    7.900000E-01    6.000000E+00    5.500000E+01    2.333000E+00    2.121000E+00    4.360000E+00    1.580000E+00    4.132000E-02    9.673000E-04   -9.665000E+00    2.000000E+00    2.000000E+00    9.000000E+02    9.999000E+01   -1.000000E+01    1.000000E+00   -9.573000E+00   -9.636496E+00
   2.220000E-09    0.000000E+00    1.602000E+00    1.400000E+01    1.362000E+00   -2.000000E+00    9.345000E-01    2.362000E+00    5.328000E-01    2.338000E+00    2.387000E+00    1.904000E+00    8.300000E+00    1.360000E+01    2.200000E+00    1.000000E+00    1.000000E+00    8.499000E-01    8.142000E-01    8.500000E-01    5.441000E-01    1.865000E-02    9.432000E-04   -1.052000E+01    5.000000E+00    1.000000E+00    2.450000E+03    0.000000E+00   -1.000000E+01    0.000000E+00   -1.060000E+01   -1.065760E+01
   2.570000E-09    1.000000E+00    1.453000E+00    1.080000E+02    1.699000E+00   -1.000000E+00   -1.000000E+01    3.362000E+00   -1.000000E+01    3.550000E+00   -1.000000E+01   -1.000000E+01    7.076000E+00    5.139000E+00    9.300000E-01    3.000000E+00    1.100000E+01    1.777000E+00    1.806000E+00    2.890000E+00    1.580000E+00   -7.034000E-03    5.279000E-04   -9.999000E+00    2.000000E+00    2.000000E+00    1.000000E+03    9.800000E+01   -1.000000E+01    1.000000E+00   -9.559000E+00   -9.548960E+00
   2.220000E-09    0.000000E+00    1.748000E+00    1.110000E+02    1.903000E+00   -6.778000E-01    1.637000E+00    3.472000E+00    2.790000E+00    3.517000E+00    1.749000E+00    3.638000E+00    7.550000E+00    1.360000E+01    2.200000E+00    1.000000E+00    1.000000E+00    8.499000E-01    6.828000E-01    8.500000E-01    1.297000E+00    9.510000E-02    3.547000E-04   -9.818000E+00    2.000000E+00    1.000000E+00    1.650000E+03    9.200000E+01   -1.000000E+01    0.000000E+00   -9.846000E+00   -9.999313E+00
   1.180000E-09    1.000000E+00    1.453000E+00    1.080000E+02    6.990000E-01   -1.000000E+01   -1.000000E+01   -1.000000E+01   -1.000000E+01   -1.000000E+01   -1.000000E+01   -1.000000E+01    5.040000E+00    1.297000E+01    3.160000E+00    3.000000E+00    1.700000E+01    2.822000E+00    1.530000E+00    2.890000E+00    1.580000E+00    2.659000E-01    1.536000E-03   -1.453000E+01    2.000000E+00    2.000000E+00    1.800000E+03    9.800000E+01   -1.000000E+01   -1.000000E+00   -1.059000E+01   -1.057296E+01
   8.100000E-10    2.000000E+00    1.279000E+00    9.300000E+01    1.352000E+00   -1.000000E+01   -1.000000E+01   -1.000000E+01   -1.000000E+01   -1.000000E+01   -1.000000E+01   -1.000000E+01    7.250000E+00    9.752000E+00    2.550000E+00    4.000000E+00    3.400000E+01    2.921000E+00    1.023000E+00    3.450000E+00    1.690000E+00    4.558000E-01    9.552000E-04   -1.452000E+01    2.000000E+00    2.000000E+00    1.600000E+03    4.750000E+01    1.699000E+00   -1.000000E+00   -1.010000E+01   -1.021188E+01
   1.200000E-09    5.000000E+00    1.771000E+00    9.200000E+01    1.301000E+00   -3.000000E+00   -1.000000E+01    1.362000E+00   -1.000000E+01   -1.000000E+01   -1.000000E+01   -1.000000E+01    6.000000E+00    6.266000E+00    1.360000E+00    7.000000E+00    9.300000E+01    3.387000E+00    1.772000E+00    4.990000E+00    1.193000E+00    2.814000E-01    1.018000E-03   -1.102000E+01    3.000000E+00    2.000000E+00    7.800000E+02    9.800000E+01   -1.000000E+01    1.000000E+00   -9.682000E+00   -9.639380E+00
   1.640000E-09    2.000000E+00    1.279000E+00    9.300000E+01    1.352000E+00   -1.807000E+00   -1.000000E+01    2.378000E+00   -1.000000E+01   -1.000000E+01   -1.000000E+01    2.699000E+00    7.250000E+00    9.752000E+00    2.550000E+00    4.000000E+00    3.400000E+01    2.921000E+00    2.071000E+00    3.450000E+00    1.690000E+00    1.494000E-01    9.552000E-04   -1.042000E+01    2.000000E+00    2.000000E+00    1.600000E+03    5.000000E+01   -1.000000E+01   -1.000000E+00   -1.004000E+01   -1.008487E+01
   1.550000E-09    4.000000E+00    1.436000E+00    5.870000E+01    1.301000E+00   -3.010000E-01   -1.000000E+01    4.061000E+00   -1.000000E+01    4.249000E+00   -1.000000E+01   -1.000000E+01    7.600000E+00    9.752000E+00    2.550000E+00    4.000000E+00    3.400000E+01    2.921000E+00    1.974000E+00    3.450000E+00    1.332000E+00    1.703000E-01    1.018000E-03   -9.670000E+00    2.000000E+00    1.000000E+00    1.400000E+03    7.800000E+01   -1.000000E+01   -1.000000E+00   -1.027000E+01   -1.038991E+01
   3.690000E-09    1.000000E+00    1.580000E+00    7.870000E+01    1.398000E+00   -6.990000E-01   -1.000000E+01    3.663000E+00   -1.000000E+01    3.851000E+00   -1.000000E+01   -1.000000E+01    7.378000E+00    3.894000E+00    7.900000E-01    6.000000E+00    5.500000E+01    2.333000E+00    3.690000E+00    4.360000E+00    1.316000E+00   -1.991000E-01    8.974000E-04   -9.866000E+00    2.000000E+00    7.000000E+00    1.870000E+03    8.200000E+01   -1.000000E+01    1.000000E+00   -1.010000E+01   -1.010786E+01
   8.050000E-10    2.000000E+00    1.580000E+00    7.870000E+01    1.398000E+00   -1.000000E+00   -1.000000E+01    3.362000E+00   -1.000000E+01    3.550000E+00   -1.000000E+01   -1.000000E+01    6.125000E+00    5.695000E+00    9.500000E-01    5.000000E+00    3.800000E+01    2.491000E+00    8.596000E-01    3.850000E+00    1.316000E+00    4.621000E-01    8.974000E-04   -1.002000E+01    2.000000E+00    1.000000E+00    1.750000E+03    8.200000E+01   -1.000000E+01    2.000000E+00   -8.538000E+00   -9.194216E+00
   2.000000E-09    7.000000E+00    6.232000E-01    6.700000E+01    1.398000E+00   -1.000000E+00   -1.000000E+01    3.362000E+00   -1.000000E+01   -1.000000E+01   -1.000000E+01   -1.000000E+01    5.000000E+00    7.280000E+00    1.900000E+00    5.000000E+00    4.300000E+01    2.817000E+00    2.415000E+00    3.850000E+00    2.203000E+00    6.690000E-02    8.974000E-04   -1.002000E+01    1.300000E+01    1.000000E+00    2.730000E+03    0.000000E+00   -1.000000E+01   -1.000000E+00   -1.188000E+01   -1.197000E+01
   7.420000E-10    1.000000E+00    1.453000E+00    1.080000E+02    6.990000E-01   -1.000000E+01   -1.000000E+01   -1.000000E+01   -1.000000E+01   -1.000000E+01   -1.000000E+01   -1.000000E+01    5.854000E+00    5.139000E+00    9.300000E-01    3.000000E+00    1.100000E+01    1.777000E+00    6.056000E-01    2.890000E+00    1.580000E+00    4.674000E-01    1.536000E-03   -1.453000E+01    2.000000E+00    2.000000E+00    1.000000E+03    9.800000E+01   -1.000000E+01    1.000000E+00   -1.011000E+01   -1.012671E+01
   2.740000E-09    2.000000E+00    1.744000E+00    8.200000E+01    1.954000E+00    1.335000E-01    1.469000E+00    3.704000E+00    4.176000E+00    4.535000E+00    1.000000E+00    2.898000E+00    8.161000E+00    5.695000E+00    9.500000E-01    5.000000E+00    3.800000E+01    2.491000E+00    2.402000E+00    3.850000E+00    1.170000E+00    1.583000E-02    3.270000E-04   -9.407000E+00    2.000000E+00    2.000000E+00    1.670000E+03    8.000000E+01    1.699000E+00    2.000000E+00   -9.764000E+00   -9.772256E+00
   2.000000E-09    1.000000E+00    1.744000E+00    8.200000E+01    1.903000E+00   -5.918000E-01    1.146000E+00    3.279000E+00    3.328000E+00    3.785000E+00    1.831000E+00    3.016000E+00    7.500000E+00    1.045000E+01    2.660000E+00    5.000000E+00    5.300000E+01    3.375000E+00    2.443000E+00    3.850000E+00    1.170000E+00    1.404000E-01    3.547000E-04   -9.775000E+00    2.000000E+00    2.000000E+00    1.100000E+03    8.000000E+01   -1.000000E+01   -1.000000E+00   -9.674000E+00   -9.611596E+00
   1.330000E-09    1.000000E+00    1.602000E+00    1.400000E+02    1.398000E+00   -1.000000E+00   -1.000000E+01    3.362000E+00   -1.000000E+01   -1.000000E+01   -1.000000E+01   -1.000000E+01    5.000000E+00    5.139000E+00    9.300000E-01    3.000000E+00    1.100000E+01    1.777000E+00    1.013000E+00    2.890000E+00    1.544000E+00    2.441000E-01    8.974000E-04   -1.002000E+01    7.000000E+00    1.000000E+00    1.900000E+03    0.000000E+00   -1.000000E+01    1.000000E+00   -9.495000E+00   -9.608949E+00
   2.000000E-09    1.000000E+00    1.279000E+00    9.300000E+01    1.398000E+00    6.990000E-01   -1.000000E+01    5.061000E+00   -1.000000E+01   -1.000000E+01   -1.000000E+01   -1.000000E+01    1.250000E+01    1.045000E+01    2.660000E+00    5.000000E+00    5.300000E+01    3.375000E+00    2.893000E+00    3.850000E+00    1.690000E+00    6.690000E-02    8.974000E-04   -9.167000E+00    2.000000E+00    1.000000E+00    1.600000E+03    4.750000E+01    1.477000E+00   -1.000000E+00   -1.018000E+01   -1.034116E+01
   2.100000E-09    1.000000E+00    6.128000E-01    1.090000E+01    1.398000E+00   -2.924000E-01   -1.000000E+01    4.069000E+00   -1.000000E+01    4.257000E+00   -1.000000E+01   -1.000000E+01    7.840000E+00    3.894000E+00    7.900000E-01    6.000000E+00    5.500000E+01    2.333000E+00    2.100000E+00    4.360000E+00    1.425000E+00    4.571000E-02    8.974000E-04   -9.662000E+00    2.800000E+01    2.000000E+00    2.250000E+03    0.000000E+00   -1.000000E+01    1.000000E+00   -9.975000E+00   -9.968277E+00
   7.420000E-10    1.000000E+00    1.453000E+00    1.080000E+02    6.990000E-01   -1.000000E+01   -1.000000E+01   -1.000000E+01   -1.000000E+01   -1.000000E+01   -1.000000E+01   -1.000000E+01    6.410000E+00    5.139000E+00    9.300000E-01    3.000000E+00    1.100000E+01    1.777000E+00    6.056000E-01    2.890000E+00    1.580000E+00    4.674000E-01    1.536000E-03   -1.453000E+01    2.000000E+00    2.000000E+00    8.000000E+02    9.800000E+01   -1.000000E+01    1.000000E+00   -9.939000E+00   -9.977531E+00
   9.230000E-10    4.000000E+00    1.744000E+00    8.200000E+01    1.362000E+00   -5.768000E-01    1.437000E+00    3.430000E+00    3.204000E+00    3.844000E+00    1.086000E+00    3.126000E+00    7.700000E+00    1.126000E+01    2.550000E+00    2.000000E+00    6.000000E+00    1.811000E+00    7.212000E-01    1.990000E+00    1.170000E+00    3.998000E-01    9.432000E-04   -9.806000E+00    2.000000E+00    1.000000E+00    1.180000E+03    8.000000E+01   -1.000000E+01   -2.000000E+00   -1.110000E+01   -1.131544E+01
   4.300000E-10    6.000000E+00    1.279000E+00    9.300000E+01    1.398000E+00   -1.000000E+01   -1.000000E+01   -1.000000E+01   -1.000000E+01   -1.000000E+01   -1.000000E+01   -1.000000E+01    8.450000E+00    6.194000E+00    1.380000E+00    7.000000E+00    9.200000E+01    3.368000E+00    6.207000E-01    4.990000E+00    1.690000E+00    7.345000E-01    8.974000E-04   -1.452000E+01    2.000000E+00    2.000000E+00    1.800000E+03    4.750000E+01   -1.000000E+01   -4.000000E+00   -1.082000E+01   -1.089091E+01
   6.240000E-10    3.000000E+00    1.279000E+00    9.300000E+01    1.398000E+00   -2.190000E-01   -1.000000E+01    4.105000E+00    2.983000E+00    2.697000E+00    2.086000E+00   -1.000000E+01    1.250000E+01    5.974000E+00    1.300000E+00    7.000000E+00    9.500000E+01    3.307000E+00    8.845000E-01    4.990000E+00    1.690000E+00    5.727000E-01    8.974000E-04   -9.626000E+00    2.000000E+00    2.000000E+00    1.200000E+03    4.750000E+01   -1.000000E+01    3.000000E+00   -1.010000E+01   -1.000296E+01
   2.570000E-09    1.000000E+00    1.453000E+00    1.080000E+02    1.699000E+00   -1.000000E+01   -1.000000E+01   -1.000000E+01   -1.000000E+01   -1.000000E+01   -1.000000E+01   -1.000000E+01    6.917000E+00    5.139000E+00    9.300000E-01    3.000000E+00    1.100000E+01    1.777000E+00    1.806000E+00    2.890000E+00    1.580000E+00   -7.034000E-03    5.279000E-04   -1.450000E+01    2.000000E+00    2.000000E+00    1.800000E+03    9.800000E+01   -1.000000E+01    1.000000E+00   -1.031000E+01   -1.027119E+01
   2.950000E-09    1.000000E+00    1.453000E+00    1.080000E+02    1.602000E+00   -1.000000E+01   -1.000000E+01   -1.000000E+01   -1.000000E+01   -1.000000E+01   -1.000000E+01   -1.000000E+01    5.921000E+00    1.297000E+01    3.160000E+00    3.000000E+00    1.700000E+01    2.822000E+00    3.397000E+00    2.890000E+00    1.580000E+00   -8.057000E-02    6.389000E-04   -1.451000E+01    2.000000E+00    2.000000E+00    1.200000E+03    9.800000E+01   -1.000000E+01   -1.000000E+00   -9.662000E+00   -9.586381E+00
   9.000000E-10    4.000000E+00    1.279000E+00    9.300000E+01    1.398000E+00    4.771000E-01   -1.000000E+01    4.663000E+00   -1.000000E+01   -1.000000E+01   -1.000000E+01   -1.000000E+01    8.000000E+00    7.344000E+00    1.960000E+00    5.000000E+00    5.000000E+01    2.829000E+00    1.091000E+00    3.850000E+00    1.690000E+00    4.137000E-01    8.974000E-04   -9.278000E+00    2.000000E+00    2.000000E+00    1.000000E+03    4.750000E+01   -1.000000E+01    4.000000E+00   -9.804000E+00   -9.770261E+00
   1.010000E-09    1.000000E+00    1.453000E+00    1.080000E+02    1.176000E+00   -1.000000E+01   -1.000000E+01   -1.000000E+01   -1.000000E+01   -1.000000E+01   -1.000000E+01   -1.000000E+01    5.672000E+00    5.139000E+00    9.300000E-01    3.000000E+00    1.100000E+01    1.777000E+00    7.958000E-01    2.890000E+00    1.580000E+00    3.488000E-01    1.162000E-03   -1.452000E+01    2.000000E+00    2.000000E+00    1.800000E+03    9.800000E+01   -1.000000E+01    1.000000E+00   -1.071000E+01   -1.067523E+01
   2.570000E-09    1.000000E+00    1.453000E+00    1.080000E+02    1.699000E+00   -1.000000E+01   -1.000000E+01   -1.000000E+01   -1.000000E+01   -1.000000E+01   -1.000000E+01   -1.000000E+01    7.308000E+00    5.139000E+00    9.300000E-01    3.000000E+00    1.100000E+01    1.777000E+00    1.806000E+00    2.890000E+00    1.580000E+00   -7.034000E-03    5.279000E-04   -1.450000E+01    2.000000E+00    2.000000E+00    1.000000E+03    9.800000E+01   -1.000000E+01    1.000000E+00   -9.573000E+00   -9.556762E+00
   2.010000E-09    1.000000E+00    1.453000E+00    1.080000E+02    1.602000E+00   -1.301000E+00   -1.000000E+01    3.061000E+00   -1.000000E+01    3.249000E+00   -1.000000E+01   -1.000000E+01    7.700000E+00    5.139000E+00    9.300000E-01    3.000000E+00    1.100000E+01    1.777000E+00    1.457000E+00    2.890000E+00    1.580000E+00    8.605000E-02    6.389000E-04   -1.016000E+01    2.000000E+00    2.000000E+00    1.000000E+03    9.800000E+01   -1.000000E+01    1.000000E+00   -9.666000E+00   -9.684937E+00
   2.000000E-09    1.000000E+00   -1.549000E-01    1.000000E+01    1.398000E+00   -5.157000E-01    1.000000E+00    3.380000E+00    3.405000E+00    3.922000E+00    1.230000E+00    2.230000E+00    8.700000E+00    1.297000E+01    3.160000E+00    3.000000E+00    1.700000E+01    2.822000E+00    2.419000E+00    2.890000E+00    2.155000E+00    6.690000E-02    8.974000E-04   -9.774000E+00    1.400000E+01    1.000000E+00    2.730000E+03    0.000000E+00   -1.000000E+01   -1.000000E+00   -1.100000E+01   -1.110327E+01
   2.000000E-09    1.000000E+00    1.279000E+00    9.300000E+01    1.362000E+00   -2.000000E+00   -1.000000E+01    2.362000E+00   -1.000000E+01    2.550000E+00   -1.000000E+01   -1.000000E+01    1.250000E+01    1.297000E+01    3.160000E+00    3.000000E+00    1.700000E+01    2.822000E+00    2.435000E+00    2.890000E+00    1.690000E+00    6.398000E-02    9.432000E-04   -1.052000E+01    2.000000E+00    1.000000E+00    1.600000E+03    5.000000E+01    1.699000E+00   -1.000000E+00   -1.089000E+01   -1.084098E+01
   2.100000E-09    1.000000E+00    6.021000E-01    6.700000E+01    1.398000E+00   -1.000000E+00    3.592000E+00   -1.000000E+01   -1.000000E+01   -1.000000E+01   -1.000000E+01   -1.000000E+01    6.000000E+00    3.894000E+00    7.900000E-01    6.000000E+00    5.500000E+01    2.333000E+00    2.100000E+00    4.360000E+00    2.224000E+00    4.571000E-02    8.974000E-04   -1.002000E+01    1.300000E+01    1.000000E+00    2.640000E+03    0.000000E+00   -1.000000E+01    1.000000E+00   -1.230000E+01   -1.197885E+01
   2.000000E-09    7.000000E+00    1.415000E+00    3.800000E+01    1.362000E+00   -5.867000E-01    1.146000E+00    3.279000E+00    3.322000E+00    3.785000E+00    1.833000E+00    3.000000E+00    7.500000E+00    7.280000E+00    1.900000E+00    5.000000E+00    4.300000E+01    2.817000E+00    2.431000E+00    3.850000E+00    1.165000E+00    6.398000E-02    9.432000E-04   -9.811000E+00    2.000000E+00    1.000000E+00    1.160000E+03    3.300000E+01   -1.000000E+01   -1.000000E+00   -9.886000E+00   -9.948303E+00
   2.090000E-09    1.000000E+00    1.580000E+00    7.870000E+01    1.398000E+00    0.000000E+00   -1.000000E+01    4.362000E+00   -1.000000E+01   -1.000000E+01   -1.000000E+01   -1.000000E+01    7.410000E+00    3.894000E+00    7.900000E-01    6.000000E+00    5.500000E+01    2.333000E+00    2.090000E+00    4.360000E+00    1.316000E+00    4.778000E-02    8.974000E-04   -9.516000E+00    2.000000E+00    1.000000E+00    1.200000E+03    8.200000E+01   -1.000000E+01    1.000000E+00   -9.735000E+00   -9.743597E+00
   1.180000E-09    1.000000E+00    1.453000E+00    1.080000E+02    6.990000E-01   -1.000000E+01   -1.000000E+01   -1.000000E+01   -1.000000E+01   -1.000000E+01   -1.000000E+01   -1.000000E+01    5.479000E+00    1.297000E+01    3.160000E+00    3.000000E+00    1.700000E+01    2.822000E+00    1.530000E+00    2.890000E+00    1.580000E+00    2.659000E-01    1.536000E-03   -1.453000E+01    2.000000E+00    2.000000E+00    1.100000E+03    9.800000E+01   -1.000000E+01   -1.000000E+00   -9.979000E+00   -9.869809E+00
   7.900000E-10    2.000000E+00    1.279000E+00    9.300000E+01    1.398000E+00   -1.000000E+01   -1.000000E+01   -1.000000E+01   -1.000000E+01   -1.000000E+01   -1.000000E+01   -1.000000E+01    1.250000E+01    5.695000E+00    9.500000E-01    5.000000E+00    3.800000E+01    2.491000E+00    8.436000E-01    3.850000E+00    1.690000E+00    4.703000E-01    8.974000E-04   -1.452000E+01    2.000000E+00    2.000000E+00    1.600000E+03    4.750000E+01   -1.000000E+01    2.000000E+00   -1.047000E+01   -1.053568E+01
   4.530000E-09    1.000000E+00    1.279000E+00    9.300000E+01    1.778000E+00   -2.757000E-01    5.922000E-01    4.024000E+00    2.558000E+00    4.302000E+00   -1.000000E+01    4.065000E-01    7.700000E+00    3.894000E+00    7.900000E-01    6.000000E+00    5.500000E+01    2.333000E+00    4.054000E+00    4.360000E+00    1.690000E+00   -2.400000E-01    4.494000E-04   -9.630000E+00    2.000000E+00    7.000000E+00    1.600000E+03    4.750000E+01    1.477000E+00    1.000000E+00   -9.167000E+00   -9.171809E+00
   2.000000E-09    1.000000E+00    1.744000E+00    8.200000E+01    1.740000E+00   -5.918000E-01    1.146000E+00    3.279000E+00    3.328000E+00    3.785000E+00    1.831000E+00    3.016000E+00    7.500000E+00    1.045000E+01    2.660000E+00    5.000000E+00    5.300000E+01    3.375000E+00    2.629000E+00    3.850000E+00    1.170000E+00    1.085000E-01    4.852000E-04   -9.791000E+00    2.000000E+00    2.000000E+00    1.100000E+03    8.000000E+01   -1.000000E+01   -1.000000E+00   -9.674000E+00   -9.612879E+00
   2.740000E-09    2.000000E+00    1.744000E+00    8.200000E+01    1.954000E+00    1.335000E-01    1.469000E+00    3.704000E+00    4.176000E+00    4.535000E+00    1.000000E+00    2.898000E+00    8.285000E+00    5.695000E+00    9.500000E-01    5.000000E+00    3.800000E+01    2.491000E+00    2.402000E+00    3.850000E+00    1.170000E+00    1.583000E-02    3.270000E-04   -9.407000E+00    2.000000E+00    2.000000E+00    1.690000E+03    8.000000E+01    1.699000E+00    2.000000E+00   -9.783000E+00   -9.773565E+00
   1.200000E-09    4.000000E+00    1.279000E+00    9.300000E+01    1.398000E+00   -2.815000E-01   -1.000000E+01    4.080000E+00   -1.000000E+01    4.259000E+00   -1.000000E+01   -1.000000E+01    7.000000E+00    6.266000E+00    1.360000E+00    7.000000E+00    9.300000E+01    3.387000E+00    1.742000E+00    4.990000E+00    1.690000E+00    2.887000E-01    8.974000E-04   -9.657000E+00    2.000000E+00    2.000000E+00    1.800000E+03    4.750000E+01   -1.000000E+01    0.000000E+00   -1.037000E+01   -1.038321E+01
   2.000000E-09    1.000000E+00    1.453000E+00    1.080000E+02    1.602000E+00   -2.924000E-01   -1.000000E+01    4.069000E+00   -1.000000E+01    4.257000E+00   -1.000000E+01   -1.000000E+01    6.158000E+00    1.045000E+01    2.660000E+00    5.000000E+00    5.300000E+01    3.375000E+00    2.755000E+00    3.850000E+00    1.580000E+00    8.822000E-02    6.389000E-04   -9.652000E+00    2.000000E+00    2.000000E+00    1.040000E+03    9.999000E+01   -1.000000E+01   -1.000000E+00   -9.703000E+00   -9.717447E+00
   1.010000E-09    1.000000E+00    1.453000E+00    1.080000E+02    1.176000E+00   -1.000000E+01   -1.000000E+01   -1.000000E+01   -1.000000E+01   -1.000000E+01   -1.000000E+01   -1.000000E+01    5.663000E+00    5.139000E+00    9.300000E-01    3.000000E+00    1.100000E+01    1.777000E+00    7.958000E-01    2.890000E+00    1.580000E+00    3.488000E-01    1.162000E-03   -1.452000E+01    2.000000E+00    2.000000E+00    1.800000E+03    9.800000E+01   -1.000000E+01    1.000000E+00   -1.071000E+01   -1.067523E+01
   8.100000E-10    2.000000E+00    1.279000E+00    9.300000E+01    1.352000E+00   -1.000000E+01   -1.000000E+01   -1.000000E+01   -1.000000E+01   -1.000000E+01   -1.000000E+01   -1.000000E+01    7.250000E+00    9.752000E+00    2.550000E+00    4.000000E+00    3.400000E+01    2.921000E+00    1.023000E+00    3.450000E+00    1.690000E+00    4.558000E-01    9.552000E-04   -1.452000E+01    2.000000E+00    2.000000E+00    1.600000E+03    4.750000E+01    1.477000E+00   -1.000000E+00   -1.020000E+01   -1.025702E+01
   2.000000E-09    7.000000E+00    1.580000E+00    7.900000E+01    1.398000E+00   -1.000000E+00   -1.000000E+01    3.362000E+00   -1.000000E+01    3.550000E+00   -1.000000E+01   -1.000000E+01    8.000000E+00    7.280000E+00    1.900000E+00    5.000000E+00    4.300000E+01    2.817000E+00    2.415000E+00    3.850000E+00    1.318000E+00    6.690000E-02    8.974000E-04   -1.002000E+01    2.000000E+00    3.000000E+00    8.000000E+02    8.200000E+01   -1.000000E+01   -1.000000E+00   -9.328000E+00   -9.294003E+00
   7.900000E-10    2.000000E+00    1.580000E+00    7.900000E+01    1.398000E+00   -1.000000E+00   -1.000000E+01    3.362000E+00   -1.000000E+01    3.550000E+00   -1.000000E+01   -1.000000E+01    7.000000E+00    5.695000E+00    9.500000E-01    5.000000E+00    3.800000E+01    2.491000E+00    8.436000E-01    3.850000E+00    1.318000E+00    4.703000E-01    8.974000E-04   -1.002000E+01    2.000000E+00    3.000000E+00    8.500000E+02    8.200000E+01   -1.000000E+01    2.000000E+00   -8.721000E+00   -8.915253E+00
   2.090000E-09    1.000000E+00    1.580000E+00    7.870000E+01    1.398000E+00   -1.857000E+00    5.922000E-01    2.448000E+00    1.256000E+00    2.603000E+00    2.086000E+00    9.825000E-01    8.565000E+00    3.894000E+00    7.900000E-01    6.000000E+00    5.500000E+01    2.333000E+00    2.090000E+00    4.360000E+00    1.316000E+00    4.778000E-02    8.974000E-04   -1.044000E+01    2.000000E+00    5.000000E+00    2.100000E+03    8.200000E+01   -1.000000E+01    1.000000E+00   -1.060000E+01   -1.052431E+01
   1.550000E-09    4.000000E+00    1.436000E+00    5.870000E+01    1.342000E+00   -3.010000E-01   -1.000000E+01    4.061000E+00   -1.000000E+01    4.249000E+00   -1.000000E+01   -1.000000E+01    3.100000E+00    9.752000E+00    2.550000E+00    4.000000E+00    3.400000E+01    2.921000E+00    1.961000E+00    3.450000E+00    1.332000E+00    1.732000E-01    9.673000E-04   -9.669000E+00    2.000000E+00    1.000000E+00    1.400000E+03    7.800000E+01   -1.000000E+01   -1.000000E+00   -1.024000E+01   -1.031081E+01
   7.900000E-10    2.000000E+00    1.580000E+00    7.900000E+01    1.398000E+00   -1.000000E+00   -1.000000E+01    3.362000E+00   -1.000000E+01    3.550000E+00   -1.000000E+01   -1.000000E+01    7.000000E+00    5.695000E+00    9.500000E-01    5.000000E+00    3.800000E+01    2.491000E+00    8.436000E-01    3.850000E+00    1.318000E+00    4.703000E-01    8.974000E-04   -1.002000E+01    2.000000E+00    3.000000E+00    9.500000E+02    8.200000E+01   -1.000000E+01    2.000000E+00   -8.921000E+00   -8.935241E+00
   2.100000E-09    1.000000E+00    1.453000E+00    1.080000E+02    1.602000E+00   -2.000000E+00   -1.000000E+01    2.362000E+00   -1.000000E+01    2.550000E+00   -1.000000E+01   -1.000000E+01    7.265000E+00    3.894000E+00    7.900000E-01    6.000000E+00    5.500000E+01    2.333000E+00    1.999000E+00    4.360000E+00    1.580000E+00    6.703000E-02    6.389000E-04   -1.051000E+01    2.000000E+00    2.000000E+00    1.400000E+03    9.999000E+01   -1.000000E+01    1.000000E+00   -9.987000E+00   -9.909500E+00
   2.000000E-09    1.000000E+00    1.453000E+00    1.080000E+02    1.342000E+00   -2.924000E-01   -1.000000E+01    4.069000E+00   -1.000000E+01    4.257000E+00   -1.000000E+01   -1.000000E+01    6.885000E+00    1.045000E+01    2.660000E+00    5.000000E+00    5.300000E+01    3.375000E+00    2.923000E+00    3.850000E+00    1.580000E+00    6.251000E-02    9.673000E-04   -9.665000E+00    2.000000E+00    2.000000E+00    1.410000E+03    9.999000E+01   -1.000000E+01   -1.000000E+00   -1.002000E+01   -1.007642E+01
   2.100000E-09    1.000000E+00   -1.549000E-01    1.000000E+01    1.398000E+00   -1.000000E+00   -1.000000E+01   -1.000000E+01   -1.000000E+01    3.550000E+00   -1.000000E+01   -1.000000E+01    5.800000E+00    3.894000E+00    7.900000E-01    6.000000E+00    5.500000E+01    2.333000E+00    2.100000E+00    4.360000E+00    2.155000E+00    4.571000E-02    8.974000E-04   -1.002000E+01    1.400000E+01    1.000000E+00    2.640000E+03    0.000000E+00   -1.000000E+01    1.000000E+00   -1.185000E+01   -1.200684E+01
   1.550000E-09    4.000000E+00    6.232000E-01    6.700000E+01    1.672000E+00   -1.398000E+00    8.451000E-01    2.784000E+00    1.869000E+00    2.785000E+00   -1.000000E+01    2.785000E+00    7.400000E+00    9.752000E+00    2.550000E+00    4.000000E+00    3.400000E+01    2.921000E+00    1.808000E+00    3.450000E+00    2.203000E+00    2.085000E-01    5.572000E-04   -1.020000E+01    1.300000E+01    3.000000E+00    1.800000E+03    0.000000E+00   -1.000000E+01   -1.000000E+00   -1.002000E+01   -9.950998E+00
   2.000000E-09    1.000000E+00    1.447000E+00    1.080000E+02    1.398000E+00   -1.000000E+00   -1.000000E+01    3.362000E+00   -1.000000E+01    3.550000E+00   -1.000000E+01   -1.000000E+01    6.300000E+00    1.045000E+01    2.660000E+00    5.000000E+00    5.300000E+01    3.375000E+00    2.893000E+00    3.850000E+00    1.586000E+00    6.690000E-02    8.974000E-04   -1.002000E+01    2.000000E+00    1.000000E+00    9.000000E+02    1.000000E+02   -1.000000E+01   -1.000000E+00   -1.057000E+01   -1.077736E+01
   1.000000E-10    6.000000E+00    1.279000E+00    9.300000E+01    1.398000E+00   -1.000000E+01   -1.000000E+01   -1.000000E+01   -1.000000E+01   -1.000000E+01   -1.000000E+01   -1.000000E+01    9.000000E+00    6.194000E+00    1.380000E+00    7.000000E+00    9.200000E+01    3.368000E+00    1.443000E-01    4.990000E+00    1.690000E+00    1.368000E+00    8.974000E-04   -1.452000E+01    2.000000E+00    2.000000E+00    1.400000E+03    4.750000E+01   -1.000000E+01   -1.000000E+00   -1.106000E+01   -1.104454E+01
   1.940000E-09    1.000000E+00    1.744000E+00    8.200000E+01    1.362000E+00   -5.719000E-01    1.437000E+00    3.441000E+00    3.205000E+00    3.851000E+00    1.086000E+00    3.129000E+00    7.700000E+00    1.045000E+01    2.660000E+00    5.000000E+00    5.300000E+01    3.375000E+00    2.825000E+00    3.850000E+00    1.170000E+00    7.720000E-02    9.432000E-04   -9.804000E+00    2.000000E+00    1.000000E+00    1.250000E+03    8.000000E+01    1.699000E+00   -1.000000E+00   -1.092000E+01   -1.063679E+01
   2.100000E-09    5.000000E+00    1.279000E+00    9.300000E+01    1.398000E+00    8.198000E-01   -1.000000E+01    5.178000E+00    3.983000E+00    5.366000E+00    2.086000E+00   -1.000000E+01    1.250000E+01    6.759000E+00    1.600000E+00    5.000000E+00    4.100000E+01    2.714000E+00    2.443000E+00    3.850000E+00    1.690000E+00    4.571000E-02    8.974000E-04   -9.106000E+00    2.000000E+00    2.000000E+00    1.200000E+03    4.750000E+01   -1.000000E+01   -1.000000E+00   -9.577000E+00   -9.614275E+00
   2.140000E-09    0.000000E+00   -1.549000E-01    1.000000E+01    1.362000E+00   -5.157000E-01    1.000000E+00    3.380000E+00    3.405000E+00    3.922000E+00    1.230000E+00    2.230000E+00    8.770000E+00    1.360000E+01    2.200000E+00    1.000000E+00    1.000000E+00    8.499000E-01    7.849000E-01    8.500000E-01    2.155000E+00    3.459000E-02    9.432000E-04   -9.776000E+00    1.400000E+01    1.000000E+00    2.610000E+03    0.000000E+00   -1.000000E+01    0.000000E+00   -1.077000E+01   -1.087698E+01
   2.000000E-09    1.000000E+00    1.580000E+00    7.900000E+01    1.398000E+00   -2.000000E+00   -1.000000E+01    2.362000E+00   -1.000000E+01   -1.000000E+01   -1.000000E+01   -1.000000E+01    8.200000E+00    1.045000E+01    2.660000E+00    5.000000E+00    5.300000E+01    3.375000E+00    2.893000E+00    3.850000E+00    1.318000E+00    6.690000E-02    8.974000E-04   -1.052000E+01    2.000000E+00    1.000000E+00    1.800000E+03    8.000000E+01   -1.000000E+01   -1.000000E+00   -1.029000E+01   -1.062467E+01
   1.910000E-09    1.000000E+00    2.025000E+00    8.100000E+01    1.352000E+00   -3.010000E-01   -1.000000E+01    4.061000E+00   -1.000000E+01    4.250000E+00   -1.000000E+01   -1.000000E+01    1.250000E+01    1.297000E+01    3.160000E+00    3.000000E+00    1.700000E+01    2.822000E+00    2.330000E+00    2.890000E+00    8.832000E-01    8.324000E-02    9.552000E-04   -9.669000E+00    2.500000E+01    1.000000E+00    1.650000E+03    0.000000E+00   -1.000000E+01   -1.000000E+00   -1.065000E+01   -1.064488E+01
   2.000000E-09    7.000000E+00    1.744000E+00    8.200000E+01    1.398000E+00   -5.918000E-01    1.146000E+00    3.279000E+00    3.330000E+00    3.785000E+00    1.831000E+00    3.016000E+00    7.500000E+00    7.280000E+00    1.900000E+00    5.000000E+00    4.300000E+01    2.817000E+00    2.415000E+00    3.850000E+00    1.170000E+00    6.690000E-02    8.974000E-04   -9.812000E+00    2.000000E+00    2.000000E+00    9.100000E+02    8.000000E+01   -1.000000E+01   -1.000000E+00   -9.529000E+00   -9.549622E+00
   2.000000E-09    1.000000E+00    6.021000E-01    6.700000E+01    1.398000E+00   -1.208000E+00    7.796000E-01    2.716000E+00    2.301000E+00    2.944000E+00    2.176000E+00    3.041000E+00    7.520000E+00    1.045000E+01    2.660000E+00    5.000000E+00    5.300000E+01    3.375000E+00    2.893000E+00    3.850000E+00    2.224000E+00    6.690000E-02    8.974000E-04   -1.012000E+01    1.300000E+01    1.000000E+00    2.760000E+03    0.000000E+00   -1.000000E+01   -1.000000E+00   -1.162000E+01   -1.171694E+01
   7.570000E-10    2.000000E+00    1.744000E+00    8.200000E+01    1.362000E+00   -5.719000E-01    1.437000E+00    3.441000E+00    3.205000E+00    3.851000E+00    1.086000E+00    3.129000E+00    7.700000E+00    5.695000E+00    9.500000E-01    5.000000E+00    3.800000E+01    2.491000E+00    8.138000E-01    3.850000E+00    1.170000E+00    4.859000E-01    9.432000E-04   -9.804000E+00    2.000000E+00    2.000000E+00    1.250000E+03    8.000000E+01    1.699000E+00    2.000000E+00   -1.045000E+01   -1.025094E+01
   1.300000E-09    1.000000E+00    1.580000E+00    7.900000E+01    1.398000E+00   -1.166000E+00    2.934000E+00    2.265000E+00    2.882000E+00    3.027000E+00   -1.000000E+01    1.061000E+00    1.250000E+01    5.139000E+00    9.300000E-01    3.000000E+00    1.100000E+01    1.777000E+00    9.899000E-01    2.890000E+00    1.318000E+00    2.540000E-01    8.974000E-04   -1.010000E+01    2.000000E+00    1.000000E+00    2.000000E+03    8.200000E+01   -1.000000E+01    1.000000E+00   -1.000000E+01   -9.985607E+00
   2.000000E-09    1.000000E+00    1.744000E+00    8.200000E+01    1.380000E+00   -5.918000E-01    1.146000E+00    3.279000E+00    3.328000E+00    3.785000E+00    1.831000E+00    3.016000E+00    7.500000E+00    1.045000E+01    2.660000E+00    5.000000E+00    5.300000E+01    3.375000E+00    2.903000E+00    3.850000E+00    1.170000E+00    6.544000E-02    9.199000E-04   -9.813000E+00    2.000000E+00    1.000000E+00    1.450000E+03    8.000000E+01   -1.000000E+01   -1.000000E+00   -1.174000E+01   -1.118347E+01
   1.130000E-09    6.000000E+00    1.780000E+00    7.600000E+01    1.301000E+00   -3.010000E-01   -1.000000E+01    4.061000E+00   -1.000000E+01    4.249000E+00   -1.000000E+01   -1.000000E+01    7.500000E+00    6.767000E+00    1.660000E+00    4.000000E+00    2.400000E+01    2.434000E+00    1.199000E+00    3.450000E+00    1.100000E+00    3.075000E-01    1.018000E-03   -9.670000E+00    2.000000E+00    1.000000E+00    1.200000E+03    4.600000E+01   -1.000000E+01   -1.000000E+00   -1.010000E+01   -1.019327E+01
   2.000000E-09    1.000000E+00    1.279000E+00    9.300000E+01    1.398000E+00   -1.000000E+00   -1.000000E+01    2.362000E+00   -1.000000E+01   -1.000000E+01   -1.000000E+01   -1.000000E+01    1.250000E+01    1.045000E+01    2.660000E+00    5.000000E+00    5.300000E+01    3.375000E+00    2.893000E+00    3.850000E+00    1.690000E+00    6.690000E-02    8.974000E-04   -1.002000E+01    2.000000E+00    1.000000E+00    1.600000E+03    4.750000E+01    1.477000E+00   -1.000000E+00   -1.070000E+01   -1.058154E+01
   2.220000E-09    0.000000E+00    1.748000E+00    1.110000E+02    1.602000E+00   -7.282000E-01    1.596000E+00    3.415000E+00    2.736000E+00    3.353000E+00    1.827000E+00    3.670000E+00    7.560000E+00    1.360000E+01    2.200000E+00    1.000000E+00    1.000000E+00    8.499000E-01    7.700000E-01    8.500000E-01    1.297000E+00    4.289000E-02    6.389000E-04   -9.870000E+00    2.000000E+00    1.000000E+00    1.400000E+03    9.200000E+01   -1.000000E+01    0.000000E+00   -9.752000E+00   -9.669620E+00
   2.000000E-09    1.000000E+00    1.580000E+00    7.900000E+01    1.398000E+00   -1.166000E+00    2.934000E+00    2.265000E+00    2.882000E+00    3.027000E+00   -1.000000E+01    1.061000E+00    1.250000E+01    4.341000E+00    8.200000E-01    4.000000E+00    1.900000E+01    1.949000E+00    1.671000E+00    3.450000E+00    1.318000E+00    6.690000E-02    8.974000E-04   -1.010000E+01    2.000000E+00    1.000000E+00    1.700000E+03    8.200000E+01   -1.000000E+01    1.000000E+00   -9.678000E+00   -9.717524E+00
   7.420000E-10    1.000000E+00    1.453000E+00    1.080000E+02    6.990000E-01   -1.000000E+01   -1.000000E+01   -1.000000E+01   -1.000000E+01   -1.000000E+01   -1.000000E+01   -1.000000E+01    5.267000E+00    5.139000E+00    9.300000E-01    3.000000E+00    1.100000E+01    1.777000E+00    6.056000E-01    2.890000E+00    1.580000E+00    4.674000E-01    1.536000E-03   -1.453000E+01    2.000000E+00    2.000000E+00    1.200000E+03    9.800000E+01   -1.000000E+01    1.000000E+00   -1.026000E+01   -1.020781E+01
   2.032000E-10    1.000000E+00    1.531000E+00    1.300000E+01    1.362000E+00   -4.510000E-01    1.806000E+00    3.749000E+00    2.949000E+00    3.984000E+00    1.477000E+00    3.368000E+00    7.680000E+00    1.297000E+01    3.160000E+00    3.000000E+00    1.700000E+01    2.822000E+00    2.474000E-01    2.890000E+00    5.825000E-01    1.057000E+00    9.432000E-04   -9.743000E+00    4.000000E+00    1.000000E+00    2.700000E+03    0.000000E+00   -1.000000E+01   -1.000000E+00   -1.231000E+01   -1.173980E+01
   6.020000E-10    3.000000E+00    1.580000E+00    7.900000E+01    1.362000E+00   -1.285000E+00    7.966000E-01    2.777000E+00    2.283000E+00    3.193000E+00   -1.000000E+01   -1.000000E+01    7.700000E+00    5.670000E+00    1.200000E+00    6.000000E+00    6.300000E+01    2.815000E+00    7.313000E-01    4.360000E+00    1.318000E+00    5.854000E-01    9.432000E-04   -1.016000E+01    2.000000E+00    2.000000E+00    1.150000E+03    8.200000E+01   -1.000000E+01    3.000000E+00   -9.495000E+00   -9.666386E+00
   2.020000E-09    1.000000E+00    2.025000E+00    8.100000E+01    1.398000E+00   -2.000000E+00   -1.000000E+01    2.362000E+00   -1.000000E+01    2.550000E+00   -1.000000E+01   -1.000000E+01    1.250000E+01    1.045000E+01    2.660000E+00    5.000000E+00    5.300000E+01    3.375000E+00    2.922000E+00    3.850000E+00    8.832000E-01    6.258000E-02    8.974000E-04   -1.052000E+01    2.500000E+01    1.000000E+00    1.650000E+03    0.000000E+00   -1.000000E+01   -1.000000E+00   -1.070000E+01   -1.047863E+01
   8.100000E-10    4.000000E+00    6.232000E-01    6.700000E+01    1.477000E+00   -1.398000E+00    8.451000E-01    2.784000E+00    1.869000E+00    2.785000E+00   -1.000000E+01    2.785000E+00    2.300000E+00    9.752000E+00    2.550000E+00    4.000000E+00    3.400000E+01    2.921000E+00    9.976000E-01    3.450000E+00    2.203000E+00    4.667000E-01    7.959000E-04   -1.021000E+01    1.300000E+01    3.000000E+00    1.800000E+03    0.000000E+00   -1.000000E+01   -2.000000E+00   -9.326000E+00   -9.587779E+00
   7.910000E-10    2.000000E+00    1.748000E+00    1.110000E+02    1.602000E+00   -7.282000E-01    1.596000E+00    3.415000E+00    2.736000E+00    3.353000E+00    1.827000E+00    3.670000E+00    7.560000E+00    5.695000E+00    9.500000E-01    5.000000E+00    3.800000E+01    2.491000E+00    8.042000E-01    3.850000E+00    1.297000E+00    4.911000E-01    6.389000E-04   -9.870000E+00    2.000000E+00    1.000000E+00    1.400000E+03    9.200000E+01   -1.000000E+01    2.000000E+00   -9.420000E+00   -9.480901E+00
   2.000000E-09    1.000000E+00    1.453000E+00    1.080000E+02    1.342000E+00   -2.000000E+00   -1.000000E+01    2.362000E+00   -1.000000E+01    2.550000E+00   -1.000000E+01   -1.000000E+01    6.986000E+00    1.045000E+01    2.660000E+00    5.000000E+00    5.300000E+01    3.375000E+00    2.923000E+00    3.850000E+00    1.580000E+00    6.251000E-02    9.673000E-04   -1.052000E+01    2.000000E+00    2.000000E+00    1.410000E+03    9.999000E+01   -1.000000E+01   -1.000000E+00   -1.001000E+01   -1.008141E+01
   2.000000E-09    1.000000E+00    1.279000E+00    9.300000E+01    1.398000E+00    6.990000E-01   -1.000000E+01    5.061000E+00   -1.000000E+01   -1.000000E+01   -1.000000E+01   -1.000000E+01    1.250000E+01    1.045000E+01    2.660000E+00    5.000000E+00    5.300000E+01    3.375000E+00    2.893000E+00    3.850000E+00    1.690000E+00    6.690000E-02    8.974000E-04   -9.167000E+00    2.000000E+00    1.000000E+00    1.600000E+03    4.750000E+01   -1.000000E+01   -1.000000E+00   -1.042000E+01   -1.049044E+01
   7.900000E-10    2.000000E+00    1.580000E+00    7.900000E+01    1.398000E+00   -1.000000E+00   -1.000000E+01    3.362000E+00   -1.000000E+01    3.550000E+00   -1.000000E+01   -1.000000E+01    6.600000E+00    5.695000E+00    9.500000E-01    5.000000E+00    3.800000E+01    2.491000E+00    8.436000E-01    3.850000E+00    1.318000E+00    4.703000E-01    8.974000E-04   -1.002000E+01    2.000000E+00    3.000000E+00    1.000000E+03    8.200000E+01   -1.000000E+01    2.000000E+00   -8.824000E+00   -8.928413E+00
   4.530000E-09    1.000000E+00    1.279000E+00    9.300000E+01    1.778000E+00   -2.757000E-01    5.922000E-01    4.024000E+00    2.558000E+00    4.302000E+00   -1.000000E+01    4.065000E-01    8.300000E+00    3.894000E+00    7.900000E-01    6.000000E+00    5.500000E+01    2.333000E+00    4.054000E+00    4.360000E+00    1.690000E+00   -2.400000E-01    4.494000E-04   -9.630000E+00    2.000000E+00    1.000000E+00    1.600000E+03    4.750000E+01    1.477000E+00    1.000000E+00   -9.143000E+00   -9.191251E+00
   2.140000E-09    0.000000E+00    6.021000E-01    6.700000E+01    1.362000E+00   -7.747000E-01    2.220000E+00    3.380000E+00    2.982000E+00    3.643000E+00   -1.000000E+01    2.294000E+00    1.160000E+01    1.360000E+01    2.200000E+00    1.000000E+00    1.000000E+00    8.499000E-01    7.849000E-01    8.500000E-01    2.224000E+00    3.459000E-02    9.432000E-04   -9.905000E+00    1.300000E+01    1.000000E+00    2.000000E+03    0.000000E+00   -1.000000E+01    0.000000E+00   -9.770000E+00   -9.817685E+00
   2.570000E-09    1.000000E+00    1.453000E+00    1.080000E+02    1.699000E+00   -1.000000E+01   -1.000000E+01   -1.000000E+01   -1.000000E+01   -1.000000E+01   -1.000000E+01   -1.000000E+01    7.877000E+00    5.139000E+00    9.300000E-01    3.000000E+00    1.100000E+01    1.777000E+00    1.806000E+00    2.890000E+00    1.580000E+00   -7.034000E-03    5.279000E-04   -1.450000E+01    2.000000E+00    2.000000E+00    7.000000E+02    9.800000E+01   -1.000000E+01    1.000000E+00   -9.324000E+00   -9.373777E+00
   7.910000E-10    2.000000E+00    1.748000E+00    1.110000E+02    1.398000E+00   -6.778000E-01    1.637000E+00    3.472000E+00    2.790000E+00    3.517000E+00    1.749000E+00    3.638000E+00    7.550000E+00    5.695000E+00    9.500000E-01    5.000000E+00    3.800000E+01    2.491000E+00    8.447000E-01    3.850000E+00    1.297000E+00    4.698000E-01    8.974000E-04   -9.855000E+00    2.000000E+00    1.000000E+00    1.650000E+03    9.200000E+01   -1.000000E+01    2.000000E+00   -1.007000E+01   -1.002098E+01
   9.230000E-10    4.000000E+00    1.279000E+00    9.300000E+01    1.398000E+00   -1.796000E+00   -1.000000E+01    2.867000E+00   -1.000000E+01   -1.000000E+01   -1.000000E+01   -1.000000E+01    1.250000E+01    1.126000E+01    2.550000E+00    2.000000E+00    6.000000E+00    1.811000E+00    7.164000E-01    1.990000E+00    1.690000E+00    4.027000E-01    8.974000E-04   -1.041000E+01    2.000000E+00    1.000000E+00    1.600000E+03    4.750000E+01   -1.000000E+01   -2.000000E+00   -1.200000E+01   -1.168137E+01
   4.530000E-09    1.000000E+00    1.279000E+00    9.300000E+01    1.699000E+00   -2.757000E-01    5.922000E-01    4.024000E+00    2.558000E+00    4.302000E+00   -1.000000E+01    4.065000E-01    8.300000E+00    3.894000E+00    7.900000E-01    6.000000E+00    5.500000E+01    2.333000E+00    4.179000E+00    4.360000E+00    1.690000E+00   -2.532000E-01    5.279000E-04   -9.637000E+00    2.000000E+00    1.000000E+00    1.600000E+03    4.800000E+01    1.477000E+00    1.000000E+00   -9.229000E+00   -9.236590E+00
   1.010000E-09    1.000000E+00    1.453000E+00    1.080000E+02    6.990000E-01   -1.000000E+01   -1.000000E+01   -1.000000E+01   -1.000000E+01   -1.000000E+01   -1.000000E+01   -1.000000E+01    5.095000E+00    1.297000E+01    3.160000E+00    3.000000E+00    1.700000E+01    2.822000E+00    1.310000E+00    2.890000E+00    1.580000E+00    3.335000E-01    1.536000E-03   -1.453000E+01    2.000000E+00    2.000000E+00    1.600000E+03    9.800000E+01   -1.000000E+01   -1.000000E+00   -1.047000E+01   -1.043275E+01
   2.000000E-09    1.000000E+00    1.580000E+00    7.900000E+01    1.398000E+00   -2.000000E+00   -1.000000E+01    2.362000E+00   -1.000000E+01   -1.000000E+01   -1.000000E+01   -1.000000E+01    8.200000E+00    1.045000E+01    2.660000E+00    5.000000E+00    5.300000E+01    3.375000E+00    2.893000E+00    3.850000E+00    1.318000E+00    6.690000E-02    8.974000E-04   -1.052000E+01    2.000000E+00    1.000000E+00    1.200000E+03    8.000000E+01   -1.000000E+01   -1.000000E+00   -9.754000E+00   -9.874133E+00
   2.000000E-09    7.000000E+00    1.744000E+00    8.200000E+01    1.380000E+00   -5.918000E-01    1.146000E+00    3.279000E+00    3.330000E+00    3.785000E+00    1.831000E+00    3.016000E+00    7.500000E+00    7.280000E+00    1.900000E+00    5.000000E+00    4.300000E+01    2.817000E+00    2.423000E+00    3.850000E+00    1.170000E+00    6.544000E-02    9.199000E-04   -9.813000E+00    2.000000E+00    1.000000E+00    1.100000E+03    8.000000E+01   -1.000000E+01   -1.000000E+00   -9.674000E+00   -9.685134E+00
   5.000000E-10    2.000000E+00    1.408000E+00    7.200000E+01    1.301000E+00   -6.990000E-01   -1.000000E+01    3.663000E+00   -1.000000E+01    3.851000E+00   -1.000000E+01   -1.000000E+01    6.800000E+00    7.881000E+00    1.880000E+00    4.000000E+00    2.700000E+01    2.626000E+00    5.724000E-01    3.450000E+00    1.449000E+00    6.616000E-01    1.018000E-03   -9.869000E+00    2.000000E+00    1.000000E+00    1.200000E+03    7.500000E+01   -1.000000E+01   -2.000000E+00   -1.073000E+01   -1.066746E+01
   2.000000E-09    1.000000E+00    1.279000E+00    9.300000E+01    1.398000E+00   -1.398000E+00   -1.000000E+01   -1.000000E+01    2.904000E+00   -1.000000E+01   -1.000000E+01   -1.000000E+01    1.250000E+01    1.045000E+01    2.660000E+00    5.000000E+00    5.300000E+01    3.375000E+00    2.893000E+00    3.850000E+00    1.690000E+00    6.690000E-02    8.974000E-04   -1.022000E+01    2.000000E+00    1.000000E+00    1.400000E+03    4.750000E+01   -1.000000E+01   -1.000000E+00   -1.030000E+01   -1.039758E+01
   9.000000E-10    4.000000E+00    1.279000E+00    9.300000E+01    1.398000E+00   -1.000000E+01   -1.000000E+01   -1.000000E+01   -1.000000E+01   -1.000000E+01   -1.000000E+01   -1.000000E+01    1.300000E+01    7.344000E+00    1.960000E+00    5.000000E+00    5.000000E+01    2.829000E+00    1.091000E+00    3.850000E+00    1.690000E+00    4.137000E-01    8.974000E-04   -1.452000E+01    2.000000E+00    2.000000E+00    4.000000E+02    4.750000E+01   -1.000000E+01    4.000000E+00   -9.453000E+00   -9.474913E+00
   4.300000E-10    4.000000E+00    6.021000E-01    6.700000E+01    1.389000E+00   -8.861000E-01   -1.000000E+01    3.441000E+00   -1.000000E+01   -1.000000E+01    3.785000E+00   -1.000000E+01    9.200000E+00    6.026000E+00    1.280000E+00    7.000000E+00    9.400000E+01    3.322000E+00    6.132000E-01    4.990000E+00    2.224000E+00    7.337000E-01    9.086000E-04   -9.960000E+00    1.300000E+01    1.000000E+00    2.640000E+03    0.000000E+00   -1.000000E+01   -2.000000E+00   -1.256000E+01   -1.267072E+01
   1.200000E-09    4.000000E+00    1.279000E+00    9.300000E+01    1.398000E+00   -2.301000E+00   -1.000000E+01    2.362000E+00   -1.000000E+01   -1.000000E+01   -1.000000E+01   -1.000000E+01    7.000000E+00    6.266000E+00    1.360000E+00    7.000000E+00    9.300000E+01    3.387000E+00    1.742000E+00    4.990000E+00    1.690000E+00    2.887000E-01    8.974000E-04   -1.067000E+01    2.000000E+00    2.000000E+00    1.400000E+03    4.750000E+01   -1.000000E+01    0.000000E+00   -9.979000E+00   -9.973857E+00
   2.000000E-09    1.000000E+00   -1.549000E-01    1.000000E+01    1.398000E+00   -5.157000E-01    1.000000E+00    3.380000E+00    3.405000E+00    3.922000E+00    1.230000E+00    2.230000E+00    8.700000E+00    1.297000E+01    3.160000E+00    3.000000E+00    1.700000E+01    2.822000E+00    2.419000E+00    2.890000E+00    2.155000E+00    6.690000E-02    8.974000E-04   -9.774000E+00    1.400000E+01    1.000000E+00    2.730000E+03    0.000000E+00   -1.000000E+01   -1.000000E+00   -1.109000E+01   -1.110327E+01
   1.200000E-09    4.000000E+00    1.279000E+00    9.300000E+01    1.398000E+00   -2.190000E-01   -1.000000E+01    4.105000E+00    2.983000E+00    2.697000E+00    2.086000E+00   -1.000000E+01    1.250000E+01    6.266000E+00    1.360000E+00    7.000000E+00    9.300000E+01    3.387000E+00    1.742000E+00    4.990000E+00    1.690000E+00    2.887000E-01    8.974000E-04   -9.626000E+00    2.000000E+00    2.000000E+00    1.200000E+03    4.750000E+01   -1.000000E+01    0.000000E+00   -9.821000E+00   -9.826740E+00
   7.420000E-10    1.000000E+00    1.453000E+00    1.080000E+02    6.990000E-01   -1.000000E+01   -1.000000E+01   -1.000000E+01   -1.000000E+01   -1.000000E+01   -1.000000E+01   -1.000000E+01    4.895000E+00    5.139000E+00    9.300000E-01    3.000000E+00    1.100000E+01    1.777000E+00    6.056000E-01    2.890000E+00    1.580000E+00    4.674000E-01    1.536000E-03   -1.453000E+01    2.000000E+00    2.000000E+00    1.800000E+03    9.800000E+01   -1.000000E+01    1.000000E+00   -1.080000E+01   -1.071561E+01
   1.200000E-09    5.000000E+00    1.602000E+00    1.400000E+02    1.301000E+00   -2.297000E+00   -1.000000E+01   -1.000000E+01    2.603000E+00   -1.000000E+01   -1.000000E+01   -1.000000E+01    6.000000E+00    6.266000E+00    1.360000E+00    7.000000E+00    9.300000E+01    3.387000E+00    1.772000E+00    4.990000E+00    1.544000E+00    2.814000E-01    1.018000E-03   -1.067000E+01    7.000000E+00    2.000000E+00    1.190000E+03    0.000000E+00   -1.000000E+01    1.000000E+00   -9.442000E+00   -9.455159E+00
   7.420000E-10    1.000000E+00    1.453000E+00    1.080000E+02    6.990000E-01   -1.000000E+01   -1.000000E+01   -1.000000E+01   -1.000000E+01   -1.000000E+01   -1.000000E+01   -1.000000E+01    5.582000E+00    5.139000E+00    9.300000E-01    3.000000E+00    1.100000E+01    1.777000E+00    6.056000E-01    2.890000E+00    1.580000E+00    4.674000E-01    1.536000E-03   -1.453000E+01    2.000000E+00    2.000000E+00    1.600000E+03    9.800000E+01   -1.000000E+01    1.000000E+00   -1.061000E+01   -1.061308E+01
   2.000000E-09    7.000000E+00    6.232000E-01    6.700000E+01    1.398000E+00   -1.000000E+00   -1.000000E+01    3.362000E+00   -1.000000E+01   -1.000000E+01   -1.000000E+01   -1.000000E+01    3.000000E+00    7.280000E+00    1.900000E+00    5.000000E+00    4.300000E+01    2.817000E+00    2.415000E+00    3.850000E+00    2.203000E+00    6.690000E-02    8.974000E-04   -1.002000E+01    1.300000E+01    1.000000E+00    2.670000E+03    0.000000E+00   -1.000000E+01   -1.000000E+00   -1.197000E+01   -1.197173E+01
   2.000000E-09    1.000000E+00    1.279000E+00    9.300000E+01    1.398000E+00   -1.398000E+00   -1.000000E+01   -1.000000E+01    2.904000E+00   -1.000000E+01   -1.000000E+01   -1.000000E+01    1.250000E+01    1.045000E+01    2.660000E+00    5.000000E+00    5.300000E+01    3.375000E+00    2.893000E+00    3.850000E+00    1.690000E+00    6.690000E-02    8.974000E-04   -1.022000E+01    2.000000E+00    1.000000E+00    1.600000E+03    4.750000E+01   -1.000000E+01   -1.000000E+00   -1.074000E+01   -1.089692E+01
   6.240000E-10    3.000000E+00    1.279000E+00    9.300000E+01    1.398000E+00   -1.000000E+01   -1.000000E+01   -1.000000E+01   -1.000000E+01   -1.000000E+01   -1.000000E+01   -1.000000E+01    1.250000E+01    5.974000E+00    1.300000E+00    7.000000E+00    9.500000E+01    3.307000E+00    8.845000E-01    4.990000E+00    1.690000E+00    5.727000E-01    8.974000E-04   -1.452000E+01    2.000000E+00    2.000000E+00    1.600000E+03    4.750000E+01   -1.000000E+01    3.000000E+00   -1.058000E+01   -1.059236E+01
   7.420000E-10    1.000000E+00    1.453000E+00    1.080000E+02    6.990000E-01   -1.000000E+01   -1.000000E+01   -1.000000E+01   -1.000000E+01   -1.000000E+01   -1.000000E+01   -1.000000E+01    5.871000E+00    5.139000E+00    9.300000E-01    3.000000E+00    1.100000E+01    1.777000E+00    6.056000E-01    2.890000E+00    1.580000E+00    4.674000E-01    1.536000E-03   -1.453000E+01    2.000000E+00    2.000000E+00    1.000000E+03    9.800000E+01   -1.000000E+01    1.000000E+00   -1.011000E+01   -1.012671E+01
   9.230000E-10    4.000000E+00    1.279000E+00    9.300000E+01    1.398000E+00   -1.252000E+00   -1.000000E+01    3.114000E+00   -1.000000E+01   -1.000000E+01    3.304000E+00    2.723000E+00    1.030000E+01    1.126000E+01    2.550000E+00    2.000000E+00    6.000000E+00    1.811000E+00    7.164000E-01    1.990000E+00    1.690000E+00    4.027000E-01    8.974000E-04   -1.014000E+01    2.000000E+00    1.000000E+00    1.600000E+03    4.750000E+01    1.929000E+00   -2.000000E+00   -1.020000E+01   -1.021571E+01
   2.000000E-09    1.000000E+00    1.453000E+00    1.080000E+02    1.602000E+00   -2.000000E+00   -1.000000E+01    2.362000E+00   -1.000000E+01    2.550000E+00   -1.000000E+01   -1.000000E+01    6.397000E+00    1.045000E+01    2.660000E+00    5.000000E+00    5.300000E+01    3.375000E+00    2.755000E+00    3.850000E+00    1.580000E+00    8.822000E-02    6.389000E-04   -1.051000E+01    2.000000E+00    2.000000E+00    1.400000E+03    9.999000E+01   -1.000000E+01   -1.000000E+00   -1.001000E+01   -9.964743E+00
   9.560000E-10    4.000000E+00    1.279000E+00    9.300000E+01    1.398000E+00    6.990000E-01   -1.000000E+01    5.061000E+00   -1.000000E+01    5.249000E+00   -1.000000E+01   -1.000000E+01    1.250000E+01    1.126000E+01    2.550000E+00    2.000000E+00    6.000000E+00    1.811000E+00    7.420000E-01    1.990000E+00    1.690000E+00    3.875000E-01    8.974000E-04   -9.167000E+00    2.000000E+00    1.000000E+00    1.600000E+03    5.000000E+01    1.699000E+00   -2.000000E+00   -1.072000E+01   -1.078232E+01
   2.000000E-09    1.000000E+00    1.279000E+00    9.300000E+01    1.398000E+00   -6.108000E-01   -1.000000E+01    3.760000E+00   -1.000000E+01   -1.000000E+01    3.941000E+00    3.363000E+00    1.050000E+01    1.045000E+01    2.660000E+00    5.000000E+00    5.300000E+01    3.375000E+00    2.893000E+00    3.850000E+00    1.690000E+00    6.690000E-02    8.974000E-04   -9.822000E+00    2.000000E+00    1.000000E+00    1.600000E+03    4.750000E+01   -1.000000E+01   -1.000000E+00   -1.057000E+01   -1.046381E+01
   1.200000E-09    5.000000E+00    1.602000E+00    1.400000E+02    1.301000E+00   -2.297000E+00   -1.000000E+01   -1.000000E+01    2.603000E+00   -1.000000E+01   -1.000000E+01   -1.000000E+01    6.000000E+00    6.266000E+00    1.360000E+00    7.000000E+00    9.300000E+01    3.387000E+00    1.772000E+00    4.990000E+00    1.544000E+00    2.814000E-01    1.018000E-03   -1.067000E+01    7.000000E+00    2.000000E+00    1.190000E+03    0.000000E+00   -1.000000E+01    1.000000E+00   -9.442000E+00   -9.455159E+00
   2.000000E-09    1.000000E+00    6.021000E-01    6.700000E+01    1.380000E+00   -7.747000E-01    2.220000E+00    3.380000E+00    2.982000E+00    3.643000E+00   -1.000000E+01    2.294000E+00    1.160000E+01    1.297000E+01    3.160000E+00    3.000000E+00    1.700000E+01    2.822000E+00    2.427000E+00    2.890000E+00    2.224000E+00    6.544000E-02    9.199000E-04   -9.904000E+00    1.300000E+01    1.000000E+00    2.000000E+03    0.000000E+00   -1.000000E+01   -1.000000E+00   -9.824000E+00   -9.888310E+00
   2.090000E-09    1.000000E+00    6.128000E-01    1.090000E+01    1.398000E+00   -2.924000E-01   -1.000000E+01    4.068000E+00   -1.000000E+01    4.258000E+00   -1.000000E+01   -1.000000E+01    8.000000E+00    3.894000E+00    7.900000E-01    6.000000E+00    5.500000E+01    2.333000E+00    2.090000E+00    4.360000E+00    1.425000E+00    4.778000E-02    8.974000E-04   -9.662000E+00    2.800000E+01    2.000000E+00    2.250000E+03    0.000000E+00   -1.000000E+01    1.000000E+00   -9.975000E+00   -9.985005E+00
   2.090000E-09    1.000000E+00   -1.549000E-01    1.000000E+01    1.398000E+00   -5.157000E-01    1.000000E+00    3.380000E+00    3.405000E+00    3.922000E+00    1.230000E+00    2.230000E+00    8.700000E+00    3.894000E+00    7.900000E-01    6.000000E+00    5.500000E+01    2.333000E+00    2.090000E+00    4.360000E+00    2.155000E+00    4.778000E-02    8.974000E-04   -9.774000E+00    1.400000E+01    1.000000E+00    2.730000E+03    0.000000E+00   -1.000000E+01    1.000000E+00   -1.111000E+01   -1.122934E+01
   2.100000E-09    4.000000E+00    1.279000E+00    9.300000E+01    1.398000E+00   -1.000000E+01   -1.000000E+01   -1.000000E+01   -1.000000E+01   -1.000000E+01   -1.000000E+01   -1.000000E+01    1.250000E+01    6.634000E+00    1.330000E+00    5.000000E+00    4.000000E+01    2.689000E+00    2.420000E+00    3.850000E+00    1.690000E+00    4.571000E-02    8.974000E-04   -1.452000E+01    2.000000E+00    2.000000E+00    1.600000E+03    4.750000E+01   -1.000000E+01    0.000000E+00   -1.005000E+01   -1.003743E+01
   2.000000E-09    1.000000E+00    1.279000E+00    9.300000E+01    1.352000E+00   -3.010000E-01   -1.000000E+01    4.061000E+00   -1.000000E+01   -1.000000E+01   -1.000000E+01   -1.000000E+01    1.250000E+01    1.297000E+01    3.160000E+00    3.000000E+00    1.700000E+01    2.822000E+00    2.440000E+00    2.890000E+00    1.690000E+00    6.324000E-02    9.552000E-04   -9.669000E+00    2.000000E+00    1.000000E+00    1.600000E+03    4.750000E+01    1.699000E+00   -1.000000E+00   -1.028000E+01   -1.033676E+01
   1.010000E-09    1.000000E+00    1.453000E+00    1.080000E+02    1.176000E+00   -1.000000E+01   -1.000000E+01   -1.000000E+01   -1.000000E+01   -1.000000E+01   -1.000000E+01   -1.000000E+01    6.939000E+00    5.139000E+00    9.300000E-01    3.000000E+00    1.100000E+01    1.777000E+00    7.958000E-01    2.890000E+00    1.580000E+00    3.488000E-01    1.162000E-03   -1.452000E+01    2.000000E+00    2.000000E+00    8.000000E+02    9.800000E+01   -1.000000E+01    1.000000E+00   -9.807000E+00   -9.797586E+00
   4.300000E-10    6.000000E+00    1.531000E+00    1.300000E+01    1.398000E+00   -4.437000E-01    1.799000E+00    3.742000E+00    3.018000E+00    4.027000E+00    1.462000E+00    3.129000E+00    7.600000E+00    6.194000E+00    1.380000E+00    7.000000E+00    9.200000E+01    3.368000E+00    6.207000E-01    4.990000E+00    5.825000E-01    7.345000E-01    8.974000E-04   -9.738000E+00    4.000000E+00    1.000000E+00    2.424000E+03    0.000000E+00   -1.000000E+01    0.000000E+00   -1.172000E+01   -1.156896E+01
   2.000000E-09    1.000000E+00    1.279000E+00    9.300000E+01    1.362000E+00    6.990000E-01   -1.000000E+01    5.061000E+00   -1.000000E+01   -1.000000E+01   -1.000000E+01   -1.000000E+01    1.250000E+01    1.045000E+01    2.660000E+00    5.000000E+00    5.300000E+01    3.375000E+00    2.913000E+00    3.850000E+00    1.690000E+00    6.398000E-02    9.432000E-04   -9.168000E+00    2.000000E+00    1.000000E+00    1.600000E+03    4.800000E+01    1.477000E+00   -1.000000E+00   -1.017000E+01   -1.029146E+01
   2.000000E-09    1.000000E+00    1.453000E+00    1.080000E+02    1.565000E+00   -2.000000E+00   -1.000000E+01    2.362000E+00   -1.000000E+01    2.550000E+00   -1.000000E+01   -1.000000E+01    6.121000E+00    1.045000E+01    2.660000E+00    5.000000E+00    5.300000E+01    3.375000E+00    2.784000E+00    3.850000E+00    1.580000E+00    8.362000E-02    6.848000E-04   -1.051000E+01    2.000000E+00    2.000000E+00    1.410000E+03    9.999000E+01   -1.000000E+01   -1.000000E+00   -1.001000E+01   -1.002172E+01
   7.420000E-10    1.000000E+00    1.453000E+00    1.080000E+02    6.990000E-01   -1.000000E+01   -1.000000E+01   -1.000000E+01   -1.000000E+01   -1.000000E+01   -1.000000E+01   -1.000000E+01    5.871000E+00    5.139000E+00    9.300000E-01    3.000000E+00    1.100000E+01    1.777000E+00    6.056000E-01    2.890000E+00    1.580000E+00    4.674000E-01    1.536000E-03   -1.453000E+01    2.000000E+00    2.000000E+00    1.000000E+03    9.800000E+01   -1.000000E+01    1.000000E+00   -1.011000E+01   -1.012671E+01
   7.420000E-10    1.000000E+00    1.453000E+00    1.080000E+02    6.990000E-01   -1.000000E+01   -1.000000E+01   -1.000000E+01   -1.000000E+01   -1.000000E+01   -1.000000E+01   -1.000000E+01    5.354000E+00    5.139000E+00    9.300000E-01    3.000000E+00    1.100000E+01    1.777000E+00    6.056000E-01    2.890000E+00    1.580000E+00    4.674000E-01    1.536000E-03   -1.453000E+01    2.000000E+00    2.000000E+00    1.600000E+03    9.800000E+01   -1.000000E+01    1.000000E+00   -1.061000E+01   -1.061176E+01
   2.032000E-10    1.000000E+00    1.602000E+00    1.400000E+02    1.398000E+00   -1.000000E+00   -1.000000E+01    3.362000E+00   -1.000000E+01   -1.000000E+01   -1.000000E+01   -1.000000E+01    5.000000E+00    1.297000E+01    3.160000E+00    3.000000E+00    1.700000E+01    2.822000E+00    2.458000E-01    2.890000E+00    1.544000E+00    1.060000E+00    8.974000E-04   -1.002000E+01    7.000000E+00    1.000000E+00    1.900000E+03    0.000000E+00   -1.000000E+01   -1.000000E+00   -9.638000E+00   -9.692041E+00
   2.000000E-09    1.000000E+00    1.580000E+00    7.900000E+01    1.398000E+00   -1.000000E+00   -1.000000E+01    3.362000E+00   -1.000000E+01   -1.000000E+01   -1.000000E+01   -1.000000E+01    8.200000E+00    1.045000E+01    2.660000E+00    5.000000E+00    5.300000E+01    3.375000E+00    2.893000E+00    3.850000E+00    1.318000E+00    6.690000E-02    8.974000E-04   -1.002000E+01    2.000000E+00    1.000000E+00    8.000000E+02    8.000000E+01   -1.000000E+01   -1.000000E+00   -9.449000E+00   -9.583665E+00
   1.200000E-09    4.000000E+00    1.279000E+00    9.300000E+01    1.398000E+00   -2.815000E-01   -1.000000E+01    4.080000E+00   -1.000000E+01    4.259000E+00   -1.000000E+01   -1.000000E+01    7.000000E+00    6.266000E+00    1.360000E+00    7.000000E+00    9.300000E+01    3.387000E+00    1.742000E+00    4.990000E+00    1.690000E+00    2.887000E-01    8.974000E-04   -9.657000E+00    2.000000E+00    2.000000E+00    1.800000E+03    4.750000E+01   -1.000000E+01    0.000000E+00   -1.037000E+01   -1.038321E+01
   1.330000E-09    1.000000E+00    1.602000E+00    1.400000E+02    1.398000E+00    0.000000E+00   -1.000000E+01    4.362000E+00   -1.000000E+01   -1.000000E+01   -1.000000E+01   -1.000000E+01    5.000000E+00    5.139000E+00    9.300000E-01    3.000000E+00    1.100000E+01    1.777000E+00    1.013000E+00    2.890000E+00    1.544000E+00    2.441000E-01    8.974000E-04   -9.516000E+00    7.000000E+00    1.000000E+00    1.900000E+03    0.000000E+00   -1.000000E+01    1.000000E+00   -9.854000E+00   -9.695160E+00
   1.550000E-09    4.000000E+00    1.408000E+00    7.200000E+01    1.544000E+00   -1.301000E+00   -1.000000E+01    3.061000E+00   -1.000000E+01    3.249000E+00   -1.000000E+01   -1.000000E+01    4.000000E+00    9.752000E+00    2.550000E+00    4.000000E+00    3.400000E+01    2.921000E+00    1.878000E+00    3.450000E+00    1.449000E+00    1.919000E-01    7.106000E-04   -1.016000E+01    2.000000E+00    1.000000E+00    1.600000E+03    7.500000E+01   -1.000000E+01   -1.000000E+00   -1.048000E+01   -1.053240E+01
   9.000000E-10    4.000000E+00    1.279000E+00    9.300000E+01    1.398000E+00    4.771000E-01   -1.000000E+01    4.663000E+00   -1.000000E+01   -1.000000E+01   -1.000000E+01   -1.000000E+01    8.000000E+00    7.344000E+00    1.960000E+00    5.000000E+00    5.000000E+01    2.829000E+00    1.091000E+00    3.850000E+00    1.690000E+00    4.137000E-01    8.974000E-04   -9.278000E+00    2.000000E+00    2.000000E+00    1.000000E+03    4.750000E+01   -1.000000E+01    4.000000E+00   -9.804000E+00   -9.770261E+00
   1.560000E-09    1.000000E+00    1.453000E+00    1.080000E+02    1.176000E+00   -1.000000E+01   -1.000000E+01   -1.000000E+01   -1.000000E+01   -1.000000E+01   -1.000000E+01   -1.000000E+01    5.101000E+00    1.297000E+01    3.160000E+00    3.000000E+00    1.700000E+01    2.822000E+00    1.952000E+00    2.890000E+00    1.580000E+00    1.600000E-01    1.162000E-03   -1.452000E+01    2.000000E+00    2.000000E+00    1.600000E+03    9.800000E+01   -1.000000E+01   -1.000000E+00   -1.028000E+01   -1.038587E+01
   2.000000E-09    1.000000E+00    1.279000E+00    9.300000E+01    1.352000E+00   -3.010000E-01   -1.000000E+01    4.061000E+00   -1.000000E+01   -1.000000E+01   -1.000000E+01   -1.000000E+01    1.250000E+01    1.297000E+01    3.160000E+00    3.000000E+00    1.700000E+01    2.822000E+00    2.440000E+00    2.890000E+00    1.690000E+00    6.324000E-02    9.552000E-04   -9.669000E+00    2.000000E+00    1.000000E+00    1.600000E+03    4.750000E+01   -1.000000E+01   -1.000000E+00   -1.074000E+01   -1.057473E+01
   7.900000E-10    2.000000E+00    1.491000E+00    8.300000E+01    1.301000E+00   -2.839000E+00    5.441000E-01    9.191000E-01    1.114000E+00    6.990000E-01   -1.000000E+01    9.345000E-01    7.000000E+00    5.695000E+00    9.500000E-01    5.000000E+00    3.800000E+01    2.491000E+00    8.580000E-01    3.850000E+00    1.428000E+00    4.630000E-01    1.018000E-03   -1.094000E+01    2.000000E+00    1.000000E+00    1.200000E+03    8.000000E+01   -1.000000E+01    2.000000E+00   -1.076000E+01   -1.087645E+01
   2.090000E-09    1.000000E+00   -2.218000E-01    1.730000E+01    1.398000E+00   -1.959000E+00   -6.990000E-01    9.823000E-01    7.497000E-01    2.967000E-01    1.348000E+00    9.581000E-01    8.920000E+00    3.894000E+00    7.900000E-01    6.000000E+00    5.500000E+01    2.333000E+00    2.090000E+00    4.360000E+00    2.460000E+00    4.778000E-02    8.974000E-04   -1.050000E+01    2.700000E+01    1.000000E+00    2.430000E+03    0.000000E+00   -1.000000E+01    1.000000E+00   -1.074000E+01   -1.070122E+01
   1.350000E-09    1.000000E+00    1.453000E+00    1.080000E+02    1.398000E+00   -1.000000E+01   -1.000000E+01   -1.000000E+01   -1.000000E+01   -1.000000E+01   -1.000000E+01   -1.000000E+01    6.303000E+00    5.139000E+00    9.300000E-01    3.000000E+00    1.100000E+01    1.777000E+00    1.028000E+00    2.890000E+00    1.580000E+00    2.376000E-01    8.974000E-04   -1.452000E+01    2.000000E+00    2.000000E+00    1.800000E+03    9.800000E+01    1.204000E+00    1.000000E+00   -1.048000E+01   -1.046932E+01
   5.000000E-10    4.000000E+00    1.744000E+00    8.200000E+01    1.398000E+00   -5.834000E-01    1.146000E+00    3.281000E+00    3.328000E+00    3.810000E+00    1.831000E+00    3.016000E+00    8.830000E+00    6.026000E+00    1.280000E+00    7.000000E+00    9.400000E+01    3.322000E+00    7.118000E-01    4.990000E+00    1.170000E+00    6.690000E-01    8.974000E-04   -9.808000E+00    2.000000E+00    2.000000E+00    1.630000E+03    8.000000E+01    1.699000E+00    0.000000E+00   -1.047000E+01   -1.050903E+01
   8.500000E-10    2.000000E+00    6.021000E-01    6.700000E+01    1.398000E+00   -3.523000E+00   -1.000000E+01   -1.000000E+01   -1.000000E+01    8.506000E-01   -1.000000E+01   -1.000000E+01    6.200000E+00    5.212000E+00    8.900000E-01    6.000000E+00    5.600000E+01    2.699000E+00    9.833000E-01    4.360000E+00    2.224000E+00    4.385000E-01    8.974000E-04   -1.128000E+01    1.300000E+01    1.000000E+00    2.640000E+03    0.000000E+00   -1.000000E+01    2.000000E+00   -1.224000E+01   -1.226695E+01
   5.000000E-10    2.000000E+00    1.408000E+00    7.200000E+01    1.301000E+00   -6.990000E-01   -1.000000E+01    3.663000E+00   -1.000000E+01    3.851000E+00   -1.000000E+01   -1.000000E+01    6.800000E+00    7.881000E+00    1.880000E+00    4.000000E+00    2.700000E+01    2.626000E+00    5.724000E-01    3.450000E+00    1.449000E+00    6.616000E-01    1.018000E-03   -9.869000E+00    2.000000E+00    1.000000E+00    1.600000E+03    7.500000E+01   -1.000000E+01   -2.000000E+00   -1.119000E+01   -1.120101E+01
   2.220000E-09    0.000000E+00    1.748000E+00    1.110000E+02    1.778000E+00   -7.620000E-01    1.567000E+00    3.375000E+00    2.707000E+00    3.224000E+00    1.850000E+00    3.685000E+00    7.570000E+00    1.360000E+01    2.200000E+00    1.000000E+00    1.000000E+00    8.499000E-01    7.238000E-01    8.500000E-01    1.297000E+00    6.978000E-02    4.494000E-04   -9.873000E+00    2.000000E+00    1.000000E+00    1.200000E+03    9.200000E+01   -1.000000E+01    0.000000E+00   -9.335000E+00   -9.308042E+00
   2.570000E-09    1.000000E+00    1.453000E+00    1.080000E+02    1.699000E+00   -1.000000E+01   -1.000000E+01   -1.000000E+01   -1.000000E+01   -1.000000E+01   -1.000000E+01   -1.000000E+01    7.870000E+00    5.139000E+00    9.300000E-01    3.000000E+00    1.100000E+01    1.777000E+00    1.806000E+00    2.890000E+00    1.580000E+00   -7.034000E-03    5.279000E-04   -1.450000E+01    2.000000E+00    2.000000E+00    7.000000E+02    9.800000E+01   -1.000000E+01    1.000000E+00   -9.324000E+00   -9.373777E+00
   2.000000E-09    1.000000E+00    1.580000E+00    7.900000E+01    1.398000E+00   -1.000000E+00   -1.000000E+01    3.362000E+00   -1.000000E+01   -1.000000E+01   -1.000000E+01   -1.000000E+01    8.200000E+00    1.297000E+01    3.160000E+00    3.000000E+00    1.700000E+01    2.822000E+00    2.419000E+00    2.890000E+00    1.318000E+00    6.690000E-02    8.974000E-04   -1.002000E+01    2.000000E+00    1.000000E+00    1.200000E+03    8.000000E+01   -1.000000E+01   -1.000000E+00   -9.754000E+00   -9.660370E+00
   1.000000E-10    6.000000E+00    1.279000E+00    9.300000E+01    1.398000E+00   -1.000000E+01   -1.000000E+01   -1.000000E+01   -1.000000E+01   -1.000000E+01   -1.000000E+01   -1.000000E+01    9.000000E+00    6.194000E+00    1.380000E+00    7.000000E+00    9.200000E+01    3.368000E+00    1.443000E-01    4.990000E+00    1.690000E+00    1.368000E+00    8.974000E-04   -1.452000E+01    2.000000E+00    2.000000E+00    1.600000E+03    4.750000E+01   -1.000000E+01   -1.000000E+00   -1.124000E+01   -1.128588E+01
   2.100000E-09    1.000000E+00    1.453000E+00    1.080000E+02    1.342000E+00   -2.924000E-01   -1.000000E+01    4.069000E+00   -1.000000E+01    4.257000E+00   -1.000000E+01   -1.000000E+01    7.407000E+00    3.894000E+00    7.900000E-01    6.000000E+00    5.500000E+01    2.333000E+00    2.121000E+00    4.360000E+00    1.580000E+00    4.132000E-02    9.673000E-04   -9.665000E+00    2.000000E+00    2.000000E+00    1.400000E+03    9.999000E+01   -1.000000E+01    1.000000E+00   -9.987000E+00   -1.004321E+01
   2.032000E-10    1.000000E+00    1.531000E+00    1.300000E+01    1.362000E+00   -4.510000E-01    1.806000E+00    3.749000E+00    2.949000E+00    3.984000E+00    1.477000E+00    3.368000E+00    7.680000E+00    1.297000E+01    3.160000E+00    3.000000E+00    1.700000E+01    2.822000E+00    2.474000E-01    2.890000E+00    5.825000E-01    1.057000E+00    9.432000E-04   -9.743000E+00    4.000000E+00    1.000000E+00    2.700000E+03    0.000000E+00   -1.000000E+01   -1.000000E+00   -1.182000E+01   -1.173980E+01
   1.350000E-09    1.000000E+00    1.453000E+00    1.080000E+02    1.398000E+00   -1.000000E+01   -1.000000E+01   -1.000000E+01   -1.000000E+01   -1.000000E+01   -1.000000E+01   -1.000000E+01    6.884000E+00    5.139000E+00    9.300000E-01    3.000000E+00    1.100000E+01    1.777000E+00    1.028000E+00    2.890000E+00    1.580000E+00    2.376000E-01    8.974000E-04   -1.452000E+01    2.000000E+00    2.000000E+00    1.100000E+03    9.800000E+01   -1.000000E+01    1.000000E+00   -9.917000E+00   -9.844183E+00
   2.570000E-09    1.000000E+00    1.453000E+00    1.080000E+02    1.699000E+00   -1.000000E+01   -1.000000E+01   -1.000000E+01   -1.000000E+01   -1.000000E+01   -1.000000E+01   -1.000000E+01    7.562000E+00    5.139000E+00    9.300000E-01    3.000000E+00    1.100000E+01    1.777000E+00    1.806000E+00    2.890000E+00    1.580000E+00   -7.034000E-03    5.279000E-04   -1.450000E+01    2.000000E+00    2.000000E+00    1.000000E+03    9.800000E+01   -1.000000E+01    1.000000E+00   -9.559000E+00   -9.550908E+00
   2.570000E-09    1.000000E+00    1.453000E+00    1.080000E+02    1.699000E+00   -1.000000E+01   -1.000000E+01   -1.000000E+01   -1.000000E+01   -1.000000E+01   -1.000000E+01   -1.000000E+01    7.870000E+00    5.139000E+00    9.300000E-01    3.000000E+00    1.100000E+01    1.777000E+00    1.806000E+00    2.890000E+00    1.580000E+00   -7.034000E-03    5.279000E-04   -1.450000E+01    2.000000E+00    2.000000E+00    7.000000E+02    9.800000E+01   -1.000000E+01    1.000000E+00   -9.324000E+00   -9.373777E+00
   2.000000E-09    1.000000E+00    2.477000E+00    5.000000E+01    1.380000E+00   -6.108000E-01    1.176000E+00    3.262000E+00    3.292000E+00    3.770000E+00    1.447000E+00    3.051000E+00    7.200000E+00    1.045000E+01    2.660000E+00    5.000000E+00    5.300000E+01    3.375000E+00    2.903000E+00    3.850000E+00    2.218000E-01    6.544000E-02    9.199000E-04   -9.822000E+00    2.600000E+01    1.000000E+00    1.360000E+03    3.500000E+01   -1.000000E+01   -1.000000E+00   -1.066000E+01   -1.084101E+01
   2.000000E-09    1.000000E+00    1.279000E+00    9.300000E+01    1.362000E+00   -2.000000E+00   -1.000000E+01    2.362000E+00   -1.000000E+01    2.550000E+00   -1.000000E+01   -1.000000E+01    1.250000E+01    1.297000E+01    3.160000E+00    3.000000E+00    1.700000E+01    2.822000E+00    2.435000E+00    2.890000E+00    1.690000E+00    6.398000E-02    9.432000E-04   -1.052000E+01    2.000000E+00    1.000000E+00    1.600000E+03    4.800000E+01    1.477000E+00   -1.000000E+00   -1.108000E+01   -1.107132E+01
   2.090000E-09    1.000000E+00    1.447000E+00    1.080000E+02    1.398000E+00   -1.000000E+01   -1.000000E+01   -1.000000E+01   -1.000000E+01   -1.000000E+01   -1.000000E+01   -1.000000E+01    8.400000E+00    3.894000E+00    7.900000E-01    6.000000E+00    5.500000E+01    2.333000E+00    2.090000E+00    4.360000E+00    1.586000E+00    4.778000E-02    8.974000E-04   -1.452000E+01    2.000000E+00    2.000000E+00    8.900000E+02    1.000000E+02   -1.000000E+01    1.000000E+00   -9.582000E+00   -9.561185E+00
   9.000000E-10    4.000000E+00    1.279000E+00    9.300000E+01    1.398000E+00   -1.000000E+01   -1.000000E+01   -1.000000E+01   -1.000000E+01   -1.000000E+01   -1.000000E+01   -1.000000E+01    1.300000E+01    7.344000E+00    1.960000E+00    5.000000E+00    5.000000E+01    2.829000E+00    1.091000E+00    3.850000E+00    1.690000E+00    4.137000E-01    8.974000E-04   -1.452000E+01    2.000000E+00    2.000000E+00    4.000000E+02    4.750000E+01   -1.000000E+01    4.000000E+00   -9.453000E+00   -9.474913E+00
   2.140000E-09    0.000000E+00    1.580000E+00    7.900000E+01    1.398000E+00   -1.166000E+00    2.934000E+00    2.265000E+00    2.882000E+00    3.027000E+00   -1.000000E+01    1.061000E+00    1.250000E+01    1.360000E+01    2.200000E+00    1.000000E+00    1.000000E+00    8.499000E-01    7.796000E-01    8.500000E-01    1.318000E+00    3.752000E-02    8.974000E-04   -1.010000E+01    2.000000E+00    1.000000E+00    2.000000E+03    8.200000E+01   -1.000000E+01    0.000000E+00   -1.037000E+01   -1.042202E+01
   2.032000E-10    1.000000E+00    1.748000E+00    1.110000E+02    1.778000E+00   -7.620000E-01    1.567000E+00    3.375000E+00    2.707000E+00    3.224000E+00    1.850000E+00    3.685000E+00    7.570000E+00    1.297000E+01    3.160000E+00    3.000000E+00    1.700000E+01    2.822000E+00    2.200000E-01    2.890000E+00    1.297000E+00    1.108000E+00    4.494000E-04   -9.873000E+00    2.000000E+00    1.000000E+00    1.200000E+03    9.200000E+01   -1.000000E+01   -1.000000E+00   -9.534000E+00   -9.667758E+00
   2.000000E-09    1.000000E+00    1.436000E+00    5.870000E+01    1.176000E+00   -3.010000E-01   -1.000000E+01    4.061000E+00   -1.000000E+01    4.249000E+00   -1.000000E+01   -1.000000E+01    3.130000E+00    1.045000E+01    2.660000E+00    5.000000E+00    5.300000E+01    3.375000E+00    2.994000E+00    3.850000E+00    1.332000E+00    5.208000E-02    1.162000E-03   -9.674000E+00    2.000000E+00    1.000000E+00    1.600000E+03    7.800000E+01   -1.000000E+01   -1.000000E+00   -1.021000E+01   -1.008794E+01
   2.000000E-09    1.000000E+00    1.580000E+00    7.900000E+01    1.398000E+00   -1.166000E+00    2.934000E+00    2.265000E+00    2.882000E+00    3.027000E+00   -1.000000E+01    1.061000E+00    1.250000E+01    4.341000E+00    8.200000E-01    4.000000E+00    1.900000E+01    1.949000E+00    1.671000E+00    3.450000E+00    1.318000E+00    6.690000E-02    8.974000E-04   -1.010000E+01    2.000000E+00    1.000000E+00    2.000000E+03    8.200000E+01   -1.000000E+01    1.000000E+00   -9.854000E+00   -9.950033E+00
   2.100000E-09    1.000000E+00    1.453000E+00    1.080000E+02    1.565000E+00   -2.000000E+00   -1.000000E+01    2.362000E+00   -1.000000E+01    2.550000E+00   -1.000000E+01   -1.000000E+01    7.534000E+00    3.894000E+00    7.900000E-01    6.000000E+00    5.500000E+01    2.333000E+00    2.021000E+00    4.360000E+00    1.580000E+00    6.243000E-02    6.848000E-04   -1.051000E+01    2.000000E+00    2.000000E+00    1.410000E+03    9.999000E+01   -1.000000E+01    1.000000E+00   -9.991000E+00   -9.972459E+00
   1.300000E-09    1.000000E+00    2.025000E+00    8.100000E+01    1.398000E+00   -1.000000E+00   -1.000000E+01    3.362000E+00   -1.000000E+01    3.550000E+00   -1.000000E+01   -1.000000E+01    9.270000E+00    5.139000E+00    9.300000E-01    3.000000E+00    1.100000E+01    1.777000E+00    9.899000E-01    2.890000E+00    8.832000E-01    2.540000E-01    8.974000E-04   -1.002000E+01    2.500000E+01    1.000000E+00    1.530000E+03    0.000000E+00   -1.000000E+01    1.000000E+00   -1.042000E+01   -1.031273E+01
   1.330000E-09    1.000000E+00    1.833000E+00    7.100000E+01    1.398000E+00   -3.010000E-01   -1.000000E+01    4.061000E+00   -1.000000E+01    4.249000E+00   -1.000000E+01   -1.000000E+01    7.000000E+00    5.139000E+00    9.300000E-01    3.000000E+00    1.100000E+01    1.777000E+00    1.013000E+00    2.890000E+00    1.019000E+00    2.441000E-01    8.974000E-04   -9.667000E+00    6.000000E+00    1.000000E+00    1.700000E+03    0.000000E+00   -1.000000E+01    1.000000E+00   -9.638000E+00   -9.942633E+00
   7.420000E-10    1.000000E+00    1.453000E+00    1.080000E+02    6.990000E-01   -1.000000E+01   -1.000000E+01   -1.000000E+01   -1.000000E+01   -1.000000E+01   -1.000000E+01   -1.000000E+01    5.256000E+00    5.139000E+00    9.300000E-01    3.000000E+00    1.100000E+01    1.777000E+00    6.056000E-01    2.890000E+00    1.580000E+00    4.674000E-01    1.536000E-03   -1.453000E+01    2.000000E+00    2.000000E+00    1.200000E+03    9.800000E+01   -1.000000E+01    1.000000E+00   -1.026000E+01   -1.020781E+01
   4.740000E-09    0.000000E+00    1.279000E+00    9.300000E+01    1.778000E+00   -2.757000E-01    5.922000E-01    4.024000E+00    2.558000E+00    4.302000E+00   -1.000000E+01    4.065000E-01    8.300000E+00    1.360000E+01    2.200000E+00    1.000000E+00    1.000000E+00    8.499000E-01    1.545000E+00    8.500000E-01    1.690000E+00   -2.596000E-01    4.494000E-04   -9.630000E+00    2.000000E+00    1.000000E+00    1.600000E+03    4.750000E+01    1.477000E+00    0.000000E+00   -9.523000E+00   -9.395922E+00
   2.570000E-09    1.000000E+00    1.453000E+00    1.080000E+02    1.699000E+00   -1.000000E+01   -1.000000E+01   -1.000000E+01   -1.000000E+01   -1.000000E+01   -1.000000E+01   -1.000000E+01    7.564000E+00    5.139000E+00    9.300000E-01    3.000000E+00    1.100000E+01    1.777000E+00    1.806000E+00    2.890000E+00    1.580000E+00   -7.034000E-03    5.279000E-04   -1.450000E+01    2.000000E+00    2.000000E+00    1.000000E+03    9.800000E+01   -1.000000E+01    1.000000E+00   -9.573000E+00   -9.550908E+00
   2.000000E-09    1.000000E+00    1.602000E+00    1.400000E+01    1.362000E+00   -2.000000E+00    9.345000E-01    2.362000E+00    5.328000E-01    2.338000E+00    2.387000E+00    1.904000E+00    8.300000E+00    1.045000E+01    2.660000E+00    5.000000E+00    5.300000E+01    3.375000E+00    2.913000E+00    3.850000E+00    5.441000E-01    6.398000E-02    9.432000E-04   -1.052000E+01    5.000000E+00    1.000000E+00    2.450000E+03    0.000000E+00   -1.000000E+01   -1.000000E+00   -1.215000E+01   -1.208519E+01
   2.140000E-09    0.000000E+00    1.279000E+00    9.300000E+01    1.602000E+00   -2.757000E-01    5.922000E-01    4.024000E+00    2.558000E+00    4.302000E+00   -1.000000E+01    4.065000E-01    8.300000E+00    1.360000E+01    2.200000E+00    1.000000E+00    1.000000E+00    8.499000E-01    7.423000E-01    8.500000E-01    1.690000E+00    5.883000E-02    6.389000E-04   -9.643000E+00    2.000000E+00    1.000000E+00    1.600000E+03    4.800000E+01    1.477000E+00    0.000000E+00   -9.609000E+00   -9.735841E+00
   2.140000E-09    0.000000E+00    4.771000E-01    2.000000E+00    1.398000E+00   -1.000000E+01   -1.000000E+01   -1.000000E+01   -1.000000E+01   -1.000000E+01   -1.000000E+01   -1.000000E+01    6.000000E+00    1.360000E+01    2.200000E+00    1.000000E+00    1.000000E+00    8.499000E-01    7.796000E-01    8.500000E-01    8.239000E-01    3.752000E-02    8.974000E-04   -1.452000E+01    8.000000E+00    7.000000E+00    2.980000E+03    0.000000E+00   -1.000000E+01    0.000000E+00   -1.082000E+01   -1.117432E+01
   4.300000E-10    6.000000E+00    1.279000E+00    9.300000E+01    1.398000E+00   -1.000000E+01   -1.000000E+01   -1.000000E+01   -1.000000E+01   -1.000000E+01   -1.000000E+01   -1.000000E+01    9.000000E+00    6.194000E+00    1.380000E+00    7.000000E+00    9.200000E+01    3.368000E+00    6.207000E-01    4.990000E+00    1.690000E+00    7.345000E-01    8.974000E-04   -1.452000E+01    2.000000E+00    2.000000E+00    1.710000E+03    4.750000E+01   -1.000000E+01   -1.000000E+00   -1.072000E+01   -1.076259E+01
   8.890000E-10    4.000000E+00    2.025000E+00    8.100000E+01    1.352000E+00   -2.000000E+00   -1.000000E+01    2.362000E+00   -1.000000E+01    2.550000E+00   -1.000000E+01   -1.000000E+01    1.250000E+01    1.126000E+01    2.550000E+00    2.000000E+00    6.000000E+00    1.811000E+00    6.958000E-01    1.990000E+00    8.832000E-01    4.154000E-01    9.552000E-04   -1.052000E+01    2.500000E+01    1.000000E+00    1.650000E+03    0.000000E+00   -1.000000E+01   -2.000000E+00   -1.089000E+01   -1.100361E+01
   2.000000E-09    1.000000E+00    1.447000E+00    1.300000E+01    1.380000E+00   -6.990000E-01    2.228000E+00    3.538000E+00    2.462000E+00    3.754000E+00    1.279000E+00    2.983000E+00    7.900000E+00    1.297000E+01    3.160000E+00    3.000000E+00    1.700000E+01    2.822000E+00    2.427000E+00    2.890000E+00    6.668000E-01    6.544000E-02    9.199000E-04   -9.866000E+00    4.000000E+00    4.000000E+00    2.600000E+03    0.000000E+00   -1.000000E+01   -1.000000E+00   -1.215000E+01   -1.196772E+01
   3.690000E-09    1.000000E+00    1.580000E+00    7.870000E+01    1.398000E+00   -2.218000E-01   -1.000000E+01    4.140000E+00   -1.000000E+01    4.328000E+00   -1.000000E+01   -1.000000E+01    7.378000E+00    3.894000E+00    7.900000E-01    6.000000E+00    5.500000E+01    2.333000E+00    3.690000E+00    4.360000E+00    1.316000E+00   -1.991000E-01    8.974000E-04   -9.627000E+00    2.000000E+00    7.000000E+00    1.980000E+03    8.200000E+01   -1.000000E+01    1.000000E+00   -1.022000E+01   -1.029880E+01
   1.550000E-09    4.000000E+00    6.232000E-01    6.700000E+01    1.491000E+00   -1.398000E+00    8.451000E-01    2.784000E+00    1.869000E+00    2.785000E+00   -1.000000E+01    2.785000E+00    8.100000E+00    9.752000E+00    2.550000E+00    4.000000E+00    3.400000E+01    2.921000E+00    1.903000E+00    3.450000E+00    2.203000E+00    1.863000E-01    7.777000E-04   -1.021000E+01    1.300000E+01    3.000000E+00    1.800000E+03    0.000000E+00   -1.000000E+01   -1.000000E+00   -1.024000E+01   -1.003646E+01
   2.000000E-09    7.000000E+00    1.744000E+00    8.200000E+01    1.398000E+00   -5.918000E-01    1.146000E+00    3.279000E+00    3.330000E+00    3.785000E+00    1.831000E+00    3.016000E+00    7.500000E+00    7.280000E+00    1.900000E+00    5.000000E+00    4.300000E+01    2.817000E+00    2.415000E+00    3.850000E+00    1.170000E+00    6.690000E-02    8.974000E-04   -9.812000E+00    2.000000E+00    2.000000E+00    1.340000E+03    8.000000E+01   -1.000000E+01   -1.000000E+00   -9.870000E+00   -9.889578E+00
   4.300000E-10    6.000000E+00    1.531000E+00    1.300000E+01    1.398000E+00   -6.576000E-01    1.740000E+00    3.532000E+00    2.542000E+00    3.780000E+00    2.220000E+00    2.927000E+00    7.240000E+00    6.194000E+00    1.380000E+00    7.000000E+00    9.200000E+01    3.368000E+00    6.207000E-01    4.990000E+00    5.825000E-01    7.345000E-01    8.974000E-04   -9.845000E+00    4.000000E+00    2.000000E+00    2.450000E+03    0.000000E+00   -1.000000E+01    0.000000E+00   -1.115000E+01   -1.137062E+01
   2.100000E-09    1.000000E+00    1.279000E+00    9.300000E+01    1.398000E+00   -1.000000E+01   -1.000000E+01   -1.000000E+01   -1.000000E+01   -1.000000E+01   -1.000000E+01   -1.000000E+01    1.250000E+01    3.894000E+00    7.900000E-01    6.000000E+00    5.500000E+01    2.333000E+00    2.100000E+00    4.360000E+00    1.690000E+00    4.571000E-02    8.974000E-04   -1.452000E+01    2.000000E+00    2.000000E+00    1.600000E+03    4.750000E+01   -1.000000E+01    1.000000E+00   -1.005000E+01   -9.993437E+00
   3.690000E-09    1.000000E+00    1.453000E+00    1.080000E+02    1.699000E+00   -1.000000E+01   -1.000000E+01   -1.000000E+01   -1.000000E+01   -1.000000E+01   -1.000000E+01   -1.000000E+01    6.406000E+00    1.297000E+01    3.160000E+00    3.000000E+00    1.700000E+01    2.822000E+00    4.118000E+00    2.890000E+00    1.580000E+00   -1.641000E-01    5.279000E-04   -1.450000E+01    2.000000E+00    2.000000E+00    9.000000E+02    9.800000E+01   -1.000000E+01   -1.000000E+00   -9.322000E+00   -9.419352E+00
   2.100000E-09    4.000000E+00    1.279000E+00    9.300000E+01    1.398000E+00   -2.190000E-01   -1.000000E+01    4.105000E+00    2.983000E+00    2.697000E+00    2.086000E+00   -1.000000E+01    1.250000E+01    6.634000E+00    1.330000E+00    5.000000E+00    4.000000E+01    2.689000E+00    2.420000E+00    3.850000E+00    1.690000E+00    4.571000E-02    8.974000E-04   -9.626000E+00    2.000000E+00    2.000000E+00    1.200000E+03    4.750000E+01   -1.000000E+01    0.000000E+00   -9.577000E+00   -9.581233E+00
   2.032000E-10    1.000000E+00    1.748000E+00    1.110000E+02    1.903000E+00   -7.282000E-01    1.596000E+00    3.415000E+00    2.736000E+00    3.353000E+00    1.827000E+00    3.670000E+00    7.560000E+00    1.297000E+01    3.160000E+00    3.000000E+00    1.700000E+01    2.822000E+00    2.075000E-01    2.890000E+00    1.297000E+00    1.134000E+00    3.547000E-04   -9.844000E+00    2.000000E+00    1.000000E+00    1.400000E+03    9.200000E+01   -1.000000E+01   -1.000000E+00   -9.824000E+00   -9.876885E+00
   9.000000E-10    2.000000E+00    1.279000E+00    9.300000E+01    1.398000E+00   -2.190000E-01   -1.000000E+01    4.105000E+00    2.983000E+00    2.697000E+00    2.086000E+00   -1.000000E+01    1.250000E+01    7.344000E+00    1.960000E+00    5.000000E+00    5.000000E+01    2.829000E+00    1.091000E+00    3.850000E+00    1.690000E+00    4.137000E-01    8.974000E-04   -9.626000E+00    2.000000E+00    2.000000E+00    1.800000E+03    4.750000E+01   -1.000000E+01    2.000000E+00   -1.049000E+01   -1.052818E+01
   3.690000E-09    1.000000E+00    1.453000E+00    1.080000E+02    1.699000E+00   -1.000000E+01   -1.000000E+01   -1.000000E+01   -1.000000E+01   -1.000000E+01   -1.000000E+01   -1.000000E+01    6.793000E+00    1.297000E+01    3.160000E+00    3.000000E+00    1.700000E+01    2.822000E+00    4.118000E+00    2.890000E+00    1.580000E+00   -1.641000E-01    5.279000E-04   -1.450000E+01    2.000000E+00    2.000000E+00    1.000000E+03    9.800000E+01   -1.000000E+01   -1.000000E+00   -9.401000E+00   -9.480663E+00
   2.030000E-09    1.000000E+00    1.580000E+00    7.200000E+01    1.176000E+00   -3.010000E-01   -1.000000E+01    4.061000E+00   -1.000000E+01    4.249000E+00   -1.000000E+01   -1.000000E+01    6.800000E+00    1.045000E+01    2.660000E+00    5.000000E+00    5.300000E+01    3.375000E+00    3.039000E+00    3.850000E+00    1.278000E+00    4.562000E-02    1.162000E-03   -9.674000E+00    2.000000E+00    1.000000E+00    1.300000E+03    8.200000E+01   -1.000000E+01   -1.000000E+00   -1.008000E+01   -9.928762E+00
   2.090000E-09    1.000000E+00    1.453000E+00    1.080000E+02    1.398000E+00   -1.000000E+01   -1.000000E+01   -1.000000E+01   -1.000000E+01   -1.000000E+01   -1.000000E+01   -1.000000E+01    7.060000E+00    1.297000E+01    3.160000E+00    3.000000E+00    1.700000E+01    2.822000E+00    2.528000E+00    2.890000E+00    1.580000E+00    4.778000E-02    8.974000E-04   -1.452000E+01    2.000000E+00    2.000000E+00    1.100000E+03    9.800000E+01   -1.000000E+01   -1.000000E+00   -9.728000E+00   -9.716104E+00
   1.200000E-09    4.000000E+00    6.021000E-01    6.700000E+01    1.415000E+00    6.070000E-02   -1.000000E+01    4.403000E+00   -1.000000E+01   -1.000000E+01    4.785000E+00   -1.000000E+01    8.900000E+00    6.266000E+00    1.360000E+00    7.000000E+00    9.300000E+01    3.387000E+00    1.736000E+00    4.990000E+00    2.224000E+00    2.902000E-01    8.757000E-04   -9.485000E+00    1.300000E+01    1.000000E+00    2.640000E+03    0.000000E+00   -1.000000E+01   -4.000000E+00   -1.255000E+01   -1.247890E+01
   2.100000E-09    1.000000E+00    1.279000E+00    9.300000E+01    1.398000E+00   -1.000000E+01   -1.000000E+01   -1.000000E+01   -1.000000E+01   -1.000000E+01   -1.000000E+01   -1.000000E+01    1.250000E+01    3.894000E+00    7.900000E-01    6.000000E+00    5.500000E+01    2.333000E+00    2.100000E+00    4.360000E+00    1.690000E+00    4.571000E-02    8.974000E-04   -1.452000E+01    2.000000E+00    2.000000E+00    1.200000E+03    4.750000E+01   -1.000000E+01    1.000000E+00   -9.573000E+00   -9.574135E+00
   3.690000E-09    1.000000E+00    1.580000E+00    7.870000E+01    1.398000E+00   -2.523000E+00   -1.000000E+01    1.839000E+00   -1.000000E+01    2.027000E+00   -1.000000E+01   -1.000000E+01    7.387000E+00    3.894000E+00    7.900000E-01    6.000000E+00    5.500000E+01    2.333000E+00    3.690000E+00    4.360000E+00    1.316000E+00   -1.991000E-01    8.974000E-04   -1.078000E+01    2.000000E+00    7.000000E+00    1.940000E+03    8.200000E+01   -1.000000E+01    1.000000E+00   -1.017000E+01   -1.020165E+01
   1.970000E-09    1.000000E+00    1.744000E+00    8.200000E+01    1.380000E+00   -6.576000E-01    1.176000E+00    3.262000E+00    3.292000E+00    3.770000E+00    1.447000E+00    3.583000E+00    7.200000E+00    1.045000E+01    2.660000E+00    5.000000E+00    5.300000E+01    3.375000E+00    2.859000E+00    3.850000E+00    1.170000E+00    7.200000E-02    9.199000E-04   -9.846000E+00    2.000000E+00    1.000000E+00    1.390000E+03    8.000000E+01   -1.000000E+01   -1.000000E+00   -9.947000E+00   -1.012965E+01
   1.460000E-09    7.000000E+00    1.408000E+00    7.200000E+01    1.398000E+00   -1.184000E+00    1.199000E+00    3.079000E+00    2.103000E+00    2.783000E+00    1.919000E+00    2.732000E+00    8.300000E+00    7.834000E+00    1.900000E+00    6.000000E+00    7.500000E+01    3.309000E+00    2.071000E+00    4.360000E+00    1.449000E+00    2.036000E-01    8.974000E-04   -1.011000E+01    2.000000E+00    1.000000E+00    1.500000E+03    7.500000E+01   -1.000000E+01   -1.000000E+00   -1.054000E+01   -1.080691E+01
   1.550000E-09    1.000000E+00    1.453000E+00    1.080000E+02    1.477000E+00   -1.000000E+01   -1.000000E+01   -1.000000E+01   -1.000000E+01   -1.000000E+01   -1.000000E+01   -1.000000E+01    6.488000E+00    5.139000E+00    9.300000E-01    3.000000E+00    1.100000E+01    1.777000E+00    1.161000E+00    2.890000E+00    1.580000E+00    1.848000E-01    7.959000E-04   -1.451000E+01    2.000000E+00    2.000000E+00    1.200000E+03    9.800000E+01   -1.000000E+01    1.000000E+00   -9.939000E+00   -9.902739E+00
   2.090000E-09    1.000000E+00    1.580000E+00    7.900000E+01    1.398000E+00   -9.281000E-01    3.799000E+00    3.174000E+00    1.955000E+00   -1.000000E+01   -1.000000E+01   -1.000000E+01    1.340000E+01    3.894000E+00    7.900000E-01    6.000000E+00    5.500000E+01    2.333000E+00    2.090000E+00    4.360000E+00    1.318000E+00    4.778000E-02    8.974000E-04   -9.980000E+00    2.000000E+00    2.000000E+00    2.000000E+03    8.000000E+01   -1.000000E+01    1.000000E+00   -1.049000E+01   -1.041488E+01
   8.480000E-10    2.000000E+00    4.771000E-01    2.000000E+00    1.398000E+00   -1.523000E+00   -1.000000E+01   -1.000000E+01    2.603000E+00    2.851000E+00   -1.000000E+01   -1.000000E+01    6.250000E+00    5.212000E+00    8.900000E-01    6.000000E+00    5.600000E+01    2.699000E+00    9.810000E-01    4.360000E+00    8.239000E-01    4.395000E-01    8.974000E-04   -1.028000E+01    8.000000E+00    1.000000E+00    2.640000E+03    0.000000E+00   -1.000000E+01    2.000000E+00   -1.278000E+01   -1.255536E+01
   1.350000E-09    1.000000E+00    1.453000E+00    1.080000E+02    1.398000E+00   -3.010000E-01   -1.000000E+01    4.061000E+00   -1.000000E+01    4.249000E+00   -1.000000E+01   -1.000000E+01    6.731000E+00    5.139000E+00    9.300000E-01    3.000000E+00    1.100000E+01    1.777000E+00    1.028000E+00    2.890000E+00    1.580000E+00    2.376000E-01    8.974000E-04   -9.667000E+00    2.000000E+00    2.000000E+00    1.000000E+03    9.800000E+01   -1.000000E+01    1.000000E+00   -9.839000E+00   -9.826004E+00
   7.420000E-10    1.000000E+00    1.453000E+00    1.080000E+02    6.990000E-01   -1.000000E+01   -1.000000E+01   -1.000000E+01   -1.000000E+01   -1.000000E+01   -1.000000E+01   -1.000000E+01    6.372000E+00    5.139000E+00    9.300000E-01    3.000000E+00    1.100000E+01    1.777000E+00    6.056000E-01    2.890000E+00    1.580000E+00    4.674000E-01    1.536000E-03   -1.453000E+01    2.000000E+00    2.000000E+00    8.000000E+02    9.800000E+01   -1.000000E+01    1.000000E+00   -9.939000E+00   -9.977531E+00
   2.020000E-09    1.000000E+00    2.025000E+00    8.100000E+01    1.398000E+00    6.990000E-01   -1.000000E+01    5.061000E+00   -1.000000E+01    5.249000E+00   -1.000000E+01   -1.000000E+01    1.250000E+01    1.045000E+01    2.660000E+00    5.000000E+00    5.300000E+01    3.375000E+00    2.922000E+00    3.850000E+00    8.832000E-01    6.258000E-02    8.974000E-04   -9.167000E+00    2.500000E+01    1.000000E+00    1.650000E+03    0.000000E+00   -1.000000E+01   -1.000000E+00   -1.082000E+01   -1.071158E+01
   2.220000E-09    0.000000E+00    1.602000E+00    1.400000E+02    1.398000E+00    0.000000E+00   -1.000000E+01    4.362000E+00   -1.000000E+01   -1.000000E+01   -1.000000E+01   -1.000000E+01    5.000000E+00    1.360000E+01    2.200000E+00    1.000000E+00    1.000000E+00    8.499000E-01    8.088000E-01    8.500000E-01    1.544000E+00    2.158000E-02    8.974000E-04   -9.516000E+00    7.000000E+00    1.000000E+00    1.900000E+03    0.000000E+00   -1.000000E+01    0.000000E+00   -9.585000E+00   -9.655566E+00
   2.220000E-09    0.000000E+00    1.531000E+00    1.300000E+01    1.398000E+00   -4.510000E-01    1.806000E+00    3.749000E+00    2.949000E+00    3.984000E+00    1.477000E+00    3.368000E+00    7.680000E+00    1.360000E+01    2.200000E+00    1.000000E+00    1.000000E+00    8.499000E-01    8.088000E-01    8.500000E-01    5.825000E-01    2.158000E-02    8.974000E-04   -9.742000E+00    4.000000E+00    1.000000E+00    2.700000E+03    0.000000E+00   -1.000000E+01    0.000000E+00   -1.103000E+01   -1.107024E+01
   1.300000E-10    7.000000E+00    1.580000E+00    7.200000E+01    1.398000E+00   -3.010000E-01   -1.000000E+01    4.061000E+00   -1.000000E+01    4.249000E+00   -1.000000E+01   -1.000000E+01    4.000000E+00    7.834000E+00    1.900000E+00    6.000000E+00    7.500000E+01    3.309000E+00    1.844000E-01    4.360000E+00    1.278000E+00    1.254000E+00    8.974000E-04   -9.667000E+00    2.000000E+00    1.000000E+00    1.700000E+03    8.200000E+01   -1.000000E+01   -1.000000E+00   -1.117000E+01   -1.117850E+01
   6.020000E-10    3.000000E+00    1.580000E+00    7.900000E+01    1.398000E+00   -1.000000E+00   -1.000000E+01    3.362000E+00   -1.000000E+01    3.550000E+00   -1.000000E+01   -1.000000E+01    3.000000E+00    5.670000E+00    1.200000E+00    6.000000E+00    6.300000E+01    2.815000E+00    7.264000E-01    4.360000E+00    1.318000E+00    5.883000E-01    8.974000E-04   -1.002000E+01    2.000000E+00    3.000000E+00    1.000000E+03    8.200000E+01   -1.000000E+01    3.000000E+00   -1.052000E+01   -1.023434E+01
   2.100000E-10    7.000000E+00    1.580000E+00    7.200000E+01    1.398000E+00   -3.010000E-01   -1.000000E+01    4.061000E+00   -1.000000E+01    4.249000E+00   -1.000000E+01   -1.000000E+01    4.000000E+00    7.834000E+00    1.900000E+00    6.000000E+00    7.500000E+01    3.309000E+00    2.978000E-01    4.360000E+00    1.278000E+00    1.046000E+00    8.974000E-04   -9.667000E+00    2.000000E+00    1.000000E+00    1.300000E+03    8.200000E+01   -1.000000E+01   -1.000000E+00   -1.060000E+01   -1.052099E+01
   1.010000E-09    1.000000E+00    1.453000E+00    1.080000E+02    1.176000E+00   -1.000000E+01   -1.000000E+01   -1.000000E+01   -1.000000E+01   -1.000000E+01   -1.000000E+01   -1.000000E+01    6.055000E+00    5.139000E+00    9.300000E-01    3.000000E+00    1.100000E+01    1.777000E+00    7.958000E-01    2.890000E+00    1.580000E+00    3.488000E-01    1.162000E-03   -1.452000E+01    2.000000E+00    2.000000E+00    1.400000E+03    9.800000E+01   -1.000000E+01    1.000000E+00   -1.029000E+01   -1.031679E+01
   1.130000E-09    6.000000E+00    1.408000E+00    7.200000E+01    1.176000E+00   -9.208000E-01   -1.000000E+01    3.362000E+00   -1.000000E+01    3.550000E+00   -1.000000E+01   -1.000000E+01    5.600000E+00    6.767000E+00    1.660000E+00    4.000000E+00    2.400000E+01    2.434000E+00    1.220000E+00    3.450000E+00    1.449000E+00    3.000000E-01    1.162000E-03   -9.984000E+00    2.000000E+00    1.000000E+00    1.300000E+03    7.500000E+01   -1.000000E+01   -1.000000E+00   -1.025000E+01   -1.023862E+01
   7.420000E-10    1.000000E+00    1.453000E+00    1.080000E+02    6.990000E-01   -1.000000E+01   -1.000000E+01   -1.000000E+01   -1.000000E+01   -1.000000E+01   -1.000000E+01   -1.000000E+01    6.138000E+00    5.139000E+00    9.300000E-01    3.000000E+00    1.100000E+01    1.777000E+00    6.056000E-01    2.890000E+00    1.580000E+00    4.674000E-01    1.536000E-03   -1.453000E+01    2.000000E+00    2.000000E+00    1.000000E+03    9.800000E+01   -1.000000E+01    1.000000E+00   -1.011000E+01   -1.011623E+01
   9.230000E-10    4.000000E+00    1.744000E+00    8.200000E+01    1.362000E+00   -5.768000E-01    1.437000E+00    3.430000E+00    3.204000E+00    3.844000E+00    1.086000E+00    3.126000E+00    7.700000E+00    1.126000E+01    2.550000E+00    2.000000E+00    6.000000E+00    1.811000E+00    7.212000E-01    1.990000E+00    1.170000E+00    3.998000E-01    9.432000E-04   -9.806000E+00    2.000000E+00    1.000000E+00    1.610000E+03    8.000000E+01   -1.000000E+01   -2.000000E+00   -1.231000E+01   -1.216214E+01
   2.090000E-09    1.000000E+00    1.447000E+00    1.080000E+02    1.398000E+00   -1.000000E+01   -1.000000E+01   -1.000000E+01   -1.000000E+01   -1.000000E+01   -1.000000E+01   -1.000000E+01    1.100000E+01    3.894000E+00    7.900000E-01    6.000000E+00    5.500000E+01    2.333000E+00    2.090000E+00    4.360000E+00    1.586000E+00    4.778000E-02    8.974000E-04   -1.452000E+01    2.000000E+00    2.000000E+00    1.300000E+03    1.000000E+02   -1.000000E+01    1.000000E+00   -9.928000E+00   -9.892109E+00
   2.220000E-09    0.000000E+00    1.531000E+00    1.300000E+01    1.398000E+00   -4.510000E-01    1.806000E+00    3.749000E+00    2.949000E+00    3.984000E+00    1.477000E+00    3.368000E+00    7.680000E+00    1.360000E+01    2.200000E+00    1.000000E+00    1.000000E+00    8.499000E-01    8.088000E-01    8.500000E-01    5.825000E-01    2.158000E-02    8.974000E-04   -9.742000E+00    4.000000E+00    1.000000E+00    2.700000E+03    0.000000E+00   -1.000000E+01    0.000000E+00   -1.091000E+01   -1.107024E+01
   1.460000E-09    7.000000E+00    1.408000E+00    7.200000E+01    1.000000E+00   -1.268000E+00   -1.000000E+01    3.094000E+00   -1.000000E+01   -1.000000E+01   -1.000000E+01   -1.000000E+01    4.000000E+00    7.834000E+00    1.900000E+00    6.000000E+00    7.500000E+01    3.309000E+00    2.180000E+00    4.360000E+00    1.449000E+00    1.812000E-01    1.332000E-03   -1.016000E+01    2.000000E+00    1.000000E+00    1.600000E+03    7.500000E+01   -1.000000E+01   -1.000000E+00   -1.062000E+01   -1.069361E+01
   1.360000E-09    5.000000E+00    1.453000E+00    1.080000E+02    1.362000E+00   -1.301000E+00   -1.000000E+01    3.061000E+00   -1.000000E+01    3.249000E+00   -1.000000E+01   -1.000000E+01    9.000000E+00    6.266000E+00    1.360000E+00    7.000000E+00    9.300000E+01    3.387000E+00    1.988000E+00    4.990000E+00    1.580000E+00    2.315000E-01    9.432000E-04   -1.017000E+01    2.000000E+00    1.000000E+00    8.000000E+02    9.900000E+01   -1.000000E+01    1.000000E+00   -9.854000E+00   -9.954282E+00
   6.100000E-10    3.000000E+00    1.408000E+00    7.200000E+01    1.301000E+00   -4.765000E-01    1.717000E+00    3.897000E+00   -1.000000E+01    3.706000E+00    2.547000E+00    3.301000E+00    8.600000E+00    5.644000E+00    1.170000E+00    6.000000E+00    6.200000E+01    2.809000E+00    7.469000E-01    4.360000E+00    1.449000E+00    5.753000E-01    1.018000E-03   -9.758000E+00    2.000000E+00    1.000000E+00    1.300000E+03    7.500000E+01    1.477000E+00   -1.000000E+00   -1.021000E+01   -1.011446E+01
   2.090000E-09    1.000000E+00    1.580000E+00    7.870000E+01    1.398000E+00    0.000000E+00   -1.000000E+01    4.362000E+00   -1.000000E+01   -1.000000E+01   -1.000000E+01   -1.000000E+01    7.719000E+00    3.894000E+00    7.900000E-01    6.000000E+00    5.500000E+01    2.333000E+00    2.090000E+00    4.360000E+00    1.316000E+00    4.778000E-02    8.974000E-04   -9.516000E+00    2.000000E+00    1.000000E+00    1.600000E+03    8.200000E+01   -1.000000E+01    1.000000E+00   -1.008000E+01   -1.015690E+01
   1.180000E-09    1.000000E+00    1.453000E+00    1.080000E+02    6.990000E-01   -1.000000E+01   -1.000000E+01   -1.000000E+01   -1.000000E+01   -1.000000E+01   -1.000000E+01   -1.000000E+01    6.079000E+00    1.297000E+01    3.160000E+00    3.000000E+00    1.700000E+01    2.822000E+00    1.530000E+00    2.890000E+00    1.580000E+00    2.659000E-01    1.536000E-03   -1.453000E+01    2.000000E+00    2.000000E+00    8.000000E+02    9.800000E+01   -1.000000E+01   -1.000000E+00   -9.740000E+00   -9.701878E+00
   7.600000E-10    2.000000E+00    1.580000E+00    7.900000E+01    1.362000E+00   -1.166000E+00    2.934000E+00    2.265000E+00    2.882000E+00    3.027000E+00   -1.000000E+01    1.061000E+00    1.250000E+01    6.113000E+00    1.000000E+00    4.000000E+00    2.000000E+01    2.313000E+00    7.586000E-01    3.450000E+00    1.318000E+00    4.842000E-01    9.432000E-04   -1.010000E+01    2.000000E+00    1.000000E+00    2.000000E+03    8.200000E+01   -1.000000E+01    2.000000E+00   -9.523000E+00   -9.607302E+00
   2.000000E-09    7.000000E+00    1.744000E+00    8.200000E+01    1.380000E+00   -5.918000E-01    1.146000E+00    3.279000E+00    3.330000E+00    3.785000E+00    1.831000E+00    3.016000E+00    7.500000E+00    7.280000E+00    1.900000E+00    5.000000E+00    4.300000E+01    2.817000E+00    2.423000E+00    3.850000E+00    1.170000E+00    6.544000E-02    9.199000E-04   -9.813000E+00    2.000000E+00    1.000000E+00    1.080000E+03    8.000000E+01   -1.000000E+01   -1.000000E+00   -9.662000E+00   -9.654792E+00
   2.950000E-09    1.000000E+00    1.453000E+00    1.080000E+02    1.602000E+00   -1.000000E+00   -1.000000E+01    3.362000E+00   -1.000000E+01    3.550000E+00   -1.000000E+01   -1.000000E+01    6.418000E+00    1.297000E+01    3.160000E+00    3.000000E+00    1.700000E+01    2.822000E+00    3.397000E+00    2.890000E+00    1.580000E+00   -8.057000E-02    6.389000E-04   -1.001000E+01    2.000000E+00    2.000000E+00    1.000000E+03    9.800000E+01   -1.000000E+01   -1.000000E+00   -9.499000E+00   -9.488338E+00
   2.000000E-09    1.000000E+00    1.477000E+00    2.100000E+01    1.380000E+00   -6.576000E-01    2.000000E+00    2.230000E+00    2.544000E+00    3.090000E+00    2.000000E+00    2.230000E+00    7.200000E+00    1.297000E+01    3.160000E+00    3.000000E+00    1.700000E+01    2.822000E+00    2.427000E+00    2.890000E+00    8.451000E-01    6.544000E-02    9.199000E-04   -9.846000E+00    4.000000E+00    1.000000E+00    2.440000E+03    0.000000E+00   -1.000000E+01   -1.000000E+00   -1.105000E+01   -1.114169E+01
   2.000000E-09    1.000000E+00   -1.549000E-01    1.000000E+01    1.398000E+00   -3.037000E+00   -6.990000E-01    9.827000E-01    7.490000E-01    2.967000E-01    1.408000E+00    9.581000E-01    8.770000E+00    1.297000E+01    3.160000E+00    3.000000E+00    1.700000E+01    2.822000E+00    2.419000E+00    2.890000E+00    2.155000E+00    6.690000E-02    8.974000E-04   -1.103000E+01    1.400000E+01    1.000000E+00    2.610000E+03    0.000000E+00   -1.000000E+01   -1.000000E+00   -1.108000E+01   -1.120281E+01
   8.500000E-10    2.000000E+00    6.021000E-01    6.700000E+01    1.398000E+00   -1.523000E+00   -1.000000E+01   -1.000000E+01   -1.000000E+01    2.851000E+00   -1.000000E+01   -1.000000E+01    6.500000E+00    5.212000E+00    8.900000E-01    6.000000E+00    5.600000E+01    2.699000E+00    9.833000E-01    4.360000E+00    2.224000E+00    4.385000E-01    8.974000E-04   -1.028000E+01    1.300000E+01    1.000000E+00    2.640000E+03    0.000000E+00   -1.000000E+01    2.000000E+00   -1.278000E+01   -1.266914E+01
   2.000000E-09    1.000000E+00    6.021000E-01    6.700000E+01    1.398000E+00   -3.523000E+00   -1.000000E+01   -1.000000E+01   -1.000000E+01    8.506000E-01   -1.000000E+01   -1.000000E+01    6.200000E+00    1.045000E+01    2.660000E+00    5.000000E+00    5.300000E+01    3.375000E+00    2.893000E+00    3.850000E+00    2.224000E+00    6.690000E-02    8.974000E-04   -1.128000E+01    1.300000E+01    1.000000E+00    2.640000E+03    0.000000E+00   -1.000000E+01   -1.000000E+00   -1.220000E+01   -1.208393E+01
   1.970000E-09    0.000000E+00    2.025000E+00    8.100000E+01    1.352000E+00    6.990000E-01   -1.000000E+01    5.061000E+00   -1.000000E+01    5.249000E+00   -1.000000E+01   -1.000000E+01    1.250000E+01    1.360000E+01    2.200000E+00    1.000000E+00    1.000000E+00    8.499000E-01    7.237000E-01    8.500000E-01    8.832000E-01    6.981000E-02    9.552000E-04   -9.169000E+00    2.500000E+01    1.000000E+00    1.650000E+03    0.000000E+00   -1.000000E+01    0.000000E+00   -1.068000E+01   -1.066322E+01
   2.140000E-09    0.000000E+00    1.580000E+00    7.900000E+01    1.362000E+00   -7.747000E-01    2.220000E+00    3.380000E+00    2.982000E+00    3.643000E+00   -1.000000E+01    2.294000E+00    1.160000E+01    1.360000E+01    2.200000E+00    1.000000E+00    1.000000E+00    8.499000E-01    7.849000E-01    8.500000E-01    1.318000E+00    3.459000E-02    9.432000E-04   -9.905000E+00    2.000000E+00    1.000000E+00    1.810000E+03    8.200000E+01    1.778000E+00    0.000000E+00   -1.024000E+01   -1.024078E+01
   2.000000E-09    1.000000E+00    1.580000E+00    7.900000E+01    1.398000E+00   -1.000000E+00   -1.000000E+01    3.362000E+00   -1.000000E+01   -1.000000E+01   -1.000000E+01   -1.000000E+01    8.200000E+00    1.297000E+01    3.160000E+00    3.000000E+00    1.700000E+01    2.822000E+00    2.419000E+00    2.890000E+00    1.318000E+00    6.690000E-02    8.974000E-04   -1.002000E+01    2.000000E+00    1.000000E+00    4.000000E+02    8.000000E+01   -1.000000E+01   -1.000000E+00   -9.173000E+00   -9.302356E+00
   2.000000E-09    1.000000E+00    1.447000E+00    1.080000E+02    1.398000E+00   -2.000000E+00   -1.000000E+01    2.362000E+00   -1.000000E+01    2.550000E+00   -1.000000E+01   -1.000000E+01    6.300000E+00    1.045000E+01    2.660000E+00    5.000000E+00    5.300000E+01    3.375000E+00    2.893000E+00    3.850000E+00    1.586000E+00    6.690000E-02    8.974000E-04   -1.052000E+01    2.000000E+00    1.000000E+00    9.000000E+02    1.000000E+02   -1.000000E+01   -1.000000E+00   -1.119000E+01   -1.099039E+01
   2.000000E-09    7.000000E+00    6.232000E-01    6.700000E+01    1.398000E+00   -1.000000E+00   -1.000000E+01    3.362000E+00   -1.000000E+01   -1.000000E+01   -1.000000E+01   -1.000000E+01    7.000000E+00    7.280000E+00    1.900000E+00    5.000000E+00    4.300000E+01    2.817000E+00    2.415000E+00    3.850000E+00    2.203000E+00    6.690000E-02    8.974000E-04   -1.002000E+01    1.300000E+01    1.000000E+00    2.750000E+03    0.000000E+00   -1.000000E+01   -1.000000E+00   -1.194000E+01   -1.198178E+01
   2.000000E-09    1.000000E+00    6.021000E-01    6.700000E+01    1.398000E+00   -3.523000E+00   -1.000000E+01   -1.000000E+01   -1.000000E+01    8.506000E-01   -1.000000E+01   -1.000000E+01    6.200000E+00    1.045000E+01    2.660000E+00    5.000000E+00    5.300000E+01    3.375000E+00    2.893000E+00    3.850000E+00    2.224000E+00    6.690000E-02    8.974000E-04   -1.128000E+01    1.300000E+01    1.000000E+00    2.640000E+03    0.000000E+00   -1.000000E+01   -1.000000E+00   -1.217000E+01   -1.208393E+01
   4.300000E-10    4.000000E+00    1.447000E+00    1.080000E+02    1.398000E+00   -1.000000E+01   -1.000000E+01   -1.000000E+01   -1.000000E+01   -1.000000E+01   -1.000000E+01   -1.000000E+01    9.450000E+00    6.026000E+00    1.280000E+00    7.000000E+00    9.400000E+01    3.322000E+00    6.122000E-01    4.990000E+00    1.586000E+00    7.345000E-01    8.974000E-04   -1.452000E+01    2.000000E+00    2.000000E+00    2.000000E+02    9.990000E+01   -1.000000E+01   -4.000000E+00   -9.733000E+00   -9.923598E+00
   1.550000E-09    1.000000E+00    1.453000E+00    1.080000E+02    1.477000E+00   -1.000000E+01   -1.000000E+01   -1.000000E+01   -1.000000E+01   -1.000000E+01   -1.000000E+01   -1.000000E+01    6.626000E+00    5.139000E+00    9.300000E-01    3.000000E+00    1.100000E+01    1.777000E+00    1.161000E+00    2.890000E+00    1.580000E+00    1.848000E-01    7.959000E-04   -1.451000E+01    2.000000E+00    2.000000E+00    1.600000E+03    9.800000E+01   -1.000000E+01    1.000000E+00   -1.029000E+01   -1.042854E+01
   8.100000E-10    2.000000E+00    1.279000E+00    9.300000E+01    1.352000E+00   -1.000000E+01   -1.000000E+01   -1.000000E+01   -1.000000E+01   -1.000000E+01   -1.000000E+01   -1.000000E+01    7.250000E+00    9.752000E+00    2.550000E+00    4.000000E+00    3.400000E+01    2.921000E+00    1.023000E+00    3.450000E+00    1.690000E+00    4.558000E-01    9.552000E-04   -1.452000E+01    2.000000E+00    2.000000E+00    1.600000E+03    4.750000E+01   -1.000000E+01   -1.000000E+00   -1.033000E+01   -1.031745E+01
   1.460000E-09    7.000000E+00    1.408000E+00    7.200000E+01    1.398000E+00   -1.184000E+00    1.199000E+00    3.079000E+00    2.103000E+00    2.783000E+00    1.919000E+00    2.732000E+00    8.300000E+00    7.834000E+00    1.900000E+00    6.000000E+00    7.500000E+01    3.309000E+00    2.071000E+00    4.360000E+00    1.449000E+00    2.036000E-01    8.974000E-04   -1.011000E+01    2.000000E+00    1.000000E+00    1.600000E+03    7.500000E+01   -1.000000E+01   -1.000000E+00   -1.072000E+01   -1.080846E+01
   2.000000E-09    1.000000E+00    1.453000E+00    1.080000E+02    1.565000E+00   -2.000000E+00   -1.000000E+01    2.362000E+00   -1.000000E+01    2.550000E+00   -1.000000E+01   -1.000000E+01    5.857000E+00    1.045000E+01    2.660000E+00    5.000000E+00    5.300000E+01    3.375000E+00    2.784000E+00    3.850000E+00    1.580000E+00    8.362000E-02    6.848000E-04   -1.051000E+01    2.000000E+00    2.000000E+00    1.410000E+03    9.999000E+01   -1.000000E+01   -1.000000E+00   -1.001000E+01   -1.002007E+01
   1.300000E-09    1.000000E+00   -2.218000E-01    1.730000E+01    1.398000E+00   -1.292000E+00   -6.990000E-01    9.823000E-01    7.497000E-01    2.967000E-01    1.348000E+00    9.581000E-01    8.920000E+00    5.139000E+00    9.300000E-01    3.000000E+00    1.100000E+01    1.777000E+00    9.899000E-01    2.890000E+00    2.460000E+00    2.540000E-01    8.974000E-04   -1.016000E+01    2.700000E+01    1.000000E+00    2.430000E+03    0.000000E+00   -1.000000E+01    1.000000E+00   -1.072000E+01   -1.075565E+01
   7.900000E-10    2.000000E+00    1.580000E+00    7.900000E+01    1.398000E+00   -1.000000E+00   -1.000000E+01    3.362000E+00   -1.000000E+01    3.550000E+00   -1.000000E+01   -1.000000E+01    7.000000E+00    5.695000E+00    9.500000E-01    5.000000E+00    3.800000E+01    2.491000E+00    8.436000E-01    3.850000E+00    1.318000E+00    4.703000E-01    8.974000E-04   -1.002000E+01    2.000000E+00    3.000000E+00    1.000000E+03    8.200000E+01   -1.000000E+01    2.000000E+00   -9.018000E+00   -8.965937E+00
   2.090000E-09    1.000000E+00    1.744000E+00    8.200000E+01    1.380000E+00   -6.108000E-01    1.176000E+00    3.262000E+00    3.292000E+00    3.770000E+00    1.447000E+00    3.051000E+00    7.200000E+00    3.894000E+00    7.900000E-01    6.000000E+00    5.500000E+01    2.333000E+00    2.097000E+00    4.360000E+00    1.170000E+00    4.632000E-02    9.199000E-04   -9.822000E+00    2.000000E+00    1.000000E+00    1.380000E+03    8.000000E+01   -1.000000E+01    1.000000E+00   -1.126000E+01   -1.101327E+01
   2.000000E-09    1.000000E+00    1.602000E+00    1.400000E+01    1.362000E+00   -2.000000E+00    9.345000E-01    2.362000E+00    5.328000E-01    2.338000E+00    2.387000E+00    1.904000E+00    8.300000E+00    1.045000E+01    2.660000E+00    5.000000E+00    5.300000E+01    3.375000E+00    2.913000E+00    3.850000E+00    5.441000E-01    6.398000E-02    9.432000E-04   -1.052000E+01    5.000000E+00    1.000000E+00    2.450000E+03    0.000000E+00   -1.000000E+01   -1.000000E+00   -1.211000E+01   -1.208519E+01
   1.460000E-09    7.000000E+00    1.436000E+00    5.870000E+01    1.301000E+00   -3.010000E-01   -1.000000E+01    4.061000E+00   -1.000000E+01    4.249000E+00   -1.000000E+01   -1.000000E+01    7.600000E+00    7.834000E+00    1.900000E+00    6.000000E+00    7.500000E+01    3.309000E+00    2.106000E+00    4.360000E+00    1.332000E+00    1.962000E-01    1.018000E-03   -9.670000E+00    2.000000E+00    1.000000E+00    1.700000E+03    7.800000E+01   -1.000000E+01   -1.000000E+00   -1.129000E+01   -1.083805E+01
   2.970000E-09    1.000000E+00    1.477000E+00    6.010000E+01    1.602000E+00   -3.155000E+00   -1.000000E+01    1.207000E+00   -1.000000E+01   -1.000000E+01    1.631000E+00   -1.000000E+01    5.424000E+00    3.894000E+00    7.900000E-01    6.000000E+00    5.500000E+01    2.333000E+00    2.828000E+00    4.360000E+00    1.302000E+00   -8.351000E-02    6.389000E-04   -1.108000E+01    2.000000E+00    2.000000E+00    1.100000E+03    5.000000E+01   -1.000000E+01    1.000000E+00   -8.955000E+00   -8.909617E+00
   2.000000E-09    1.000000E+00    1.494000E+00    8.300000E+01    1.362000E+00   -8.239000E-01   -1.000000E+01   -1.000000E+01    3.302000E+00    3.550000E+00   -1.000000E+01   -1.000000E+01    7.135000E+00    1.045000E+01    2.660000E+00    5.000000E+00    5.300000E+01    3.375000E+00    2.913000E+00    3.850000E+00    1.425000E+00    6.398000E-02    9.432000E-04   -9.930000E+00    2.000000E+00    1.000000E+00    1.300000E+03    8.000000E+01   -1.000000E+01   -1.000000E+00   -1.054000E+01   -1.047805E+01
   2.570000E-09    1.000000E+00    1.453000E+00    1.080000E+02    1.699000E+00   -1.000000E+01   -1.000000E+01   -1.000000E+01   -1.000000E+01   -1.000000E+01   -1.000000E+01   -1.000000E+01    7.564000E+00    5.139000E+00    9.300000E-01    3.000000E+00    1.100000E+01    1.777000E+00    1.806000E+00    2.890000E+00    1.580000E+00   -7.034000E-03    5.279000E-04   -1.450000E+01    2.000000E+00    2.000000E+00    1.000000E+03    9.800000E+01   -1.000000E+01    1.000000E+00   -9.573000E+00   -9.550908E+00
   1.350000E-09    1.000000E+00    1.453000E+00    1.080000E+02    1.398000E+00   -1.000000E+01   -1.000000E+01   -1.000000E+01   -1.000000E+01   -1.000000E+01   -1.000000E+01   -1.000000E+01    6.294000E+00    5.139000E+00    9.300000E-01    3.000000E+00    1.100000E+01    1.777000E+00    1.028000E+00    2.890000E+00    1.580000E+00    2.376000E-01    8.974000E-04   -1.452000E+01    2.000000E+00    2.000000E+00    1.800000E+03    9.800000E+01    1.447000E+00    1.000000E+00   -1.043000E+01   -1.045893E+01
   9.000000E-10    2.000000E+00    1.279000E+00    9.300000E+01    1.398000E+00    8.198000E-01   -1.000000E+01    5.178000E+00    3.983000E+00    5.366000E+00    2.086000E+00   -1.000000E+01    1.250000E+01    7.344000E+00    1.960000E+00    5.000000E+00    5.000000E+01    2.829000E+00    1.091000E+00    3.850000E+00    1.690000E+00    4.137000E-01    8.974000E-04   -9.106000E+00    2.000000E+00    2.000000E+00    1.800000E+03    4.750000E+01   -1.000000E+01    2.000000E+00   -1.049000E+01   -1.052492E+01
   2.000000E-09    1.000000E+00    1.744000E+00    8.200000E+01    1.380000E+00   -5.918000E-01    1.146000E+00    3.279000E+00    3.328000E+00    3.785000E+00    1.831000E+00    3.016000E+00    7.500000E+00    1.045000E+01    2.660000E+00    5.000000E+00    5.300000E+01    3.375000E+00    2.903000E+00    3.850000E+00    1.170000E+00    6.544000E-02    9.199000E-04   -9.813000E+00    2.000000E+00    2.000000E+00    1.510000E+03    8.000000E+01   -1.000000E+01   -1.000000E+00   -1.002000E+01   -1.027724E+01
   1.010000E-09    1.000000E+00    1.453000E+00    1.080000E+02    1.176000E+00   -1.000000E+01   -1.000000E+01   -1.000000E+01   -1.000000E+01   -1.000000E+01   -1.000000E+01   -1.000000E+01    6.134000E+00    5.139000E+00    9.300000E-01    3.000000E+00    1.100000E+01    1.777000E+00    7.958000E-01    2.890000E+00    1.580000E+00    3.488000E-01    1.162000E-03   -1.452000E+01    2.000000E+00    2.000000E+00    1.600000E+03    9.800000E+01   -1.000000E+01    1.000000E+00   -1.047000E+01   -1.053264E+01
   1.560000E-09    1.000000E+00    1.453000E+00    1.080000E+02    1.176000E+00   -3.010000E-01   -1.000000E+01    4.061000E+00   -1.000000E+01    4.249000E+00   -1.000000E+01   -1.000000E+01    5.604000E+00    1.297000E+01    3.160000E+00    3.000000E+00    1.700000E+01    2.822000E+00    1.952000E+00    2.890000E+00    1.580000E+00    1.600000E-01    1.162000E-03   -9.674000E+00    2.000000E+00    2.000000E+00    1.000000E+03    9.800000E+01   -1.000000E+01   -1.000000E+00   -9.775000E+00   -9.801685E+00
   2.000000E-09    7.000000E+00    2.477000E+00    5.000000E+01    1.380000E+00   -6.576000E-01    1.149000E+00    3.281000E+00    3.331000E+00    3.780000E+00    1.233000E+00    3.024000E+00    7.200000E+00    7.280000E+00    1.900000E+00    5.000000E+00    4.300000E+01    2.817000E+00    2.423000E+00    3.850000E+00    2.218000E-01    6.544000E-02    9.199000E-04   -9.846000E+00    2.600000E+01    2.000000E+00    1.100000E+03    3.500000E+01   -1.000000E+01   -1.000000E+00   -9.496000E+00   -9.440218E+00
   1.010000E-09    1.000000E+00    1.453000E+00    1.080000E+02    1.176000E+00   -1.000000E+01   -1.000000E+01   -1.000000E+01   -1.000000E+01   -1.000000E+01   -1.000000E+01   -1.000000E+01    6.917000E+00    5.139000E+00    9.300000E-01    3.000000E+00    1.100000E+01    1.777000E+00    7.958000E-01    2.890000E+00    1.580000E+00    3.488000E-01    1.162000E-03   -1.452000E+01    2.000000E+00    2.000000E+00    1.000000E+03    9.800000E+01   -1.000000E+01    1.000000E+00   -9.979000E+00   -9.955288E+00
   2.090000E-09    1.000000E+00    1.580000E+00    7.900000E+01    1.398000E+00   -9.281000E-01    3.799000E+00    3.174000E+00    1.955000E+00   -1.000000E+01   -1.000000E+01   -1.000000E+01    1.340000E+01    3.894000E+00    7.900000E-01    6.000000E+00    5.500000E+01    2.333000E+00    2.090000E+00    4.360000E+00    1.318000E+00    4.778000E-02    8.974000E-04   -9.980000E+00    2.000000E+00    2.000000E+00    2.000000E+03    8.000000E+01   -1.000000E+01    1.000000E+00   -1.049000E+01   -1.041488E+01
   2.000000E-09    1.000000E+00    1.279000E+00    9.300000E+01    1.352000E+00   -2.000000E+00   -1.000000E+01    1.362000E+00   -1.000000E+01   -1.000000E+01   -1.000000E+01   -1.000000E+01    1.250000E+01    1.297000E+01    3.160000E+00    3.000000E+00    1.700000E+01    2.822000E+00    2.440000E+00    2.890000E+00    1.690000E+00    6.324000E-02    9.552000E-04   -1.052000E+01    2.000000E+00    1.000000E+00    1.600000E+03    4.750000E+01   -1.000000E+01   -1.000000E+00   -1.139000E+01   -1.131858E+01
   8.050000E-10    2.000000E+00    1.580000E+00    7.870000E+01    1.398000E+00   -3.010000E-01   -1.000000E+01    4.061000E+00   -1.000000E+01   -1.000000E+01   -1.000000E+01   -1.000000E+01    7.587000E+00    5.695000E+00    9.500000E-01    5.000000E+00    3.800000E+01    2.491000E+00    8.596000E-01    3.850000E+00    1.316000E+00    4.621000E-01    8.974000E-04   -9.667000E+00    2.000000E+00    1.000000E+00    8.000000E+02    8.200000E+01   -1.000000E+01    2.000000E+00   -9.845000E+00   -9.840272E+00
   2.100000E-09    0.000000E+00    2.025000E+00    8.100000E+01    1.398000E+00    6.990000E-01   -1.000000E+01    5.061000E+00   -1.000000E+01    5.249000E+00   -1.000000E+01   -1.000000E+01    1.250000E+01    1.360000E+01    2.200000E+00    1.000000E+00    1.000000E+00    8.499000E-01    7.650000E-01    8.500000E-01    8.832000E-01    4.571000E-02    8.974000E-04   -9.167000E+00    2.500000E+01    1.000000E+00    1.650000E+03    0.000000E+00   -1.000000E+01    0.000000E+00   -1.042000E+01   -1.029945E+01
   2.100000E-09    1.000000E+00    1.453000E+00    1.080000E+02    1.565000E+00   -2.000000E+00   -1.000000E+01    2.362000E+00   -1.000000E+01    2.550000E+00   -1.000000E+01   -1.000000E+01    7.051000E+00    3.894000E+00    7.900000E-01    6.000000E+00    5.500000E+01    2.333000E+00    2.021000E+00    4.360000E+00    1.580000E+00    6.243000E-02    6.848000E-04   -1.051000E+01    2.000000E+00    2.000000E+00    1.410000E+03    9.999000E+01   -1.000000E+01    1.000000E+00   -9.991000E+00   -9.972459E+00
   2.000000E-09    1.000000E+00    1.602000E+00    1.400000E+01    1.362000E+00   -9.586000E-01    9.345000E-01    3.403000E+00    5.328000E-01    3.575000E+00    2.387000E+00    1.904000E+00    8.200000E+00    1.045000E+01    2.660000E+00    5.000000E+00    5.300000E+01    3.375000E+00    2.913000E+00    3.850000E+00    5.441000E-01    6.398000E-02    9.432000E-04   -9.997000E+00    5.000000E+00    1.000000E+00    2.450000E+03    0.000000E+00   -1.000000E+01   -1.000000E+00   -1.174000E+01   -1.181025E+01
   1.000000E-10    6.000000E+00    1.447000E+00    1.080000E+02    1.398000E+00   -1.000000E+01   -1.000000E+01   -1.000000E+01   -1.000000E+01   -1.000000E+01   -1.000000E+01   -1.000000E+01    9.000000E+00    6.194000E+00    1.380000E+00    7.000000E+00    9.200000E+01    3.368000E+00    1.443000E-01    4.990000E+00    1.586000E+00    1.368000E+00    8.974000E-04   -1.452000E+01    2.000000E+00    2.000000E+00    1.800000E+03    9.990000E+01   -1.000000E+01   -1.000000E+00   -1.167000E+01   -1.154864E+01
   8.050000E-10    2.000000E+00    1.580000E+00    7.870000E+01    1.398000E+00   -1.000000E+00   -1.000000E+01    3.362000E+00   -1.000000E+01   -1.000000E+01   -1.000000E+01   -1.000000E+01    7.555000E+00    5.695000E+00    9.500000E-01    5.000000E+00    3.800000E+01    2.491000E+00    8.596000E-01    3.850000E+00    1.316000E+00    4.621000E-01    8.974000E-04   -1.002000E+01    2.000000E+00    1.000000E+00    1.600000E+03    8.200000E+01   -1.000000E+01    2.000000E+00   -1.049000E+01   -1.056688E+01
   3.690000E-09    1.000000E+00    1.453000E+00    1.080000E+02    1.699000E+00   -1.000000E+01   -1.000000E+01   -1.000000E+01   -1.000000E+01   -1.000000E+01   -1.000000E+01   -1.000000E+01    5.936000E+00    1.297000E+01    3.160000E+00    3.000000E+00    1.700000E+01    2.822000E+00    4.118000E+00    2.890000E+00    1.580000E+00   -1.641000E-01    5.279000E-04   -1.450000E+01    2.000000E+00    2.000000E+00    1.400000E+03    9.800000E+01   -1.000000E+01   -1.000000E+00   -9.733000E+00   -9.719685E+00
   8.470000E-10    2.000000E+00    1.748000E+00    1.110000E+02    1.778000E+00   -7.282000E-01    1.596000E+00    3.415000E+00    2.736000E+00    3.353000E+00    1.827000E+00    3.670000E+00    7.560000E+00    5.212000E+00    8.900000E-01    6.000000E+00    5.600000E+01    2.699000E+00    8.769000E-01    4.360000E+00    1.297000E+00    4.883000E-01    4.494000E-04   -9.856000E+00    2.000000E+00    1.000000E+00    1.400000E+03    9.200000E+01   -1.000000E+01    2.000000E+00   -8.703000E+00   -8.758668E+00
   3.690000E-09    1.000000E+00    1.453000E+00    1.080000E+02    1.699000E+00   -1.000000E+01   -1.000000E+01   -1.000000E+01   -1.000000E+01   -1.000000E+01   -1.000000E+01   -1.000000E+01    6.159000E+00    1.297000E+01    3.160000E+00    3.000000E+00    1.700000E+01    2.822000E+00    4.118000E+00    2.890000E+00    1.580000E+00   -1.641000E-01    5.279000E-04   -1.450000E+01    2.000000E+00    2.000000E+00    1.600000E+03    9.800000E+01   -1.000000E+01   -1.000000E+00   -9.910000E+00   -9.990572E+00
   1.460000E-09    7.000000E+00    1.408000E+00    7.200000E+01    1.114000E+00   -1.018000E+00    1.176000E+00    3.069000E+00    2.685000E+00    3.064000E+00    1.708000E+00    3.353000E+00    4.000000E+00    7.834000E+00    1.900000E+00    6.000000E+00    7.500000E+01    3.309000E+00    2.158000E+00    4.360000E+00    1.449000E+00    1.857000E-01    1.226000E-03   -1.003000E+01    2.000000E+00    1.000000E+00    1.800000E+03    7.500000E+01   -1.000000E+01   -1.000000E+00   -1.152000E+01   -1.146032E+01
   2.000000E-09    1.000000E+00    1.744000E+00    8.200000E+01    1.380000E+00   -5.918000E-01    1.146000E+00    3.279000E+00    3.328000E+00    3.785000E+00    1.831000E+00    3.016000E+00    7.500000E+00    1.045000E+01    2.660000E+00    5.000000E+00    5.300000E+01    3.375000E+00    2.903000E+00    3.850000E+00    1.170000E+00    6.544000E-02    9.199000E-04   -9.813000E+00    2.000000E+00    1.000000E+00    1.460000E+03    8.000000E+01   -1.000000E+01   -1.000000E+00   -1.174000E+01   -1.152756E+01
   1.200000E-09    5.000000E+00    1.455000E+00    8.700000E+01    1.301000E+00   -2.297000E+00   -1.000000E+01   -1.000000E+01    2.603000E+00   -1.000000E+01   -1.000000E+01   -1.000000E+01    6.000000E+00    6.266000E+00    1.360000E+00    7.000000E+00    9.300000E+01    3.387000E+00    1.772000E+00    4.990000E+00    1.485000E+00    2.814000E-01    1.018000E-03   -1.067000E+01    3.000000E+00    2.000000E+00    7.800000E+02    1.000000E+02   -1.000000E+01    1.000000E+00   -9.682000E+00   -9.679431E+00
   1.300000E-09    2.000000E+00    2.155000E+00    8.300000E+01    1.398000E+00    0.000000E+00   -1.000000E+01    4.362000E+00   -1.000000E+01   -1.000000E+01   -1.000000E+01   -1.000000E+01    7.340000E+00    5.139000E+00    9.300000E-01    3.000000E+00    1.100000E+01    1.777000E+00    9.899000E-01    2.890000E+00    7.637000E-01    2.540000E-01    8.974000E-04   -9.516000E+00    3.000000E+00    1.000000E+00    1.950000E+03    1.000000E+02   -1.000000E+01    1.000000E+00   -1.042000E+01   -1.032409E+01
   2.032000E-10    1.000000E+00    1.833000E+00    7.100000E+01    1.505000E+00   -6.990000E-01   -1.000000E+01    2.061000E+00   -1.000000E+01    2.249000E+00   -1.000000E+01   -1.000000E+01    7.000000E+00    1.297000E+01    3.160000E+00    3.000000E+00    1.700000E+01    2.822000E+00    2.401000E-01    2.890000E+00    1.019000E+00    1.070000E+00    7.600000E-04   -9.861000E+00    6.000000E+00    1.000000E+00    1.500000E+03    0.000000E+00   -1.000000E+01   -1.000000E+00   -9.928000E+00   -9.953902E+00
   2.220000E-09    0.000000E+00    6.232000E-01    6.700000E+01    1.398000E+00   -2.578000E+00   -1.550000E-01    1.756000E+00    8.701000E-01    1.225000E+00   -1.000000E+01    1.403000E+00    8.060000E+00    1.360000E+01    2.200000E+00    1.000000E+00    1.000000E+00    8.499000E-01    8.088000E-01    8.500000E-01    2.203000E+00    2.158000E-02    8.974000E-04   -1.081000E+01    1.300000E+01    1.000000E+00    1.450000E+03    0.000000E+00   -1.000000E+01    0.000000E+00   -8.845000E+00   -8.940583E+00
   1.270000E-09    1.000000E+00    1.415000E+00    3.800000E+01    1.362000E+00   -5.986000E-01    1.740000E+00    3.254000E+00    3.293000E+00    3.805000E+00    1.108000E+00    3.062000E+00    7.700000E+00    5.139000E+00    9.300000E-01    3.000000E+00    1.100000E+01    1.777000E+00    9.736000E-01    2.890000E+00    1.165000E+00    2.612000E-01    9.432000E-04   -9.817000E+00    2.000000E+00    1.000000E+00    1.250000E+03    3.300000E+01   -1.000000E+01    1.000000E+00   -9.745000E+00   -9.907939E+00
   2.000000E-09    1.000000E+00    1.580000E+00    7.900000E+01    1.398000E+00   -1.000000E+00   -1.000000E+01    3.362000E+00   -1.000000E+01   -1.000000E+01   -1.000000E+01   -1.000000E+01    8.200000E+00    1.297000E+01    3.160000E+00    3.000000E+00    1.700000E+01    2.822000E+00    2.419000E+00    2.890000E+00    1.318000E+00    6.690000E-02    8.974000E-04   -1.002000E+01    2.000000E+00    1.000000E+00    1.800000E+03    8.000000E+01   -1.000000E+01   -1.000000E+00   -1.029000E+01   -1.034680E+01
   1.200000E-09    4.000000E+00    1.279000E+00    9.300000E+01    1.398000E+00   -2.190000E-01   -1.000000E+01    4.105000E+00    2.983000E+00    2.697000E+00    2.086000E+00   -1.000000E+01    1.250000E+01    6.266000E+00    1.360000E+00    7.000000E+00    9.300000E+01    3.387000E+00    1.742000E+00    4.990000E+00    1.690000E+00    2.887000E-01    8.974000E-04   -9.626000E+00    2.000000E+00    2.000000E+00    1.200000E+03    4.750000E+01   -1.000000E+01    0.000000E+00   -9.821000E+00   -9.826740E+00
   2.220000E-09    0.000000E+00    1.602000E+00    1.400000E+01    1.362000E+00   -1.699000E+00    9.345000E-01    2.362000E+00    5.328000E-01    2.338000E+00    2.387000E+00    1.904000E+00    8.300000E+00    1.360000E+01    2.200000E+00    1.000000E+00    1.000000E+00    8.499000E-01    8.142000E-01    8.500000E-01    5.441000E-01    1.865000E-02    9.432000E-04   -1.037000E+01    5.000000E+00    1.000000E+00    2.450000E+03    0.000000E+00   -1.000000E+01    0.000000E+00   -1.063000E+01   -1.066037E+01
   8.100000E-10    2.000000E+00    1.279000E+00    9.300000E+01    1.778000E+00   -1.000000E+01   -1.000000E+01   -1.000000E+01   -1.000000E+01   -1.000000E+01   -1.000000E+01   -1.000000E+01    7.250000E+00    9.752000E+00    2.550000E+00    4.000000E+00    3.400000E+01    2.921000E+00    9.077000E-01    3.450000E+00    1.690000E+00    5.076000E-01    4.494000E-04   -1.449000E+01    2.000000E+00    2.000000E+00    1.600000E+03    4.750000E+01    1.477000E+00   -1.000000E+00   -1.020000E+01   -1.016897E+01
   2.000000E-09    1.000000E+00    1.744000E+00    8.200000E+01    1.380000E+00   -5.918000E-01    1.146000E+00    3.279000E+00    3.328000E+00    3.785000E+00    1.831000E+00    3.016000E+00    7.500000E+00    1.045000E+01    2.660000E+00    5.000000E+00    5.300000E+01    3.375000E+00    2.903000E+00    3.850000E+00    1.170000E+00    6.544000E-02    9.199000E-04   -9.813000E+00    2.000000E+00    1.000000E+00    1.340000E+03    8.000000E+01   -1.000000E+01   -1.000000E+00   -1.054000E+01   -1.070044E+01
   2.060000E-09    1.000000E+00    1.453000E+00    1.100000E+02    1.362000E+00   -3.010000E-01   -1.000000E+01    4.061000E+00   -1.000000E+01    4.249000E+00   -1.000000E+01   -1.000000E+01    7.000000E+00    3.894000E+00    7.900000E-01    6.000000E+00    5.500000E+01    2.333000E+00    2.074000E+00    4.360000E+00    1.588000E+00    5.114000E-02    9.432000E-04   -9.668000E+00    2.000000E+00    1.000000E+00    8.000000E+02    9.800000E+01   -1.000000E+01    1.000000E+00   -9.631000E+00   -9.642080E+00
   2.570000E-09    1.000000E+00    1.453000E+00    1.080000E+02    1.699000E+00   -1.000000E+01   -1.000000E+01   -1.000000E+01   -1.000000E+01   -1.000000E+01   -1.000000E+01   -1.000000E+01    7.011000E+00    5.139000E+00    9.300000E-01    3.000000E+00    1.100000E+01    1.777000E+00    1.806000E+00    2.890000E+00    1.580000E+00   -7.034000E-03    5.279000E-04   -1.450000E+01    2.000000E+00    2.000000E+00    1.800000E+03    9.800000E+01   -1.000000E+01    1.000000E+00   -1.031000E+01   -1.027119E+01
   1.460000E-09    7.000000E+00    1.408000E+00    7.200000E+01    1.398000E+00   -1.184000E+00    1.199000E+00    3.079000E+00    2.103000E+00    2.783000E+00    1.919000E+00    2.732000E+00    8.300000E+00    7.834000E+00    1.900000E+00    6.000000E+00    7.500000E+01    3.309000E+00    2.071000E+00    4.360000E+00    1.449000E+00    2.036000E-01    8.974000E-04   -1.011000E+01    2.000000E+00    1.000000E+00    1.400000E+03    7.500000E+01   -1.000000E+01   -1.000000E+00   -1.048000E+01   -1.042902E+01
   2.010000E-09    1.000000E+00    1.453000E+00    1.080000E+02    1.602000E+00   -1.000000E+00   -1.000000E+01    3.362000E+00   -1.000000E+01    3.550000E+00   -1.000000E+01   -1.000000E+01    7.545000E+00    5.139000E+00    9.300000E-01    3.000000E+00    1.100000E+01    1.777000E+00    1.457000E+00    2.890000E+00    1.580000E+00    8.605000E-02    6.389000E-04   -1.001000E+01    2.000000E+00    2.000000E+00    1.000000E+03    9.800000E+01   -1.000000E+01    1.000000E+00   -9.666000E+00   -9.691454E+00
   6.020000E-10    3.000000E+00    1.580000E+00    7.900000E+01    1.398000E+00   -1.000000E+00   -1.000000E+01    3.362000E+00   -1.000000E+01    3.550000E+00   -1.000000E+01   -1.000000E+01    9.000000E+00    5.670000E+00    1.200000E+00    6.000000E+00    6.300000E+01    2.815000E+00    7.264000E-01    4.360000E+00    1.318000E+00    5.883000E-01    8.974000E-04   -1.002000E+01    2.000000E+00    3.000000E+00    1.000000E+03    8.200000E+01   -1.000000E+01    3.000000E+00   -9.481000E+00   -9.901270E+00
   9.230000E-10    4.000000E+00    1.279000E+00    9.300000E+01    1.352000E+00   -2.000000E+00   -1.000000E+01    1.362000E+00   -1.000000E+01   -1.000000E+01   -1.000000E+01   -1.000000E+01    1.250000E+01    1.126000E+01    2.550000E+00    2.000000E+00    6.000000E+00    1.811000E+00    7.224000E-01    1.990000E+00    1.690000E+00    3.991000E-01    9.552000E-04   -1.052000E+01    2.000000E+00    1.000000E+00    1.600000E+03    4.750000E+01   -1.000000E+01   -2.000000E+00   -1.219000E+01   -1.202045E+01
   2.032000E-10    1.000000E+00    1.602000E+00    1.400000E+01    1.362000E+00   -9.208000E-01    9.345000E-01    3.403000E+00    5.328000E-01    3.575000E+00    2.387000E+00    1.904000E+00    8.200000E+00    1.297000E+01    3.160000E+00    3.000000E+00    1.700000E+01    2.822000E+00    2.474000E-01    2.890000E+00    5.441000E-01    1.057000E+00    9.432000E-04   -9.978000E+00    5.000000E+00    1.000000E+00    2.450000E+03    0.000000E+00   -1.000000E+01   -1.000000E+00   -1.154000E+01   -1.153371E+01
   2.032000E-10    1.000000E+00    1.833000E+00    7.100000E+01    1.398000E+00    0.000000E+00   -1.000000E+01    4.362000E+00   -1.000000E+01   -1.000000E+01   -1.000000E+01   -1.000000E+01    5.000000E+00    1.297000E+01    3.160000E+00    3.000000E+00    1.700000E+01    2.822000E+00    2.458000E-01    2.890000E+00    1.019000E+00    1.060000E+00    8.974000E-04   -9.516000E+00    6.000000E+00    1.000000E+00    1.900000E+03    0.000000E+00   -1.000000E+01   -1.000000E+00   -9.222000E+00   -9.563472E+00
   6.100000E-10    3.000000E+00    1.279000E+00    9.300000E+01    1.391000E+00   -2.222000E+00   -1.000000E+01   -1.000000E+01   -1.000000E+01    2.027000E+00   -1.000000E+01   -1.000000E+01    1.074000E+01    5.644000E+00    1.170000E+00    6.000000E+00    6.200000E+01    2.809000E+00    7.353000E-01    4.360000E+00    1.690000E+00    5.820000E-01    9.063000E-04   -1.063000E+01    2.000000E+00    2.000000E+00    1.400000E+03    4.750000E+01   -1.000000E+01   -1.000000E+00   -1.027000E+01   -1.032457E+01
   7.900000E-10    2.000000E+00    1.279000E+00    9.300000E+01    1.398000E+00   -2.190000E-01   -1.000000E+01    4.105000E+00    2.983000E+00    2.697000E+00    2.086000E+00   -1.000000E+01    1.250000E+01    5.695000E+00    9.500000E-01    5.000000E+00    3.800000E+01    2.491000E+00    8.436000E-01    3.850000E+00    1.690000E+00    4.703000E-01    8.974000E-04   -9.626000E+00    2.000000E+00    2.000000E+00    1.200000E+03    4.750000E+01   -1.000000E+01    2.000000E+00   -1.000000E+01   -9.927244E+00
   7.420000E-10    1.000000E+00    1.453000E+00    1.080000E+02    6.990000E-01   -1.000000E+01   -1.000000E+01   -1.000000E+01   -1.000000E+01   -1.000000E+01   -1.000000E+01   -1.000000E+01    6.105000E+00    5.139000E+00    9.300000E-01    3.000000E+00    1.100000E+01    1.777000E+00    6.056000E-01    2.890000E+00    1.580000E+00    4.674000E-01    1.536000E-03   -1.453000E+01    2.000000E+00    2.000000E+00    8.000000E+02    9.800000E+01   -1.000000E+01    1.000000E+00   -9.939000E+00   -9.999867E+00
   1.460000E-09    7.000000E+00    1.408000E+00    7.200000E+01    1.079000E+00   -6.326000E-01   -1.000000E+01    3.714000E+00   -1.000000E+01   -1.000000E+01   -1.000000E+01   -1.000000E+01    7.000000E+00    7.834000E+00    1.900000E+00    6.000000E+00    7.500000E+01    3.309000E+00    2.165000E+00    4.360000E+00    1.449000E+00    1.842000E-01    1.261000E-03   -9.842000E+00    2.000000E+00    1.000000E+00    1.600000E+03    7.500000E+01   -1.000000E+01   -1.000000E+00   -1.048000E+01   -1.045644E+01
   2.100000E-09    1.000000E+00    6.128000E-01    1.090000E+01    1.398000E+00   -2.924000E-01   -1.000000E+01    4.069000E+00   -1.000000E+01    4.257000E+00   -1.000000E+01   -1.000000E+01    7.290000E+00    3.894000E+00    7.900000E-01    6.000000E+00    5.500000E+01    2.333000E+00    2.100000E+00    4.360000E+00    1.425000E+00    4.571000E-02    8.974000E-04   -9.662000E+00    2.800000E+01    2.000000E+00    2.250000E+03    0.000000E+00   -1.000000E+01    1.000000E+00   -9.975000E+00   -9.964074E+00
   2.032000E-10    1.000000E+00    1.748000E+00    1.110000E+02    1.398000E+00   -7.282000E-01    1.596000E+00    3.415000E+00    2.736000E+00    3.353000E+00    1.827000E+00    3.670000E+00    7.560000E+00    1.297000E+01    3.160000E+00    3.000000E+00    1.700000E+01    2.822000E+00    2.458000E-01    2.890000E+00    1.297000E+00    1.060000E+00    8.974000E-04   -9.880000E+00    2.000000E+00    1.000000E+00    1.400000E+03    9.200000E+01   -1.000000E+01   -1.000000E+00   -1.026000E+01   -1.027347E+01
   1.550000E-09    4.000000E+00    1.408000E+00    7.200000E+01    1.342000E+00   -5.229000E-01   -1.000000E+01    3.839000E+00   -1.000000E+01    4.027000E+00   -1.000000E+01   -1.000000E+01    5.600000E+00    9.752000E+00    2.550000E+00    4.000000E+00    3.400000E+01    2.921000E+00    1.961000E+00    3.450000E+00    1.449000E+00    1.732000E-01    9.673000E-04   -9.780000E+00    2.000000E+00    1.000000E+00    1.300000E+03    7.500000E+01   -1.000000E+01   -1.000000E+00   -1.018000E+01   -1.016428E+01
   2.090000E-09    1.000000E+00   -1.549000E-01    1.000000E+01    1.398000E+00   -5.157000E-01    1.000000E+00    3.380000E+00    3.405000E+00    3.922000E+00    1.230000E+00    2.230000E+00    8.770000E+00    3.894000E+00    7.900000E-01    6.000000E+00    5.500000E+01    2.333000E+00    2.090000E+00    4.360000E+00    2.155000E+00    4.778000E-02    8.974000E-04   -9.774000E+00    1.400000E+01    1.000000E+00    2.610000E+03    0.000000E+00   -1.000000E+01    1.000000E+00   -1.092000E+01   -1.107512E+01
   1.010000E-09    1.000000E+00    1.453000E+00    1.080000E+02    1.176000E+00   -1.301000E+00   -1.000000E+01    3.061000E+00   -1.000000E+01    3.249000E+00   -1.000000E+01   -1.000000E+01    6.514000E+00    5.139000E+00    9.300000E-01    3.000000E+00    1.100000E+01    1.777000E+00    7.958000E-01    2.890000E+00    1.580000E+00    3.488000E-01    1.162000E-03   -1.017000E+01    2.000000E+00    2.000000E+00    1.000000E+03    9.800000E+01   -1.000000E+01    1.000000E+00   -9.963000E+00   -9.949643E+00
   1.550000E-09    4.000000E+00    6.232000E-01    6.700000E+01    1.491000E+00   -1.398000E+00    8.451000E-01    2.784000E+00    1.869000E+00    2.785000E+00   -1.000000E+01    2.785000E+00    6.200000E+00    9.752000E+00    2.550000E+00    4.000000E+00    3.400000E+01    2.921000E+00    1.903000E+00    3.450000E+00    2.203000E+00    1.863000E-01    7.777000E-04   -1.021000E+01    1.300000E+01    3.000000E+00    1.800000E+03    0.000000E+00   -1.000000E+01   -1.000000E+00   -1.011000E+01   -9.969473E+00
   7.400000E-10    4.000000E+00    4.771000E-01    2.000000E+00    1.389000E+00   -8.861000E-01   -1.000000E+01    3.441000E+00   -1.000000E+01   -1.000000E+01    3.785000E+00    2.983000E+00    9.350000E+00    6.026000E+00    1.280000E+00    7.000000E+00    9.400000E+01    3.322000E+00    1.055000E+00    4.990000E+00    8.239000E-01    4.980000E-01    9.086000E-04   -9.960000E+00    8.000000E+00    1.000000E+00    2.640000E+03    0.000000E+00   -1.000000E+01   -2.000000E+00   -1.256000E+01   -1.261420E+01
   1.550000E-09    4.000000E+00    1.408000E+00    7.200000E+01    1.114000E+00   -1.018000E+00    1.176000E+00    3.069000E+00    2.685000E+00    3.064000E+00    1.708000E+00    3.353000E+00    4.000000E+00    9.752000E+00    2.550000E+00    4.000000E+00    3.400000E+01    2.921000E+00    2.022000E+00    3.450000E+00    1.449000E+00    1.598000E-01    1.226000E-03   -1.003000E+01    2.000000E+00    1.000000E+00    1.800000E+03    7.500000E+01   -1.000000E+01   -1.000000E+00   -1.135000E+01   -1.123566E+01
   1.200000E-09    5.000000E+00    1.455000E+00    8.700000E+01    1.301000E+00   -1.260000E+00   -1.000000E+01   -1.000000E+01    3.603000E+00   -1.000000E+01   -1.000000E+01   -1.000000E+01    6.000000E+00    6.266000E+00    1.360000E+00    7.000000E+00    9.300000E+01    3.387000E+00    1.772000E+00    4.990000E+00    1.485000E+00    2.814000E-01    1.018000E-03   -1.015000E+01    3.000000E+00    2.000000E+00    7.800000E+02    1.000000E+02   -1.000000E+01    1.000000E+00   -9.682000E+00   -9.672667E+00
   1.560000E-09    1.000000E+00    1.453000E+00    1.080000E+02    1.176000E+00   -1.301000E+00   -1.000000E+01    3.061000E+00   -1.000000E+01    3.249000E+00   -1.000000E+01   -1.000000E+01    5.409000E+00    1.297000E+01    3.160000E+00    3.000000E+00    1.700000E+01    2.822000E+00    1.952000E+00    2.890000E+00    1.580000E+00    1.600000E-01    1.162000E-03   -1.017000E+01    2.000000E+00    2.000000E+00    1.000000E+03    9.800000E+01   -1.000000E+01   -1.000000E+00   -9.775000E+00   -9.780420E+00
   4.300000E-10    4.000000E+00    6.021000E-01    6.700000E+01    1.389000E+00   -8.861000E-01   -1.000000E+01    3.441000E+00   -1.000000E+01   -1.000000E+01    3.785000E+00   -1.000000E+01    9.200000E+00    6.026000E+00    1.280000E+00    7.000000E+00    9.400000E+01    3.322000E+00    6.132000E-01    4.990000E+00    2.224000E+00    7.337000E-01    9.086000E-04   -9.960000E+00    1.300000E+01    1.000000E+00    2.640000E+03    0.000000E+00   -1.000000E+01   -2.000000E+00   -1.289000E+01   -1.267072E+01
   2.100000E-09    1.000000E+00    1.279000E+00    9.300000E+01    1.398000E+00   -2.190000E-01   -1.000000E+01    4.105000E+00    2.983000E+00    2.697000E+00    2.086000E+00   -1.000000E+01    1.250000E+01    3.894000E+00    7.900000E-01    6.000000E+00    5.500000E+01    2.333000E+00    2.100000E+00    4.360000E+00    1.690000E+00    4.571000E-02    8.974000E-04   -9.626000E+00    2.000000E+00    2.000000E+00    1.800000E+03    4.750000E+01   -1.000000E+01    1.000000E+00   -1.012000E+01   -1.007103E+01
   2.000000E-09    1.000000E+00    1.744000E+00    8.200000E+01    1.380000E+00   -5.918000E-01    1.146000E+00    3.279000E+00    3.328000E+00    3.785000E+00    1.831000E+00    3.016000E+00    7.500000E+00    1.045000E+01    2.660000E+00    5.000000E+00    5.300000E+01    3.375000E+00    2.903000E+00    3.850000E+00    1.170000E+00    6.544000E-02    9.199000E-04   -9.813000E+00    2.000000E+00    1.000000E+00    1.610000E+03    8.000000E+01   -1.000000E+01   -1.000000E+00   -1.200000E+01   -1.162615E+01
   1.560000E-09    1.000000E+00    1.453000E+00    1.080000E+02    1.176000E+00   -1.000000E+01   -1.000000E+01   -1.000000E+01   -1.000000E+01   -1.000000E+01   -1.000000E+01   -1.000000E+01    4.988000E+00    1.297000E+01    3.160000E+00    3.000000E+00    1.700000E+01    2.822000E+00    1.952000E+00    2.890000E+00    1.580000E+00    1.600000E-01    1.162000E-03   -1.452000E+01    2.000000E+00    2.000000E+00    1.200000E+03    9.800000E+01   -1.000000E+01   -1.000000E+00   -9.939000E+00   -9.930447E+00
   2.000000E-09    1.000000E+00    1.613000E+00    1.700000E+01    1.398000E+00    2.625000E-01   -1.000000E+01    4.624000E+00   -1.000000E+01    4.812000E+00   -1.000000E+01   -1.000000E+01    5.500000E+00    1.297000E+01    3.160000E+00    3.000000E+00    1.700000E+01    2.822000E+00    2.419000E+00    2.890000E+00    6.177000E-01    6.690000E-02    8.974000E-04   -9.385000E+00    1.700000E+01    1.000000E+00    2.780000E+03    0.000000E+00   -1.000000E+01   -1.000000E+00   -1.302000E+01   -1.308467E+01
   1.200000E-09    5.000000E+00    1.279000E+00    9.300000E+01    1.398000E+00   -1.000000E+01   -1.000000E+01   -1.000000E+01   -1.000000E+01   -1.000000E+01   -1.000000E+01   -1.000000E+01    8.600000E+00    6.266000E+00    1.360000E+00    7.000000E+00    9.300000E+01    3.387000E+00    1.742000E+00    4.990000E+00    1.690000E+00    2.887000E-01    8.974000E-04   -1.452000E+01    2.000000E+00    2.000000E+00    8.000000E+02    4.750000E+01   -1.000000E+01   -1.000000E+00   -9.553000E+00   -9.639155E+00
   3.880000E-09    1.000000E+00    1.744000E+00    8.200000E+01    1.778000E+00    1.335000E-01    1.469000E+00    3.704000E+00    4.176000E+00    4.535000E+00    1.000000E+00    2.898000E+00    8.937000E+00    1.297000E+01    3.160000E+00    3.000000E+00    1.700000E+01    2.822000E+00    4.200000E+00    2.890000E+00    1.170000E+00   -1.727000E-01    4.494000E-04   -9.425000E+00    2.000000E+00    2.000000E+00    1.620000E+03    8.000000E+01    1.699000E+00   -1.000000E+00   -9.567000E+00   -9.523061E+00
   2.000000E-09    1.000000E+00    1.580000E+00    7.900000E+01    1.398000E+00   -1.365000E+00    1.990000E+00    2.225000E+00    2.538000E+00    3.094000E+00   -1.000000E+01    2.238000E+00    7.800000E+00    4.341000E+00    8.200000E-01    4.000000E+00    1.900000E+01    1.949000E+00    1.671000E+00    3.450000E+00    1.318000E+00    6.690000E-02    8.974000E-04   -1.020000E+01    2.000000E+00    1.000000E+00    2.000000E+03    8.200000E+01   -1.000000E+01    1.000000E+00   -9.959000E+00   -9.966865E+00
   8.050000E-10    2.000000E+00    1.494000E+00    8.300000E+01    1.301000E+00   -5.951000E+00    1.906000E+00   -2.081000E+00   -1.887000E+00   -2.301000E+00   -1.000000E+01   -2.066000E+00    7.906000E+00    5.695000E+00    9.500000E-01    5.000000E+00    3.800000E+01    2.491000E+00    8.743000E-01    3.850000E+00    1.425000E+00    4.548000E-01    1.018000E-03   -1.250000E+01    2.000000E+00    1.000000E+00    1.200000E+03    8.000000E+01   -1.000000E+01    2.000000E+00   -1.076000E+01   -1.073829E+01
   2.000000E-09    1.000000E+00    1.580000E+00    7.900000E+01    1.398000E+00   -1.000000E+00   -1.000000E+01    3.362000E+00   -1.000000E+01   -1.000000E+01   -1.000000E+01   -1.000000E+01    8.200000E+00    1.297000E+01    3.160000E+00    3.000000E+00    1.700000E+01    2.822000E+00    2.419000E+00    2.890000E+00    1.318000E+00    6.690000E-02    8.974000E-04   -1.002000E+01    2.000000E+00    1.000000E+00    8.000000E+02    8.000000E+01   -1.000000E+01   -1.000000E+00   -9.449000E+00   -9.425057E+00
   1.350000E-09    1.000000E+00    1.453000E+00    1.080000E+02    1.398000E+00   -1.000000E+01   -1.000000E+01   -1.000000E+01   -1.000000E+01   -1.000000E+01   -1.000000E+01   -1.000000E+01    6.761000E+00    5.139000E+00    9.300000E-01    3.000000E+00    1.100000E+01    1.777000E+00    1.028000E+00    2.890000E+00    1.580000E+00    2.376000E-01    8.974000E-04   -1.452000E+01    2.000000E+00    2.000000E+00    1.600000E+03    9.800000E+01   -1.000000E+01    1.000000E+00   -1.035000E+01   -1.045172E+01
   1.010000E-09    1.000000E+00    1.453000E+00    1.080000E+02    1.176000E+00   -6.990000E-01   -1.000000E+01    3.663000E+00   -1.000000E+01    3.851000E+00   -1.000000E+01   -1.000000E+01    6.534000E+00    5.139000E+00    9.300000E-01    3.000000E+00    1.100000E+01    1.777000E+00    7.958000E-01    2.890000E+00    1.580000E+00    3.488000E-01    1.162000E-03   -9.873000E+00    2.000000E+00    2.000000E+00    1.000000E+03    9.800000E+01   -1.000000E+01    1.000000E+00   -9.963000E+00   -9.973400E+00
   2.100000E-09    1.000000E+00    1.453000E+00    1.080000E+02    1.342000E+00   -2.924000E-01   -1.000000E+01    4.069000E+00   -1.000000E+01    4.257000E+00   -1.000000E+01   -1.000000E+01    7.448000E+00    3.894000E+00    7.900000E-01    6.000000E+00    5.500000E+01    2.333000E+00    2.121000E+00    4.360000E+00    1.580000E+00    4.132000E-02    9.673000E-04   -9.665000E+00    2.000000E+00    2.000000E+00    1.060000E+03    9.999000E+01   -1.000000E+01    1.000000E+00   -9.699000E+00   -9.680433E+00
   9.000000E-10    2.000000E+00    1.279000E+00    9.300000E+01    1.398000E+00    8.198000E-01   -1.000000E+01    5.178000E+00    3.983000E+00    5.366000E+00    2.086000E+00   -1.000000E+01    1.250000E+01    7.344000E+00    1.960000E+00    5.000000E+00    5.000000E+01    2.829000E+00    1.091000E+00    3.850000E+00    1.690000E+00    4.137000E-01    8.974000E-04   -9.106000E+00    2.000000E+00    2.000000E+00    1.200000E+03    4.750000E+01   -1.000000E+01    2.000000E+00   -9.947000E+00   -9.927771E+00
   2.140000E-09    0.000000E+00    1.447000E+00    1.300000E+01    1.398000E+00   -6.990000E-01    2.228000E+00    3.538000E+00    2.462000E+00    3.754000E+00    1.279000E+00    2.983000E+00    7.900000E+00    1.360000E+01    2.200000E+00    1.000000E+00    1.000000E+00    8.499000E-01    7.796000E-01    8.500000E-01    6.668000E-01    3.752000E-02    8.974000E-04   -9.866000E+00    4.000000E+00    4.000000E+00    2.600000E+03    0.000000E+00   -1.000000E+01    0.000000E+00   -1.125000E+01   -1.123235E+01
   2.090000E-09    1.000000E+00    1.580000E+00    7.870000E+01    1.398000E+00   -1.000000E+00   -1.000000E+01    3.362000E+00   -1.000000E+01   -1.000000E+01   -1.000000E+01   -1.000000E+01    8.592000E+00    3.894000E+00    7.900000E-01    6.000000E+00    5.500000E+01    2.333000E+00    2.090000E+00    4.360000E+00    1.316000E+00    4.778000E-02    8.974000E-04   -1.002000E+01    2.000000E+00    1.000000E+00    1.800000E+03    8.200000E+01   -1.000000E+01    1.000000E+00   -1.027000E+01   -1.024217E+01
   6.600000E-10    2.000000E+00    1.279000E+00    9.300000E+01    1.398000E+00   -1.000000E+01   -1.000000E+01   -1.000000E+01   -1.000000E+01   -1.000000E+01   -1.000000E+01   -1.000000E+01    1.250000E+01    7.640000E+00    1.910000E+00    4.000000E+00    2.800000E+01    2.586000E+00    7.315000E-01    3.450000E+00    1.690000E+00    5.484000E-01    8.974000E-04   -1.452000E+01    2.000000E+00    2.000000E+00    1.800000E+03    4.750000E+01   -1.000000E+01    2.000000E+00   -1.063000E+01   -1.068507E+01
   1.350000E-09    1.000000E+00    1.453000E+00    1.080000E+02    1.398000E+00   -1.000000E+01   -1.000000E+01   -1.000000E+01   -1.000000E+01   -1.000000E+01   -1.000000E+01   -1.000000E+01    6.303000E+00    5.139000E+00    9.300000E-01    3.000000E+00    1.100000E+01    1.777000E+00    1.028000E+00    2.890000E+00    1.580000E+00    2.376000E-01    8.974000E-04   -1.452000E+01    2.000000E+00    2.000000E+00    1.800000E+03    9.800000E+01   -1.000000E+01    1.000000E+00   -1.059000E+01   -1.053260E+01
   1.460000E-09    7.000000E+00    1.474000E+00    7.600000E+01    1.301000E+00   -1.301000E+00   -1.000000E+01    3.061000E+00   -1.000000E+01    3.249000E+00   -1.000000E+01   -1.000000E+01    7.000000E+00    7.834000E+00    1.900000E+00    6.000000E+00    7.500000E+01    3.309000E+00    2.106000E+00    4.360000E+00    1.407000E+00    1.962000E-01    1.018000E-03   -1.017000E+01    2.000000E+00    1.000000E+00    1.200000E+03    8.130000E+01   -1.000000E+01   -1.000000E+00   -1.071000E+01   -1.060200E+01
   2.000000E-09    1.000000E+00   -1.549000E-01    1.000000E+01    1.398000E+00    2.625000E-01   -1.000000E+01    4.624000E+00   -1.000000E+01    4.812000E+00   -1.000000E+01   -1.000000E+01    5.500000E+00    1.297000E+01    3.160000E+00    3.000000E+00    1.700000E+01    2.822000E+00    2.419000E+00    2.890000E+00    2.155000E+00    6.690000E-02    8.974000E-04   -9.385000E+00    1.400000E+01    1.000000E+00    2.640000E+03    0.000000E+00   -1.000000E+01   -1.000000E+00   -1.229000E+01   -1.222716E+01
   2.000000E-09    1.000000E+00    1.279000E+00    9.300000E+01    1.362000E+00   -1.000000E+00   -1.000000E+01    3.362000E+00   -1.000000E+01    3.550000E+00   -1.000000E+01   -1.000000E+01    1.250000E+01    1.045000E+01    2.660000E+00    5.000000E+00    5.300000E+01    3.375000E+00    2.913000E+00    3.850000E+00    1.690000E+00    6.398000E-02    9.432000E-04   -1.002000E+01    2.000000E+00    1.000000E+00    1.600000E+03    4.800000E+01    1.477000E+00   -1.000000E+00   -1.074000E+01   -1.071883E+01
   2.090000E-09    1.000000E+00    1.279000E+00    9.300000E+01    1.362000E+00   -2.573000E-01   -1.000000E+01    4.072000E+00    2.903000E+00    4.260000E+00   -1.000000E+01   -1.000000E+01    1.250000E+01    3.894000E+00    7.900000E-01    6.000000E+00    5.500000E+01    2.333000E+00    2.104000E+00    4.360000E+00    1.690000E+00    4.486000E-02    9.432000E-04   -9.646000E+00    2.000000E+00    1.000000E+00    1.800000E+03    4.800000E+01   -1.000000E+01    1.000000E+00   -1.026000E+01   -1.007641E+01
   8.500000E-10    2.000000E+00    6.021000E-01    6.700000E+01    1.398000E+00   -1.523000E+00   -1.000000E+01   -1.000000E+01   -1.000000E+01    2.851000E+00   -1.000000E+01   -1.000000E+01    6.500000E+00    5.212000E+00    8.900000E-01    6.000000E+00    5.600000E+01    2.699000E+00    9.833000E-01    4.360000E+00    2.224000E+00    4.385000E-01    8.974000E-04   -1.028000E+01    1.300000E+01    1.000000E+00    2.640000E+03    0.000000E+00   -1.000000E+01    2.000000E+00   -1.271000E+01   -1.266914E+01
   2.100000E-09    1.000000E+00    6.128000E-01    1.090000E+01    1.398000E+00   -2.000000E+00   -1.000000E+01    2.362000E+00   -1.000000E+01    2.550000E+00   -1.000000E+01   -1.000000E+01    7.560000E+00    3.894000E+00    7.900000E-01    6.000000E+00    5.500000E+01    2.333000E+00    2.100000E+00    4.360000E+00    1.425000E+00    4.571000E-02    8.974000E-04   -1.052000E+01    2.800000E+01    2.000000E+00    2.250000E+03    0.000000E+00   -1.000000E+01    1.000000E+00   -9.967000E+00   -9.901603E+00
   1.010000E-09    1.000000E+00    1.453000E+00    1.080000E+02    1.176000E+00   -1.000000E+01   -1.000000E+01   -1.000000E+01   -1.000000E+01   -1.000000E+01   -1.000000E+01   -1.000000E+01    6.650000E+00    5.139000E+00    9.300000E-01    3.000000E+00    1.100000E+01    1.777000E+00    7.958000E-01    2.890000E+00    1.580000E+00    3.488000E-01    1.162000E-03   -1.452000E+01    2.000000E+00    2.000000E+00    1.000000E+03    9.800000E+01   -1.000000E+01    1.000000E+00   -9.963000E+00   -9.955283E+00
   9.000000E-10    4.000000E+00    1.279000E+00    9.300000E+01    1.398000E+00   -1.000000E+01   -1.000000E+01   -1.000000E+01   -1.000000E+01   -1.000000E+01   -1.000000E+01   -1.000000E+01    1.300000E+01    7.344000E+00    1.960000E+00    5.000000E+00    5.000000E+01    2.829000E+00    1.091000E+00    3.850000E+00    1.690000E+00    4.137000E-01    8.974000E-04   -1.452000E+01    2.000000E+00    2.000000E+00    4.000000E+02    4.750000E+01   -1.000000E+01    4.000000E+00   -9.453000E+00   -9.474913E+00
   7.900000E-10    2.000000E+00    1.279000E+00    9.300000E+01    1.398000E+00   -1.000000E+01   -1.000000E+01   -1.000000E+01   -1.000000E+01   -1.000000E+01   -1.000000E+01   -1.000000E+01    1.250000E+01    5.695000E+00    9.500000E-01    5.000000E+00    3.800000E+01    2.491000E+00    8.436000E-01    3.850000E+00    1.690000E+00    4.703000E-01    8.974000E-04   -1.452000E+01    2.000000E+00    2.000000E+00    1.600000E+03    4.750000E+01   -1.000000E+01    2.000000E+00   -1.047000E+01   -1.053568E+01
   1.550000E-09    1.000000E+00    1.453000E+00    1.080000E+02    1.477000E+00   -1.000000E+01   -1.000000E+01   -1.000000E+01   -1.000000E+01   -1.000000E+01   -1.000000E+01   -1.000000E+01    6.238000E+00    5.139000E+00    9.300000E-01    3.000000E+00    1.100000E+01    1.777000E+00    1.161000E+00    2.890000E+00    1.580000E+00    1.848000E-01    7.959000E-04   -1.451000E+01    2.000000E+00    2.000000E+00    1.800000E+03    9.800000E+01   -1.000000E+01    1.000000E+00   -1.047000E+01   -1.051206E+01
   9.560000E-10    4.000000E+00    1.447000E+00    1.080000E+02    1.398000E+00    6.990000E-01   -1.000000E+01    5.061000E+00   -1.000000E+01    5.249000E+00   -1.000000E+01   -1.000000E+01    1.250000E+01    1.126000E+01    2.550000E+00    2.000000E+00    6.000000E+00    1.811000E+00    7.420000E-01    1.990000E+00    1.586000E+00    3.875000E-01    8.974000E-04   -9.167000E+00    2.000000E+00    1.000000E+00    9.000000E+02    1.000000E+02   -1.000000E+01   -2.000000E+00   -1.082000E+01   -1.075916E+01
   7.900000E-10    2.000000E+00    1.279000E+00    9.300000E+01    1.398000E+00   -1.000000E+01   -1.000000E+01   -1.000000E+01   -1.000000E+01   -1.000000E+01   -1.000000E+01   -1.000000E+01    1.250000E+01    5.695000E+00    9.500000E-01    5.000000E+00    3.800000E+01    2.491000E+00    8.436000E-01    3.850000E+00    1.690000E+00    4.703000E-01    8.974000E-04   -1.452000E+01    2.000000E+00    2.000000E+00    1.200000E+03    4.750000E+01   -1.000000E+01    2.000000E+00   -1.000000E+01   -9.886128E+00
   1.010000E-09    1.000000E+00    1.453000E+00    1.080000E+02    1.176000E+00   -1.000000E+01   -1.000000E+01   -1.000000E+01   -1.000000E+01   -1.000000E+01   -1.000000E+01   -1.000000E+01    6.917000E+00    5.139000E+00    9.300000E-01    3.000000E+00    1.100000E+01    1.777000E+00    7.958000E-01    2.890000E+00    1.580000E+00    3.488000E-01    1.162000E-03   -1.452000E+01    2.000000E+00    2.000000E+00    1.000000E+03    9.800000E+01   -1.000000E+01    1.000000E+00   -9.979000E+00   -9.955288E+00
   2.570000E-09    1.000000E+00    1.453000E+00    1.080000E+02    1.699000E+00   -3.979000E-01   -1.000000E+01    3.964000E+00   -1.000000E+01    4.152000E+00   -1.000000E+01   -1.000000E+01    7.048000E+00    5.139000E+00    9.300000E-01    3.000000E+00    1.100000E+01    1.777000E+00    1.806000E+00    2.890000E+00    1.580000E+00   -7.034000E-03    5.279000E-04   -9.698000E+00    2.000000E+00    2.000000E+00    1.000000E+03    9.800000E+01   -1.000000E+01    1.000000E+00   -9.559000E+00   -9.552670E+00
   2.570000E-09    1.000000E+00    1.453000E+00    1.080000E+02    1.699000E+00   -1.000000E+01   -1.000000E+01   -1.000000E+01   -1.000000E+01   -1.000000E+01   -1.000000E+01   -1.000000E+01    6.859000E+00    5.139000E+00    9.300000E-01    3.000000E+00    1.100000E+01    1.777000E+00    1.806000E+00    2.890000E+00    1.580000E+00   -7.034000E-03    5.279000E-04   -1.450000E+01    2.000000E+00    2.000000E+00    1.200000E+03    9.800000E+01   -1.000000E+01    1.000000E+00   -9.721000E+00   -9.638686E+00
   2.220000E-09    0.000000E+00    1.833000E+00    7.100000E+01    1.431000E+00   -2.301000E+00   -1.000000E+01    2.061000E+00   -1.000000E+01    2.249000E+00   -1.000000E+01   -1.000000E+01    7.000000E+00    1.360000E+01    2.200000E+00    1.000000E+00    1.000000E+00    8.499000E-01    8.034000E-01    8.500000E-01    1.019000E+00    2.448000E-02    8.547000E-04   -1.067000E+01    6.000000E+00    7.000000E+00    1.500000E+03    0.000000E+00   -1.000000E+01    0.000000E+00   -9.678000E+00   -9.568394E+00
   2.020000E-09    1.000000E+00    2.025000E+00    8.100000E+01    1.398000E+00   -2.000000E+00   -1.000000E+01    2.362000E+00   -1.000000E+01    2.550000E+00   -1.000000E+01   -1.000000E+01    1.250000E+01    1.045000E+01    2.660000E+00    5.000000E+00    5.300000E+01    3.375000E+00    2.922000E+00    3.850000E+00    8.832000E-01    6.258000E-02    8.974000E-04   -1.052000E+01    2.500000E+01    1.000000E+00    1.650000E+03    0.000000E+00   -1.000000E+01   -1.000000E+00   -1.034000E+01   -1.047863E+01
   8.480000E-10    2.000000E+00    4.771000E-01    2.000000E+00    1.398000E+00   -3.523000E+00   -1.000000E+01   -1.000000E+01    6.031000E-01    8.513000E-01   -1.000000E+01   -1.000000E+01    6.250000E+00    5.212000E+00    8.900000E-01    6.000000E+00    5.600000E+01    2.699000E+00    9.810000E-01    4.360000E+00    8.239000E-01    4.395000E-01    8.974000E-04   -1.128000E+01    8.000000E+00    1.000000E+00    2.640000E+03    0.000000E+00   -1.000000E+01    2.000000E+00   -1.224000E+01   -1.229006E+01
   1.010000E-09    1.000000E+00    1.453000E+00    1.080000E+02    1.176000E+00   -1.000000E+01   -1.000000E+01   -1.000000E+01   -1.000000E+01   -1.000000E+01   -1.000000E+01   -1.000000E+01    6.557000E+00    5.139000E+00    9.300000E-01    3.000000E+00    1.100000E+01    1.777000E+00    7.958000E-01    2.890000E+00    1.580000E+00    3.488000E-01    1.162000E-03   -1.452000E+01    2.000000E+00    2.000000E+00    9.000000E+02    9.800000E+01   -1.000000E+01    1.000000E+00   -9.886000E+00   -9.914155E+00
   2.000000E-09    1.000000E+00   -1.549000E-01    1.000000E+01    1.398000E+00   -5.157000E-01    1.000000E+00    3.380000E+00    3.405000E+00    3.922000E+00    1.230000E+00    2.230000E+00    8.770000E+00    1.297000E+01    3.160000E+00    3.000000E+00    1.700000E+01    2.822000E+00    2.419000E+00    2.890000E+00    2.155000E+00    6.690000E-02    8.974000E-04   -9.774000E+00    1.400000E+01    1.000000E+00    2.610000E+03    0.000000E+00   -1.000000E+01   -1.000000E+00   -1.108000E+01   -1.107034E+01
   2.570000E-09    1.000000E+00    1.453000E+00    1.080000E+02    1.699000E+00   -1.000000E+01   -1.000000E+01   -1.000000E+01   -1.000000E+01   -1.000000E+01   -1.000000E+01   -1.000000E+01    6.983000E+00    5.139000E+00    9.300000E-01    3.000000E+00    1.100000E+01    1.777000E+00    1.806000E+00    2.890000E+00    1.580000E+00   -7.034000E-03    5.279000E-04   -1.450000E+01    2.000000E+00    2.000000E+00    1.800000E+03    9.800000E+01   -1.000000E+01    1.000000E+00   -1.031000E+01   -1.027119E+01
   1.840000E-09    1.000000E+00    1.477000E+00    6.010000E+01    1.301000E+00   -2.959000E+00   -1.000000E+01    1.403000E+00   -1.000000E+01   -1.000000E+01    1.827000E+00   -1.000000E+01    6.743000E+00    3.894000E+00    7.900000E-01    6.000000E+00    5.500000E+01    2.333000E+00    1.871000E+00    4.360000E+00    1.302000E+00    9.577000E-02    1.018000E-03   -1.100000E+01    2.000000E+00    2.000000E+00    1.100000E+03    5.000000E+01   -1.000000E+01    1.000000E+00   -9.163000E+00   -9.213811E+00
   1.460000E-09    7.000000E+00    1.408000E+00    7.200000E+01    1.398000E+00   -1.184000E+00    1.199000E+00    3.079000E+00    2.103000E+00    2.783000E+00    1.919000E+00    2.732000E+00    8.300000E+00    7.834000E+00    1.900000E+00    6.000000E+00    7.500000E+01    3.309000E+00    2.071000E+00    4.360000E+00    1.449000E+00    2.036000E-01    8.974000E-04   -1.011000E+01    2.000000E+00    1.000000E+00    1.800000E+03    7.500000E+01   -1.000000E+01   -1.000000E+00   -1.144000E+01   -1.127330E+01
   2.090000E-09    1.000000E+00    1.453000E+00    1.080000E+02    1.398000E+00   -1.000000E+01   -1.000000E+01   -1.000000E+01   -1.000000E+01   -1.000000E+01   -1.000000E+01   -1.000000E+01    6.972000E+00    1.297000E+01    3.160000E+00    3.000000E+00    1.700000E+01    2.822000E+00    2.528000E+00    2.890000E+00    1.580000E+00    4.778000E-02    8.974000E-04   -1.452000E+01    2.000000E+00    2.000000E+00    1.400000E+03    9.800000E+01   -1.000000E+01   -1.000000E+00   -9.979000E+00   -1.000872E+01
   2.010000E-09    1.000000E+00    1.453000E+00    1.080000E+02    1.602000E+00   -1.301000E+00   -1.000000E+01    3.061000E+00   -1.000000E+01    3.249000E+00   -1.000000E+01   -1.000000E+01    7.657000E+00    5.139000E+00    9.300000E-01    3.000000E+00    1.100000E+01    1.777000E+00    1.457000E+00    2.890000E+00    1.580000E+00    8.605000E-02    6.389000E-04   -1.016000E+01    2.000000E+00    2.000000E+00    1.000000E+03    9.800000E+01   -1.000000E+01    1.000000E+00   -9.666000E+00   -9.684913E+00
   9.230000E-10    4.000000E+00    1.279000E+00    9.300000E+01    1.398000E+00   -1.796000E+00   -1.000000E+01    2.867000E+00   -1.000000E+01   -1.000000E+01   -1.000000E+01   -1.000000E+01    1.250000E+01    1.126000E+01    2.550000E+00    2.000000E+00    6.000000E+00    1.811000E+00    7.164000E-01    1.990000E+00    1.690000E+00    4.027000E-01    8.974000E-04   -1.041000E+01    2.000000E+00    1.000000E+00    1.600000E+03    4.750000E+01    1.903000E+00   -2.000000E+00   -1.060000E+01   -1.060758E+01
   2.000000E-09    1.000000E+00    1.279000E+00    9.300000E+01    1.398000E+00   -1.398000E+00   -1.000000E+01   -1.000000E+01    2.904000E+00   -1.000000E+01   -1.000000E+01   -1.000000E+01    1.250000E+01    1.045000E+01    2.660000E+00    5.000000E+00    5.300000E+01    3.375000E+00    2.893000E+00    3.850000E+00    1.690000E+00    6.690000E-02    8.974000E-04   -1.022000E+01    2.000000E+00    1.000000E+00    1.800000E+03    4.750000E+01   -1.000000E+01   -1.000000E+00   -1.121000E+01   -1.117966E+01
   1.200000E-09    5.000000E+00    1.455000E+00    8.700000E+01    1.301000E+00   -2.297000E+00   -1.000000E+01   -1.000000E+01    2.603000E+00   -1.000000E+01   -1.000000E+01   -1.000000E+01    6.000000E+00    6.266000E+00    1.360000E+00    7.000000E+00    9.300000E+01    3.387000E+00    1.772000E+00    4.990000E+00    1.485000E+00    2.814000E-01    1.018000E-03   -1.067000E+01    3.000000E+00    2.000000E+00    7.800000E+02    1.000000E+02   -1.000000E+01    1.000000E+00   -9.682000E+00   -9.679431E+00
   1.910000E-09    1.000000E+00    2.025000E+00    8.100000E+01    1.352000E+00   -3.010000E-01   -1.000000E+01    4.061000E+00   -1.000000E+01    4.250000E+00   -1.000000E+01   -1.000000E+01    1.250000E+01    1.297000E+01    3.160000E+00    3.000000E+00    1.700000E+01    2.822000E+00    2.330000E+00    2.890000E+00    8.832000E-01    8.324000E-02    9.552000E-04   -9.669000E+00    2.500000E+01    1.000000E+00    1.650000E+03    0.000000E+00   -1.000000E+01   -1.000000E+00   -1.063000E+01   -1.064488E+01
   1.350000E-09    1.000000E+00    1.453000E+00    1.080000E+02    1.398000E+00   -1.000000E+01   -1.000000E+01   -1.000000E+01   -1.000000E+01   -1.000000E+01   -1.000000E+01   -1.000000E+01    6.689000E+00    5.139000E+00    9.300000E-01    3.000000E+00    1.100000E+01    1.777000E+00    1.028000E+00    2.890000E+00    1.580000E+00    2.376000E-01    8.974000E-04   -1.452000E+01    2.000000E+00    2.000000E+00    1.400000E+03    9.800000E+01   -1.000000E+01    1.000000E+00   -1.017000E+01   -1.009766E+01
   2.140000E-09    0.000000E+00   -5.229000E-01    8.000000E-01    1.362000E+00   -1.470000E+00    2.204000E+00    2.529000E+00    2.672000E+00    1.623000E+00   -1.000000E+01    1.362000E+00    1.160000E+01    1.360000E+01    2.200000E+00    1.000000E+00    1.000000E+00    8.499000E-01    7.849000E-01    8.500000E-01    1.426000E+00    3.459000E-02    9.432000E-04   -1.025000E+01    1.600000E+01    1.000000E+00    2.100000E+03    0.000000E+00   -1.000000E+01    0.000000E+00   -9.770000E+00   -9.831919E+00
   2.140000E-09    0.000000E+00    6.021000E-01    6.700000E+01    1.362000E+00   -7.747000E-01    2.220000E+00    3.380000E+00    2.982000E+00    3.643000E+00   -1.000000E+01    2.294000E+00    1.160000E+01    1.360000E+01    2.200000E+00    1.000000E+00    1.000000E+00    8.499000E-01    7.849000E-01    8.500000E-01    2.224000E+00    3.459000E-02    9.432000E-04   -9.905000E+00    1.300000E+01    1.000000E+00    2.000000E+03    0.000000E+00   -1.000000E+01    0.000000E+00   -9.770000E+00   -9.817685E+00
   9.230000E-10    4.000000E+00    1.744000E+00    8.200000E+01    1.362000E+00   -5.768000E-01    1.437000E+00    3.430000E+00    3.204000E+00    3.844000E+00    1.086000E+00    3.126000E+00    7.700000E+00    1.126000E+01    2.550000E+00    2.000000E+00    6.000000E+00    1.811000E+00    7.212000E-01    1.990000E+00    1.170000E+00    3.998000E-01    9.432000E-04   -9.806000E+00    2.000000E+00    1.000000E+00    1.410000E+03    8.000000E+01   -1.000000E+01   -2.000000E+00   -1.257000E+01   -1.223529E+01
   1.130000E-09    6.000000E+00    1.999000E+00    1.080000E+02    1.362000E+00   -3.010000E-01   -1.000000E+01    4.061000E+00   -1.000000E+01    4.249000E+00   -1.000000E+01   -1.000000E+01    8.600000E+00    6.767000E+00    1.660000E+00    4.000000E+00    2.400000E+01    2.434000E+00    1.187000E+00    3.450000E+00    1.034000E+00    3.119000E-01    9.432000E-04   -9.668000E+00    3.000000E+00    1.000000E+00    1.700000E+03    1.000000E+02    1.778000E+00   -1.000000E+00   -1.028000E+01   -1.037068E+01
   2.032000E-10    1.000000E+00    1.833000E+00    7.100000E+01    1.398000E+00   -1.000000E+00   -1.000000E+01    3.362000E+00   -1.000000E+01   -1.000000E+01   -1.000000E+01   -1.000000E+01    5.000000E+00    1.297000E+01    3.160000E+00    3.000000E+00    1.700000E+01    2.822000E+00    2.458000E-01    2.890000E+00    1.019000E+00    1.060000E+00    8.974000E-04   -1.002000E+01    6.000000E+00    1.000000E+00    1.900000E+03    0.000000E+00   -1.000000E+01   -1.000000E+00   -9.553000E+00   -9.563027E+00
   8.050000E-10    2.000000E+00    2.155000E+00    8.300000E+01    1.398000E+00   -1.549000E-01   -1.000000E+01    4.207000E+00   -1.000000E+01   -1.000000E+01   -1.000000E+01   -1.000000E+01    7.796000E+00    5.695000E+00    9.500000E-01    5.000000E+00    3.800000E+01    2.491000E+00    8.596000E-01    3.850000E+00    7.637000E-01    4.621000E-01    8.974000E-04   -9.594000E+00    3.000000E+00    1.000000E+00    1.950000E+03    1.000000E+02   -1.000000E+01    2.000000E+00   -1.068000E+01   -1.086241E+01
   8.100000E-10    2.000000E+00    2.025000E+00    8.100000E+01    1.342000E+00   -1.000000E+00   -1.000000E+01    3.362000E+00   -1.000000E+01    3.550000E+00   -1.000000E+01   -1.000000E+01    1.100000E+01    9.752000E+00    2.550000E+00    4.000000E+00    3.400000E+01    2.921000E+00    1.025000E+00    3.450000E+00    8.832000E-01    4.551000E-01    9.673000E-04   -1.002000E+01    2.500000E+01    1.000000E+00    1.530000E+03    0.000000E+00   -1.000000E+01   -1.000000E+00   -1.121000E+01   -1.112227E+01
   2.020000E-09    1.000000E+00    2.025000E+00    8.100000E+01    1.398000E+00    6.990000E-01   -1.000000E+01    5.061000E+00   -1.000000E+01    5.249000E+00   -1.000000E+01   -1.000000E+01    1.250000E+01    1.045000E+01    2.660000E+00    5.000000E+00    5.300000E+01    3.375000E+00    2.922000E+00    3.850000E+00    8.832000E-01    6.258000E-02    8.974000E-04   -9.167000E+00    2.500000E+01    1.000000E+00    1.650000E+03    0.000000E+00   -1.000000E+01   -1.000000E+00   -1.086000E+01   -1.071158E+01
   2.090000E-09    1.000000E+00    1.453000E+00    1.080000E+02    1.398000E+00   -1.000000E+01   -1.000000E+01   -1.000000E+01   -1.000000E+01   -1.000000E+01   -1.000000E+01   -1.000000E+01    7.443000E+00    1.297000E+01    3.160000E+00    3.000000E+00    1.700000E+01    2.822000E+00    2.528000E+00    2.890000E+00    1.580000E+00    4.778000E-02    8.974000E-04   -1.452000E+01    2.000000E+00    2.000000E+00    9.000000E+02    9.800000E+01   -1.000000E+01   -1.000000E+00   -9.569000E+00   -9.598661E+00
   6.240000E-10    3.000000E+00    1.279000E+00    9.300000E+01    1.398000E+00    7.918000E-02   -1.000000E+01    4.281000E+00   -1.000000E+01    2.401000E+00    4.248000E+00    4.062000E+00    2.000000E+00    5.974000E+00    1.300000E+00    7.000000E+00    9.500000E+01    3.307000E+00    8.845000E-01    4.990000E+00    1.690000E+00    5.727000E-01    8.974000E-04   -9.477000E+00    2.000000E+00    1.000000E+00    1.400000E+03    4.750000E+01   -1.000000E+01    3.000000E+00   -1.028000E+01   -1.026695E+01
   8.100000E-10    2.000000E+00   -1.549000E-01    1.000000E+01    1.342000E+00   -5.157000E-01    1.000000E+00    3.380000E+00    3.405000E+00    3.922000E+00    1.230000E+00    2.230000E+00    8.770000E+00    9.752000E+00    2.550000E+00    4.000000E+00    3.400000E+01    2.921000E+00    1.025000E+00    3.450000E+00    2.155000E+00    4.551000E-01    9.673000E-04   -9.776000E+00    1.400000E+01    1.000000E+00    2.610000E+03    0.000000E+00   -1.000000E+01   -1.000000E+00   -1.148000E+01   -1.156486E+01
   2.030000E-09    1.000000E+00    1.580000E+00    7.200000E+01    1.176000E+00   -3.010000E-01   -1.000000E+01    4.061000E+00   -1.000000E+01    4.249000E+00   -1.000000E+01   -1.000000E+01    6.800000E+00    1.045000E+01    2.660000E+00    5.000000E+00    5.300000E+01    3.375000E+00    3.039000E+00    3.850000E+00    1.278000E+00    4.562000E-02    1.162000E-03   -9.674000E+00    2.000000E+00    1.000000E+00    1.600000E+03    8.200000E+01   -1.000000E+01   -1.000000E+00   -1.016000E+01   -1.020770E+01
   2.000000E-09    1.000000E+00    1.436000E+00    5.870000E+01    1.176000E+00   -3.010000E-01   -1.000000E+01    4.061000E+00   -1.000000E+01    4.249000E+00   -1.000000E+01   -1.000000E+01    3.130000E+00    1.045000E+01    2.660000E+00    5.000000E+00    5.300000E+01    3.375000E+00    2.994000E+00    3.850000E+00    1.332000E+00    5.208000E-02    1.162000E-03   -9.674000E+00    2.000000E+00    1.000000E+00    1.500000E+03    7.800000E+01   -1.000000E+01   -1.000000E+00   -1.007000E+01   -1.008361E+01
   2.220000E-09    0.000000E+00    1.748000E+00    1.110000E+02    1.398000E+00   -7.282000E-01    1.596000E+00    3.415000E+00    2.736000E+00    3.353000E+00    1.827000E+00    3.670000E+00    7.560000E+00    1.360000E+01    2.200000E+00    1.000000E+00    1.000000E+00    8.499000E-01    8.088000E-01    8.500000E-01    1.297000E+00    2.158000E-02    8.974000E-04   -9.880000E+00    2.000000E+00    1.000000E+00    1.400000E+03    9.200000E+01   -1.000000E+01    0.000000E+00   -9.928000E+00   -9.787450E+00
   6.980000E-10    2.000000E+00    1.279000E+00    9.300000E+01    1.301000E+00   -4.252000E+00   -1.000000E+01    1.106000E-01   -1.000000E+01   -1.000000E+01    5.340000E-01   -1.000000E+01    5.000000E+00    5.695000E+00    9.500000E-01    5.000000E+00    3.800000E+01    2.491000E+00    7.581000E-01    3.850000E+00    1.690000E+00    5.167000E-01    1.018000E-03   -1.165000E+01    2.000000E+00    2.000000E+00    1.110000E+03    5.000000E+01   -1.000000E+01    2.000000E+00   -9.564000E+00   -9.843495E+00
   2.000000E-09    1.000000E+00   -1.549000E-01    1.000000E+01    1.362000E+00   -9.208000E-01    1.172000E+00    3.441000E+00   -1.000000E+01    2.754000E+00    3.409000E+00    2.739000E+00    9.500000E+00    1.045000E+01    2.660000E+00    5.000000E+00    5.300000E+01    3.375000E+00    2.913000E+00    3.850000E+00    2.155000E+00    6.398000E-02    9.432000E-04   -9.978000E+00    1.400000E+01    1.000000E+00    2.670000E+03    0.000000E+00   -1.000000E+01   -1.000000E+00   -1.168000E+01   -1.169801E+01
   2.000000E-09    7.000000E+00    1.580000E+00    7.900000E+01    1.398000E+00   -1.000000E+00   -1.000000E+01    3.362000E+00   -1.000000E+01    3.550000E+00   -1.000000E+01   -1.000000E+01    8.000000E+00    7.280000E+00    1.900000E+00    5.000000E+00    4.300000E+01    2.817000E+00    2.415000E+00    3.850000E+00    1.318000E+00    6.690000E-02    8.974000E-04   -1.002000E+01    2.000000E+00    3.000000E+00    1.200000E+03    8.200000E+01   -1.000000E+01   -1.000000E+00   -9.602000E+00   -9.510851E+00
   9.000000E-10    2.000000E+00    1.279000E+00    9.300000E+01    1.398000E+00   -2.190000E-01   -1.000000E+01    4.105000E+00    2.983000E+00    2.697000E+00    2.086000E+00   -1.000000E+01    1.250000E+01    7.344000E+00    1.960000E+00    5.000000E+00    5.000000E+01    2.829000E+00    1.091000E+00    3.850000E+00    1.690000E+00    4.137000E-01    8.974000E-04   -9.626000E+00    2.000000E+00    2.000000E+00    1.800000E+03    4.750000E+01   -1.000000E+01    2.000000E+00   -1.049000E+01   -1.052818E+01
   2.000000E-09    7.000000E+00    1.744000E+00    8.200000E+01    1.903000E+00   -5.918000E-01    1.146000E+00    3.279000E+00    3.330000E+00    3.785000E+00    1.831000E+00    3.016000E+00    7.500000E+00    7.280000E+00    1.900000E+00    5.000000E+00    4.300000E+01    2.817000E+00    2.039000E+00    3.850000E+00    1.170000E+00    1.404000E-01    3.547000E-04   -9.775000E+00    2.000000E+00    2.000000E+00    1.150000E+03    8.000000E+01   -1.000000E+01   -1.000000E+00   -9.714000E+00   -9.610686E+00
   2.140000E-09    0.000000E+00   -2.218000E-01    1.730000E+01    1.362000E+00   -3.000000E+00   -6.990000E-01    9.823000E-01    7.497000E-01    2.967000E-01    1.348000E+00    9.581000E-01    8.920000E+00    1.360000E+01    2.200000E+00    1.000000E+00    1.000000E+00    8.499000E-01    7.849000E-01    8.500000E-01    2.460000E+00    3.459000E-02    9.432000E-04   -1.102000E+01    2.700000E+01    1.000000E+00    2.430000E+03    0.000000E+00   -1.000000E+01    0.000000E+00   -1.080000E+01   -1.057641E+01
   2.950000E-09    1.000000E+00    1.453000E+00    1.080000E+02    1.602000E+00   -1.000000E+01   -1.000000E+01   -1.000000E+01   -1.000000E+01   -1.000000E+01   -1.000000E+01   -1.000000E+01    6.075000E+00    1.297000E+01    3.160000E+00    3.000000E+00    1.700000E+01    2.822000E+00    3.397000E+00    2.890000E+00    1.580000E+00   -8.057000E-02    6.389000E-04   -1.451000E+01    2.000000E+00    2.000000E+00    1.400000E+03    9.800000E+01   -1.000000E+01   -1.000000E+00   -9.830000E+00   -9.747850E+00
   2.220000E-09    0.000000E+00    1.748000E+00    1.110000E+02    1.778000E+00   -7.282000E-01    1.596000E+00    3.415000E+00    2.736000E+00    3.353000E+00    1.827000E+00    3.670000E+00    7.560000E+00    1.360000E+01    2.200000E+00    1.000000E+00    1.000000E+00    8.499000E-01    7.238000E-01    8.500000E-01    1.297000E+00    6.978000E-02    4.494000E-04   -9.856000E+00    2.000000E+00    1.000000E+00    1.400000E+03    9.200000E+01   -1.000000E+01    0.000000E+00   -9.619000E+00   -9.528503E+00
   1.350000E-09    1.000000E+00    1.453000E+00    1.080000E+02    1.398000E+00   -3.010000E-01   -1.000000E+01    4.061000E+00   -1.000000E+01    4.249000E+00   -1.000000E+01   -1.000000E+01    6.731000E+00    5.139000E+00    9.300000E-01    3.000000E+00    1.100000E+01    1.777000E+00    1.028000E+00    2.890000E+00    1.580000E+00    2.376000E-01    8.974000E-04   -9.667000E+00    2.000000E+00    2.000000E+00    1.000000E+03    9.800000E+01   -1.000000E+01    1.000000E+00   -9.839000E+00   -9.826004E+00
   2.030000E-09    1.000000E+00    1.453000E+00    1.100000E+02    1.362000E+00   -1.000000E+00   -1.000000E+01    3.362000E+00   -1.000000E+01    3.550000E+00   -1.000000E+01   -1.000000E+01    7.000000E+00    1.045000E+01    2.660000E+00    5.000000E+00    5.300000E+01    3.375000E+00    2.956000E+00    3.850000E+00    1.588000E+00    5.751000E-02    9.432000E-04   -1.002000E+01    2.000000E+00    1.000000E+00    8.000000E+02    9.800000E+01   -1.000000E+01   -1.000000E+00   -1.118000E+01   -1.092531E+01
   2.000000E-09    1.000000E+00    1.447000E+00    1.300000E+01    1.380000E+00   -6.990000E-01    2.228000E+00    3.538000E+00    2.462000E+00    3.754000E+00    1.279000E+00    2.983000E+00    7.900000E+00    1.045000E+01    2.660000E+00    5.000000E+00    5.300000E+01    3.375000E+00    2.903000E+00    3.850000E+00    6.668000E-01    6.544000E-02    9.199000E-04   -9.866000E+00    4.000000E+00    4.000000E+00    2.600000E+03    0.000000E+00   -1.000000E+01   -1.000000E+00   -1.235000E+01   -1.223534E+01
   2.950000E-09    1.000000E+00    1.453000E+00    1.080000E+02    1.602000E+00   -1.000000E+01   -1.000000E+01   -1.000000E+01   -1.000000E+01   -1.000000E+01   -1.000000E+01   -1.000000E+01    6.904000E+00    1.297000E+01    3.160000E+00    3.000000E+00    1.700000E+01    2.822000E+00    3.397000E+00    2.890000E+00    1.580000E+00   -8.057000E-02    6.389000E-04   -1.451000E+01    2.000000E+00    2.000000E+00    8.000000E+02    9.800000E+01   -1.000000E+01   -1.000000E+00   -9.341000E+00   -9.428140E+00
   1.350000E-09    1.000000E+00    1.453000E+00    1.080000E+02    1.398000E+00   -1.000000E+01   -1.000000E+01   -1.000000E+01   -1.000000E+01   -1.000000E+01   -1.000000E+01   -1.000000E+01    6.294000E+00    5.139000E+00    9.300000E-01    3.000000E+00    1.100000E+01    1.777000E+00    1.028000E+00    2.890000E+00    1.580000E+00    2.376000E-01    8.974000E-04   -1.452000E+01    2.000000E+00    2.000000E+00    1.800000E+03    9.800000E+01    1.447000E+00    1.000000E+00   -1.043000E+01   -1.045893E+01
   8.500000E-10    2.000000E+00    6.021000E-01    6.700000E+01    1.398000E+00   -3.523000E+00   -1.000000E+01   -1.000000E+01   -1.000000E+01    8.506000E-01   -1.000000E+01   -1.000000E+01    6.200000E+00    5.212000E+00    8.900000E-01    6.000000E+00    5.600000E+01    2.699000E+00    9.833000E-01    4.360000E+00    2.224000E+00    4.385000E-01    8.974000E-04   -1.128000E+01    1.300000E+01    1.000000E+00    2.640000E+03    0.000000E+00   -1.000000E+01    2.000000E+00   -1.218000E+01   -1.226695E+01
   1.000000E-10    6.000000E+00    1.447000E+00    1.080000E+02    1.398000E+00   -1.000000E+01   -1.000000E+01   -1.000000E+01   -1.000000E+01   -1.000000E+01   -1.000000E+01   -1.000000E+01    9.000000E+00    6.194000E+00    1.380000E+00    7.000000E+00    9.200000E+01    3.368000E+00    1.443000E-01    4.990000E+00    1.586000E+00    1.368000E+00    8.974000E-04   -1.452000E+01    2.000000E+00    2.000000E+00    1.600000E+03    9.990000E+01   -1.000000E+01   -1.000000E+00   -1.148000E+01   -1.149988E+01
   1.130000E-09    6.000000E+00    1.780000E+00    7.600000E+01    1.176000E+00   -3.010000E-01   -1.000000E+01    4.061000E+00   -1.000000E+01    4.249000E+00   -1.000000E+01   -1.000000E+01    5.600000E+00    6.767000E+00    1.660000E+00    4.000000E+00    2.400000E+01    2.434000E+00    1.220000E+00    3.450000E+00    1.100000E+00    3.000000E-01    1.162000E-03   -9.674000E+00    2.000000E+00    1.000000E+00    1.500000E+03    4.600000E+01   -1.000000E+01   -1.000000E+00   -1.042000E+01   -1.054188E+01
   8.050000E-10    2.000000E+00    1.580000E+00    7.870000E+01    1.398000E+00   -3.010000E-01   -1.000000E+01    4.061000E+00   -1.000000E+01   -1.000000E+01   -1.000000E+01   -1.000000E+01    7.392000E+00    5.695000E+00    9.500000E-01    5.000000E+00    3.800000E+01    2.491000E+00    8.596000E-01    3.850000E+00    1.316000E+00    4.621000E-01    8.974000E-04   -9.667000E+00    2.000000E+00    1.000000E+00    1.200000E+03    8.200000E+01   -1.000000E+01    2.000000E+00   -1.015000E+01   -1.019260E+01
   2.140000E-09    0.000000E+00   -1.549000E-01    1.000000E+01    1.362000E+00   -5.157000E-01    1.000000E+00    3.380000E+00    3.405000E+00    3.922000E+00    1.230000E+00    2.230000E+00    8.700000E+00    1.360000E+01    2.200000E+00    1.000000E+00    1.000000E+00    8.499000E-01    7.849000E-01    8.500000E-01    2.155000E+00    3.459000E-02    9.432000E-04   -9.776000E+00    1.400000E+01    1.000000E+00    2.730000E+03    0.000000E+00   -1.000000E+01    0.000000E+00   -1.128000E+01   -1.111063E+01
   1.200000E-09    5.000000E+00    1.580000E+00    7.900000E+01    1.398000E+00   -3.000000E+00   -1.000000E+01   -1.000000E+01   -1.000000E+01   -1.000000E+01    2.086000E+00   -1.000000E+01    8.200000E+00    6.266000E+00    1.360000E+00    7.000000E+00    9.300000E+01    3.387000E+00    1.742000E+00    4.990000E+00    1.318000E+00    2.887000E-01    8.974000E-04   -1.102000E+01    2.000000E+00    2.000000E+00    2.000000E+03    8.000000E+01   -1.000000E+01    1.000000E+00   -1.073000E+01   -1.074691E+01
   7.900000E-10    2.000000E+00    1.580000E+00    7.900000E+01    1.398000E+00   -1.000000E+00   -1.000000E+01    3.362000E+00   -1.000000E+01    3.550000E+00   -1.000000E+01   -1.000000E+01    5.000000E+00    5.695000E+00    9.500000E-01    5.000000E+00    3.800000E+01    2.491000E+00    8.436000E-01    3.850000E+00    1.318000E+00    4.703000E-01    8.974000E-04   -1.002000E+01    2.000000E+00    3.000000E+00    1.000000E+03    8.200000E+01   -1.000000E+01    2.000000E+00   -8.886000E+00   -8.948764E+00
   2.270000E-09    0.000000E+00    1.453000E+00    1.100000E+02    1.362000E+00   -1.000000E+00   -1.000000E+01    3.362000E+00   -1.000000E+01    3.550000E+00   -1.000000E+01   -1.000000E+01    7.000000E+00    1.360000E+01    2.200000E+00    1.000000E+00    1.000000E+00    8.499000E-01    8.326000E-01    8.500000E-01    1.588000E+00    8.980000E-03    9.432000E-04   -1.002000E+01    2.000000E+00    1.000000E+00    8.000000E+02    9.800000E+01   -1.000000E+01    0.000000E+00   -1.020000E+01   -1.006456E+01
   2.100000E-09    1.000000E+00    1.453000E+00    1.080000E+02    1.602000E+00   -2.924000E-01   -1.000000E+01    4.069000E+00   -1.000000E+01    4.257000E+00   -1.000000E+01   -1.000000E+01    7.977000E+00    3.894000E+00    7.900000E-01    6.000000E+00    5.500000E+01    2.333000E+00    1.999000E+00    4.360000E+00    1.580000E+00    6.703000E-02    6.389000E-04   -9.652000E+00    2.000000E+00    2.000000E+00    1.400000E+03    9.999000E+01   -1.000000E+01    1.000000E+00   -9.983000E+00   -9.920401E+00
   1.180000E-09    1.000000E+00    1.453000E+00    1.080000E+02    6.990000E-01   -1.000000E+01   -1.000000E+01   -1.000000E+01   -1.000000E+01   -1.000000E+01   -1.000000E+01   -1.000000E+01    6.083000E+00    1.297000E+01    3.160000E+00    3.000000E+00    1.700000E+01    2.822000E+00    1.530000E+00    2.890000E+00    1.580000E+00    2.659000E-01    1.536000E-03   -1.453000E+01    2.000000E+00    2.000000E+00    8.000000E+02    9.800000E+01   -1.000000E+01   -1.000000E+00   -9.740000E+00   -9.701878E+00
   8.500000E-10    2.000000E+00    6.021000E-01    6.700000E+01    1.398000E+00   -3.523000E+00   -1.000000E+01   -1.000000E+01   -1.000000E+01    8.506000E-01   -1.000000E+01   -1.000000E+01    6.200000E+00    5.212000E+00    8.900000E-01    6.000000E+00    5.600000E+01    2.699000E+00    9.833000E-01    4.360000E+00    2.224000E+00    4.385000E-01    8.974000E-04   -1.128000E+01    1.300000E+01    1.000000E+00    2.640000E+03    0.000000E+00   -1.000000E+01    2.000000E+00   -1.213000E+01   -1.226695E+01
   7.900000E-10    2.000000E+00    1.491000E+00    8.300000E+01    1.362000E+00   -2.839000E+00    5.441000E-01    9.191000E-01    1.114000E+00    6.990000E-01   -1.000000E+01    9.345000E-01    7.000000E+00    5.695000E+00    9.500000E-01    5.000000E+00    3.800000E+01    2.491000E+00    8.493000E-01    3.850000E+00    1.428000E+00    4.674000E-01    9.432000E-04   -1.094000E+01    2.000000E+00    1.000000E+00    1.400000E+03    8.000000E+01    1.699000E+00    2.000000E+00   -1.106000E+01   -1.092300E+01
   4.300000E-10    6.000000E+00    1.279000E+00    9.300000E+01    1.398000E+00   -1.000000E+01   -1.000000E+01   -1.000000E+01   -1.000000E+01   -1.000000E+01   -1.000000E+01   -1.000000E+01    8.450000E+00    6.194000E+00    1.380000E+00    7.000000E+00    9.200000E+01    3.368000E+00    6.207000E-01    4.990000E+00    1.690000E+00    7.345000E-01    8.974000E-04   -1.452000E+01    2.000000E+00    2.000000E+00    1.000000E+03    4.750000E+01   -1.000000E+01   -4.000000E+00   -1.012000E+01   -1.018132E+01
   7.900000E-10    2.000000E+00    1.447000E+00    1.080000E+02    1.398000E+00   -1.301000E+00   -1.000000E+01    3.061000E+00   -1.000000E+01    3.248000E+00   -1.000000E+01   -1.000000E+01    6.300000E+00    5.695000E+00    9.500000E-01    5.000000E+00    3.800000E+01    2.491000E+00    8.436000E-01    3.850000E+00    1.586000E+00    4.703000E-01    8.974000E-04   -1.017000E+01    2.000000E+00    1.000000E+00    9.000000E+02    1.000000E+02   -1.000000E+01    2.000000E+00   -1.211000E+01   -1.146619E+01
   2.000000E-09    1.000000E+00    1.279000E+00    9.300000E+01    1.398000E+00   -2.000000E+00   -1.000000E+01    1.362000E+00   -1.000000E+01   -1.000000E+01   -1.000000E+01   -1.000000E+01    1.250000E+01    1.045000E+01    2.660000E+00    5.000000E+00    5.300000E+01    3.375000E+00    2.893000E+00    3.850000E+00    1.690000E+00    6.690000E-02    8.974000E-04   -1.052000E+01    2.000000E+00    1.000000E+00    1.600000E+03    4.750000E+01    1.699000E+00   -1.000000E+00   -1.070000E+01   -1.077252E+01
   2.000000E-09    1.000000E+00    1.744000E+00    8.200000E+01    1.380000E+00   -5.918000E-01    1.146000E+00    3.279000E+00    3.328000E+00    3.785000E+00    1.831000E+00    3.016000E+00    7.500000E+00    1.045000E+01    2.660000E+00    5.000000E+00    5.300000E+01    3.375000E+00    2.903000E+00    3.850000E+00    1.170000E+00    6.544000E-02    9.199000E-04   -9.813000E+00    2.000000E+00    2.000000E+00    1.320000E+03    8.000000E+01   -1.000000E+01   -1.000000E+00   -9.854000E+00   -9.989982E+00
   2.000000E-09    1.000000E+00    6.232000E-01    6.700000E+01    1.602000E+00   -1.065000E+00    3.096000E+00    3.070000E+00    2.312000E+00    3.156000E+00    2.190000E+00    3.054000E+00    7.580000E+00    1.045000E+01    2.660000E+00    5.000000E+00    5.300000E+01    3.375000E+00    2.755000E+00    3.850000E+00    2.203000E+00    8.822000E-02    6.389000E-04   -1.004000E+01    1.300000E+01    1.000000E+00    2.640000E+03    0.000000E+00   -1.000000E+01   -1.000000E+00   -1.237000E+01   -1.239550E+01
   2.100000E-09    4.000000E+00    1.279000E+00    9.300000E+01    1.398000E+00   -2.190000E-01   -1.000000E+01    4.105000E+00    2.983000E+00    2.697000E+00    2.086000E+00   -1.000000E+01    1.250000E+01    6.634000E+00    1.330000E+00    5.000000E+00    4.000000E+01    2.689000E+00    2.420000E+00    3.850000E+00    1.690000E+00    4.571000E-02    8.974000E-04   -9.626000E+00    2.000000E+00    2.000000E+00    1.200000E+03    4.750000E+01   -1.000000E+01    0.000000E+00   -9.577000E+00   -9.581233E+00
   8.470000E-10    2.000000E+00    1.748000E+00    1.110000E+02    1.398000E+00   -7.282000E-01    1.596000E+00    3.415000E+00    2.736000E+00    3.353000E+00    1.827000E+00    3.670000E+00    7.560000E+00    5.212000E+00    8.900000E-01    6.000000E+00    5.600000E+01    2.699000E+00    9.799000E-01    4.360000E+00    1.297000E+00    4.400000E-01    8.974000E-04   -9.880000E+00    2.000000E+00    1.000000E+00    1.400000E+03    9.200000E+01   -1.000000E+01    2.000000E+00   -8.941000E+00   -8.908818E+00
   1.010000E-09    1.000000E+00    1.453000E+00    1.080000E+02    1.176000E+00   -1.000000E+01   -1.000000E+01   -1.000000E+01   -1.000000E+01   -1.000000E+01   -1.000000E+01   -1.000000E+01    6.134000E+00    5.139000E+00    9.300000E-01    3.000000E+00    1.100000E+01    1.777000E+00    7.958000E-01    2.890000E+00    1.580000E+00    3.488000E-01    1.162000E-03   -1.452000E+01    2.000000E+00    2.000000E+00    1.600000E+03    9.800000E+01   -1.000000E+01    1.000000E+00   -1.047000E+01   -1.053264E+01
   5.000000E-10    4.000000E+00    1.744000E+00    8.200000E+01    1.398000E+00   -5.834000E-01    1.146000E+00    3.281000E+00    3.328000E+00    3.810000E+00    1.831000E+00    3.016000E+00    8.786000E+00    6.026000E+00    1.280000E+00    7.000000E+00    9.400000E+01    3.322000E+00    7.118000E-01    4.990000E+00    1.170000E+00    6.690000E-01    8.974000E-04   -9.808000E+00    2.000000E+00    2.000000E+00    1.620000E+03    8.000000E+01    1.699000E+00    0.000000E+00   -1.046000E+01   -1.050903E+01
   2.000000E-09    1.000000E+00    1.279000E+00    9.300000E+01    1.398000E+00   -6.108000E-01   -1.000000E+01    3.760000E+00   -1.000000E+01   -1.000000E+01    3.941000E+00    3.363000E+00    1.050000E+01    1.045000E+01    2.660000E+00    5.000000E+00    5.300000E+01    3.375000E+00    2.893000E+00    3.850000E+00    1.690000E+00    6.690000E-02    8.974000E-04   -9.822000E+00    2.000000E+00    1.000000E+00    1.600000E+03    4.750000E+01   -1.000000E+01   -1.000000E+00   -1.046000E+01   -1.046381E+01
   2.100000E-09    0.000000E+00    2.025000E+00    8.100000E+01    1.398000E+00   -1.000000E+00   -1.000000E+01    3.362000E+00   -1.000000E+01    3.550000E+00   -1.000000E+01   -1.000000E+01    1.250000E+01    1.360000E+01    2.200000E+00    1.000000E+00    1.000000E+00    8.499000E-01    7.650000E-01    8.500000E-01    8.832000E-01    4.571000E-02    8.974000E-04   -1.002000E+01    2.500000E+01    1.000000E+00    1.650000E+03    0.000000E+00   -1.000000E+01    0.000000E+00   -1.002000E+01   -1.007198E+01
   2.000000E-09    1.000000E+00    1.279000E+00    9.300000E+01    1.362000E+00    6.990000E-01   -1.000000E+01    5.061000E+00   -1.000000E+01   -1.000000E+01   -1.000000E+01   -1.000000E+01    1.250000E+01    1.045000E+01    2.660000E+00    5.000000E+00    5.300000E+01    3.375000E+00    2.913000E+00    3.850000E+00    1.690000E+00    6.398000E-02    9.432000E-04   -9.168000E+00    2.000000E+00    1.000000E+00    1.600000E+03    5.000000E+01    1.699000E+00   -1.000000E+00   -1.007000E+01   -1.015245E+01
   1.300000E-09    1.000000E+00   -2.218000E-01    1.730000E+01    1.398000E+00   -1.292000E+00   -6.990000E-01    9.823000E-01    7.497000E-01    2.967000E-01    1.348000E+00    9.581000E-01    8.920000E+00    5.139000E+00    9.300000E-01    3.000000E+00    1.100000E+01    1.777000E+00    9.899000E-01    2.890000E+00    2.460000E+00    2.540000E-01    8.974000E-04   -1.016000E+01    2.700000E+01    1.000000E+00    2.430000E+03    0.000000E+00   -1.000000E+01    1.000000E+00   -1.068000E+01   -1.075565E+01
   2.100000E-09    0.000000E+00    1.447000E+00    1.080000E+02    1.398000E+00   -3.010000E-01   -1.000000E+01    4.061000E+00   -1.000000E+01    4.248000E+00   -1.000000E+01   -1.000000E+01    6.300000E+00    1.360000E+01    2.200000E+00    1.000000E+00    1.000000E+00    8.499000E-01    7.650000E-01    8.500000E-01    1.586000E+00    4.571000E-02    8.974000E-04   -9.667000E+00    2.000000E+00    1.000000E+00    1.600000E+03    1.000000E+02   -1.000000E+01    0.000000E+00   -1.019000E+01   -1.016564E+01
   2.000000E-09    1.000000E+00    1.580000E+00    7.900000E+01    1.398000E+00   -1.000000E+00   -1.000000E+01    3.362000E+00   -1.000000E+01   -1.000000E+01   -1.000000E+01   -1.000000E+01    8.200000E+00    1.045000E+01    2.660000E+00    5.000000E+00    5.300000E+01    3.375000E+00    2.893000E+00    3.850000E+00    1.318000E+00    6.690000E-02    8.974000E-04   -1.002000E+01    2.000000E+00    1.000000E+00    1.200000E+03    8.000000E+01   -1.000000E+01   -1.000000E+00   -9.754000E+00   -9.776188E+00
   8.100000E-10    2.000000E+00   -1.549000E-01    1.000000E+01    1.342000E+00   -5.157000E-01    1.000000E+00    3.380000E+00    3.405000E+00    3.922000E+00    1.230000E+00    2.230000E+00    8.770000E+00    9.752000E+00    2.550000E+00    4.000000E+00    3.400000E+01    2.921000E+00    1.025000E+00    3.450000E+00    2.155000E+00    4.551000E-01    9.673000E-04   -9.776000E+00    1.400000E+01    1.000000E+00    2.610000E+03    0.000000E+00   -1.000000E+01   -1.000000E+00   -1.154000E+01   -1.156486E+01
   1.300000E-09    1.000000E+00    6.990000E-01    4.000000E+00    1.398000E+00    2.625000E-01   -1.000000E+01    4.624000E+00   -1.000000E+01    4.812000E+00   -1.000000E+01   -1.000000E+01    5.500000E+00    5.139000E+00    9.300000E-01    3.000000E+00    1.100000E+01    1.777000E+00    9.899000E-01    2.890000E+00    9.031000E-01    2.540000E-01    8.974000E-04   -9.385000E+00    1.000000E+00    1.000000E+00    2.750000E+03    0.000000E+00   -1.000000E+01    1.000000E+00   -1.366000E+01   -1.366230E+01
   1.200000E-09    4.000000E+00    1.279000E+00    9.300000E+01    1.477000E+00   -4.260000E-01   -1.000000E+01    3.880000E+00   -1.000000E+01   -1.000000E+01    4.263000E+00    3.460000E+00    9.000000E+00    6.266000E+00    1.360000E+00    7.000000E+00    9.300000E+01    3.387000E+00    1.713000E+00    4.990000E+00    1.690000E+00    2.960000E-01    7.959000E-04   -9.726000E+00    2.000000E+00    1.000000E+00    1.600000E+03    5.000000E+01    1.477000E+00   -2.000000E+00   -1.005000E+01   -1.012121E+01
   2.090000E-09    1.000000E+00    6.021000E-01    6.700000E+01    1.398000E+00   -6.108000E-01    9.079000E-01    3.322000E+00    3.276000E+00    3.800000E+00    1.000000E+00    2.748000E+00    7.500000E+00    3.894000E+00    7.900000E-01    6.000000E+00    5.500000E+01    2.333000E+00    2.090000E+00    4.360000E+00    2.224000E+00    4.778000E-02    8.974000E-04   -9.822000E+00    1.300000E+01    1.000000E+00    1.450000E+03    0.000000E+00   -1.000000E+01    1.000000E+00   -9.921000E+00   -9.900486E+00
   2.040000E-09    1.000000E+00    1.744000E+00    8.200000E+01    1.380000E+00   -6.576000E-01    1.176000E+00    3.262000E+00    3.292000E+00    3.770000E+00    1.447000E+00    3.583000E+00    7.200000E+00    3.894000E+00    7.900000E-01    6.000000E+00    5.500000E+01    2.333000E+00    2.047000E+00    4.360000E+00    1.170000E+00    5.684000E-02    9.199000E-04   -9.846000E+00    2.000000E+00    1.000000E+00    1.330000E+03    8.000000E+01   -1.000000E+01    1.000000E+00   -9.879000E+00   -9.933297E+00
   2.000000E-09    1.000000E+00    1.447000E+00    1.300000E+01    1.380000E+00   -6.990000E-01    2.228000E+00    3.538000E+00    2.462000E+00    3.754000E+00    1.279000E+00    2.983000E+00    7.900000E+00    1.045000E+01    2.660000E+00    5.000000E+00    5.300000E+01    3.375000E+00    2.903000E+00    3.850000E+00    6.668000E-01    6.544000E-02    9.199000E-04   -9.866000E+00    4.000000E+00    4.000000E+00    2.600000E+03    0.000000E+00   -1.000000E+01   -1.000000E+00   -1.218000E+01   -1.223534E+01
   2.000000E-09    1.000000E+00    6.128000E-01    1.090000E+01    1.398000E+00   -2.812000E+00    3.655000E-01    1.640000E+00    3.444000E-01    1.305000E+00   -1.000000E+01    8.932000E-01    9.050000E+00    1.045000E+01    2.660000E+00    5.000000E+00    5.300000E+01    3.375000E+00    2.893000E+00    3.850000E+00    1.425000E+00    6.690000E-02    8.974000E-04   -1.092000E+01    2.800000E+01    1.000000E+00    2.250000E+03    0.000000E+00   -1.000000E+01   -1.000000E+00   -1.189000E+01   -1.148054E+01
   1.350000E-09    1.000000E+00    1.453000E+00    1.080000E+02    1.398000E+00   -1.000000E+01   -1.000000E+01   -1.000000E+01   -1.000000E+01   -1.000000E+01   -1.000000E+01   -1.000000E+01    6.244000E+00    5.139000E+00    9.300000E-01    3.000000E+00    1.100000E+01    1.777000E+00    1.028000E+00    2.890000E+00    1.580000E+00    2.376000E-01    8.974000E-04   -1.452000E+01    2.000000E+00    2.000000E+00    1.800000E+03    9.800000E+01    1.447000E+00    1.000000E+00   -1.043000E+01   -1.045084E+01
   1.550000E-09    1.000000E+00    1.453000E+00    1.080000E+02    1.477000E+00   -1.000000E+01   -1.000000E+01   -1.000000E+01   -1.000000E+01   -1.000000E+01   -1.000000E+01   -1.000000E+01    7.069000E+00    5.139000E+00    9.300000E-01    3.000000E+00    1.100000E+01    1.777000E+00    1.161000E+00    2.890000E+00    1.580000E+00    1.848000E-01    7.959000E-04   -1.451000E+01    2.000000E+00    2.000000E+00    1.000000E+03    9.800000E+01   -1.000000E+01    1.000000E+00   -9.793000E+00   -9.802050E+00
   2.000000E-09    1.000000E+00   -1.549000E-01    1.000000E+01    1.398000E+00   -2.218000E-01   -1.000000E+01   -1.000000E+01   -1.000000E+01    4.328000E+00   -1.000000E+01   -1.000000E+01    5.800000E+00    1.297000E+01    3.160000E+00    3.000000E+00    1.700000E+01    2.822000E+00    2.419000E+00    2.890000E+00    2.155000E+00    6.690000E-02    8.974000E-04   -9.627000E+00    1.400000E+01    1.000000E+00    2.640000E+03    0.000000E+00   -1.000000E+01   -1.000000E+00   -1.213000E+01   -1.217789E+01
   1.200000E-09    5.000000E+00    1.580000E+00    7.900000E+01    1.398000E+00   -1.456000E+00    1.041000E+00    2.824000E+00    8.202000E-01    2.121000E+00   -1.000000E+01    2.940000E+00    8.900000E+00    6.266000E+00    1.360000E+00    7.000000E+00    9.300000E+01    3.387000E+00    1.742000E+00    4.990000E+00    1.318000E+00    2.887000E-01    8.974000E-04   -1.024000E+01    2.000000E+00    2.000000E+00    2.000000E+03    8.000000E+01   -1.000000E+01    1.000000E+00   -1.073000E+01   -1.072545E+01
   7.900000E-10    2.000000E+00    1.580000E+00    7.900000E+01    1.398000E+00   -1.000000E+00   -1.000000E+01    3.362000E+00   -1.000000E+01    3.550000E+00   -1.000000E+01   -1.000000E+01    5.000000E+00    5.695000E+00    9.500000E-01    5.000000E+00    3.800000E+01    2.491000E+00    8.436000E-01    3.850000E+00    1.318000E+00    4.703000E-01    8.974000E-04   -1.002000E+01    2.000000E+00    3.000000E+00    1.000000E+03    8.200000E+01   -1.000000E+01    2.000000E+00   -8.886000E+00   -8.948764E+00
   2.950000E-09    1.000000E+00    1.453000E+00    1.080000E+02    1.602000E+00   -1.000000E+01   -1.000000E+01   -1.000000E+01   -1.000000E+01   -1.000000E+01   -1.000000E+01   -1.000000E+01    6.138000E+00    1.297000E+01    3.160000E+00    3.000000E+00    1.700000E+01    2.822000E+00    3.397000E+00    2.890000E+00    1.580000E+00   -8.057000E-02    6.389000E-04   -1.451000E+01    2.000000E+00    2.000000E+00    1.100000E+03    9.800000E+01   -1.000000E+01   -1.000000E+00   -9.578000E+00   -9.539320E+00
   6.020000E-10    3.000000E+00    1.580000E+00    7.900000E+01    1.398000E+00   -1.000000E+00   -1.000000E+01    3.362000E+00   -1.000000E+01    3.550000E+00   -1.000000E+01   -1.000000E+01    7.000000E+00    5.670000E+00    1.200000E+00    6.000000E+00    6.300000E+01    2.815000E+00    7.264000E-01    4.360000E+00    1.318000E+00    5.883000E-01    8.974000E-04   -1.002000E+01    2.000000E+00    3.000000E+00    1.000000E+03    8.200000E+01   -1.000000E+01    3.000000E+00   -1.003000E+01   -9.968987E+00
   2.000000E-09    1.000000E+00    1.447000E+00    1.300000E+01    1.380000E+00   -6.990000E-01    2.228000E+00    3.538000E+00    2.462000E+00    3.754000E+00    1.279000E+00    2.983000E+00    7.900000E+00    1.297000E+01    3.160000E+00    3.000000E+00    1.700000E+01    2.822000E+00    2.427000E+00    2.890000E+00    6.668000E-01    6.544000E-02    9.199000E-04   -9.866000E+00    4.000000E+00    4.000000E+00    2.600000E+03    0.000000E+00   -1.000000E+01   -1.000000E+00   -1.204000E+01   -1.196772E+01
   2.220000E-09    0.000000E+00    1.602000E+00    1.400000E+02    1.398000E+00   -1.000000E+00   -1.000000E+01    3.362000E+00   -1.000000E+01   -1.000000E+01   -1.000000E+01   -1.000000E+01    5.000000E+00    1.360000E+01    2.200000E+00    1.000000E+00    1.000000E+00    8.499000E-01    8.088000E-01    8.500000E-01    1.544000E+00    2.158000E-02    8.974000E-04   -1.002000E+01    7.000000E+00    1.000000E+00    1.900000E+03    0.000000E+00   -1.000000E+01    0.000000E+00   -9.509000E+00   -9.640210E+00
   2.000000E-09    1.000000E+00    1.279000E+00    9.300000E+01    1.352000E+00   -2.000000E+00   -1.000000E+01    1.362000E+00   -1.000000E+01   -1.000000E+01   -1.000000E+01   -1.000000E+01    1.250000E+01    1.297000E+01    3.160000E+00    3.000000E+00    1.700000E+01    2.822000E+00    2.440000E+00    2.890000E+00    1.690000E+00    6.324000E-02    9.552000E-04   -1.052000E+01    2.000000E+00    1.000000E+00    1.600000E+03    4.750000E+01    1.699000E+00   -1.000000E+00   -1.089000E+01   -1.088599E+01
   1.200000E-09    5.000000E+00    1.833000E+00    7.100000E+01    1.301000E+00   -2.000000E+00   -1.000000E+01    2.362000E+00   -1.000000E+01   -1.000000E+01   -1.000000E+01   -1.000000E+01    6.000000E+00    6.266000E+00    1.360000E+00    7.000000E+00    9.300000E+01    3.387000E+00    1.772000E+00    4.990000E+00    1.019000E+00    2.814000E-01    1.018000E-03   -1.052000E+01    6.000000E+00    2.000000E+00    4.100000E+02    0.000000E+00   -1.000000E+01    1.000000E+00   -9.244000E+00   -9.217860E+00
   7.900000E-10    2.000000E+00    1.279000E+00    9.300000E+01    1.398000E+00   -1.000000E+01   -1.000000E+01   -1.000000E+01   -1.000000E+01   -1.000000E+01   -1.000000E+01   -1.000000E+01    1.250000E+01    5.695000E+00    9.500000E-01    5.000000E+00    3.800000E+01    2.491000E+00    8.436000E-01    3.850000E+00    1.690000E+00    4.703000E-01    8.974000E-04   -1.452000E+01    2.000000E+00    2.000000E+00    1.800000E+03    4.750000E+01   -1.000000E+01    2.000000E+00   -1.055000E+01   -1.060536E+01
   1.550000E-09    4.000000E+00    1.436000E+00    5.870000E+01    1.342000E+00   -3.010000E-01   -1.000000E+01    4.061000E+00   -1.000000E+01    4.249000E+00   -1.000000E+01   -1.000000E+01    3.100000E+00    9.752000E+00    2.550000E+00    4.000000E+00    3.400000E+01    2.921000E+00    1.961000E+00    3.450000E+00    1.332000E+00    1.732000E-01    9.673000E-04   -9.669000E+00    2.000000E+00    1.000000E+00    1.600000E+03    7.800000E+01   -1.000000E+01   -1.000000E+00   -1.052000E+01   -1.050151E+01
   6.600000E-10    2.000000E+00    6.990000E-01    4.000000E+00    1.398000E+00   -5.229000E-01   -1.000000E+01   -1.000000E+01   -1.000000E+01    3.851000E+00   -1.000000E+01   -1.000000E+01    7.100000E+00    7.640000E+00    1.910000E+00    4.000000E+00    2.800000E+01    2.586000E+00    7.315000E-01    3.450000E+00    9.031000E-01    5.484000E-01    8.974000E-04   -9.778000E+00    1.000000E+00    1.000000E+00    2.750000E+03    0.000000E+00   -1.000000E+01    2.000000E+00   -1.355000E+01   -1.353735E+01
   2.100000E-09    0.000000E+00    2.025000E+00    8.100000E+01    1.398000E+00   -3.010000E-01   -1.000000E+01    4.061000E+00   -1.000000E+01    4.250000E+00   -1.000000E+01   -1.000000E+01    1.250000E+01    1.360000E+01    2.200000E+00    1.000000E+00    1.000000E+00    8.499000E-01    7.650000E-01    8.500000E-01    8.832000E-01    4.571000E-02    8.974000E-04   -9.667000E+00    2.500000E+01    1.000000E+00    1.650000E+03    0.000000E+00   -1.000000E+01    0.000000E+00   -1.008000E+01   -1.007868E+01
   2.040000E-09    1.000000E+00    1.744000E+00    8.200000E+01    1.380000E+00   -6.576000E-01    1.176000E+00    3.262000E+00    3.292000E+00    3.770000E+00    1.447000E+00    3.583000E+00    7.200000E+00    3.894000E+00    7.900000E-01    6.000000E+00    5.500000E+01    2.333000E+00    2.047000E+00    4.360000E+00    1.170000E+00    5.684000E-02    9.199000E-04   -9.846000E+00    2.000000E+00    2.000000E+00    1.250000E+03    8.000000E+01   -1.000000E+01    1.000000E+00   -9.810000E+00   -9.824556E+00
   1.180000E-09    1.000000E+00    1.453000E+00    1.080000E+02    6.990000E-01   -1.000000E+01   -1.000000E+01   -1.000000E+01   -1.000000E+01   -1.000000E+01   -1.000000E+01   -1.000000E+01    5.040000E+00    1.297000E+01    3.160000E+00    3.000000E+00    1.700000E+01    2.822000E+00    1.530000E+00    2.890000E+00    1.580000E+00    2.659000E-01    1.536000E-03   -1.453000E+01    2.000000E+00    2.000000E+00    1.800000E+03    9.800000E+01   -1.000000E+01   -1.000000E+00   -1.059000E+01   -1.057296E+01
   2.950000E-09    1.000000E+00    1.453000E+00    1.080000E+02    1.602000E+00   -3.010000E-01   -1.000000E+01    4.061000E+00   -1.000000E+01    4.249000E+00   -1.000000E+01   -1.000000E+01    6.026000E+00    1.297000E+01    3.160000E+00    3.000000E+00    1.700000E+01    2.822000E+00    3.397000E+00    2.890000E+00    1.580000E+00   -8.057000E-02    6.389000E-04   -9.656000E+00    2.000000E+00    2.000000E+00    1.000000E+03    9.800000E+01   -1.000000E+01   -1.000000E+00   -9.499000E+00   -9.496552E+00
   2.220000E-09    0.000000E+00    1.748000E+00    1.110000E+02    1.602000E+00   -7.620000E-01    1.567000E+00    3.375000E+00    2.707000E+00    3.224000E+00    1.850000E+00    3.685000E+00    7.570000E+00    1.360000E+01    2.200000E+00    1.000000E+00    1.000000E+00    8.499000E-01    7.700000E-01    8.500000E-01    1.297000E+00    4.289000E-02    6.389000E-04   -9.887000E+00    2.000000E+00    1.000000E+00    1.200000E+03    9.200000E+01   -1.000000E+01    0.000000E+00   -9.489000E+00   -9.494556E+00
   1.200000E-09    5.000000E+00    1.455000E+00    8.700000E+01    1.301000E+00   -2.297000E+00   -1.000000E+01   -1.000000E+01    2.603000E+00   -1.000000E+01   -1.000000E+01   -1.000000E+01    6.000000E+00    6.266000E+00    1.360000E+00    7.000000E+00    9.300000E+01    3.387000E+00    1.772000E+00    4.990000E+00    1.485000E+00    2.814000E-01    1.018000E-03   -1.067000E+01    3.000000E+00    2.000000E+00    7.800000E+02    1.000000E+02   -1.000000E+01    1.000000E+00   -9.682000E+00   -9.679431E+00
   2.570000E-09    1.000000E+00    1.453000E+00    1.080000E+02    1.699000E+00   -1.000000E+01   -1.000000E+01   -1.000000E+01   -1.000000E+01   -1.000000E+01   -1.000000E+01   -1.000000E+01    7.011000E+00    5.139000E+00    9.300000E-01    3.000000E+00    1.100000E+01    1.777000E+00    1.806000E+00    2.890000E+00    1.580000E+00   -7.034000E-03    5.279000E-04   -1.450000E+01    2.000000E+00    2.000000E+00    1.800000E+03    9.800000E+01   -1.000000E+01    1.000000E+00   -1.031000E+01   -1.027119E+01
   1.560000E-09    1.000000E+00    1.453000E+00    1.080000E+02    1.176000E+00   -1.000000E+01   -1.000000E+01   -1.000000E+01   -1.000000E+01   -1.000000E+01   -1.000000E+01   -1.000000E+01    5.108000E+00    1.297000E+01    3.160000E+00    3.000000E+00    1.700000E+01    2.822000E+00    1.952000E+00    2.890000E+00    1.580000E+00    1.600000E-01    1.162000E-03   -1.452000E+01    2.000000E+00    2.000000E+00    1.600000E+03    9.800000E+01   -1.000000E+01   -1.000000E+00   -1.028000E+01   -1.038587E+01
   8.100000E-10    4.000000E+00   -1.549000E-01    1.000000E+01    1.342000E+00   -3.037000E+00   -6.990000E-01    9.827000E-01    7.490000E-01    2.967000E-01    1.408000E+00    9.581000E-01    9.290000E+00    9.752000E+00    2.550000E+00    4.000000E+00    3.400000E+01    2.921000E+00    1.025000E+00    3.450000E+00    2.155000E+00    4.551000E-01    9.673000E-04   -1.104000E+01    1.400000E+01    1.000000E+00    2.730000E+03    0.000000E+00   -1.000000E+01   -2.000000E+00   -1.172000E+01   -1.167034E+01
   7.910000E-10    2.000000E+00    6.232000E-01    6.700000E+01    1.362000E+00   -5.229000E-01   -1.000000E+01    3.663000E+00   -1.000000E+01    3.974000E+00    2.086000E+00   -1.000000E+01    8.000000E+00    5.695000E+00    9.500000E-01    5.000000E+00    3.800000E+01    2.491000E+00    8.504000E-01    3.850000E+00    2.203000E+00    4.668000E-01    9.432000E-04   -9.779000E+00    1.300000E+01    7.000000E+00    2.700000E+03    0.000000E+00   -1.000000E+01    2.000000E+00   -1.248000E+01   -1.239813E+01
   6.020000E-10    3.000000E+00    1.580000E+00    7.900000E+01    1.362000E+00   -1.285000E+00    7.966000E-01    2.777000E+00    2.283000E+00    3.193000E+00   -1.000000E+01   -1.000000E+01    7.700000E+00    5.670000E+00    1.200000E+00    6.000000E+00    6.300000E+01    2.815000E+00    7.313000E-01    4.360000E+00    1.318000E+00    5.854000E-01    9.432000E-04   -1.016000E+01    2.000000E+00    2.000000E+00    1.000000E+03    8.200000E+01   -1.000000E+01    3.000000E+00   -9.585000E+00   -9.669228E+00
   2.000000E-09    1.000000E+00   -1.549000E-01    1.000000E+01    1.398000E+00    2.625000E-01   -1.000000E+01    4.624000E+00   -1.000000E+01    4.812000E+00   -1.000000E+01   -1.000000E+01    5.500000E+00    1.297000E+01    3.160000E+00    3.000000E+00    1.700000E+01    2.822000E+00    2.419000E+00    2.890000E+00    2.155000E+00    6.690000E-02    8.974000E-04   -9.385000E+00    1.400000E+01    1.000000E+00    2.640000E+03    0.000000E+00   -1.000000E+01   -1.000000E+00   -1.215000E+01   -1.222716E+01
   1.200000E-09    4.000000E+00    1.279000E+00    9.300000E+01    1.398000E+00   -1.000000E+01   -1.000000E+01   -1.000000E+01   -1.000000E+01   -1.000000E+01   -1.000000E+01   -1.000000E+01    1.250000E+01    6.266000E+00    1.360000E+00    7.000000E+00    9.300000E+01    3.387000E+00    1.742000E+00    4.990000E+00    1.690000E+00    2.887000E-01    8.974000E-04   -1.452000E+01    2.000000E+00    2.000000E+00    1.600000E+03    4.750000E+01   -1.000000E+01    0.000000E+00   -1.016000E+01   -1.043911E+01
   2.950000E-09    1.000000E+00    1.453000E+00    1.080000E+02    1.602000E+00   -1.000000E+00   -1.000000E+01    3.362000E+00   -1.000000E+01    3.550000E+00   -1.000000E+01   -1.000000E+01    6.376000E+00    1.297000E+01    3.160000E+00    3.000000E+00    1.700000E+01    2.822000E+00    3.397000E+00    2.890000E+00    1.580000E+00   -8.057000E-02    6.389000E-04   -1.001000E+01    2.000000E+00    2.000000E+00    1.000000E+03    9.800000E+01   -1.000000E+01   -1.000000E+00   -9.499000E+00   -9.488338E+00
   7.600000E-10    2.000000E+00    1.744000E+00    8.200000E+01    1.362000E+00   -5.719000E-01    1.437000E+00    3.441000E+00    3.205000E+00    3.851000E+00    1.086000E+00    3.129000E+00    7.700000E+00    6.113000E+00    1.000000E+00    4.000000E+00    2.000000E+01    2.313000E+00    7.586000E-01    3.450000E+00    1.170000E+00    4.842000E-01    9.432000E-04   -9.804000E+00    2.000000E+00    1.000000E+00    1.250000E+03    8.000000E+01    1.699000E+00    2.000000E+00   -1.017000E+01   -1.035407E+01
   2.000000E-09    7.000000E+00    1.744000E+00    8.200000E+01    1.398000E+00   -5.918000E-01    1.146000E+00    3.279000E+00    3.330000E+00    3.785000E+00    1.831000E+00    3.016000E+00    7.500000E+00    7.280000E+00    1.900000E+00    5.000000E+00    4.300000E+01    2.817000E+00    2.415000E+00    3.850000E+00    1.170000E+00    6.690000E-02    8.974000E-04   -9.812000E+00    2.000000E+00    2.000000E+00    1.120000E+03    8.000000E+01   -1.000000E+01   -1.000000E+00   -9.690000E+00   -9.637567E+00
   2.000000E-09    1.000000E+00    2.477000E+00    5.000000E+01    1.380000E+00   -6.108000E-01    1.176000E+00    3.262000E+00    3.292000E+00    3.770000E+00    1.447000E+00    3.051000E+00    7.200000E+00    1.045000E+01    2.660000E+00    5.000000E+00    5.300000E+01    3.375000E+00    2.903000E+00    3.850000E+00    2.218000E-01    6.544000E-02    9.199000E-04   -9.822000E+00    2.600000E+01    1.000000E+00    1.380000E+03    3.500000E+01   -1.000000E+01   -1.000000E+00   -1.074000E+01   -1.084110E+01
   2.000000E-09    1.000000E+00    1.279000E+00    9.300000E+01    1.398000E+00   -1.398000E+00   -1.000000E+01   -1.000000E+01    2.904000E+00   -1.000000E+01   -1.000000E+01   -1.000000E+01    1.250000E+01    1.045000E+01    2.660000E+00    5.000000E+00    5.300000E+01    3.375000E+00    2.893000E+00    3.850000E+00    1.690000E+00    6.690000E-02    8.974000E-04   -1.022000E+01    2.000000E+00    1.000000E+00    1.600000E+03    4.750000E+01   -1.000000E+01   -1.000000E+00   -1.089000E+01   -1.089692E+01
   2.000000E-09    1.000000E+00   -1.549000E-01    1.000000E+01    1.398000E+00   -5.157000E-01    1.000000E+00    3.380000E+00    3.405000E+00    3.922000E+00    1.230000E+00    2.230000E+00    8.700000E+00    1.297000E+01    3.160000E+00    3.000000E+00    1.700000E+01    2.822000E+00    2.419000E+00    2.890000E+00    2.155000E+00    6.690000E-02    8.974000E-04   -9.774000E+00    1.400000E+01    1.000000E+00    2.730000E+03    0.000000E+00   -1.000000E+01   -1.000000E+00   -1.132000E+01   -1.110327E+01
   4.300000E-10    4.000000E+00    1.279000E+00    9.300000E+01    1.398000E+00   -2.190000E-01   -1.000000E+01    4.105000E+00    2.983000E+00    2.697000E+00    2.086000E+00   -1.000000E+01    1.250000E+01    6.194000E+00    1.380000E+00    7.000000E+00    9.200000E+01    3.368000E+00    6.207000E-01    4.990000E+00    1.690000E+00    7.345000E-01    8.974000E-04   -9.626000E+00    2.000000E+00    2.000000E+00    1.200000E+03    4.750000E+01   -1.000000E+01    0.000000E+00   -1.026000E+01   -1.027120E+01
   1.010000E-09    1.000000E+00    1.453000E+00    1.080000E+02    1.176000E+00   -1.000000E+01   -1.000000E+01   -1.000000E+01   -1.000000E+01   -1.000000E+01   -1.000000E+01   -1.000000E+01    7.172000E+00    5.139000E+00    9.300000E-01    3.000000E+00    1.100000E+01    1.777000E+00    7.958000E-01    2.890000E+00    1.580000E+00    3.488000E-01    1.162000E-03   -1.452000E+01    2.000000E+00    2.000000E+00    7.000000E+02    9.800000E+01   -1.000000E+01    1.000000E+00   -9.730000E+00   -9.728691E+00
   2.100000E-09    0.000000E+00    1.580000E+00    7.900000E+01    1.398000E+00   -3.010000E-01   -1.000000E+01    4.061000E+00   -1.000000E+01    4.248000E+00   -1.000000E+01   -1.000000E+01    6.600000E+00    1.360000E+01    2.200000E+00    1.000000E+00    1.000000E+00    8.499000E-01    7.650000E-01    8.500000E-01    1.318000E+00    4.571000E-02    8.974000E-04   -9.667000E+00    2.000000E+00    1.000000E+00    1.800000E+03    8.200000E+01   -1.000000E+01    0.000000E+00   -1.019000E+01   -1.023227E+01
   2.000000E-09    4.000000E+00    1.744000E+00    8.200000E+01    1.398000E+00   -5.918000E-01    1.146000E+00    3.279000E+00    3.330000E+00    3.785000E+00    1.831000E+00    3.016000E+00    7.500000E+00    7.280000E+00    1.900000E+00    5.000000E+00    4.300000E+01    2.817000E+00    2.415000E+00    3.850000E+00    1.170000E+00    6.690000E-02    8.974000E-04   -9.812000E+00    2.000000E+00    2.000000E+00    1.360000E+03    8.000000E+01   -1.000000E+01    0.000000E+00   -9.886000E+00   -9.903458E+00
   2.030000E-09    1.000000E+00    1.580000E+00    7.200000E+01    1.176000E+00   -3.010000E-01   -1.000000E+01    4.061000E+00   -1.000000E+01    4.249000E+00   -1.000000E+01   -1.000000E+01    6.800000E+00    1.045000E+01    2.660000E+00    5.000000E+00    5.300000E+01    3.375000E+00    3.039000E+00    3.850000E+00    1.278000E+00    4.562000E-02    1.162000E-03   -9.674000E+00    2.000000E+00    1.000000E+00    1.200000E+03    8.200000E+01   -1.000000E+01   -1.000000E+00   -9.991000E+00   -1.002706E+01
   2.020000E-09    1.000000E+00    2.025000E+00    8.100000E+01    1.398000E+00   -3.010000E-01   -1.000000E+01    4.061000E+00   -1.000000E+01    4.250000E+00   -1.000000E+01   -1.000000E+01    1.250000E+01    1.045000E+01    2.660000E+00    5.000000E+00    5.300000E+01    3.375000E+00    2.922000E+00    3.850000E+00    8.832000E-01    6.258000E-02    8.974000E-04   -9.667000E+00    2.500000E+01    1.000000E+00    1.650000E+03    0.000000E+00   -1.000000E+01   -1.000000E+00   -1.030000E+01   -1.044489E+01
   2.000000E-09    7.000000E+00    1.744000E+00    8.200000E+01    1.903000E+00   -5.918000E-01    1.146000E+00    3.279000E+00    3.330000E+00    3.785000E+00    1.831000E+00    3.016000E+00    7.500000E+00    7.280000E+00    1.900000E+00    5.000000E+00    4.300000E+01    2.817000E+00    2.039000E+00    3.850000E+00    1.170000E+00    1.404000E-01    3.547000E-04   -9.775000E+00    2.000000E+00    2.000000E+00    1.370000E+03    8.000000E+01   -1.000000E+01   -1.000000E+00   -9.896000E+00   -9.809956E+00
   2.570000E-09    1.000000E+00    1.453000E+00    1.080000E+02    1.699000E+00   -1.000000E+01   -1.000000E+01   -1.000000E+01   -1.000000E+01   -1.000000E+01   -1.000000E+01   -1.000000E+01    7.862000E+00    5.139000E+00    9.300000E-01    3.000000E+00    1.100000E+01    1.777000E+00    1.806000E+00    2.890000E+00    1.580000E+00   -7.034000E-03    5.279000E-04   -1.450000E+01    2.000000E+00    2.000000E+00    8.000000E+02    9.800000E+01   -1.000000E+01    1.000000E+00   -9.401000E+00   -9.434862E+00
   7.200000E-10    4.000000E+00    1.279000E+00    9.300000E+01    1.398000E+00   -2.301000E+00   -1.000000E+01    2.362000E+00   -1.000000E+01   -1.000000E+01   -1.000000E+01   -1.000000E+01    7.000000E+00    6.194000E+00    1.380000E+00    7.000000E+00    9.200000E+01    3.368000E+00    1.039000E+00    4.990000E+00    1.690000E+00    5.106000E-01    8.974000E-04   -1.067000E+01    2.000000E+00    2.000000E+00    1.400000E+03    4.750000E+01   -1.000000E+01    0.000000E+00   -1.020000E+01   -1.015571E+01
   7.570000E-10    2.000000E+00    2.477000E+00    5.000000E+01    1.362000E+00   -5.867000E-01    1.799000E+00    3.248000E+00    3.327000E+00    3.805000E+00    1.108000E+00    3.062000E+00    7.800000E+00    5.695000E+00    9.500000E-01    5.000000E+00    3.800000E+01    2.491000E+00    8.138000E-01    3.850000E+00    2.218000E-01    4.859000E-01    9.432000E-04   -9.811000E+00    2.600000E+01    1.000000E+00    1.250000E+03    3.500000E+01    1.699000E+00    2.000000E+00   -9.854000E+00   -1.020845E+01
   4.300000E-10    6.000000E+00    1.279000E+00    9.300000E+01    1.398000E+00   -1.000000E+01   -1.000000E+01   -1.000000E+01   -1.000000E+01   -1.000000E+01   -1.000000E+01   -1.000000E+01    9.000000E+00    6.194000E+00    1.380000E+00    7.000000E+00    9.200000E+01    3.368000E+00    6.207000E-01    4.990000E+00    1.690000E+00    7.345000E-01    8.974000E-04   -1.452000E+01    2.000000E+00    2.000000E+00    1.610000E+03    4.750000E+01    1.602000E+00   -1.000000E+00   -1.044000E+01   -1.046551E+01
   2.030000E-09    1.000000E+00    1.453000E+00    1.100000E+02    1.362000E+00   -3.010000E-01   -1.000000E+01    4.061000E+00   -1.000000E+01    4.249000E+00   -1.000000E+01   -1.000000E+01    7.000000E+00    1.045000E+01    2.660000E+00    5.000000E+00    5.300000E+01    3.375000E+00    2.956000E+00    3.850000E+00    1.588000E+00    5.751000E-02    9.432000E-04   -9.668000E+00    2.000000E+00    1.000000E+00    8.000000E+02    9.800000E+01   -1.000000E+01   -1.000000E+00   -1.067000E+01   -1.081100E+01
   7.420000E-10    1.000000E+00    1.453000E+00    1.080000E+02    6.990000E-01   -1.000000E+01   -1.000000E+01   -1.000000E+01   -1.000000E+01   -1.000000E+01   -1.000000E+01   -1.000000E+01    5.281000E+00    5.139000E+00    9.300000E-01    3.000000E+00    1.100000E+01    1.777000E+00    6.056000E-01    2.890000E+00    1.580000E+00    4.674000E-01    1.536000E-03   -1.453000E+01    2.000000E+00    2.000000E+00    1.400000E+03    9.800000E+01   -1.000000E+01    1.000000E+00   -1.043000E+01   -1.040914E+01
   2.090000E-09    1.000000E+00    1.453000E+00    1.080000E+02    1.398000E+00   -1.000000E+00   -1.000000E+01    3.362000E+00   -1.000000E+01    3.550000E+00   -1.000000E+01   -1.000000E+01    7.325000E+00    1.297000E+01    3.160000E+00    3.000000E+00    1.700000E+01    2.822000E+00    2.528000E+00    2.890000E+00    1.580000E+00    4.778000E-02    8.974000E-04   -1.002000E+01    2.000000E+00    2.000000E+00    1.000000E+03    9.800000E+01   -1.000000E+01   -1.000000E+00   -9.648000E+00   -9.660281E+00
   2.000000E-09    1.000000E+00    1.279000E+00    9.300000E+01    1.398000E+00   -2.000000E+00   -1.000000E+01    1.362000E+00   -1.000000E+01   -1.000000E+01   -1.000000E+01   -1.000000E+01    1.250000E+01    1.045000E+01    2.660000E+00    5.000000E+00    5.300000E+01    3.375000E+00    2.893000E+00    3.850000E+00    1.690000E+00    6.690000E-02    8.974000E-04   -1.052000E+01    2.000000E+00    1.000000E+00    1.600000E+03    4.750000E+01    1.699000E+00   -1.000000E+00   -1.074000E+01   -1.077252E+01
   3.880000E-09    1.000000E+00    1.744000E+00    8.200000E+01    1.778000E+00   -5.834000E-01    9.156000E-01    3.281000E+00    3.328000E+00    3.810000E+00    1.833000E+00    3.016000E+00    8.565000E+00    1.297000E+01    3.160000E+00    3.000000E+00    1.700000E+01    2.822000E+00    4.200000E+00    2.890000E+00    1.170000E+00   -1.727000E-01    4.494000E-04   -9.784000E+00    2.000000E+00    2.000000E+00    1.620000E+03    8.000000E+01    1.699000E+00   -1.000000E+00   -9.567000E+00   -9.485023E+00
   7.900000E-10    2.000000E+00    1.580000E+00    7.900000E+01    1.398000E+00   -1.000000E+00   -1.000000E+01    3.362000E+00   -1.000000E+01    3.550000E+00   -1.000000E+01   -1.000000E+01    6.600000E+00    5.695000E+00    9.500000E-01    5.000000E+00    3.800000E+01    2.491000E+00    8.436000E-01    3.850000E+00    1.318000E+00    4.703000E-01    8.974000E-04   -1.002000E+01    2.000000E+00    3.000000E+00    1.000000E+03    8.200000E+01   -1.000000E+01    2.000000E+00   -8.824000E+00   -8.928413E+00
   2.000000E-09    7.000000E+00    1.580000E+00    7.900000E+01    1.398000E+00   -1.000000E+00   -1.000000E+01    3.362000E+00   -1.000000E+01    3.550000E+00   -1.000000E+01   -1.000000E+01    8.000000E+00    7.280000E+00    1.900000E+00    5.000000E+00    4.300000E+01    2.817000E+00    2.415000E+00    3.850000E+00    1.318000E+00    6.690000E-02    8.974000E-04   -1.002000E+01    2.000000E+00    3.000000E+00    8.000000E+02    8.200000E+01   -1.000000E+01   -1.000000E+00   -9.409000E+00   -9.294003E+00
   2.060000E-09    1.000000E+00    6.232000E-01    6.700000E+01    1.398000E+00   -5.214000E-01   -1.000000E+01    3.663000E+00   -1.000000E+01    4.027000E+00    2.086000E+00   -1.000000E+01    8.000000E+00    3.894000E+00    7.900000E-01    6.000000E+00    5.500000E+01    2.333000E+00    2.060000E+00    4.360000E+00    2.203000E+00    5.406000E-02    8.974000E-04   -9.777000E+00    1.300000E+01    7.000000E+00    2.700000E+03    0.000000E+00   -1.000000E+01    1.000000E+00   -1.160000E+01   -1.168517E+01
   2.090000E-09    1.000000E+00    1.453000E+00    1.080000E+02    1.398000E+00   -1.000000E+01   -1.000000E+01   -1.000000E+01   -1.000000E+01   -1.000000E+01   -1.000000E+01   -1.000000E+01    7.866000E+00    1.297000E+01    3.160000E+00    3.000000E+00    1.700000E+01    2.822000E+00    2.528000E+00    2.890000E+00    1.580000E+00    4.778000E-02    8.974000E-04   -1.452000E+01    2.000000E+00    2.000000E+00    8.000000E+02    9.800000E+01   -1.000000E+01   -1.000000E+00   -9.491000E+00   -9.549089E+00
   2.000000E-09    7.000000E+00    1.580000E+00    7.900000E+01    1.398000E+00   -1.000000E+00   -1.000000E+01    3.362000E+00   -1.000000E+01    3.550000E+00   -1.000000E+01   -1.000000E+01    8.000000E+00    7.280000E+00    1.900000E+00    5.000000E+00    4.300000E+01    2.817000E+00    2.415000E+00    3.850000E+00    1.318000E+00    6.690000E-02    8.974000E-04   -1.002000E+01    2.000000E+00    3.000000E+00    1.020000E+03    8.200000E+01   -1.000000E+01   -1.000000E+00   -9.398000E+00   -9.361104E+00
   2.020000E-09    1.000000E+00    2.025000E+00    8.100000E+01    1.398000E+00    0.000000E+00   -1.000000E+01    4.362000E+00   -1.000000E+01    4.550000E+00   -1.000000E+01   -1.000000E+01    1.250000E+01    1.045000E+01    2.660000E+00    5.000000E+00    5.300000E+01    3.375000E+00    2.922000E+00    3.850000E+00    8.832000E-01    6.258000E-02    8.974000E-04   -9.516000E+00    2.500000E+01    1.000000E+00    1.650000E+03    0.000000E+00   -1.000000E+01   -1.000000E+00   -1.050000E+01   -1.046432E+01
   2.570000E-09    1.000000E+00    1.453000E+00    1.080000E+02    1.699000E+00   -1.000000E+01   -1.000000E+01   -1.000000E+01   -1.000000E+01   -1.000000E+01   -1.000000E+01   -1.000000E+01    6.993000E+00    5.139000E+00    9.300000E-01    3.000000E+00    1.100000E+01    1.777000E+00    1.806000E+00    2.890000E+00    1.580000E+00   -7.034000E-03    5.279000E-04   -1.450000E+01    2.000000E+00    2.000000E+00    1.800000E+03    9.800000E+01   -1.000000E+01    1.000000E+00   -1.031000E+01   -1.027119E+01
   6.600000E-10    2.000000E+00    1.279000E+00    9.300000E+01    1.398000E+00    8.198000E-01   -1.000000E+01    5.178000E+00    3.983000E+00    5.366000E+00    2.086000E+00   -1.000000E+01    1.250000E+01    7.640000E+00    1.910000E+00    4.000000E+00    2.800000E+01    2.586000E+00    7.315000E-01    3.450000E+00    1.690000E+00    5.484000E-01    8.974000E-04   -9.106000E+00    2.000000E+00    2.000000E+00    1.200000E+03    4.750000E+01   -1.000000E+01    2.000000E+00   -1.008000E+01   -1.005412E+01
   1.330000E-09    1.000000E+00    1.833000E+00    7.100000E+01    1.398000E+00   -3.010000E-01   -1.000000E+01    4.061000E+00   -1.000000E+01   -1.000000E+01   -1.000000E+01   -1.000000E+01    5.000000E+00    5.139000E+00    9.300000E-01    3.000000E+00    1.100000E+01    1.777000E+00    1.013000E+00    2.890000E+00    1.019000E+00    2.441000E-01    8.974000E-04   -9.667000E+00    6.000000E+00    1.000000E+00    1.900000E+03    0.000000E+00   -1.000000E+01    1.000000E+00   -9.638000E+00   -9.554481E+00
   2.000000E-09    1.000000E+00    1.447000E+00    1.080000E+02    1.398000E+00   -1.398000E+00   -1.000000E+01   -1.000000E+01    2.904000E+00   -1.000000E+01   -1.000000E+01   -1.000000E+01    1.250000E+01    1.297000E+01    3.160000E+00    3.000000E+00    1.700000E+01    2.822000E+00    2.419000E+00    2.890000E+00    1.586000E+00    6.690000E-02    8.974000E-04   -1.022000E+01    2.000000E+00    1.000000E+00    1.600000E+03    9.800000E+01    1.699000E+00   -1.000000E+00   -1.038000E+01   -1.033590E+01
   2.000000E-09    1.000000E+00    1.279000E+00    9.300000E+01    1.362000E+00   -3.010000E-01   -1.000000E+01    4.061000E+00   -1.000000E+01    4.250000E+00   -1.000000E+01   -1.000000E+01    1.250000E+01    1.045000E+01    2.660000E+00    5.000000E+00    5.300000E+01    3.375000E+00    2.913000E+00    3.850000E+00    1.690000E+00    6.398000E-02    9.432000E-04   -9.668000E+00    2.000000E+00    1.000000E+00    1.600000E+03    4.800000E+01    1.477000E+00   -1.000000E+00   -1.040000E+01   -1.042261E+01
   2.090000E-09    1.000000E+00    1.447000E+00    1.080000E+02    1.398000E+00   -1.000000E+01   -1.000000E+01   -1.000000E+01   -1.000000E+01   -1.000000E+01   -1.000000E+01   -1.000000E+01    1.200000E+01    3.894000E+00    7.900000E-01    6.000000E+00    5.500000E+01    2.333000E+00    2.090000E+00    4.360000E+00    1.586000E+00    4.778000E-02    8.974000E-04   -1.452000E+01    2.000000E+00    2.000000E+00    1.210000E+03    1.000000E+02   -1.000000E+01    1.000000E+00   -9.848000E+00   -9.790633E+00
   1.970000E-09    1.000000E+00    1.744000E+00    8.200000E+01    1.380000E+00   -6.576000E-01    1.176000E+00    3.262000E+00    3.292000E+00    3.770000E+00    1.447000E+00    3.583000E+00    7.200000E+00    1.045000E+01    2.660000E+00    5.000000E+00    5.300000E+01    3.375000E+00    2.859000E+00    3.850000E+00    1.170000E+00    7.200000E-02    9.199000E-04   -9.846000E+00    2.000000E+00    2.000000E+00    1.320000E+03    8.000000E+01   -1.000000E+01   -1.000000E+00   -9.886000E+00   -9.874260E+00
   2.000000E-09    7.000000E+00    1.744000E+00    8.200000E+01    1.398000E+00   -5.918000E-01    1.146000E+00    3.279000E+00    3.330000E+00    3.785000E+00    1.831000E+00    3.016000E+00    7.500000E+00    7.280000E+00    1.900000E+00    5.000000E+00    4.300000E+01    2.817000E+00    2.415000E+00    3.850000E+00    1.170000E+00    6.690000E-02    8.974000E-04   -9.812000E+00    2.000000E+00    2.000000E+00    9.300000E+02    8.000000E+01   -1.000000E+01   -1.000000E+00   -9.544000E+00   -9.549622E+00
   1.350000E-09    1.000000E+00    1.453000E+00    1.080000E+02    1.398000E+00   -1.301000E+00   -1.000000E+01    3.061000E+00   -1.000000E+01    3.249000E+00   -1.000000E+01   -1.000000E+01    7.083000E+00    5.139000E+00    9.300000E-01    3.000000E+00    1.100000E+01    1.777000E+00    1.028000E+00    2.890000E+00    1.580000E+00    2.376000E-01    8.974000E-04   -1.017000E+01    2.000000E+00    2.000000E+00    1.000000E+03    9.800000E+01   -1.000000E+01    1.000000E+00   -9.839000E+00   -9.800354E+00
   5.740000E-09    1.000000E+00    1.744000E+00    8.200000E+01    1.954000E+00   -5.834000E-01    9.156000E-01    3.281000E+00    3.328000E+00    3.810000E+00    1.833000E+00    3.016000E+00    8.439000E+00    1.297000E+01    3.160000E+00    3.000000E+00    1.700000E+01    2.822000E+00    5.700000E+00    2.890000E+00    1.170000E+00   -3.053000E-01    3.270000E-04   -9.765000E+00    2.000000E+00    2.000000E+00    1.630000E+03    8.000000E+01    1.699000E+00   -1.000000E+00   -9.407000E+00   -9.464769E+00
   1.640000E-09    2.000000E+00    1.279000E+00    9.300000E+01    1.352000E+00   -1.807000E+00   -1.000000E+01    2.378000E+00   -1.000000E+01   -1.000000E+01   -1.000000E+01    2.699000E+00    7.250000E+00    9.752000E+00    2.550000E+00    4.000000E+00    3.400000E+01    2.921000E+00    2.071000E+00    3.450000E+00    1.690000E+00    1.494000E-01    9.552000E-04   -1.042000E+01    2.000000E+00    2.000000E+00    1.600000E+03    5.000000E+01   -1.000000E+01   -1.000000E+00   -1.004000E+01   -1.008487E+01
   2.040000E-09    1.000000E+00    1.744000E+00    8.200000E+01    1.380000E+00   -6.576000E-01    1.176000E+00    3.262000E+00    3.292000E+00    3.770000E+00    1.447000E+00    3.583000E+00    7.200000E+00    3.894000E+00    7.900000E-01    6.000000E+00    5.500000E+01    2.333000E+00    2.047000E+00    4.360000E+00    1.170000E+00    5.684000E-02    9.199000E-04   -9.846000E+00    2.000000E+00    2.000000E+00    1.370000E+03    8.000000E+01   -1.000000E+01    1.000000E+00   -9.914000E+00   -9.897897E+00
   2.000000E-09    1.000000E+00    1.580000E+00    7.900000E+01    1.380000E+00   -7.747000E-01    2.220000E+00    3.380000E+00    2.982000E+00    3.643000E+00   -1.000000E+01    2.294000E+00    1.160000E+01    1.297000E+01    3.160000E+00    3.000000E+00    1.700000E+01    2.822000E+00    2.427000E+00    2.890000E+00    1.318000E+00    6.544000E-02    9.199000E-04   -9.904000E+00    2.000000E+00    1.000000E+00    1.810000E+03    8.200000E+01    1.778000E+00   -1.000000E+00   -1.089000E+01   -1.076206E+01
   2.090000E-09    1.000000E+00    1.491000E+00    8.300000E+01    1.362000E+00   -2.839000E+00    5.441000E-01    9.191000E-01    1.114000E+00    6.990000E-01   -1.000000E+01    9.345000E-01    7.000000E+00    3.894000E+00    7.900000E-01    6.000000E+00    5.500000E+01    2.333000E+00    2.104000E+00    4.360000E+00    1.428000E+00    4.486000E-02    9.432000E-04   -1.094000E+01    2.000000E+00    1.000000E+00    1.400000E+03    8.000000E+01    1.699000E+00    1.000000E+00   -1.096000E+01   -1.076745E+01
   2.950000E-09    1.000000E+00    1.453000E+00    1.080000E+02    1.602000E+00   -1.000000E+01   -1.000000E+01   -1.000000E+01   -1.000000E+01   -1.000000E+01   -1.000000E+01   -1.000000E+01    6.537000E+00    1.297000E+01    3.160000E+00    3.000000E+00    1.700000E+01    2.822000E+00    3.397000E+00    2.890000E+00    1.580000E+00   -8.057000E-02    6.389000E-04   -1.451000E+01    2.000000E+00    2.000000E+00    9.000000E+02    9.800000E+01   -1.000000E+01   -1.000000E+00   -9.419000E+00   -9.443201E+00
   2.090000E-09    1.000000E+00   -1.549000E-01    1.000000E+01    1.398000E+00   -5.157000E-01    1.000000E+00    3.380000E+00    3.405000E+00    3.922000E+00    1.230000E+00    2.230000E+00    8.700000E+00    3.894000E+00    7.900000E-01    6.000000E+00    5.500000E+01    2.333000E+00    2.090000E+00    4.360000E+00    2.155000E+00    4.778000E-02    8.974000E-04   -9.774000E+00    1.400000E+01    1.000000E+00    2.730000E+03    0.000000E+00   -1.000000E+01    1.000000E+00   -1.129000E+01   -1.122934E+01
   8.100000E-10    2.000000E+00    2.025000E+00    8.100000E+01    1.342000E+00   -1.000000E+00   -1.000000E+01    3.362000E+00   -1.000000E+01    3.550000E+00   -1.000000E+01   -1.000000E+01    8.000000E+00    9.752000E+00    2.550000E+00    4.000000E+00    3.400000E+01    2.921000E+00    1.025000E+00    3.450000E+00    8.832000E-01    4.551000E-01    9.673000E-04   -1.002000E+01    2.500000E+01    1.000000E+00    1.530000E+03    0.000000E+00   -1.000000E+01   -1.000000E+00   -1.121000E+01   -1.120611E+01
   1.200000E-09    4.000000E+00    1.279000E+00    9.300000E+01    1.398000E+00   -2.815000E-01   -1.000000E+01    4.080000E+00   -1.000000E+01    4.259000E+00   -1.000000E+01   -1.000000E+01    7.000000E+00    6.266000E+00    1.360000E+00    7.000000E+00    9.300000E+01    3.387000E+00    1.742000E+00    4.990000E+00    1.690000E+00    2.887000E-01    8.974000E-04   -9.657000E+00    2.000000E+00    2.000000E+00    1.800000E+03    4.750000E+01   -1.000000E+01    0.000000E+00   -1.037000E+01   -1.038321E+01
   9.000000E-10    4.000000E+00    1.279000E+00    9.300000E+01    1.398000E+00   -1.000000E+01   -1.000000E+01   -1.000000E+01   -1.000000E+01   -1.000000E+01   -1.000000E+01   -1.000000E+01    1.300000E+01    7.344000E+00    1.960000E+00    5.000000E+00    5.000000E+01    2.829000E+00    1.091000E+00    3.850000E+00    1.690000E+00    4.137000E-01    8.974000E-04   -1.452000E+01    2.000000E+00    2.000000E+00    1.000000E+03    4.750000E+01   -1.000000E+01    4.000000E+00   -9.804000E+00   -9.761213E+00
   1.330000E-09    1.000000E+00    1.453000E+00    1.100000E+02    1.362000E+00   -3.010000E-01   -1.000000E+01    4.061000E+00   -1.000000E+01    4.249000E+00   -1.000000E+01   -1.000000E+01    7.000000E+00    5.139000E+00    9.300000E-01    3.000000E+00    1.100000E+01    1.777000E+00    1.020000E+00    2.890000E+00    1.588000E+00    2.412000E-01    9.432000E-04   -9.668000E+00    2.000000E+00    1.000000E+00    8.000000E+02    9.800000E+01   -1.000000E+01    1.000000E+00   -1.014000E+01   -9.796433E+00
   1.000000E-10    6.000000E+00    1.447000E+00    1.080000E+02    1.398000E+00   -1.000000E+01   -1.000000E+01   -1.000000E+01   -1.000000E+01   -1.000000E+01   -1.000000E+01   -1.000000E+01    9.000000E+00    6.194000E+00    1.380000E+00    7.000000E+00    9.200000E+01    3.368000E+00    1.443000E-01    4.990000E+00    1.586000E+00    1.368000E+00    8.974000E-04   -1.452000E+01    2.000000E+00    2.000000E+00    1.400000E+03    9.990000E+01   -1.000000E+01   -1.000000E+00   -1.131000E+01   -1.124085E+01
   2.032000E-10    1.000000E+00    1.602000E+00    1.400000E+01    1.362000E+00   -2.000000E+00    9.345000E-01    2.362000E+00    5.328000E-01    2.338000E+00    2.387000E+00    1.904000E+00    8.300000E+00    1.297000E+01    3.160000E+00    3.000000E+00    1.700000E+01    2.822000E+00    2.474000E-01    2.890000E+00    5.441000E-01    1.057000E+00    9.432000E-04   -1.052000E+01    5.000000E+00    1.000000E+00    2.450000E+03    0.000000E+00   -1.000000E+01   -1.000000E+00   -1.184000E+01   -1.166093E+01
   2.000000E-09    4.000000E+00    1.744000E+00    8.200000E+01    1.398000E+00   -5.918000E-01    1.146000E+00    3.279000E+00    3.330000E+00    3.785000E+00    1.831000E+00    3.016000E+00    7.500000E+00    7.280000E+00    1.900000E+00    5.000000E+00    4.300000E+01    2.817000E+00    2.415000E+00    3.850000E+00    1.170000E+00    6.690000E-02    8.974000E-04   -9.812000E+00    2.000000E+00    2.000000E+00    1.280000E+03    8.000000E+01   -1.000000E+01    0.000000E+00   -9.818000E+00   -9.828610E+00
   1.690000E-09    2.000000E+00    1.744000E+00    8.200000E+01    1.778000E+00   -5.834000E-01    9.156000E-01    3.281000E+00    3.328000E+00    3.810000E+00    1.833000E+00    3.016000E+00    8.172000E+00    5.695000E+00    9.500000E-01    5.000000E+00    3.800000E+01    2.491000E+00    1.615000E+00    3.850000E+00    1.170000E+00    1.882000E-01    4.494000E-04   -9.784000E+00    2.000000E+00    2.000000E+00    1.600000E+03    8.000000E+01    1.699000E+00    2.000000E+00   -9.910000E+00   -9.994296E+00
   2.000000E-09    1.000000E+00   -1.549000E-01    1.000000E+01    1.398000E+00   -3.037000E+00   -6.990000E-01    9.827000E-01    7.490000E-01    2.967000E-01    1.408000E+00    9.581000E-01    8.700000E+00    1.297000E+01    3.160000E+00    3.000000E+00    1.700000E+01    2.822000E+00    2.419000E+00    2.890000E+00    2.155000E+00    6.690000E-02    8.974000E-04   -1.103000E+01    1.400000E+01    1.000000E+00    2.730000E+03    0.000000E+00   -1.000000E+01   -1.000000E+00   -1.100000E+01   -1.115623E+01
   2.000000E-09    1.000000E+00    1.602000E+00    1.400000E+01    1.362000E+00   -1.699000E+00    9.345000E-01    2.362000E+00    5.328000E-01    2.338000E+00    2.387000E+00    1.904000E+00    8.300000E+00    1.045000E+01    2.660000E+00    5.000000E+00    5.300000E+01    3.375000E+00    2.913000E+00    3.850000E+00    5.441000E-01    6.398000E-02    9.432000E-04   -1.037000E+01    5.000000E+00    1.000000E+00    2.450000E+03    0.000000E+00   -1.000000E+01   -1.000000E+00   -1.207000E+01   -1.209494E+01
   3.690000E-09    1.000000E+00    1.580000E+00    7.870000E+01    1.398000E+00    7.918000E-02   -1.000000E+01    4.441000E+00   -1.000000E+01    4.629000E+00   -1.000000E+01   -1.000000E+01    7.469000E+00    3.894000E+00    7.900000E-01    6.000000E+00    5.500000E+01    2.333000E+00    3.690000E+00    4.360000E+00    1.316000E+00   -1.991000E-01    8.974000E-04   -9.477000E+00    2.000000E+00    7.000000E+00    2.030000E+03    8.200000E+01   -1.000000E+01    1.000000E+00   -1.027000E+01   -1.030367E+01
   2.100000E-09    5.000000E+00    1.279000E+00    9.300000E+01    1.398000E+00    8.198000E-01   -1.000000E+01    5.178000E+00    3.983000E+00    5.366000E+00    2.086000E+00   -1.000000E+01    1.250000E+01    6.759000E+00    1.600000E+00    5.000000E+00    4.100000E+01    2.714000E+00    2.443000E+00    3.850000E+00    1.690000E+00    4.571000E-02    8.974000E-04   -9.106000E+00    2.000000E+00    2.000000E+00    1.200000E+03    4.750000E+01   -1.000000E+01   -1.000000E+00   -9.577000E+00   -9.614275E+00
   3.690000E-09    1.000000E+00    1.453000E+00    1.080000E+02    1.699000E+00   -3.010000E-01   -1.000000E+01    4.061000E+00   -1.000000E+01    4.249000E+00   -1.000000E+01   -1.000000E+01    5.907000E+00    1.297000E+01    3.160000E+00    3.000000E+00    1.700000E+01    2.822000E+00    4.118000E+00    2.890000E+00    1.580000E+00   -1.641000E-01    5.279000E-04   -9.649000E+00    2.000000E+00    2.000000E+00    1.000000E+03    9.800000E+01   -1.000000E+01   -1.000000E+00   -9.401000E+00   -9.455599E+00
   1.300000E-09    2.000000E+00    2.155000E+00    8.300000E+01    1.398000E+00   -2.000000E+00   -1.000000E+01    2.362000E+00   -1.000000E+01   -1.000000E+01   -1.000000E+01   -1.000000E+01    5.274000E+00    5.139000E+00    9.300000E-01    3.000000E+00    1.100000E+01    1.777000E+00    9.899000E-01    2.890000E+00    7.637000E-01    2.540000E-01    8.974000E-04   -1.052000E+01    3.000000E+00    1.000000E+00    1.950000E+03    1.000000E+02   -1.000000E+01    1.000000E+00   -8.854000E+00   -9.232277E+00
   2.000000E-09    1.000000E+00   -1.549000E-01    1.000000E+01    1.398000E+00   -5.157000E-01    1.000000E+00    3.380000E+00    3.405000E+00    3.922000E+00    1.230000E+00    2.230000E+00    8.700000E+00    1.297000E+01    3.160000E+00    3.000000E+00    1.700000E+01    2.822000E+00    2.419000E+00    2.890000E+00    2.155000E+00    6.690000E-02    8.974000E-04   -9.774000E+00    1.400000E+01    1.000000E+00    2.730000E+03    0.000000E+00   -1.000000E+01   -1.000000E+00   -1.077000E+01   -1.110327E+01
   2.100000E-09    5.000000E+00    1.279000E+00    9.300000E+01    1.398000E+00   -1.000000E+01   -1.000000E+01   -1.000000E+01   -1.000000E+01   -1.000000E+01   -1.000000E+01   -1.000000E+01    1.250000E+01    6.759000E+00    1.600000E+00    5.000000E+00    4.100000E+01    2.714000E+00    2.443000E+00    3.850000E+00    1.690000E+00    4.571000E-02    8.974000E-04   -1.452000E+01    2.000000E+00    2.000000E+00    1.800000E+03    4.750000E+01   -1.000000E+01   -1.000000E+00   -1.013000E+01   -1.014250E+01
   1.010000E-09    1.000000E+00    1.453000E+00    1.080000E+02    1.176000E+00   -1.000000E+01   -1.000000E+01   -1.000000E+01   -1.000000E+01   -1.000000E+01   -1.000000E+01   -1.000000E+01    6.267000E+00    5.139000E+00    9.300000E-01    3.000000E+00    1.100000E+01    1.777000E+00    7.958000E-01    2.890000E+00    1.580000E+00    3.488000E-01    1.162000E-03   -1.452000E+01    2.000000E+00    2.000000E+00    1.100000E+03    9.800000E+01   -1.000000E+01    1.000000E+00   -1.004000E+01   -9.987983E+00
   2.090000E-09    1.000000E+00    1.447000E+00    1.080000E+02    1.398000E+00   -1.000000E+01   -1.000000E+01   -1.000000E+01   -1.000000E+01   -1.000000E+01   -1.000000E+01   -1.000000E+01    1.100000E+01    3.894000E+00    7.900000E-01    6.000000E+00    5.500000E+01    2.333000E+00    2.090000E+00    4.360000E+00    1.586000E+00    4.778000E-02    8.974000E-04   -1.452000E+01    2.000000E+00    2.000000E+00    1.190000E+03    1.000000E+02   -1.000000E+01    1.000000E+00   -9.830000E+00   -9.736721E+00
   2.000000E-09    1.000000E+00    1.744000E+00    8.200000E+01    1.380000E+00   -5.918000E-01    1.146000E+00    3.279000E+00    3.328000E+00    3.785000E+00    1.831000E+00    3.016000E+00    7.500000E+00    1.045000E+01    2.660000E+00    5.000000E+00    5.300000E+01    3.375000E+00    2.903000E+00    3.850000E+00    1.170000E+00    6.544000E-02    9.199000E-04   -9.813000E+00    2.000000E+00    2.000000E+00    8.800000E+02    8.000000E+01   -1.000000E+01   -1.000000E+00   -9.507000E+00   -9.551847E+00
   2.000000E-09    1.000000E+00    1.602000E+00    1.400000E+01    1.362000E+00   -9.586000E-01    9.345000E-01    3.403000E+00    5.328000E-01    3.575000E+00    2.387000E+00    1.904000E+00    8.200000E+00    1.045000E+01    2.660000E+00    5.000000E+00    5.300000E+01    3.375000E+00    2.913000E+00    3.850000E+00    5.441000E-01    6.398000E-02    9.432000E-04   -9.997000E+00    5.000000E+00    1.000000E+00    2.450000E+03    0.000000E+00   -1.000000E+01   -1.000000E+00   -1.171000E+01   -1.181025E+01
   2.100000E-09    1.000000E+00    1.453000E+00    1.080000E+02    1.602000E+00   -2.000000E+00   -1.000000E+01    2.362000E+00   -1.000000E+01    2.550000E+00   -1.000000E+01   -1.000000E+01    7.784000E+00    3.894000E+00    7.900000E-01    6.000000E+00    5.500000E+01    2.333000E+00    1.999000E+00    4.360000E+00    1.580000E+00    6.703000E-02    6.389000E-04   -1.051000E+01    2.000000E+00    2.000000E+00    9.100000E+02    9.999000E+01   -1.000000E+01    1.000000E+00   -9.580000E+00   -9.609401E+00
   2.000000E-09    1.000000E+00    1.447000E+00    1.080000E+02    1.362000E+00    6.990000E-01   -1.000000E+01    5.061000E+00   -1.000000E+01   -1.000000E+01   -1.000000E+01   -1.000000E+01    1.250000E+01    1.297000E+01    3.160000E+00    3.000000E+00    1.700000E+01    2.822000E+00    2.435000E+00    2.890000E+00    1.586000E+00    6.398000E-02    9.432000E-04   -9.168000E+00    2.000000E+00    1.000000E+00    9.000000E+02    1.000000E+02   -1.000000E+01   -1.000000E+00   -1.051000E+01   -1.037459E+01
   2.570000E-09    1.000000E+00    1.453000E+00    1.080000E+02    1.699000E+00   -1.000000E+01   -1.000000E+01   -1.000000E+01   -1.000000E+01   -1.000000E+01   -1.000000E+01   -1.000000E+01    6.917000E+00    5.139000E+00    9.300000E-01    3.000000E+00    1.100000E+01    1.777000E+00    1.806000E+00    2.890000E+00    1.580000E+00   -7.034000E-03    5.279000E-04   -1.450000E+01    2.000000E+00    2.000000E+00    1.800000E+03    9.800000E+01   -1.000000E+01    1.000000E+00   -1.031000E+01   -1.027119E+01
   2.000000E-09    7.000000E+00    1.744000E+00    8.200000E+01    1.380000E+00   -5.918000E-01    1.146000E+00    3.279000E+00    3.330000E+00    3.785000E+00    1.831000E+00    3.016000E+00    7.500000E+00    7.280000E+00    1.900000E+00    5.000000E+00    4.300000E+01    2.817000E+00    2.423000E+00    3.850000E+00    1.170000E+00    6.544000E-02    9.199000E-04   -9.813000E+00    2.000000E+00    1.000000E+00    1.100000E+03    8.000000E+01   -1.000000E+01   -1.000000E+00   -9.674000E+00   -9.685134E+00
   2.030000E-09    1.000000E+00    1.580000E+00    7.200000E+01    1.176000E+00   -3.010000E-01   -1.000000E+01    4.061000E+00   -1.000000E+01    4.249000E+00   -1.000000E+01   -1.000000E+01    6.800000E+00    1.045000E+01    2.660000E+00    5.000000E+00    5.300000E+01    3.375000E+00    3.039000E+00    3.850000E+00    1.278000E+00    4.562000E-02    1.162000E-03   -9.674000E+00    2.000000E+00    1.000000E+00    1.800000E+03    8.200000E+01   -1.000000E+01   -1.000000E+00   -1.055000E+01   -1.055634E+01
   2.090000E-09    1.000000E+00    1.453000E+00    1.080000E+02    1.398000E+00   -1.000000E+01   -1.000000E+01   -1.000000E+01   -1.000000E+01   -1.000000E+01   -1.000000E+01   -1.000000E+01    6.841000E+00    1.297000E+01    3.160000E+00    3.000000E+00    1.700000E+01    2.822000E+00    2.528000E+00    2.890000E+00    1.580000E+00    4.778000E-02    8.974000E-04   -1.452000E+01    2.000000E+00    2.000000E+00    1.200000E+03    9.800000E+01   -1.000000E+01   -1.000000E+00   -9.810000E+00   -9.771395E+00
   9.230000E-10    4.000000E+00    1.744000E+00    8.200000E+01    1.362000E+00   -5.768000E-01    1.437000E+00    3.430000E+00    3.204000E+00    3.844000E+00    1.086000E+00    3.126000E+00    7.700000E+00    1.126000E+01    2.550000E+00    2.000000E+00    6.000000E+00    1.811000E+00    7.212000E-01    1.990000E+00    1.170000E+00    3.998000E-01    9.432000E-04   -9.806000E+00    2.000000E+00    1.000000E+00    8.900000E+02    8.000000E+01   -1.000000E+01   -2.000000E+00   -1.102000E+01   -1.114731E+01
   1.300000E-09    1.000000E+00    1.580000E+00    7.870000E+01    1.398000E+00   -1.301000E+00   -1.000000E+01    3.061000E+00   -1.000000E+01   -1.000000E+01   -1.000000E+01   -1.000000E+01    6.924000E+00    5.139000E+00    9.300000E-01    3.000000E+00    1.100000E+01    1.777000E+00    9.899000E-01    2.890000E+00    1.316000E+00    2.540000E-01    8.974000E-04   -1.017000E+01    2.000000E+00    1.000000E+00    1.800000E+03    8.200000E+01   -1.000000E+01    1.000000E+00   -1.048000E+01   -1.040390E+01
   1.350000E-09    1.000000E+00    1.453000E+00    1.080000E+02    1.398000E+00   -1.000000E+01   -1.000000E+01   -1.000000E+01   -1.000000E+01   -1.000000E+01   -1.000000E+01   -1.000000E+01    7.806000E+00    5.139000E+00    9.300000E-01    3.000000E+00    1.100000E+01    1.777000E+00    1.028000E+00    2.890000E+00    1.580000E+00    2.376000E-01    8.974000E-04   -1.452000E+01    2.000000E+00    2.000000E+00    8.000000E+02    9.800000E+01   -1.000000E+01    1.000000E+00   -9.682000E+00   -9.632144E+00
   2.140000E-09    0.000000E+00    1.580000E+00    7.900000E+01    1.398000E+00   -1.166000E+00    2.934000E+00    2.265000E+00    2.882000E+00    3.027000E+00   -1.000000E+01    1.061000E+00    1.250000E+01    1.360000E+01    2.200000E+00    1.000000E+00    1.000000E+00    8.499000E-01    7.796000E-01    8.500000E-01    1.318000E+00    3.752000E-02    8.974000E-04   -1.010000E+01    2.000000E+00    1.000000E+00    1.700000E+03    8.200000E+01   -1.000000E+01    0.000000E+00   -1.024000E+01   -1.022003E+01
   1.180000E-09    1.000000E+00    1.453000E+00    1.080000E+02    6.990000E-01   -1.000000E+01   -1.000000E+01   -1.000000E+01   -1.000000E+01   -1.000000E+01   -1.000000E+01   -1.000000E+01    5.804000E+00    1.297000E+01    3.160000E+00    3.000000E+00    1.700000E+01    2.822000E+00    1.530000E+00    2.890000E+00    1.580000E+00    2.659000E-01    1.536000E-03   -1.453000E+01    2.000000E+00    2.000000E+00    1.000000E+03    9.800000E+01   -1.000000E+01   -1.000000E+00   -9.896000E+00   -9.835442E+00
   2.100000E-09    0.000000E+00    2.025000E+00    8.100000E+01    1.398000E+00    6.990000E-01   -1.000000E+01    5.061000E+00   -1.000000E+01    5.249000E+00   -1.000000E+01   -1.000000E+01    1.250000E+01    1.360000E+01    2.200000E+00    1.000000E+00    1.000000E+00    8.499000E-01    7.650000E-01    8.500000E-01    8.832000E-01    4.571000E-02    8.974000E-04   -9.167000E+00    2.500000E+01    1.000000E+00    1.650000E+03    0.000000E+00   -1.000000E+01    0.000000E+00   -1.030000E+01   -1.029945E+01
   2.140000E-09    0.000000E+00    1.580000E+00    7.900000E+01    1.362000E+00   -1.470000E+00    2.204000E+00    2.529000E+00    2.672000E+00    1.623000E+00   -1.000000E+01    1.362000E+00    1.160000E+01    1.360000E+01    2.200000E+00    1.000000E+00    1.000000E+00    8.499000E-01    7.849000E-01    8.500000E-01    1.318000E+00    3.459000E-02    9.432000E-04   -1.025000E+01    2.000000E+00    1.000000E+00    1.930000E+03    8.200000E+01    1.954000E+00    0.000000E+00   -1.059000E+01   -1.034486E+01
   2.100000E-09    0.000000E+00   -1.549000E-01    1.000000E+01    1.362000E+00   -3.037000E+00   -6.990000E-01    9.827000E-01    7.490000E-01    2.967000E-01    1.408000E+00    9.581000E-01    8.700000E+00    1.360000E+01    2.200000E+00    1.000000E+00    1.000000E+00    8.499000E-01    7.702000E-01    8.500000E-01    2.155000E+00    4.279000E-02    9.432000E-04   -1.104000E+01    1.400000E+01    1.000000E+00    2.730000E+03    0.000000E+00   -1.000000E+01    0.000000E+00   -1.128000E+01   -1.117926E+01
   9.230000E-10    4.000000E+00    1.279000E+00    9.300000E+01    1.398000E+00   -1.796000E+00   -1.000000E+01    2.867000E+00   -1.000000E+01   -1.000000E+01   -1.000000E+01   -1.000000E+01    1.250000E+01    1.126000E+01    2.550000E+00    2.000000E+00    6.000000E+00    1.811000E+00    7.164000E-01    1.990000E+00    1.690000E+00    4.027000E-01    8.974000E-04   -1.041000E+01    2.000000E+00    1.000000E+00    1.600000E+03    4.750000E+01    1.845000E+00   -2.000000E+00   -1.080000E+01   -1.077248E+01
   2.570000E-09    1.000000E+00    1.453000E+00    1.080000E+02    1.699000E+00   -1.000000E+01   -1.000000E+01   -1.000000E+01   -1.000000E+01   -1.000000E+01   -1.000000E+01   -1.000000E+01    6.917000E+00    5.139000E+00    9.300000E-01    3.000000E+00    1.100000E+01    1.777000E+00    1.806000E+00    2.890000E+00    1.580000E+00   -7.034000E-03    5.279000E-04   -1.450000E+01    2.000000E+00    2.000000E+00    1.800000E+03    9.800000E+01   -1.000000E+01    1.000000E+00   -1.031000E+01   -1.027119E+01
   4.300000E-10    6.000000E+00    1.279000E+00    9.300000E+01    1.398000E+00   -1.000000E+01   -1.000000E+01   -1.000000E+01   -1.000000E+01   -1.000000E+01   -1.000000E+01   -1.000000E+01    8.450000E+00    6.194000E+00    1.380000E+00    7.000000E+00    9.200000E+01    3.368000E+00    6.207000E-01    4.990000E+00    1.690000E+00    7.345000E-01    8.974000E-04   -1.452000E+01    2.000000E+00    2.000000E+00    1.400000E+03    4.750000E+01   -1.000000E+01   -4.000000E+00   -1.043000E+01   -1.054821E+01
   8.480000E-10    2.000000E+00    4.771000E-01    2.000000E+00    1.398000E+00   -2.523000E+00   -1.000000E+01   -1.000000E+01    1.603000E+00    1.851000E+00   -1.000000E+01   -1.000000E+01    6.250000E+00    5.212000E+00    8.900000E-01    6.000000E+00    5.600000E+01    2.699000E+00    9.810000E-01    4.360000E+00    8.239000E-01    4.395000E-01    8.974000E-04   -1.078000E+01    8.000000E+00    1.000000E+00    2.640000E+03    0.000000E+00   -1.000000E+01    2.000000E+00   -1.270000E+01   -1.265588E+01
   2.100000E-09    0.000000E+00    2.025000E+00    8.100000E+01    1.398000E+00   -2.000000E+00   -1.000000E+01    2.362000E+00   -1.000000E+01    2.550000E+00   -1.000000E+01   -1.000000E+01    1.250000E+01    1.360000E+01    2.200000E+00    1.000000E+00    1.000000E+00    8.499000E-01    7.650000E-01    8.500000E-01    8.832000E-01    4.571000E-02    8.974000E-04   -1.052000E+01    2.500000E+01    1.000000E+00    1.650000E+03    0.000000E+00   -1.000000E+01    0.000000E+00   -1.004000E+01   -1.001450E+01
   2.000000E-09    1.000000E+00    1.447000E+00    1.080000E+02    1.398000E+00   -1.398000E+00   -1.000000E+01   -1.000000E+01    2.904000E+00   -1.000000E+01   -1.000000E+01   -1.000000E+01    1.250000E+01    1.297000E+01    3.160000E+00    3.000000E+00    1.700000E+01    2.822000E+00    2.419000E+00    2.890000E+00    1.586000E+00    6.690000E-02    8.974000E-04   -1.022000E+01    2.000000E+00    1.000000E+00    1.600000E+03    9.800000E+01    1.903000E+00   -1.000000E+00   -9.959000E+00   -1.007575E+01
   2.570000E-09    1.000000E+00    1.453000E+00    1.080000E+02    1.699000E+00   -3.010000E-01   -1.000000E+01    4.061000E+00   -1.000000E+01    4.249000E+00   -1.000000E+01   -1.000000E+01    6.874000E+00    5.139000E+00    9.300000E-01    3.000000E+00    1.100000E+01    1.777000E+00    1.806000E+00    2.890000E+00    1.580000E+00   -7.034000E-03    5.279000E-04   -9.649000E+00    2.000000E+00    2.000000E+00    1.000000E+03    9.800000E+01   -1.000000E+01    1.000000E+00   -9.559000E+00   -9.551916E+00
   1.300000E-09    1.000000E+00   -1.549000E-01    1.000000E+01    1.398000E+00   -5.157000E-01    1.000000E+00    3.380000E+00    3.405000E+00    3.922000E+00    1.230000E+00    2.230000E+00    8.770000E+00    5.139000E+00    9.300000E-01    3.000000E+00    1.100000E+01    1.777000E+00    9.899000E-01    2.890000E+00    2.155000E+00    2.540000E-01    8.974000E-04   -9.774000E+00    1.400000E+01    1.000000E+00    2.610000E+03    0.000000E+00   -1.000000E+01    1.000000E+00   -1.137000E+01   -1.114344E+01
   1.550000E-09    4.000000E+00    1.408000E+00    7.200000E+01    1.114000E+00   -1.018000E+00    1.176000E+00    3.069000E+00    2.685000E+00    3.064000E+00    1.708000E+00    3.353000E+00    4.000000E+00    9.752000E+00    2.550000E+00    4.000000E+00    3.400000E+01    2.921000E+00    2.022000E+00    3.450000E+00    1.449000E+00    1.598000E-01    1.226000E-03   -1.003000E+01    2.000000E+00    1.000000E+00    1.600000E+03    7.500000E+01   -1.000000E+01   -1.000000E+00   -1.064000E+01   -1.075543E+01
   2.000000E-09    1.000000E+00   -2.218000E-01    1.730000E+01    1.398000E+00   -1.215000E+00   -6.990000E-01    9.823000E-01    7.497000E-01    2.967000E-01    1.348000E+00    9.581000E-01    8.920000E+00    1.297000E+01    3.160000E+00    3.000000E+00    1.700000E+01    2.822000E+00    2.419000E+00    2.890000E+00    2.460000E+00    6.690000E-02    8.974000E-04   -1.012000E+01    2.700000E+01    1.000000E+00    2.440000E+03    0.000000E+00   -1.000000E+01   -1.000000E+00   -1.074000E+01   -1.078159E+01
   2.950000E-09    1.000000E+00    1.453000E+00    1.080000E+02    1.602000E+00   -1.000000E+01   -1.000000E+01   -1.000000E+01   -1.000000E+01   -1.000000E+01   -1.000000E+01   -1.000000E+01    5.921000E+00    1.297000E+01    3.160000E+00    3.000000E+00    1.700000E+01    2.822000E+00    3.397000E+00    2.890000E+00    1.580000E+00   -8.057000E-02    6.389000E-04   -1.451000E+01    2.000000E+00    2.000000E+00    1.200000E+03    9.800000E+01   -1.000000E+01   -1.000000E+00   -9.662000E+00   -9.586381E+00
   1.550000E-09    4.000000E+00    6.232000E-01    6.700000E+01    1.653000E+00   -1.398000E+00    8.451000E-01    2.784000E+00    1.869000E+00    2.785000E+00   -1.000000E+01    2.785000E+00    7.100000E+00    9.752000E+00    2.550000E+00    4.000000E+00    3.400000E+01    2.921000E+00    1.819000E+00    3.450000E+00    2.203000E+00    2.058000E-01    5.786000E-04   -1.020000E+01    1.300000E+01    3.000000E+00    1.800000E+03    0.000000E+00   -1.000000E+01   -1.000000E+00   -1.005000E+01   -9.946589E+00
   1.200000E-09    5.000000E+00    1.580000E+00    7.900000E+01    1.398000E+00   -1.456000E+00    1.041000E+00    2.824000E+00    8.202000E-01    2.121000E+00   -1.000000E+01    2.940000E+00    8.900000E+00    6.266000E+00    1.360000E+00    7.000000E+00    9.300000E+01    3.387000E+00    1.742000E+00    4.990000E+00    1.318000E+00    2.887000E-01    8.974000E-04   -1.024000E+01    2.000000E+00    2.000000E+00    2.000000E+03    8.000000E+01   -1.000000E+01    1.000000E+00   -1.073000E+01   -1.072545E+01
   2.090000E-09    1.000000E+00    1.580000E+00    7.870000E+01    1.398000E+00    0.000000E+00   -1.000000E+01    4.362000E+00   -1.000000E+01   -1.000000E+01   -1.000000E+01   -1.000000E+01    6.998000E+00    3.894000E+00    7.900000E-01    6.000000E+00    5.500000E+01    2.333000E+00    2.090000E+00    4.360000E+00    1.316000E+00    4.778000E-02    8.974000E-04   -9.516000E+00    2.000000E+00    1.000000E+00    8.000000E+02    8.200000E+01   -1.000000E+01    1.000000E+00   -9.429000E+00   -9.435923E+00
   2.220000E-09    0.000000E+00   -1.549000E-01    1.000000E+01    1.362000E+00   -2.921000E+00   -8.239000E-01    1.200000E+00    7.168000E-01    7.536000E-01    1.409000E+00    7.388000E-01    9.500000E+00    1.360000E+01    2.200000E+00    1.000000E+00    1.000000E+00    8.499000E-01    8.142000E-01    8.500000E-01    2.155000E+00    1.865000E-02    9.432000E-04   -1.098000E+01    1.400000E+01    1.000000E+00    2.670000E+03    0.000000E+00   -1.000000E+01    0.000000E+00   -1.143000E+01   -1.124894E+01
   2.140000E-09    0.000000E+00    1.580000E+00    7.900000E+01    1.398000E+00   -1.166000E+00    2.934000E+00    2.265000E+00    2.882000E+00    3.027000E+00   -1.000000E+01    1.061000E+00    1.250000E+01    1.360000E+01    2.200000E+00    1.000000E+00    1.000000E+00    8.499000E-01    7.796000E-01    8.500000E-01    1.318000E+00    3.752000E-02    8.974000E-04   -1.010000E+01    2.000000E+00    1.000000E+00    2.000000E+03    8.200000E+01   -1.000000E+01    0.000000E+00   -1.055000E+01   -1.042202E+01
   7.940000E-10    2.000000E+00    1.744000E+00    8.200000E+01    1.398000E+00    1.335000E-01    1.469000E+00    3.704000E+00    4.176000E+00    4.535000E+00    1.000000E+00    2.898000E+00    7.725000E+00    5.695000E+00    9.500000E-01    5.000000E+00    3.800000E+01    2.491000E+00    8.479000E-01    3.850000E+00    1.170000E+00    4.681000E-01    8.974000E-04   -9.449000E+00    2.000000E+00    2.000000E+00    1.660000E+03    8.000000E+01    1.699000E+00    2.000000E+00   -1.029000E+01   -1.020967E+01
   2.090000E-09    1.000000E+00    1.453000E+00    1.080000E+02    1.398000E+00   -1.000000E+01   -1.000000E+01   -1.000000E+01   -1.000000E+01   -1.000000E+01   -1.000000E+01   -1.000000E+01    7.253000E+00    1.297000E+01    3.160000E+00    3.000000E+00    1.700000E+01    2.822000E+00    2.528000E+00    2.890000E+00    1.580000E+00    4.778000E-02    8.974000E-04   -1.452000E+01    2.000000E+00    2.000000E+00    1.600000E+03    9.800000E+01   -1.000000E+01   -1.000000E+00   -1.016000E+01   -1.015686E+01
   1.350000E-09    1.000000E+00    1.453000E+00    1.080000E+02    1.398000E+00   -1.000000E+01   -1.000000E+01   -1.000000E+01   -1.000000E+01   -1.000000E+01   -1.000000E+01   -1.000000E+01    6.679000E+00    5.139000E+00    9.300000E-01    3.000000E+00    1.100000E+01    1.777000E+00    1.028000E+00    2.890000E+00    1.580000E+00    2.376000E-01    8.974000E-04   -1.452000E+01    2.000000E+00    2.000000E+00    1.200000E+03    9.800000E+01   -1.000000E+01    1.000000E+00   -1.000000E+01   -9.903829E+00
   2.950000E-09    1.000000E+00    1.453000E+00    1.080000E+02    1.602000E+00   -3.010000E-01   -1.000000E+01    4.061000E+00   -1.000000E+01    4.249000E+00   -1.000000E+01   -1.000000E+01    6.026000E+00    1.297000E+01    3.160000E+00    3.000000E+00    1.700000E+01    2.822000E+00    3.397000E+00    2.890000E+00    1.580000E+00   -8.057000E-02    6.389000E-04   -9.656000E+00    2.000000E+00    2.000000E+00    1.000000E+03    9.800000E+01   -1.000000E+01   -1.000000E+00   -9.499000E+00   -9.496552E+00
   1.560000E-09    1.000000E+00    1.453000E+00    1.080000E+02    1.176000E+00   -1.000000E+01   -1.000000E+01   -1.000000E+01   -1.000000E+01   -1.000000E+01   -1.000000E+01   -1.000000E+01    5.286000E+00    1.297000E+01    3.160000E+00    3.000000E+00    1.700000E+01    2.822000E+00    1.952000E+00    2.890000E+00    1.580000E+00    1.600000E-01    1.162000E-03   -1.452000E+01    2.000000E+00    2.000000E+00    1.200000E+03    9.800000E+01   -1.000000E+01   -1.000000E+00   -9.939000E+00   -9.932237E+00
   1.640000E-09    2.000000E+00    1.279000E+00    9.300000E+01    1.352000E+00   -1.807000E+00   -1.000000E+01    2.378000E+00   -1.000000E+01   -1.000000E+01   -1.000000E+01    2.699000E+00    7.250000E+00    9.752000E+00    2.550000E+00    4.000000E+00    3.400000E+01    2.921000E+00    2.071000E+00    3.450000E+00    1.690000E+00    1.494000E-01    9.552000E-04   -1.042000E+01    2.000000E+00    2.000000E+00    1.600000E+03    5.000000E+01   -1.000000E+01   -1.000000E+00   -1.004000E+01   -1.008487E+01
   2.000000E-09    4.000000E+00    1.279000E+00    9.300000E+01    1.398000E+00   -2.301000E+00   -1.000000E+01    2.362000E+00   -1.000000E+01   -1.000000E+01   -1.000000E+01   -1.000000E+01    7.000000E+00    7.280000E+00    1.900000E+00    5.000000E+00    4.300000E+01    2.817000E+00    2.415000E+00    3.850000E+00    1.690000E+00    6.690000E-02    8.974000E-04   -1.067000E+01    2.000000E+00    2.000000E+00    1.400000E+03    4.750000E+01   -1.000000E+01    0.000000E+00   -9.757000E+00   -9.812608E+00
   1.180000E-09    1.000000E+00    1.453000E+00    1.080000E+02    6.990000E-01   -1.000000E+01   -1.000000E+01   -1.000000E+01   -1.000000E+01   -1.000000E+01   -1.000000E+01   -1.000000E+01    5.725000E+00    1.297000E+01    3.160000E+00    3.000000E+00    1.700000E+01    2.822000E+00    1.530000E+00    2.890000E+00    1.580000E+00    2.659000E-01    1.536000E-03   -1.453000E+01    2.000000E+00    2.000000E+00    9.000000E+02    9.800000E+01   -1.000000E+01   -1.000000E+00   -9.818000E+00   -9.793293E+00
   2.090000E-09    1.000000E+00    1.580000E+00    7.870000E+01    1.398000E+00   -1.000000E+00   -1.000000E+01    3.362000E+00   -1.000000E+01   -1.000000E+01   -1.000000E+01   -1.000000E+01    8.008000E+00    3.894000E+00    7.900000E-01    6.000000E+00    5.500000E+01    2.333000E+00    2.090000E+00    4.360000E+00    1.316000E+00    4.778000E-02    8.974000E-04   -1.002000E+01    2.000000E+00    1.000000E+00    4.000000E+02    8.200000E+01   -1.000000E+01    1.000000E+00   -9.154000E+00   -9.247064E+00
   6.100000E-10    3.000000E+00    1.279000E+00    9.300000E+01    1.389000E+00   -2.222000E+00   -1.000000E+01   -1.000000E+01   -1.000000E+01    2.027000E+00   -1.000000E+01   -1.000000E+01    7.630000E+00    5.644000E+00    1.170000E+00    6.000000E+00    6.200000E+01    2.809000E+00    7.356000E-01    4.360000E+00    1.690000E+00    5.819000E-01    9.086000E-04   -1.063000E+01    2.000000E+00    2.000000E+00    1.800000E+03    4.750000E+01   -1.000000E+01    1.000000E+00   -1.066000E+01   -1.067077E+01
   8.050000E-10    2.000000E+00    2.155000E+00    8.300000E+01    1.398000E+00   -1.549000E-01   -1.000000E+01    4.207000E+00   -1.000000E+01   -1.000000E+01   -1.000000E+01   -1.000000E+01    7.796000E+00    5.695000E+00    9.500000E-01    5.000000E+00    3.800000E+01    2.491000E+00    8.596000E-01    3.850000E+00    7.637000E-01    4.621000E-01    8.974000E-04   -9.594000E+00    3.000000E+00    1.000000E+00    1.950000E+03    1.000000E+02   -1.000000E+01    2.000000E+00   -1.092000E+01   -1.086241E+01
   3.690000E-09    1.000000E+00    1.580000E+00    7.870000E+01    1.398000E+00   -1.699000E+00   -1.000000E+01    2.663000E+00   -1.000000E+01    2.851000E+00   -1.000000E+01   -1.000000E+01    7.261000E+00    3.894000E+00    7.900000E-01    6.000000E+00    5.500000E+01    2.333000E+00    3.690000E+00    4.360000E+00    1.316000E+00   -1.991000E-01    8.974000E-04   -1.037000E+01    2.000000E+00    7.000000E+00    1.910000E+03    8.200000E+01   -1.000000E+01    1.000000E+00   -1.014000E+01   -1.017725E+01
   2.000000E-09    1.000000E+00    1.279000E+00    9.300000E+01    1.398000E+00   -2.000000E+00   -1.000000E+01    1.362000E+00   -1.000000E+01   -1.000000E+01   -1.000000E+01   -1.000000E+01    1.250000E+01    1.045000E+01    2.660000E+00    5.000000E+00    5.300000E+01    3.375000E+00    2.893000E+00    3.850000E+00    1.690000E+00    6.690000E-02    8.974000E-04   -1.052000E+01    2.000000E+00    1.000000E+00    1.600000E+03    4.750000E+01   -1.000000E+01   -1.000000E+00   -1.146000E+01   -1.122725E+01
   8.100000E-10    4.000000E+00    6.232000E-01    6.700000E+01    1.431000E+00   -1.398000E+00    8.451000E-01    2.784000E+00    1.869000E+00    2.785000E+00   -1.000000E+01    2.785000E+00    1.060000E+01    9.752000E+00    2.550000E+00    4.000000E+00    3.400000E+01    2.921000E+00    1.008000E+00    3.450000E+00    2.203000E+00    4.623000E-01    8.547000E-04   -1.021000E+01    1.300000E+01    3.000000E+00    1.800000E+03    0.000000E+00   -1.000000E+01   -2.000000E+00   -9.728000E+00   -9.722000E+00
   2.090000E-09    1.000000E+00    1.453000E+00    1.080000E+02    1.398000E+00   -1.000000E+00   -1.000000E+01    3.362000E+00   -1.000000E+01    3.550000E+00   -1.000000E+01   -1.000000E+01    7.287000E+00    1.297000E+01    3.160000E+00    3.000000E+00    1.700000E+01    2.822000E+00    2.528000E+00    2.890000E+00    1.580000E+00    4.778000E-02    8.974000E-04   -1.002000E+01    2.000000E+00    2.000000E+00    1.000000E+03    9.800000E+01   -1.000000E+01   -1.000000E+00   -9.648000E+00   -9.660281E+00
   2.032000E-10    1.000000E+00    1.602000E+00    1.400000E+01    1.362000E+00   -9.586000E-01    9.345000E-01    3.403000E+00    5.328000E-01    3.575000E+00    2.387000E+00    1.904000E+00    8.200000E+00    1.297000E+01    3.160000E+00    3.000000E+00    1.700000E+01    2.822000E+00    2.474000E-01    2.890000E+00    5.441000E-01    1.057000E+00    9.432000E-04   -9.997000E+00    5.000000E+00    1.000000E+00    2.450000E+03    0.000000E+00   -1.000000E+01   -1.000000E+00   -1.148000E+01   -1.151687E+01
   1.690000E-09    2.000000E+00    1.744000E+00    8.200000E+01    1.778000E+00    1.335000E-01    1.469000E+00    3.704000E+00    4.176000E+00    4.535000E+00    1.000000E+00    2.898000E+00    7.784000E+00    5.695000E+00    9.500000E-01    5.000000E+00    3.800000E+01    2.491000E+00    1.615000E+00    3.850000E+00    1.170000E+00    1.882000E-01    4.494000E-04   -9.425000E+00    2.000000E+00    2.000000E+00    1.650000E+03    8.000000E+01    1.699000E+00    2.000000E+00   -9.955000E+00   -1.000617E+01
   4.300000E-10    4.000000E+00    1.279000E+00    9.300000E+01    1.398000E+00   -2.190000E-01   -1.000000E+01    4.105000E+00    2.983000E+00    2.697000E+00    2.086000E+00   -1.000000E+01    1.250000E+01    6.194000E+00    1.380000E+00    7.000000E+00    9.200000E+01    3.368000E+00    6.207000E-01    4.990000E+00    1.690000E+00    7.345000E-01    8.974000E-04   -9.626000E+00    2.000000E+00    2.000000E+00    1.200000E+03    4.750000E+01   -1.000000E+01    0.000000E+00   -1.026000E+01   -1.027120E+01
   1.330000E-09    1.000000E+00    1.453000E+00    1.100000E+02    1.362000E+00   -2.000000E+00   -1.000000E+01    2.362000E+00   -1.000000E+01    2.550000E+00   -1.000000E+01   -1.000000E+01    7.000000E+00    5.139000E+00    9.300000E-01    3.000000E+00    1.100000E+01    1.777000E+00    1.020000E+00    2.890000E+00    1.588000E+00    2.412000E-01    9.432000E-04   -1.052000E+01    2.000000E+00    1.000000E+00    8.000000E+02    9.800000E+01   -1.000000E+01    1.000000E+00   -8.818000E+00   -8.953885E+00
   2.000000E-09    1.000000E+00    2.477000E+00    5.000000E+01    1.380000E+00   -6.108000E-01    1.176000E+00    3.262000E+00    3.292000E+00    3.770000E+00    1.447000E+00    3.051000E+00    7.200000E+00    1.045000E+01    2.660000E+00    5.000000E+00    5.300000E+01    3.375000E+00    2.903000E+00    3.850000E+00    2.218000E-01    6.544000E-02    9.199000E-04   -9.822000E+00    2.600000E+01    1.000000E+00    1.360000E+03    3.500000E+01   -1.000000E+01   -1.000000E+00   -1.105000E+01   -1.084101E+01
   1.550000E-09    4.000000E+00    1.408000E+00    3.750000E+01    1.398000E+00   -3.010000E-01   -1.000000E+01    4.061000E+00   -1.000000E+01    4.249000E+00   -1.000000E+01   -1.000000E+01    7.700000E+00    9.752000E+00    2.550000E+00    4.000000E+00    3.400000E+01    2.921000E+00    1.941000E+00    3.450000E+00    1.166000E+00    1.776000E-01    8.974000E-04   -9.667000E+00    2.000000E+00    1.000000E+00    1.200000E+03    3.300000E+01   -1.000000E+01   -1.000000E+00   -9.983000E+00   -9.940674E+00
   1.970000E-09    0.000000E+00    2.025000E+00    8.100000E+01    1.352000E+00    6.990000E-01   -1.000000E+01    5.061000E+00   -1.000000E+01    5.249000E+00   -1.000000E+01   -1.000000E+01    1.250000E+01    1.360000E+01    2.200000E+00    1.000000E+00    1.000000E+00    8.499000E-01    7.237000E-01    8.500000E-01    8.832000E-01    6.981000E-02    9.552000E-04   -9.169000E+00    2.500000E+01    1.000000E+00    1.650000E+03    0.000000E+00   -1.000000E+01    0.000000E+00   -1.056000E+01   -1.066322E+01
   7.910000E-10    2.000000E+00    1.748000E+00    1.110000E+02    1.602000E+00   -6.778000E-01    1.637000E+00    3.472000E+00    2.790000E+00    3.517000E+00    1.749000E+00    3.638000E+00    7.550000E+00    5.695000E+00    9.500000E-01    5.000000E+00    3.800000E+01    2.491000E+00    8.042000E-01    3.850000E+00    1.297000E+00    4.911000E-01    6.389000E-04   -9.844000E+00    2.000000E+00    1.000000E+00    1.650000E+03    9.200000E+01   -1.000000E+01    2.000000E+00   -1.000000E+01   -1.001519E+01
   2.100000E-09    1.000000E+00    1.279000E+00    9.300000E+01    1.398000E+00   -2.190000E-01   -1.000000E+01    4.105000E+00    2.983000E+00    2.697000E+00    2.086000E+00   -1.000000E+01    1.250000E+01    3.894000E+00    7.900000E-01    6.000000E+00    5.500000E+01    2.333000E+00    2.100000E+00    4.360000E+00    1.690000E+00    4.571000E-02    8.974000E-04   -9.626000E+00    2.000000E+00    2.000000E+00    1.800000E+03    4.750000E+01   -1.000000E+01    1.000000E+00   -1.012000E+01   -1.007103E+01
   2.000000E-09    1.000000E+00    1.580000E+00    7.900000E+01    1.398000E+00   -1.000000E+00   -1.000000E+01    3.362000E+00   -1.000000E+01   -1.000000E+01   -1.000000E+01   -1.000000E+01    8.200000E+00    1.045000E+01    2.660000E+00    5.000000E+00    5.300000E+01    3.375000E+00    2.893000E+00    3.850000E+00    1.318000E+00    6.690000E-02    8.974000E-04   -1.002000E+01    2.000000E+00    1.000000E+00    1.200000E+03    8.000000E+01   -1.000000E+01   -1.000000E+00   -9.754000E+00   -9.776188E+00
   6.100000E-10    3.000000E+00    1.279000E+00    9.300000E+01    1.394000E+00   -2.222000E+00   -1.000000E+01   -1.000000E+01   -1.000000E+01    2.027000E+00   -1.000000E+01   -1.000000E+01    7.680000E+00    5.644000E+00    1.170000E+00    6.000000E+00    6.200000E+01    2.809000E+00    7.348000E-01    4.360000E+00    1.690000E+00    5.823000E-01    9.019000E-04   -1.063000E+01    2.000000E+00    2.000000E+00    8.000000E+02    4.750000E+01   -1.000000E+01    1.000000E+00   -9.845000E+00   -9.803921E+00
   2.270000E-09    0.000000E+00    1.453000E+00    1.100000E+02    1.362000E+00   -2.000000E+00   -1.000000E+01    2.362000E+00   -1.000000E+01    2.550000E+00   -1.000000E+01   -1.000000E+01    7.000000E+00    1.360000E+01    2.200000E+00    1.000000E+00    1.000000E+00    8.499000E-01    8.326000E-01    8.500000E-01    1.588000E+00    8.980000E-03    9.432000E-04   -1.052000E+01    2.000000E+00    1.000000E+00    8.000000E+02    9.800000E+01   -1.000000E+01    0.000000E+00   -1.016000E+01   -1.012412E+01
   1.130000E-09    6.000000E+00    1.780000E+00    7.600000E+01    1.176000E+00   -3.010000E-01   -1.000000E+01    4.061000E+00   -1.000000E+01    4.249000E+00   -1.000000E+01   -1.000000E+01    5.600000E+00    6.767000E+00    1.660000E+00    4.000000E+00    2.400000E+01    2.434000E+00    1.220000E+00    3.450000E+00    1.100000E+00    3.000000E-01    1.162000E-03   -9.674000E+00    2.000000E+00    1.000000E+00    1.700000E+03    4.600000E+01   -1.000000E+01   -1.000000E+00   -1.092000E+01   -1.064084E+01
   2.032000E-10    1.000000E+00    1.748000E+00    1.110000E+02    1.602000E+00   -6.778000E-01    1.637000E+00    3.472000E+00    2.790000E+00    3.517000E+00    1.749000E+00    3.638000E+00    7.550000E+00    1.297000E+01    3.160000E+00    3.000000E+00    1.700000E+01    2.822000E+00    2.340000E-01    2.890000E+00    1.297000E+00    1.081000E+00    6.389000E-04   -9.844000E+00    2.000000E+00    1.000000E+00    1.650000E+03    9.200000E+01   -1.000000E+01   -1.000000E+00   -1.066000E+01   -1.057470E+01
   1.460000E-09    7.000000E+00    1.408000E+00    7.200000E+01    1.398000E+00   -1.184000E+00    1.199000E+00    3.079000E+00    2.103000E+00    2.783000E+00    1.919000E+00    2.732000E+00    8.300000E+00    7.834000E+00    1.900000E+00    6.000000E+00    7.500000E+01    3.309000E+00    2.071000E+00    4.360000E+00    1.449000E+00    2.036000E-01    8.974000E-04   -1.011000E+01    2.000000E+00    1.000000E+00    1.200000E+03    7.500000E+01   -1.000000E+01   -1.000000E+00   -1.023000E+01   -1.015545E+01
   2.000000E-09    1.000000E+00    1.279000E+00    9.300000E+01    1.362000E+00   -3.010000E-01   -1.000000E+01    4.061000E+00   -1.000000E+01    4.250000E+00   -1.000000E+01   -1.000000E+01    1.250000E+01    1.297000E+01    3.160000E+00    3.000000E+00    1.700000E+01    2.822000E+00    2.435000E+00    2.890000E+00    1.690000E+00    6.398000E-02    9.432000E-04   -9.668000E+00    2.000000E+00    1.000000E+00    1.600000E+03    5.000000E+01    1.699000E+00   -1.000000E+00   -1.033000E+01   -1.036595E+01
   8.890000E-10    4.000000E+00    2.025000E+00    8.100000E+01    1.352000E+00    6.990000E-01   -1.000000E+01    5.061000E+00   -1.000000E+01    5.249000E+00   -1.000000E+01   -1.000000E+01    1.250000E+01    1.126000E+01    2.550000E+00    2.000000E+00    6.000000E+00    1.811000E+00    6.958000E-01    1.990000E+00    8.832000E-01    4.154000E-01    9.552000E-04   -9.169000E+00    2.500000E+01    1.000000E+00    1.650000E+03    0.000000E+00   -1.000000E+01   -2.000000E+00   -1.152000E+01   -1.138254E+01
   1.330000E-09    1.000000E+00    1.531000E+00    1.300000E+01    1.362000E+00   -4.510000E-01    1.806000E+00    3.749000E+00    2.949000E+00    3.984000E+00    1.477000E+00    3.368000E+00    7.680000E+00    5.139000E+00    9.300000E-01    3.000000E+00    1.100000E+01    1.777000E+00    1.020000E+00    2.890000E+00    5.825000E-01    2.412000E-01    9.432000E-04   -9.743000E+00    4.000000E+00    1.000000E+00    2.700000E+03    0.000000E+00   -1.000000E+01    1.000000E+00   -1.102000E+01   -1.136382E+01
   2.100000E-09    0.000000E+00    1.474000E+00    7.600000E+01    1.362000E+00   -1.000000E+00   -1.000000E+01    3.362000E+00   -1.000000E+01    3.550000E+00   -1.000000E+01   -1.000000E+01    6.618000E+00    1.360000E+01    2.200000E+00    1.000000E+00    1.000000E+00    8.499000E-01    7.702000E-01    8.500000E-01    1.407000E+00    4.279000E-02    9.432000E-04   -1.002000E+01    2.000000E+00    1.000000E+00    1.300000E+03    8.000000E+01   -1.000000E+01    0.000000E+00   -1.011000E+01   -9.971293E+00
   2.220000E-09    0.000000E+00    1.748000E+00    1.110000E+02    1.903000E+00   -7.282000E-01    1.596000E+00    3.415000E+00    2.736000E+00    3.353000E+00    1.827000E+00    3.670000E+00    7.560000E+00    1.360000E+01    2.200000E+00    1.000000E+00    1.000000E+00    8.499000E-01    6.828000E-01    8.500000E-01    1.297000E+00    9.510000E-02    3.547000E-04   -9.844000E+00    2.000000E+00    1.000000E+00    1.400000E+03    9.200000E+01   -1.000000E+01    0.000000E+00   -9.544000E+00   -9.650776E+00
   7.420000E-10    1.000000E+00    1.453000E+00    1.080000E+02    6.990000E-01   -1.000000E+01   -1.000000E+01   -1.000000E+01   -1.000000E+01   -1.000000E+01   -1.000000E+01   -1.000000E+01    6.410000E+00    5.139000E+00    9.300000E-01    3.000000E+00    1.100000E+01    1.777000E+00    6.056000E-01    2.890000E+00    1.580000E+00    4.674000E-01    1.536000E-03   -1.453000E+01    2.000000E+00    2.000000E+00    8.000000E+02    9.800000E+01   -1.000000E+01    1.000000E+00   -9.939000E+00   -9.977531E+00
   6.020000E-10    3.000000E+00    1.580000E+00    7.900000E+01    1.398000E+00   -1.000000E+00   -1.000000E+01    3.362000E+00   -1.000000E+01    3.550000E+00   -1.000000E+01   -1.000000E+01    8.000000E+00    5.670000E+00    1.200000E+00    6.000000E+00    6.300000E+01    2.815000E+00    7.264000E-01    4.360000E+00    1.318000E+00    5.883000E-01    8.974000E-04   -1.002000E+01    2.000000E+00    3.000000E+00    1.000000E+03    8.200000E+01   -1.000000E+01    3.000000E+00   -1.004000E+01   -9.942940E+00
   2.220000E-09    0.000000E+00    1.833000E+00    7.100000E+01    1.491000E+00   -6.990000E-01   -1.000000E+01    2.061000E+00   -1.000000E+01    2.249000E+00   -1.000000E+01   -1.000000E+01    7.000000E+00    1.360000E+01    2.200000E+00    1.000000E+00    1.000000E+00    8.499000E-01    7.928000E-01    8.500000E-01    1.019000E+00    3.023000E-02    7.777000E-04   -9.861000E+00    6.000000E+00    1.000000E+00    1.500000E+03    0.000000E+00   -1.000000E+01    0.000000E+00   -9.721000E+00   -9.770553E+00
   3.690000E-09    1.000000E+00    1.453000E+00    1.080000E+02    1.699000E+00   -1.000000E+01   -1.000000E+01   -1.000000E+01   -1.000000E+01   -1.000000E+01   -1.000000E+01   -1.000000E+01    5.999000E+00    1.297000E+01    3.160000E+00    3.000000E+00    1.700000E+01    2.822000E+00    4.118000E+00    2.890000E+00    1.580000E+00   -1.641000E-01    5.279000E-04   -1.450000E+01    2.000000E+00    2.000000E+00    1.100000E+03    9.800000E+01   -1.000000E+01   -1.000000E+00   -9.481000E+00   -9.513961E+00
   2.000000E-09    7.000000E+00    6.232000E-01    6.700000E+01    1.398000E+00   -1.000000E+00   -1.000000E+01    3.362000E+00   -1.000000E+01   -1.000000E+01   -1.000000E+01   -1.000000E+01    4.000000E+00    7.280000E+00    1.900000E+00    5.000000E+00    4.300000E+01    2.817000E+00    2.415000E+00    3.850000E+00    2.203000E+00    6.690000E-02    8.974000E-04   -1.002000E+01    1.300000E+01    1.000000E+00    2.700000E+03    0.000000E+00   -1.000000E+01   -1.000000E+00   -1.201000E+01   -1.196974E+01
   9.230000E-10    4.000000E+00    1.279000E+00    9.300000E+01    1.398000E+00   -1.383000E+00   -1.000000E+01    2.985000E+00   -1.000000E+01   -1.000000E+01    3.178000E+00    2.584000E+00    1.020000E+01    1.126000E+01    2.550000E+00    2.000000E+00    6.000000E+00    1.811000E+00    7.164000E-01    1.990000E+00    1.690000E+00    4.027000E-01    8.974000E-04   -1.021000E+01    2.000000E+00    1.000000E+00    1.600000E+03    4.750000E+01    1.954000E+00   -2.000000E+00   -1.008000E+01   -1.017644E+01
   1.550000E-09    1.000000E+00    1.453000E+00    1.080000E+02    1.477000E+00   -1.000000E+01   -1.000000E+01   -1.000000E+01   -1.000000E+01   -1.000000E+01   -1.000000E+01   -1.000000E+01    7.328000E+00    5.139000E+00    9.300000E-01    3.000000E+00    1.100000E+01    1.777000E+00    1.161000E+00    2.890000E+00    1.580000E+00    1.848000E-01    7.959000E-04   -1.451000E+01    2.000000E+00    2.000000E+00    1.000000E+03    9.800000E+01   -1.000000E+01    1.000000E+00   -9.777000E+00   -9.802050E+00
   2.100000E-09    1.000000E+00    1.453000E+00    1.080000E+02    1.778000E+00   -2.924000E-01   -1.000000E+01    4.069000E+00   -1.000000E+01    4.257000E+00   -1.000000E+01   -1.000000E+01    7.685000E+00    3.894000E+00    7.900000E-01    6.000000E+00    5.500000E+01    2.333000E+00    1.879000E+00    4.360000E+00    1.580000E+00    9.392000E-02    4.494000E-04   -9.638000E+00    2.000000E+00    2.000000E+00    9.000000E+02    9.999000E+01   -1.000000E+01    1.000000E+00   -9.577000E+00   -9.638314E+00
   2.000000E-09    1.000000E+00    1.580000E+00    7.900000E+01    1.398000E+00   -2.000000E+00   -1.000000E+01    2.362000E+00   -1.000000E+01   -1.000000E+01   -1.000000E+01   -1.000000E+01    8.200000E+00    1.297000E+01    3.160000E+00    3.000000E+00    1.700000E+01    2.822000E+00    2.419000E+00    2.890000E+00    1.318000E+00    6.690000E-02    8.974000E-04   -1.052000E+01    2.000000E+00    1.000000E+00    1.800000E+03    8.000000E+01   -1.000000E+01   -1.000000E+00   -1.029000E+01   -1.042817E+01
   2.090000E-09    1.000000E+00    1.580000E+00    7.900000E+01    1.398000E+00   -6.990000E-01    1.893000E+00    3.508000E+00    2.904000E+00    3.754000E+00    1.785000E+00    2.584000E+00    7.700000E+00    3.894000E+00    7.900000E-01    6.000000E+00    5.500000E+01    2.333000E+00    2.090000E+00    4.360000E+00    1.318000E+00    4.778000E-02    8.974000E-04   -9.866000E+00    2.000000E+00    5.000000E+00    1.800000E+03    8.000000E+01   -1.000000E+01    1.000000E+00   -9.539000E+00   -9.558723E+00
   1.130000E-09    6.000000E+00    1.580000E+00    7.200000E+01    1.398000E+00   -3.010000E-01   -1.000000E+01    4.061000E+00   -1.000000E+01    4.249000E+00   -1.000000E+01   -1.000000E+01    6.800000E+00    6.767000E+00    1.660000E+00    4.000000E+00    2.400000E+01    2.434000E+00    1.179000E+00    3.450000E+00    1.278000E+00    3.149000E-01    8.974000E-04   -9.667000E+00    2.000000E+00    1.000000E+00    1.200000E+03    8.200000E+01   -1.000000E+01   -1.000000E+00   -1.021000E+01   -1.020943E+01
   2.100000E-09    1.000000E+00    1.453000E+00    1.080000E+02    1.565000E+00   -2.924000E-01   -1.000000E+01    4.069000E+00   -1.000000E+01    4.257000E+00   -1.000000E+01   -1.000000E+01    8.173000E+00    3.894000E+00    7.900000E-01    6.000000E+00    5.500000E+01    2.333000E+00    2.021000E+00    4.360000E+00    1.580000E+00    6.243000E-02    6.848000E-04   -9.654000E+00    2.000000E+00    2.000000E+00    1.400000E+03    9.999000E+01   -1.000000E+01    1.000000E+00   -9.983000E+00   -9.977905E+00
   2.090000E-09    1.000000E+00   -2.218000E-01    1.730000E+01    1.398000E+00   -1.959000E+00   -6.990000E-01    9.823000E-01    7.497000E-01    2.967000E-01    1.348000E+00    9.581000E-01    8.920000E+00    3.894000E+00    7.900000E-01    6.000000E+00    5.500000E+01    2.333000E+00    2.090000E+00    4.360000E+00    2.460000E+00    4.778000E-02    8.974000E-04   -1.050000E+01    2.700000E+01    1.000000E+00    2.430000E+03    0.000000E+00   -1.000000E+01    1.000000E+00   -1.074000E+01   -1.070122E+01
   2.032000E-10    1.000000E+00    1.602000E+00    1.400000E+02    1.398000E+00   -3.010000E-01   -1.000000E+01    4.061000E+00   -1.000000E+01   -1.000000E+01   -1.000000E+01   -1.000000E+01    5.000000E+00    1.297000E+01    3.160000E+00    3.000000E+00    1.700000E+01    2.822000E+00    2.458000E-01    2.890000E+00    1.544000E+00    1.060000E+00    8.974000E-04   -9.667000E+00    7.000000E+00    1.000000E+00    1.900000E+03    0.000000E+00   -1.000000E+01   -1.000000E+00   -9.721000E+00   -9.716306E+00
   1.010000E-09    1.000000E+00    1.453000E+00    1.080000E+02    1.176000E+00   -1.000000E+01   -1.000000E+01   -1.000000E+01   -1.000000E+01   -1.000000E+01   -1.000000E+01   -1.000000E+01    5.692000E+00    5.139000E+00    9.300000E-01    3.000000E+00    1.100000E+01    1.777000E+00    7.958000E-01    2.890000E+00    1.580000E+00    3.488000E-01    1.162000E-03   -1.452000E+01    2.000000E+00    2.000000E+00    1.800000E+03    9.800000E+01   -1.000000E+01    1.000000E+00   -1.066000E+01   -1.067523E+01
   2.410000E-09    2.000000E+00    1.279000E+00    9.300000E+01    1.845000E+00   -2.538000E+00   -1.000000E+01    1.824000E+00   -1.000000E+01   -1.000000E+01    2.248000E+00   -1.000000E+01    9.100000E+00    5.695000E+00    9.500000E-01    5.000000E+00    3.800000E+01    2.491000E+00    2.236000E+00    3.850000E+00    1.690000E+00    4.696000E-02    3.939000E-04   -1.075000E+01    2.000000E+00    2.000000E+00    1.050000E+03    5.000000E+01   -1.000000E+01    2.000000E+00   -9.025000E+00   -9.218394E+00
   2.000000E-09    1.000000E+00    1.744000E+00    8.200000E+01    1.380000E+00   -5.918000E-01    1.146000E+00    3.279000E+00    3.328000E+00    3.785000E+00    1.831000E+00    3.016000E+00    7.500000E+00    1.045000E+01    2.660000E+00    5.000000E+00    5.300000E+01    3.375000E+00    2.903000E+00    3.850000E+00    1.170000E+00    6.544000E-02    9.199000E-04   -9.813000E+00    2.000000E+00    1.000000E+00    1.390000E+03    8.000000E+01   -1.000000E+01   -1.000000E+00   -1.068000E+01   -1.090319E+01
   2.000000E-09    1.000000E+00    1.580000E+00    7.900000E+01    1.398000E+00   -3.010000E-01   -1.000000E+01    4.061000E+00   -1.000000E+01    4.248000E+00   -1.000000E+01   -1.000000E+01    6.600000E+00    1.045000E+01    2.660000E+00    5.000000E+00    5.300000E+01    3.375000E+00    2.893000E+00    3.850000E+00    1.318000E+00    6.690000E-02    8.974000E-04   -9.667000E+00    2.000000E+00    1.000000E+00    1.800000E+03    8.200000E+01   -1.000000E+01   -1.000000E+00   -1.117000E+01   -1.102133E+01
   2.000000E-09    1.000000E+00    6.021000E-01    6.700000E+01    1.398000E+00   -1.523000E+00   -1.000000E+01   -1.000000E+01   -1.000000E+01    2.851000E+00   -1.000000E+01   -1.000000E+01    6.500000E+00    1.045000E+01    2.660000E+00    5.000000E+00    5.300000E+01    3.375000E+00    2.893000E+00    3.850000E+00    2.224000E+00    6.690000E-02    8.974000E-04   -1.028000E+01    1.300000E+01    1.000000E+00    2.640000E+03    0.000000E+00   -1.000000E+01   -1.000000E+00   -1.221000E+01   -1.218491E+01
   2.000000E-09    1.000000E+00    1.279000E+00    9.300000E+01    1.362000E+00   -2.000000E+00   -1.000000E+01    2.362000E+00   -1.000000E+01    2.550000E+00   -1.000000E+01   -1.000000E+01    1.250000E+01    1.045000E+01    2.660000E+00    5.000000E+00    5.300000E+01    3.375000E+00    2.913000E+00    3.850000E+00    1.690000E+00    6.398000E-02    9.432000E-04   -1.052000E+01    2.000000E+00    1.000000E+00    1.600000E+03    4.800000E+01   -1.000000E+01   -1.000000E+00   -1.146000E+01   -1.135840E+01
   9.000000E-10    2.000000E+00    1.279000E+00    9.300000E+01    1.398000E+00    8.198000E-01   -1.000000E+01    5.178000E+00    3.983000E+00    5.366000E+00    2.086000E+00   -1.000000E+01    1.250000E+01    7.344000E+00    1.960000E+00    5.000000E+00    5.000000E+01    2.829000E+00    1.091000E+00    3.850000E+00    1.690000E+00    4.137000E-01    8.974000E-04   -9.106000E+00    2.000000E+00    2.000000E+00    1.200000E+03    4.750000E+01   -1.000000E+01    2.000000E+00   -9.947000E+00   -9.927771E+00
   1.130000E-09    6.000000E+00    1.999000E+00    1.080000E+02    1.362000E+00   -3.010000E-01   -1.000000E+01    4.061000E+00   -1.000000E+01    4.249000E+00   -1.000000E+01   -1.000000E+01    8.600000E+00    6.767000E+00    1.660000E+00    4.000000E+00    2.400000E+01    2.434000E+00    1.187000E+00    3.450000E+00    1.034000E+00    3.119000E-01    9.432000E-04   -9.668000E+00    3.000000E+00    1.000000E+00    1.700000E+03    1.000000E+02    1.477000E+00   -1.000000E+00   -1.047000E+01   -1.052434E+01
   2.090000E-09    1.000000E+00    1.477000E+00    2.100000E+01    1.362000E+00   -1.356000E+00    1.990000E+00    2.225000E+00    2.512000E+00    3.094000E+00    2.354000E+00    2.238000E+00    7.800000E+00    3.894000E+00    7.900000E-01    6.000000E+00    5.500000E+01    2.333000E+00    2.104000E+00    4.360000E+00    8.451000E-01    4.486000E-02    9.432000E-04   -1.020000E+01    4.000000E+00    1.000000E+00    2.670000E+03    5.000000E+01   -1.000000E+01    1.000000E+00   -9.569000E+00   -9.963168E+00
   2.032000E-10    1.000000E+00    1.531000E+00    1.300000E+01    1.362000E+00   -4.510000E-01    1.806000E+00    3.749000E+00    2.949000E+00    3.984000E+00    1.477000E+00    3.368000E+00    7.680000E+00    1.297000E+01    3.160000E+00    3.000000E+00    1.700000E+01    2.822000E+00    2.474000E-01    2.890000E+00    5.825000E-01    1.057000E+00    9.432000E-04   -9.743000E+00    4.000000E+00    1.000000E+00    2.700000E+03    0.000000E+00   -1.000000E+01   -1.000000E+00   -1.130000E+01   -1.173980E+01
   4.300000E-10    4.000000E+00    1.447000E+00    1.080000E+02    1.398000E+00    0.000000E+00   -1.000000E+01   -1.000000E+01   -1.000000E+01   -1.000000E+01   -1.000000E+01   -1.000000E+01    9.000000E+00    6.194000E+00    1.380000E+00    7.000000E+00    9.200000E+01    3.368000E+00    6.207000E-01    4.990000E+00    1.586000E+00    7.345000E-01    8.974000E-04   -9.516000E+00    2.000000E+00    2.000000E+00    1.200000E+03    9.990000E+01   -1.000000E+01    0.000000E+00   -1.050000E+01   -1.042042E+01
   2.140000E-09    0.000000E+00   -1.549000E-01    1.000000E+01    1.362000E+00   -5.157000E-01    1.000000E+00    3.380000E+00    3.405000E+00    3.922000E+00    1.230000E+00    2.230000E+00    8.770000E+00    1.360000E+01    2.200000E+00    1.000000E+00    1.000000E+00    8.499000E-01    7.849000E-01    8.500000E-01    2.155000E+00    3.459000E-02    9.432000E-04   -9.776000E+00    1.400000E+01    1.000000E+00    2.610000E+03    0.000000E+00   -1.000000E+01    0.000000E+00   -1.077000E+01   -1.087698E+01
   2.000000E-09    1.000000E+00    1.447000E+00    1.080000E+02    1.398000E+00   -1.301000E+00   -1.000000E+01    3.061000E+00   -1.000000E+01    3.248000E+00   -1.000000E+01   -1.000000E+01    6.300000E+00    1.045000E+01    2.660000E+00    5.000000E+00    5.300000E+01    3.375000E+00    2.893000E+00    3.850000E+00    1.586000E+00    6.690000E-02    8.974000E-04   -1.017000E+01    2.000000E+00    1.000000E+00    9.000000E+02    1.000000E+02   -1.000000E+01   -1.000000E+00   -1.080000E+01   -1.086754E+01
   4.300000E-10    4.000000E+00    1.279000E+00    9.300000E+01    1.398000E+00   -2.190000E-01   -1.000000E+01    4.105000E+00    2.983000E+00    2.697000E+00    2.086000E+00   -1.000000E+01    1.250000E+01    6.194000E+00    1.380000E+00    7.000000E+00    9.200000E+01    3.368000E+00    6.207000E-01    4.990000E+00    1.690000E+00    7.345000E-01    8.974000E-04   -9.626000E+00    2.000000E+00    2.000000E+00    1.800000E+03    4.750000E+01   -1.000000E+01    0.000000E+00   -1.082000E+01   -1.077010E+01
   2.000000E-09    1.000000E+00    1.279000E+00    9.300000E+01    1.362000E+00    0.000000E+00   -1.000000E+01    4.362000E+00   -1.000000E+01    4.550000E+00   -1.000000E+01   -1.000000E+01    1.250000E+01    1.045000E+01    2.660000E+00    5.000000E+00    5.300000E+01    3.375000E+00    2.913000E+00    3.850000E+00    1.690000E+00    6.398000E-02    9.432000E-04   -9.518000E+00    2.000000E+00    1.000000E+00    1.600000E+03    4.800000E+01    1.477000E+00   -1.000000E+00   -1.026000E+01   -1.039134E+01
   7.900000E-10    2.000000E+00    1.580000E+00    7.900000E+01    1.362000E+00   -6.615000E-01    1.893000E+00    3.508000E+00    2.904000E+00    3.805000E+00    1.785000E+00    2.584000E+00    7.700000E+00    5.695000E+00    9.500000E-01    5.000000E+00    3.800000E+01    2.491000E+00    8.493000E-01    3.850000E+00    1.318000E+00    4.674000E-01    9.432000E-04   -9.848000E+00    2.000000E+00    1.000000E+00    1.800000E+03    8.500000E+01    1.176000E+00    2.000000E+00   -9.676000E+00   -9.871825E+00
   1.130000E-09    6.000000E+00    1.408000E+00    7.200000E+01    1.176000E+00   -4.949000E-01   -1.000000E+01    3.839000E+00   -1.000000E+01    4.027000E+00   -1.000000E+01   -1.000000E+01    5.600000E+00    6.767000E+00    1.660000E+00    4.000000E+00    2.400000E+01    2.434000E+00    1.220000E+00    3.450000E+00    1.449000E+00    3.000000E-01    1.162000E-03   -9.771000E+00    2.000000E+00    1.000000E+00    1.300000E+03    7.500000E+01   -1.000000E+01   -1.000000E+00   -1.019000E+01   -1.025424E+01
   1.550000E-09    1.000000E+00    1.453000E+00    1.080000E+02    1.477000E+00   -1.000000E+01   -1.000000E+01   -1.000000E+01   -1.000000E+01   -1.000000E+01   -1.000000E+01   -1.000000E+01    6.317000E+00    5.139000E+00    9.300000E-01    3.000000E+00    1.100000E+01    1.777000E+00    1.161000E+00    2.890000E+00    1.580000E+00    1.848000E-01    7.959000E-04   -1.451000E+01    2.000000E+00    2.000000E+00    1.800000E+03    9.800000E+01   -1.000000E+01    1.000000E+00   -1.053000E+01   -1.051928E+01
   2.000000E-09    1.000000E+00    1.447000E+00    1.080000E+02    1.398000E+00   -1.383000E+00   -1.000000E+01    2.985000E+00   -1.000000E+01   -1.000000E+01    3.178000E+00    2.585000E+00    1.020000E+01    1.297000E+01    3.160000E+00    3.000000E+00    1.700000E+01    2.822000E+00    2.419000E+00    2.890000E+00    1.586000E+00    6.690000E-02    8.974000E-04   -1.021000E+01    2.000000E+00    1.000000E+00    1.600000E+03    9.800000E+01    1.954000E+00   -1.000000E+00   -9.699000E+00   -9.840206E+00
   2.090000E-09    1.000000E+00    6.021000E-01    6.700000E+01    1.398000E+00   -6.108000E-01    9.079000E-01    3.322000E+00    3.276000E+00    3.800000E+00    1.000000E+00    2.748000E+00    7.500000E+00    3.894000E+00    7.900000E-01    6.000000E+00    5.500000E+01    2.333000E+00    2.090000E+00    4.360000E+00    2.224000E+00    4.778000E-02    8.974000E-04   -9.822000E+00    1.300000E+01    1.000000E+00    1.450000E+03    0.000000E+00   -1.000000E+01    1.000000E+00   -1.033000E+01   -9.900486E+00
   1.460000E-09    7.000000E+00    1.474000E+00    7.600000E+01    1.301000E+00   -1.301000E+00   -1.000000E+01    3.061000E+00   -1.000000E+01    3.249000E+00   -1.000000E+01   -1.000000E+01    7.000000E+00    7.834000E+00    1.900000E+00    6.000000E+00    7.500000E+01    3.309000E+00    2.106000E+00    4.360000E+00    1.407000E+00    1.962000E-01    1.018000E-03   -1.017000E+01    2.000000E+00    1.000000E+00    1.400000E+03    8.130000E+01   -1.000000E+01   -1.000000E+00   -1.094000E+01   -1.089352E+01
   1.300000E-10    7.000000E+00    1.580000E+00    7.200000E+01    1.398000E+00   -3.010000E-01   -1.000000E+01    4.061000E+00   -1.000000E+01    4.249000E+00   -1.000000E+01   -1.000000E+01    4.000000E+00    7.834000E+00    1.900000E+00    6.000000E+00    7.500000E+01    3.309000E+00    1.844000E-01    4.360000E+00    1.278000E+00    1.254000E+00    8.974000E-04   -9.667000E+00    2.000000E+00    1.000000E+00    1.600000E+03    8.200000E+01   -1.000000E+01   -1.000000E+00   -1.096000E+01   -1.106490E+01
   1.130000E-09    6.000000E+00    1.999000E+00    1.080000E+02    1.362000E+00   -3.010000E-01   -1.000000E+01    4.061000E+00   -1.000000E+01    4.249000E+00   -1.000000E+01   -1.000000E+01    8.600000E+00    6.767000E+00    1.660000E+00    4.000000E+00    2.400000E+01    2.434000E+00    1.187000E+00    3.450000E+00    1.034000E+00    3.119000E-01    9.432000E-04   -9.668000E+00    3.000000E+00    1.000000E+00    1.700000E+03    1.000000E+02    1.301000E+00   -1.000000E+00   -1.052000E+01   -1.054905E+01
   7.570000E-10    2.000000E+00    2.477000E+00    5.000000E+01    1.362000E+00   -5.867000E-01    1.799000E+00    3.248000E+00    3.327000E+00    3.805000E+00    1.108000E+00    3.062000E+00    7.800000E+00    5.695000E+00    9.500000E-01    5.000000E+00    3.800000E+01    2.491000E+00    8.138000E-01    3.850000E+00    2.218000E-01    4.859000E-01    9.432000E-04   -9.811000E+00    2.600000E+01    1.000000E+00    1.600000E+03    3.500000E+01    1.699000E+00    2.000000E+00   -1.064000E+01   -1.040235E+01
   2.000000E-09    1.000000E+00    2.025000E+00    8.100000E+01    1.398000E+00   -1.000000E+00   -1.000000E+01    3.362000E+00   -1.000000E+01    3.550000E+00   -1.000000E+01   -1.000000E+01    9.540000E+00    1.297000E+01    3.160000E+00    3.000000E+00    1.700000E+01    2.822000E+00    2.419000E+00    2.890000E+00    8.832000E-01    6.690000E-02    8.974000E-04   -1.002000E+01    2.500000E+01    1.000000E+00    1.530000E+03    0.000000E+00   -1.000000E+01   -1.000000E+00   -1.080000E+01   -1.071019E+01
   1.010000E-09    1.000000E+00    1.453000E+00    1.080000E+02    1.176000E+00   -1.000000E+01   -1.000000E+01   -1.000000E+01   -1.000000E+01   -1.000000E+01   -1.000000E+01   -1.000000E+01    5.663000E+00    5.139000E+00    9.300000E-01    3.000000E+00    1.100000E+01    1.777000E+00    7.958000E-01    2.890000E+00    1.580000E+00    3.488000E-01    1.162000E-03   -1.452000E+01    2.000000E+00    2.000000E+00    1.800000E+03    9.800000E+01   -1.000000E+01    1.000000E+00   -1.071000E+01   -1.067523E+01
   2.140000E-09    0.000000E+00   -1.549000E-01    1.000000E+01    1.362000E+00   -5.157000E-01    1.000000E+00    3.380000E+00    3.405000E+00    3.922000E+00    1.230000E+00    2.230000E+00    8.770000E+00    1.360000E+01    2.200000E+00    1.000000E+00    1.000000E+00    8.499000E-01    7.849000E-01    8.500000E-01    2.155000E+00    3.459000E-02    9.432000E-04   -9.776000E+00    1.400000E+01    1.000000E+00    2.610000E+03    0.000000E+00   -1.000000E+01    0.000000E+00   -1.074000E+01   -1.087698E+01
   1.200000E-09    4.000000E+00    1.279000E+00    9.300000E+01    1.398000E+00   -2.301000E+00   -1.000000E+01    2.362000E+00   -1.000000E+01   -1.000000E+01   -1.000000E+01   -1.000000E+01    7.000000E+00    6.266000E+00    1.360000E+00    7.000000E+00    9.300000E+01    3.387000E+00    1.742000E+00    4.990000E+00    1.690000E+00    2.887000E-01    8.974000E-04   -1.067000E+01    2.000000E+00    2.000000E+00    1.800000E+03    4.750000E+01   -1.000000E+01    0.000000E+00   -1.037000E+01   -1.038599E+01
   1.200000E-09    4.000000E+00    1.279000E+00    9.300000E+01    1.398000E+00   -2.190000E-01   -1.000000E+01    4.105000E+00    2.983000E+00    2.697000E+00    2.086000E+00   -1.000000E+01    1.250000E+01    6.266000E+00    1.360000E+00    7.000000E+00    9.300000E+01    3.387000E+00    1.742000E+00    4.990000E+00    1.690000E+00    2.887000E-01    8.974000E-04   -9.626000E+00    2.000000E+00    2.000000E+00    1.200000E+03    4.750000E+01   -1.000000E+01    0.000000E+00   -9.821000E+00   -9.826740E+00
   1.200000E-09    5.000000E+00    1.602000E+00    1.400000E+02    1.301000E+00   -2.297000E+00   -1.000000E+01   -1.000000E+01    2.603000E+00   -1.000000E+01   -1.000000E+01   -1.000000E+01    6.000000E+00    6.266000E+00    1.360000E+00    7.000000E+00    9.300000E+01    3.387000E+00    1.772000E+00    4.990000E+00    1.544000E+00    2.814000E-01    1.018000E-03   -1.067000E+01    7.000000E+00    2.000000E+00    1.190000E+03    0.000000E+00   -1.000000E+01    1.000000E+00   -9.442000E+00   -9.455159E+00
   6.240000E-10    3.000000E+00    1.279000E+00    9.300000E+01    1.398000E+00   -2.190000E-01   -1.000000E+01    4.105000E+00    2.983000E+00    2.697000E+00    2.086000E+00   -1.000000E+01    1.250000E+01    5.974000E+00    1.300000E+00    7.000000E+00    9.500000E+01    3.307000E+00    8.845000E-01    4.990000E+00    1.690000E+00    5.727000E-01    8.974000E-04   -9.626000E+00    2.000000E+00    2.000000E+00    1.800000E+03    4.750000E+01   -1.000000E+01    3.000000E+00   -1.065000E+01   -1.065848E+01
   7.420000E-10    1.000000E+00    1.453000E+00    1.080000E+02    6.990000E-01   -1.000000E+01   -1.000000E+01   -1.000000E+01   -1.000000E+01   -1.000000E+01   -1.000000E+01   -1.000000E+01    5.778000E+00    5.139000E+00    9.300000E-01    3.000000E+00    1.100000E+01    1.777000E+00    6.056000E-01    2.890000E+00    1.580000E+00    4.674000E-01    1.536000E-03   -1.453000E+01    2.000000E+00    2.000000E+00    9.000000E+02    9.800000E+01   -1.000000E+01    1.000000E+00   -1.002000E+01   -1.009256E+01
   1.270000E-09    1.000000E+00    1.744000E+00    8.200000E+01    1.362000E+00   -5.719000E-01    1.437000E+00    3.441000E+00    3.205000E+00    3.851000E+00    1.086000E+00    3.129000E+00    7.700000E+00    5.139000E+00    9.300000E-01    3.000000E+00    1.100000E+01    1.777000E+00    9.736000E-01    2.890000E+00    1.170000E+00    2.612000E-01    9.432000E-04   -9.804000E+00    2.000000E+00    1.000000E+00    1.250000E+03    8.000000E+01    1.699000E+00    1.000000E+00   -1.000000E+01   -1.008834E+01
   2.140000E-09    0.000000E+00    1.744000E+00    8.200000E+01    1.362000E+00   -1.775000E+00    4.829000E-01    2.378000E+00    1.684000E+00    8.306000E-01    2.668000E+00    1.386000E+00    7.520000E+00    1.360000E+01    2.200000E+00    1.000000E+00    1.000000E+00    8.499000E-01    7.849000E-01    8.500000E-01    1.170000E+00    3.459000E-02    9.432000E-04   -1.041000E+01    2.000000E+00    1.000000E+00    1.200000E+03    8.000000E+01   -1.000000E+01    0.000000E+00   -9.979000E+00   -1.002384E+01
   1.200000E-09    5.000000E+00    1.602000E+00    1.400000E+02    1.301000E+00   -2.297000E+00   -1.000000E+01   -1.000000E+01    2.603000E+00   -1.000000E+01   -1.000000E+01   -1.000000E+01    6.000000E+00    6.266000E+00    1.360000E+00    7.000000E+00    9.300000E+01    3.387000E+00    1.772000E+00    4.990000E+00    1.544000E+00    2.814000E-01    1.018000E-03   -1.067000E+01    7.000000E+00    2.000000E+00    1.190000E+03    0.000000E+00   -1.000000E+01    1.000000E+00   -9.442000E+00   -9.455159E+00
   8.050000E-10    2.000000E+00    1.474000E+00    7.600000E+01    1.362000E+00   -1.000000E+00   -1.000000E+01    3.362000E+00   -1.000000E+01    3.550000E+00   -1.000000E+01   -1.000000E+01    8.045000E+00    5.695000E+00    9.500000E-01    5.000000E+00    3.800000E+01    2.491000E+00    8.654000E-01    3.850000E+00    1.407000E+00    4.592000E-01    9.432000E-04   -1.002000E+01    2.000000E+00    1.000000E+00    1.300000E+03    8.000000E+01   -1.000000E+01    2.000000E+00   -1.062000E+01   -1.048009E+01
   2.100000E-09    1.000000E+00    1.279000E+00    9.300000E+01    1.398000E+00    8.198000E-01   -1.000000E+01    5.178000E+00    3.983000E+00    5.366000E+00    2.086000E+00   -1.000000E+01    1.250000E+01    3.894000E+00    7.900000E-01    6.000000E+00    5.500000E+01    2.333000E+00    2.100000E+00    4.360000E+00    1.690000E+00    4.571000E-02    8.974000E-04   -9.106000E+00    2.000000E+00    2.000000E+00    1.200000E+03    4.750000E+01   -1.000000E+01    1.000000E+00   -9.577000E+00   -9.639504E+00
   2.570000E-09    1.000000E+00    1.453000E+00    1.080000E+02    1.699000E+00   -1.000000E+01   -1.000000E+01   -1.000000E+01   -1.000000E+01   -1.000000E+01   -1.000000E+01   -1.000000E+01    7.611000E+00    5.139000E+00    9.300000E-01    3.000000E+00    1.100000E+01    1.777000E+00    1.806000E+00    2.890000E+00    1.580000E+00   -7.034000E-03    5.279000E-04   -1.450000E+01    2.000000E+00    2.000000E+00    1.000000E+03    9.800000E+01   -1.000000E+01    1.000000E+00   -9.573000E+00   -9.539296E+00
   7.420000E-10    1.000000E+00    1.453000E+00    1.080000E+02    6.990000E-01   -1.000000E+01   -1.000000E+01   -1.000000E+01   -1.000000E+01   -1.000000E+01   -1.000000E+01   -1.000000E+01    5.909000E+00    5.139000E+00    9.300000E-01    3.000000E+00    1.100000E+01    1.777000E+00    6.056000E-01    2.890000E+00    1.580000E+00    4.674000E-01    1.536000E-03   -1.453000E+01    2.000000E+00    2.000000E+00    1.000000E+03    9.800000E+01   -1.000000E+01    1.000000E+00   -1.011000E+01   -1.012671E+01
   1.350000E-09    1.000000E+00    1.453000E+00    1.080000E+02    1.398000E+00   -1.000000E+01   -1.000000E+01   -1.000000E+01   -1.000000E+01   -1.000000E+01   -1.000000E+01   -1.000000E+01    6.278000E+00    5.139000E+00    9.300000E-01    3.000000E+00    1.100000E+01    1.777000E+00    1.028000E+00    2.890000E+00    1.580000E+00    2.376000E-01    8.974000E-04   -1.452000E+01    2.000000E+00    2.000000E+00    1.800000E+03    9.800000E+01   -1.000000E+01    1.000000E+00   -1.059000E+01   -1.053260E+01
   2.100000E-09    1.000000E+00    1.453000E+00    1.080000E+02    1.602000E+00   -2.000000E+00   -1.000000E+01    2.362000E+00   -1.000000E+01    2.550000E+00   -1.000000E+01   -1.000000E+01    7.727000E+00    3.894000E+00    7.900000E-01    6.000000E+00    5.500000E+01    2.333000E+00    1.999000E+00    4.360000E+00    1.580000E+00    6.703000E-02    6.389000E-04   -1.051000E+01    2.000000E+00    2.000000E+00    1.410000E+03    9.999000E+01   -1.000000E+01    1.000000E+00   -9.996000E+00   -9.906902E+00
   2.000000E-09    1.000000E+00    1.279000E+00    9.300000E+01    1.398000E+00   -1.398000E+00   -1.000000E+01   -1.000000E+01    2.904000E+00   -1.000000E+01   -1.000000E+01   -1.000000E+01    1.250000E+01    1.045000E+01    2.660000E+00    5.000000E+00    5.300000E+01    3.375000E+00    2.893000E+00    3.850000E+00    1.690000E+00    6.690000E-02    8.974000E-04   -1.022000E+01    2.000000E+00    1.000000E+00    1.800000E+03    4.750000E+01   -1.000000E+01   -1.000000E+00   -1.149000E+01   -1.117966E+01
   1.550000E-09    4.000000E+00    6.232000E-01    6.700000E+01    1.398000E+00   -1.398000E+00    8.451000E-01    2.784000E+00    1.869000E+00    2.785000E+00   -1.000000E+01    2.785000E+00    8.500000E+00    9.752000E+00    2.550000E+00    4.000000E+00    3.400000E+01    2.921000E+00    1.941000E+00    3.450000E+00    2.203000E+00    1.776000E-01    8.974000E-04   -1.022000E+01    1.300000E+01    3.000000E+00    1.800000E+03    0.000000E+00   -1.000000E+01   -1.000000E+00   -9.947000E+00   -1.007010E+01
   1.550000E-09    1.000000E+00    1.453000E+00    1.080000E+02    1.477000E+00   -1.000000E+01   -1.000000E+01   -1.000000E+01   -1.000000E+01   -1.000000E+01   -1.000000E+01   -1.000000E+01    7.069000E+00    5.139000E+00    9.300000E-01    3.000000E+00    1.100000E+01    1.777000E+00    1.161000E+00    2.890000E+00    1.580000E+00    1.848000E-01    7.959000E-04   -1.451000E+01    2.000000E+00    2.000000E+00    1.000000E+03    9.800000E+01   -1.000000E+01    1.000000E+00   -9.793000E+00   -9.802050E+00
   2.000000E-09    1.000000E+00    1.744000E+00    8.200000E+01    1.362000E+00   -1.775000E+00    4.829000E-01    2.378000E+00    1.684000E+00    8.306000E-01    2.668000E+00    1.386000E+00    7.520000E+00    1.045000E+01    2.660000E+00    5.000000E+00    5.300000E+01    3.375000E+00    2.913000E+00    3.850000E+00    1.170000E+00    6.398000E-02    9.432000E-04   -1.041000E+01    2.000000E+00    1.000000E+00    1.200000E+03    8.000000E+01   -1.000000E+01   -1.000000E+00   -1.073000E+01   -1.074679E+01
   2.220000E-09    0.000000E+00   -1.549000E-01    1.000000E+01    1.362000E+00   -9.208000E-01    1.172000E+00    3.441000E+00   -1.000000E+01    2.754000E+00    3.409000E+00    2.739000E+00    9.500000E+00    1.360000E+01    2.200000E+00    1.000000E+00    1.000000E+00    8.499000E-01    8.142000E-01    8.500000E-01    2.155000E+00    1.865000E-02    9.432000E-04   -9.978000E+00    1.400000E+01    1.000000E+00    2.670000E+03    0.000000E+00   -1.000000E+01    0.000000E+00   -1.145000E+01   -1.125663E+01
   4.300000E-10    4.000000E+00    1.279000E+00    9.300000E+01    1.398000E+00   -2.190000E-01   -1.000000E+01    4.105000E+00    2.983000E+00    2.697000E+00    2.086000E+00   -1.000000E+01    1.250000E+01    6.194000E+00    1.380000E+00    7.000000E+00    9.200000E+01    3.368000E+00    6.207000E-01    4.990000E+00    1.690000E+00    7.345000E-01    8.974000E-04   -9.626000E+00    2.000000E+00    2.000000E+00    1.800000E+03    4.750000E+01   -1.000000E+01    0.000000E+00   -1.082000E+01   -1.077010E+01
   2.140000E-09    0.000000E+00    1.000000E+00    1.400000E+01    1.362000E+00   -1.356000E+00    1.990000E+00    2.225000E+00    2.512000E+00    3.094000E+00    2.354000E+00    2.238000E+00    7.800000E+00    1.360000E+01    2.200000E+00    1.000000E+00    1.000000E+00    8.499000E-01    7.849000E-01    8.500000E-01    1.146000E+00    3.459000E-02    9.432000E-04   -1.020000E+01    4.000000E+00    1.000000E+00    2.670000E+03    7.000000E+01   -1.000000E+01    0.000000E+00   -1.074000E+01   -1.071802E+01
   2.100000E-09    1.000000E+00    1.279000E+00    9.300000E+01    1.398000E+00    8.198000E-01   -1.000000E+01    5.178000E+00    3.983000E+00    5.366000E+00    2.086000E+00   -1.000000E+01    1.250000E+01    3.894000E+00    7.900000E-01    6.000000E+00    5.500000E+01    2.333000E+00    2.100000E+00    4.360000E+00    1.690000E+00    4.571000E-02    8.974000E-04   -9.106000E+00    2.000000E+00    2.000000E+00    1.200000E+03    4.750000E+01   -1.000000E+01    1.000000E+00   -9.577000E+00   -9.639504E+00
   2.000000E-09    1.000000E+00    6.128000E-01    1.090000E+01    1.398000E+00   -2.924000E-01   -1.000000E+01    4.068000E+00   -1.000000E+01    4.258000E+00   -1.000000E+01   -1.000000E+01    8.000000E+00    1.045000E+01    2.660000E+00    5.000000E+00    5.300000E+01    3.375000E+00    2.893000E+00    3.850000E+00    1.425000E+00    6.690000E-02    8.974000E-04   -9.662000E+00    2.800000E+01    2.000000E+00    2.250000E+03    0.000000E+00   -1.000000E+01   -1.000000E+00   -9.975000E+00   -1.018704E+01
   4.300000E-10    6.000000E+00    1.279000E+00    9.300000E+01    1.398000E+00   -1.000000E+01   -1.000000E+01   -1.000000E+01   -1.000000E+01   -1.000000E+01   -1.000000E+01   -1.000000E+01    9.000000E+00    6.194000E+00    1.380000E+00    7.000000E+00    9.200000E+01    3.368000E+00    6.207000E-01    4.990000E+00    1.690000E+00    7.345000E-01    8.974000E-04   -1.452000E+01    2.000000E+00    2.000000E+00    1.610000E+03    4.750000E+01   -1.000000E+01   -1.000000E+00   -1.061000E+01   -1.069804E+01
   8.100000E-10    2.000000E+00    1.279000E+00    9.300000E+01    1.778000E+00   -1.000000E+01   -1.000000E+01   -1.000000E+01   -1.000000E+01   -1.000000E+01   -1.000000E+01   -1.000000E+01    7.250000E+00    9.752000E+00    2.550000E+00    4.000000E+00    3.400000E+01    2.921000E+00    9.077000E-01    3.450000E+00    1.690000E+00    5.076000E-01    4.494000E-04   -1.449000E+01    2.000000E+00    2.000000E+00    1.600000E+03    4.750000E+01   -1.000000E+01   -1.000000E+00   -1.033000E+01   -1.022835E+01
   2.000000E-09    1.000000E+00    1.447000E+00    1.080000E+02    1.398000E+00   -1.398000E+00   -1.000000E+01   -1.000000E+01    2.904000E+00   -1.000000E+01   -1.000000E+01   -1.000000E+01    1.250000E+01    1.297000E+01    3.160000E+00    3.000000E+00    1.700000E+01    2.822000E+00    2.419000E+00    2.890000E+00    1.586000E+00    6.690000E-02    8.974000E-04   -1.022000E+01    2.000000E+00    1.000000E+00    1.600000E+03    9.800000E+01    1.845000E+00   -1.000000E+00   -1.023000E+01   -1.017023E+01
   8.500000E-10    2.000000E+00    6.021000E-01    6.700000E+01    1.398000E+00   -2.523000E+00   -1.000000E+01   -1.000000E+01   -1.000000E+01    1.851000E+00   -1.000000E+01   -1.000000E+01    6.100000E+00    5.212000E+00    8.900000E-01    6.000000E+00    5.600000E+01    2.699000E+00    9.833000E-01    4.360000E+00    2.224000E+00    4.385000E-01    8.974000E-04   -1.078000E+01    1.300000E+01    1.000000E+00    2.640000E+03    0.000000E+00   -1.000000E+01    2.000000E+00   -1.254000E+01   -1.261959E+01
   2.220000E-09    0.000000E+00    1.748000E+00    1.110000E+02    1.903000E+00   -7.620000E-01    1.567000E+00    3.375000E+00    2.707000E+00    3.224000E+00    1.850000E+00    3.685000E+00    7.570000E+00    1.360000E+01    2.200000E+00    1.000000E+00    1.000000E+00    8.499000E-01    6.828000E-01    8.500000E-01    1.297000E+00    9.510000E-02    3.547000E-04   -9.860000E+00    2.000000E+00    1.000000E+00    1.200000E+03    9.200000E+01   -1.000000E+01    0.000000E+00   -9.274000E+00   -9.445263E+00
   8.100000E-10    4.000000E+00   -1.549000E-01    1.000000E+01    1.342000E+00   -3.037000E+00   -6.990000E-01    9.827000E-01    7.490000E-01    2.967000E-01    1.408000E+00    9.581000E-01    9.330000E+00    9.752000E+00    2.550000E+00    4.000000E+00    3.400000E+01    2.921000E+00    1.025000E+00    3.450000E+00    2.155000E+00    4.551000E-01    9.673000E-04   -1.104000E+01    1.400000E+01    1.000000E+00    2.610000E+03    0.000000E+00   -1.000000E+01   -2.000000E+00   -1.154000E+01   -1.161160E+01
   4.300000E-10    6.000000E+00    1.531000E+00    1.300000E+01    1.398000E+00   -4.437000E-01    1.799000E+00    3.742000E+00    3.018000E+00    4.027000E+00    1.462000E+00    3.129000E+00    7.600000E+00    6.194000E+00    1.380000E+00    7.000000E+00    9.200000E+01    3.368000E+00    6.207000E-01    4.990000E+00    5.825000E-01    7.345000E-01    8.974000E-04   -9.738000E+00    4.000000E+00    1.000000E+00    2.421000E+03    0.000000E+00   -1.000000E+01    0.000000E+00   -1.152000E+01   -1.156896E+01
   2.032000E-10    1.000000E+00    1.531000E+00    1.300000E+01    1.362000E+00   -4.510000E-01    1.806000E+00    3.749000E+00    2.949000E+00    3.984000E+00    1.477000E+00    3.368000E+00    7.680000E+00    1.297000E+01    3.160000E+00    3.000000E+00    1.700000E+01    2.822000E+00    2.474000E-01    2.890000E+00    5.825000E-01    1.057000E+00    9.432000E-04   -9.743000E+00    4.000000E+00    1.000000E+00    2.700000E+03    0.000000E+00   -1.000000E+01   -1.000000E+00   -1.170000E+01   -1.173980E+01
   2.000000E-09    1.000000E+00    6.128000E-01    1.090000E+01    1.398000E+00   -2.812000E+00    3.655000E-01    1.640000E+00    3.444000E-01    1.305000E+00   -1.000000E+01    8.932000E-01    9.050000E+00    1.045000E+01    2.660000E+00    5.000000E+00    5.300000E+01    3.375000E+00    2.893000E+00    3.850000E+00    1.425000E+00    6.690000E-02    8.974000E-04   -1.092000E+01    2.800000E+01    1.000000E+00    2.250000E+03    0.000000E+00   -1.000000E+01   -1.000000E+00   -1.085000E+01   -1.148054E+01
   1.300000E-10    7.000000E+00    1.580000E+00    7.200000E+01    1.398000E+00   -3.010000E-01   -1.000000E+01    4.061000E+00   -1.000000E+01    4.249000E+00   -1.000000E+01   -1.000000E+01    4.000000E+00    7.834000E+00    1.900000E+00    6.000000E+00    7.500000E+01    3.309000E+00    1.844000E-01    4.360000E+00    1.278000E+00    1.254000E+00    8.974000E-04   -9.667000E+00    2.000000E+00    1.000000E+00    1.800000E+03    8.200000E+01   -1.000000E+01   -1.000000E+00   -1.129000E+01   -1.132306E+01
   1.130000E-09    6.000000E+00    1.780000E+00    7.600000E+01    1.301000E+00   -3.010000E-01   -1.000000E+01    4.061000E+00   -1.000000E+01    4.249000E+00   -1.000000E+01   -1.000000E+01    7.500000E+00    6.767000E+00    1.660000E+00    4.000000E+00    2.400000E+01    2.434000E+00    1.199000E+00    3.450000E+00    1.100000E+00    3.075000E-01    1.018000E-03   -9.670000E+00    2.000000E+00    1.000000E+00    1.300000E+03    4.600000E+01   -1.000000E+01   -1.000000E+00   -1.019000E+01   -1.023878E+01
   8.100000E-10    2.000000E+00   -1.549000E-01    1.000000E+01    1.342000E+00   -5.157000E-01    1.000000E+00    3.380000E+00    3.405000E+00    3.922000E+00    1.230000E+00    2.230000E+00    8.700000E+00    9.752000E+00    2.550000E+00    4.000000E+00    3.400000E+01    2.921000E+00    1.025000E+00    3.450000E+00    2.155000E+00    4.551000E-01    9.673000E-04   -9.776000E+00    1.400000E+01    1.000000E+00    2.730000E+03    0.000000E+00   -1.000000E+01   -1.000000E+00   -1.172000E+01   -1.168642E+01
   1.300000E-09    1.000000E+00    1.580000E+00    7.870000E+01    1.398000E+00    0.000000E+00   -1.000000E+01    4.362000E+00   -1.000000E+01   -1.000000E+01   -1.000000E+01   -1.000000E+01    7.269000E+00    5.139000E+00    9.300000E-01    3.000000E+00    1.100000E+01    1.777000E+00    9.899000E-01    2.890000E+00    1.316000E+00    2.540000E-01    8.974000E-04   -9.516000E+00    2.000000E+00    1.000000E+00    1.800000E+03    8.200000E+01   -1.000000E+01    1.000000E+00   -1.048000E+01   -1.046190E+01
   2.000000E-09    7.000000E+00    1.744000E+00    8.200000E+01    1.380000E+00   -5.918000E-01    1.146000E+00    3.279000E+00    3.330000E+00    3.785000E+00    1.831000E+00    3.016000E+00    7.500000E+00    7.280000E+00    1.900000E+00    5.000000E+00    4.300000E+01    2.817000E+00    2.423000E+00    3.850000E+00    1.170000E+00    6.544000E-02    9.199000E-04   -9.813000E+00    2.000000E+00    1.000000E+00    1.150000E+03    8.000000E+01   -1.000000E+01   -1.000000E+00   -9.714000E+00   -9.685134E+00
   1.300000E-09    1.000000E+00    1.580000E+00    7.870000E+01    1.398000E+00   -1.000000E+00   -1.000000E+01    3.362000E+00   -1.000000E+01   -1.000000E+01   -1.000000E+01   -1.000000E+01    6.492000E+00    5.139000E+00    9.300000E-01    3.000000E+00    1.100000E+01    1.777000E+00    9.899000E-01    2.890000E+00    1.316000E+00    2.540000E-01    8.974000E-04   -1.002000E+01    2.000000E+00    1.000000E+00    1.800000E+03    8.200000E+01   -1.000000E+01    1.000000E+00   -1.048000E+01   -1.037322E+01
   2.360000E-09    1.000000E+00    1.279000E+00    9.300000E+01    1.477000E+00   -2.757000E-01    5.922000E-01    4.024000E+00    2.558000E+00    4.302000E+00   -1.000000E+01    4.065000E-01    8.300000E+00    3.894000E+00    7.900000E-01    6.000000E+00    5.500000E+01    2.333000E+00    2.321000E+00    4.360000E+00    1.690000E+00    2.240000E-03    7.959000E-04   -9.651000E+00    2.000000E+00    1.000000E+00    1.600000E+03    4.800000E+01    1.477000E+00    1.000000E+00   -9.409000E+00   -9.588487E+00
   6.240000E-10    3.000000E+00    1.279000E+00    9.300000E+01    1.398000E+00   -1.000000E+01   -1.000000E+01   -1.000000E+01   -1.000000E+01   -1.000000E+01   -1.000000E+01   -1.000000E+01    1.250000E+01    5.974000E+00    1.300000E+00    7.000000E+00    9.500000E+01    3.307000E+00    8.845000E-01    4.990000E+00    1.690000E+00    5.727000E-01    8.974000E-04   -1.452000E+01    2.000000E+00    2.000000E+00    1.800000E+03    4.750000E+01   -1.000000E+01    3.000000E+00   -1.066000E+01   -1.066622E+01
   2.220000E-09    0.000000E+00    1.833000E+00    7.100000E+01    1.398000E+00   -2.301000E+00   -1.000000E+01    2.061000E+00   -1.000000E+01    2.249000E+00   -1.000000E+01   -1.000000E+01    7.000000E+00    1.360000E+01    2.200000E+00    1.000000E+00    1.000000E+00    8.499000E-01    8.088000E-01    8.500000E-01    1.019000E+00    2.158000E-02    8.974000E-04   -1.067000E+01    6.000000E+00    1.000000E+00    1.500000E+03    0.000000E+00   -1.000000E+01    0.000000E+00   -9.866000E+00   -9.777394E+00
   8.050000E-10    2.000000E+00    1.580000E+00    7.870000E+01    1.398000E+00   -2.218000E-01   -1.000000E+01    4.140000E+00   -1.000000E+01    4.328000E+00   -1.000000E+01   -1.000000E+01    7.293000E+00    5.695000E+00    9.500000E-01    5.000000E+00    3.800000E+01    2.491000E+00    8.596000E-01    3.850000E+00    1.316000E+00    4.621000E-01    8.974000E-04   -9.627000E+00    2.000000E+00    7.000000E+00    1.740000E+03    8.200000E+01   -1.000000E+01    2.000000E+00   -1.063000E+01   -1.047465E+01
   2.000000E-09    1.000000E+00   -2.218000E-01    1.730000E+01    1.398000E+00   -1.215000E+00   -6.990000E-01    9.823000E-01    7.497000E-01    2.967000E-01    1.348000E+00    9.581000E-01    8.920000E+00    1.297000E+01    3.160000E+00    3.000000E+00    1.700000E+01    2.822000E+00    2.419000E+00    2.890000E+00    2.460000E+00    6.690000E-02    8.974000E-04   -1.012000E+01    2.700000E+01    1.000000E+00    2.430000E+03    0.000000E+00   -1.000000E+01   -1.000000E+00   -1.068000E+01   -1.078159E+01
   2.000000E-09    1.000000E+00    1.279000E+00    9.300000E+01    1.352000E+00   -2.000000E+00   -1.000000E+01    1.362000E+00   -1.000000E+01   -1.000000E+01   -1.000000E+01   -1.000000E+01    1.250000E+01    1.297000E+01    3.160000E+00    3.000000E+00    1.700000E+01    2.822000E+00    2.440000E+00    2.890000E+00    1.690000E+00    6.324000E-02    9.552000E-04   -1.052000E+01    2.000000E+00    1.000000E+00    1.600000E+03    4.750000E+01   -1.000000E+01   -1.000000E+00   -1.139000E+01   -1.131858E+01
   7.420000E-10    1.000000E+00    1.453000E+00    1.080000E+02    6.990000E-01   -1.000000E+01   -1.000000E+01   -1.000000E+01   -1.000000E+01   -1.000000E+01   -1.000000E+01   -1.000000E+01    5.236000E+00    5.139000E+00    9.300000E-01    3.000000E+00    1.100000E+01    1.777000E+00    6.056000E-01    2.890000E+00    1.580000E+00    4.674000E-01    1.536000E-03   -1.453000E+01    2.000000E+00    2.000000E+00    1.400000E+03    9.800000E+01   -1.000000E+01    1.000000E+00   -1.043000E+01   -1.041232E+01
   1.200000E-09    4.000000E+00    1.279000E+00    9.300000E+01    1.398000E+00   -2.190000E-01   -1.000000E+01    4.105000E+00    2.983000E+00    2.697000E+00    2.086000E+00   -1.000000E+01    1.250000E+01    6.266000E+00    1.360000E+00    7.000000E+00    9.300000E+01    3.387000E+00    1.742000E+00    4.990000E+00    1.690000E+00    2.887000E-01    8.974000E-04   -9.626000E+00    2.000000E+00    2.000000E+00    1.800000E+03    4.750000E+01   -1.000000E+01    0.000000E+00   -1.037000E+01   -1.048569E+01
   2.100000E-09    0.000000E+00    2.025000E+00    8.100000E+01    1.398000E+00   -2.000000E+00   -1.000000E+01    2.362000E+00   -1.000000E+01    2.550000E+00   -1.000000E+01   -1.000000E+01    1.250000E+01    1.360000E+01    2.200000E+00    1.000000E+00    1.000000E+00    8.499000E-01    7.650000E-01    8.500000E-01    8.832000E-01    4.571000E-02    8.974000E-04   -1.052000E+01    2.500000E+01    1.000000E+00    1.650000E+03    0.000000E+00   -1.000000E+01    0.000000E+00   -9.991000E+00   -1.001450E+01
   2.100000E-09    1.000000E+00    1.279000E+00    9.300000E+01    1.398000E+00   -1.000000E+01   -1.000000E+01   -1.000000E+01   -1.000000E+01   -1.000000E+01   -1.000000E+01   -1.000000E+01    1.250000E+01    3.894000E+00    7.900000E-01    6.000000E+00    5.500000E+01    2.333000E+00    2.100000E+00    4.360000E+00    1.690000E+00    4.571000E-02    8.974000E-04   -1.452000E+01    2.000000E+00    2.000000E+00    1.800000E+03    4.750000E+01   -1.000000E+01    1.000000E+00   -1.013000E+01   -1.012009E+01
   6.240000E-10    3.000000E+00    1.279000E+00    9.300000E+01    1.398000E+00   -1.000000E+01   -1.000000E+01   -1.000000E+01   -1.000000E+01   -1.000000E+01   -1.000000E+01   -1.000000E+01    1.250000E+01    5.974000E+00    1.300000E+00    7.000000E+00    9.500000E+01    3.307000E+00    8.845000E-01    4.990000E+00    1.690000E+00    5.727000E-01    8.974000E-04   -1.452000E+01    2.000000E+00    2.000000E+00    1.200000E+03    4.750000E+01   -1.000000E+01    3.000000E+00   -1.010000E+01   -9.962032E+00
   1.330000E-09    1.000000E+00   -1.549000E-01    1.000000E+01    1.362000E+00   -2.921000E+00   -8.239000E-01    1.200000E+00    7.168000E-01    7.536000E-01    1.409000E+00    7.388000E-01    9.500000E+00    5.139000E+00    9.300000E-01    3.000000E+00    1.100000E+01    1.777000E+00    1.020000E+00    2.890000E+00    2.155000E+00    2.412000E-01    9.432000E-04   -1.098000E+01    1.400000E+01    1.000000E+00    2.670000E+03    0.000000E+00   -1.000000E+01    1.000000E+00   -1.109000E+01   -1.123304E+01
   4.740000E-09    0.000000E+00    1.279000E+00    9.300000E+01    1.778000E+00   -2.757000E-01    5.922000E-01    4.024000E+00    2.558000E+00    4.302000E+00   -1.000000E+01    4.065000E-01    8.300000E+00    1.360000E+01    2.200000E+00    1.000000E+00    1.000000E+00    8.499000E-01    1.545000E+00    8.500000E-01    1.690000E+00   -2.596000E-01    4.494000E-04   -9.630000E+00    2.000000E+00    1.000000E+00    1.600000E+03    4.750000E+01    1.477000E+00    0.000000E+00   -9.553000E+00   -9.395922E+00
   5.000000E-10    3.000000E+00    1.436000E+00    5.870000E+01    1.176000E+00   -2.218000E-01   -1.000000E+01    4.140000E+00   -1.000000E+01    4.328000E+00   -1.000000E+01   -1.000000E+01    5.300000E+00    5.670000E+00    1.200000E+00    6.000000E+00    6.300000E+01    2.815000E+00    6.243000E-01    4.360000E+00    1.332000E+00    6.541000E-01    1.162000E-03   -9.635000E+00    2.000000E+00    1.000000E+00    1.500000E+03    7.800000E+01   -1.000000E+01   -1.000000E+00   -1.059000E+01   -1.074153E+01
   2.100000E-09    0.000000E+00    1.447000E+00    1.080000E+02    1.398000E+00   -2.000000E+00   -1.000000E+01    2.362000E+00   -1.000000E+01    2.550000E+00   -1.000000E+01   -1.000000E+01    6.300000E+00    1.360000E+01    2.200000E+00    1.000000E+00    1.000000E+00    8.499000E-01    7.650000E-01    8.500000E-01    1.586000E+00    4.571000E-02    8.974000E-04   -1.052000E+01    2.000000E+00    1.000000E+00    9.000000E+02    1.000000E+02   -1.000000E+01    0.000000E+00   -1.010000E+01   -1.001865E+01
   4.300000E-10    6.000000E+00    1.279000E+00    9.300000E+01    1.398000E+00   -1.000000E+01   -1.000000E+01   -1.000000E+01   -1.000000E+01   -1.000000E+01   -1.000000E+01   -1.000000E+01    9.000000E+00    6.194000E+00    1.380000E+00    7.000000E+00    9.200000E+01    3.368000E+00    6.207000E-01    4.990000E+00    1.690000E+00    7.345000E-01    8.974000E-04   -1.452000E+01    2.000000E+00    2.000000E+00    1.820000E+03    4.750000E+01   -1.000000E+01   -1.000000E+00   -1.084000E+01   -1.079680E+01
   2.000000E-09    1.000000E+00    1.447000E+00    1.300000E+01    1.380000E+00   -6.990000E-01    2.228000E+00    3.538000E+00    2.462000E+00    3.754000E+00    1.279000E+00    2.983000E+00    7.900000E+00    1.045000E+01    2.660000E+00    5.000000E+00    5.300000E+01    3.375000E+00    2.903000E+00    3.850000E+00    6.668000E-01    6.544000E-02    9.199000E-04   -9.866000E+00    4.000000E+00    4.000000E+00    2.600000E+03    0.000000E+00   -1.000000E+01   -1.000000E+00   -1.230000E+01   -1.223534E+01
   1.200000E-09    5.000000E+00    1.602000E+00    1.400000E+02    1.301000E+00   -2.297000E+00   -1.000000E+01   -1.000000E+01    2.603000E+00   -1.000000E+01   -1.000000E+01   -1.000000E+01    6.000000E+00    6.266000E+00    1.360000E+00    7.000000E+00    9.300000E+01    3.387000E+00    1.772000E+00    4.990000E+00    1.544000E+00    2.814000E-01    1.018000E-03   -1.067000E+01    7.000000E+00    2.000000E+00    1.190000E+03    0.000000E+00   -1.000000E+01    1.000000E+00   -9.442000E+00   -9.455159E+00
   2.100000E-09    1.000000E+00    6.990000E-01    4.000000E+00    1.398000E+00   -1.000000E+00   -1.000000E+01   -1.000000E+01   -1.000000E+01    3.550000E+00   -1.000000E+01   -1.000000E+01    7.100000E+00    3.894000E+00    7.900000E-01    6.000000E+00    5.500000E+01    2.333000E+00    2.100000E+00    4.360000E+00    9.031000E-01    4.571000E-02    8.974000E-04   -1.002000E+01    1.000000E+00    1.000000E+00    2.750000E+03    0.000000E+00   -1.000000E+01    1.000000E+00   -1.282000E+01   -1.296978E+01
   1.550000E-09    4.000000E+00    6.232000E-01    6.700000E+01    1.602000E+00   -1.398000E+00    8.451000E-01    2.784000E+00    1.869000E+00    2.785000E+00   -1.000000E+01    2.785000E+00    6.400000E+00    9.752000E+00    2.550000E+00    4.000000E+00    3.400000E+01    2.921000E+00    1.848000E+00    3.450000E+00    2.203000E+00    1.989000E-01    6.389000E-04   -1.020000E+01    1.300000E+01    3.000000E+00    1.800000E+03    0.000000E+00   -1.000000E+01   -1.000000E+00   -9.750000E+00   -9.955651E+00
   2.000000E-09    1.000000E+00    1.279000E+00    9.300000E+01    1.352000E+00   -2.000000E+00   -1.000000E+01    1.362000E+00   -1.000000E+01   -1.000000E+01   -1.000000E+01   -1.000000E+01    1.250000E+01    1.297000E+01    3.160000E+00    3.000000E+00    1.700000E+01    2.822000E+00    2.440000E+00    2.890000E+00    1.690000E+00    6.324000E-02    9.552000E-04   -1.052000E+01    2.000000E+00    1.000000E+00    1.600000E+03    4.750000E+01    1.477000E+00   -1.000000E+00   -1.108000E+01   -1.112658E+01
   5.000000E-10    3.000000E+00    1.436000E+00    5.870000E+01    1.176000E+00   -2.218000E-01   -1.000000E+01    4.140000E+00   -1.000000E+01    4.328000E+00   -1.000000E+01   -1.000000E+01    5.300000E+00    5.670000E+00    1.200000E+00    6.000000E+00    6.300000E+01    2.815000E+00    6.243000E-01    4.360000E+00    1.332000E+00    6.541000E-01    1.162000E-03   -9.635000E+00    2.000000E+00    1.000000E+00    1.700000E+03    7.800000E+01   -1.000000E+01   -1.000000E+00   -1.089000E+01   -1.086583E+01
   2.000000E-09    1.000000E+00    1.279000E+00    9.300000E+01    1.398000E+00   -1.398000E+00   -1.000000E+01   -1.000000E+01    2.904000E+00   -1.000000E+01   -1.000000E+01   -1.000000E+01    1.250000E+01    1.045000E+01    2.660000E+00    5.000000E+00    5.300000E+01    3.375000E+00    2.893000E+00    3.850000E+00    1.690000E+00    6.690000E-02    8.974000E-04   -1.022000E+01    2.000000E+00    1.000000E+00    1.600000E+03    4.750000E+01    1.845000E+00   -1.000000E+00   -1.022000E+01   -1.039070E+01
   2.000000E-09    1.000000E+00   -1.549000E-01    1.000000E+01    1.398000E+00   -5.157000E-01    1.000000E+00    3.380000E+00    3.405000E+00    3.922000E+00    1.230000E+00    2.230000E+00    8.700000E+00    1.297000E+01    3.160000E+00    3.000000E+00    1.700000E+01    2.822000E+00    2.419000E+00    2.890000E+00    2.155000E+00    6.690000E-02    8.974000E-04   -9.774000E+00    1.400000E+01    1.000000E+00    2.730000E+03    0.000000E+00   -1.000000E+01   -1.000000E+00   -1.100000E+01   -1.110327E+01
   2.060000E-09    1.000000E+00    6.232000E-01    6.700000E+01    1.398000E+00   -5.214000E-01   -1.000000E+01    3.663000E+00   -1.000000E+01    4.027000E+00    2.086000E+00   -1.000000E+01    8.000000E+00    3.894000E+00    7.900000E-01    6.000000E+00    5.500000E+01    2.333000E+00    2.060000E+00    4.360000E+00    2.203000E+00    5.406000E-02    8.974000E-04   -9.777000E+00    1.300000E+01    7.000000E+00    2.700000E+03    0.000000E+00   -1.000000E+01    1.000000E+00   -1.163000E+01   -1.168517E+01
   8.470000E-10    2.000000E+00    1.748000E+00    1.110000E+02    1.602000E+00   -6.778000E-01    1.637000E+00    3.472000E+00    2.790000E+00    3.517000E+00    1.749000E+00    3.638000E+00    7.550000E+00    5.212000E+00    8.900000E-01    6.000000E+00    5.600000E+01    2.699000E+00    9.329000E-01    4.360000E+00    1.297000E+00    4.614000E-01    6.389000E-04   -9.844000E+00    2.000000E+00    1.000000E+00    1.650000E+03    9.200000E+01   -1.000000E+01    2.000000E+00   -9.157000E+00   -9.332375E+00
   2.000000E-09    1.000000E+00    1.744000E+00    8.200000E+01    1.380000E+00   -5.918000E-01    1.146000E+00    3.279000E+00    3.328000E+00    3.785000E+00    1.831000E+00    3.016000E+00    7.500000E+00    1.045000E+01    2.660000E+00    5.000000E+00    5.300000E+01    3.375000E+00    2.903000E+00    3.850000E+00    1.170000E+00    6.544000E-02    9.199000E-04   -9.813000E+00    2.000000E+00    2.000000E+00    8.900000E+02    8.000000E+01   -1.000000E+01   -1.000000E+00   -9.514000E+00   -9.551847E+00
   1.550000E-09    1.000000E+00    1.453000E+00    1.080000E+02    1.477000E+00   -1.000000E+01   -1.000000E+01   -1.000000E+01   -1.000000E+01   -1.000000E+01   -1.000000E+01   -1.000000E+01    7.069000E+00    5.139000E+00    9.300000E-01    3.000000E+00    1.100000E+01    1.777000E+00    1.161000E+00    2.890000E+00    1.580000E+00    1.848000E-01    7.959000E-04   -1.451000E+01    2.000000E+00    2.000000E+00    1.000000E+03    9.800000E+01   -1.000000E+01    1.000000E+00   -9.793000E+00   -9.802050E+00
   1.300000E-09    1.000000E+00   -1.549000E-01    1.000000E+01    1.398000E+00   -5.157000E-01    1.000000E+00    3.380000E+00    3.405000E+00    3.922000E+00    1.230000E+00    2.230000E+00    8.700000E+00    5.139000E+00    9.300000E-01    3.000000E+00    1.100000E+01    1.777000E+00    9.899000E-01    2.890000E+00    2.155000E+00    2.540000E-01    8.974000E-04   -9.774000E+00    1.400000E+01    1.000000E+00    2.730000E+03    0.000000E+00   -1.000000E+01    1.000000E+00   -1.128000E+01   -1.124757E+01
   3.690000E-09    1.000000E+00    1.453000E+00    1.080000E+02    1.699000E+00   -1.000000E+01   -1.000000E+01   -1.000000E+01   -1.000000E+01   -1.000000E+01   -1.000000E+01   -1.000000E+01    6.038000E+00    1.297000E+01    3.160000E+00    3.000000E+00    1.700000E+01    2.822000E+00    4.118000E+00    2.890000E+00    1.580000E+00   -1.641000E-01    5.279000E-04   -1.450000E+01    2.000000E+00    2.000000E+00    1.800000E+03    9.800000E+01   -1.000000E+01   -1.000000E+00   -1.010000E+01   -1.014659E+01
   2.000000E-09    1.000000E+00    1.453000E+00    1.080000E+02    1.602000E+00   -2.000000E+00   -1.000000E+01    2.362000E+00   -1.000000E+01    2.550000E+00   -1.000000E+01   -1.000000E+01    7.542000E+00    1.045000E+01    2.660000E+00    5.000000E+00    5.300000E+01    3.375000E+00    2.755000E+00    3.850000E+00    1.580000E+00    8.822000E-02    6.389000E-04   -1.051000E+01    2.000000E+00    2.000000E+00    1.050000E+03    9.999000E+01   -1.000000E+01   -1.000000E+00   -9.712000E+00   -9.697534E+00
   4.300000E-10    4.000000E+00    1.279000E+00    9.300000E+01    1.398000E+00   -2.190000E-01   -1.000000E+01    4.105000E+00    2.983000E+00    2.697000E+00    2.086000E+00   -1.000000E+01    1.250000E+01    6.194000E+00    1.380000E+00    7.000000E+00    9.200000E+01    3.368000E+00    6.207000E-01    4.990000E+00    1.690000E+00    7.345000E-01    8.974000E-04   -9.626000E+00    2.000000E+00    2.000000E+00    1.200000E+03    4.750000E+01   -1.000000E+01    0.000000E+00   -1.026000E+01   -1.027120E+01
   2.000000E-09    7.000000E+00    1.744000E+00    8.200000E+01    1.903000E+00   -5.918000E-01    1.146000E+00    3.279000E+00    3.330000E+00    3.785000E+00    1.831000E+00    3.016000E+00    7.500000E+00    7.280000E+00    1.900000E+00    5.000000E+00    4.300000E+01    2.817000E+00    2.039000E+00    3.850000E+00    1.170000E+00    1.404000E-01    3.547000E-04   -9.775000E+00    2.000000E+00    2.000000E+00    1.350000E+03    8.000000E+01   -1.000000E+01   -1.000000E+00   -9.879000E+00   -9.803426E+00
   2.000000E-09    1.000000E+00    1.580000E+00    7.900000E+01    1.398000E+00   -1.000000E+00   -1.000000E+01    3.362000E+00   -1.000000E+01   -1.000000E+01   -1.000000E+01   -1.000000E+01    8.200000E+00    1.297000E+01    3.160000E+00    3.000000E+00    1.700000E+01    2.822000E+00    2.419000E+00    2.890000E+00    1.318000E+00    6.690000E-02    8.974000E-04   -1.002000E+01    2.000000E+00    1.000000E+00    8.000000E+02    8.000000E+01   -1.000000E+01   -1.000000E+00   -9.449000E+00   -9.425057E+00
   8.500000E-10    2.000000E+00    6.021000E-01    6.700000E+01    1.398000E+00   -2.523000E+00   -1.000000E+01   -1.000000E+01   -1.000000E+01    1.851000E+00   -1.000000E+01   -1.000000E+01    6.100000E+00    5.212000E+00    8.900000E-01    6.000000E+00    5.600000E+01    2.699000E+00    9.833000E-01    4.360000E+00    2.224000E+00    4.385000E-01    8.974000E-04   -1.078000E+01    1.300000E+01    1.000000E+00    2.640000E+03    0.000000E+00   -1.000000E+01    2.000000E+00   -1.270000E+01   -1.261959E+01
   2.032000E-10    1.000000E+00    1.833000E+00    7.100000E+01    1.398000E+00   -3.010000E-01   -1.000000E+01    4.061000E+00   -1.000000E+01    4.249000E+00   -1.000000E+01   -1.000000E+01    7.000000E+00    1.297000E+01    3.160000E+00    3.000000E+00    1.700000E+01    2.822000E+00    2.458000E-01    2.890000E+00    1.019000E+00    1.060000E+00    8.974000E-04   -9.667000E+00    6.000000E+00    1.000000E+00    1.700000E+03    0.000000E+00   -1.000000E+01   -1.000000E+00   -1.019000E+01   -1.014010E+01
   1.460000E-09    7.000000E+00    1.474000E+00    7.600000E+01    1.301000E+00   -1.301000E+00   -1.000000E+01    3.061000E+00   -1.000000E+01    3.249000E+00   -1.000000E+01   -1.000000E+01    7.000000E+00    7.834000E+00    1.900000E+00    6.000000E+00    7.500000E+01    3.309000E+00    2.106000E+00    4.360000E+00    1.407000E+00    1.962000E-01    1.018000E-03   -1.017000E+01    2.000000E+00    1.000000E+00    1.600000E+03    8.130000E+01   -1.000000E+01   -1.000000E+00   -1.129000E+01   -1.111266E+01
   1.350000E-09    1.000000E+00    1.453000E+00    1.080000E+02    1.398000E+00   -1.000000E+01   -1.000000E+01   -1.000000E+01   -1.000000E+01   -1.000000E+01   -1.000000E+01   -1.000000E+01    6.303000E+00    5.139000E+00    9.300000E-01    3.000000E+00    1.100000E+01    1.777000E+00    1.028000E+00    2.890000E+00    1.580000E+00    2.376000E-01    8.974000E-04   -1.452000E+01    2.000000E+00    2.000000E+00    1.800000E+03    9.800000E+01    1.204000E+00    1.000000E+00   -1.048000E+01   -1.046932E+01
   1.350000E-09    1.000000E+00    1.453000E+00    1.080000E+02    1.398000E+00   -1.000000E+00   -1.000000E+01    3.362000E+00   -1.000000E+01    3.550000E+00   -1.000000E+01   -1.000000E+01    6.974000E+00    5.139000E+00    9.300000E-01    3.000000E+00    1.100000E+01    1.777000E+00    1.028000E+00    2.890000E+00    1.580000E+00    2.376000E-01    8.974000E-04   -1.002000E+01    2.000000E+00    2.000000E+00    1.000000E+03    9.800000E+01   -1.000000E+01    1.000000E+00   -9.839000E+00   -9.794597E+00
   9.230000E-10    4.000000E+00    1.279000E+00    9.300000E+01    1.398000E+00   -8.097000E-01   -1.000000E+01    3.566000E+00   -1.000000E+01   -1.000000E+01    3.740000E+00    3.159000E+00    1.040000E+01    1.126000E+01    2.550000E+00    2.000000E+00    6.000000E+00    1.811000E+00    7.164000E-01    1.990000E+00    1.690000E+00    4.027000E-01    8.974000E-04   -9.921000E+00    2.000000E+00    1.000000E+00    1.600000E+03    4.750000E+01    1.653000E+00   -2.000000E+00   -1.051000E+01   -1.045265E+01
   1.200000E-09    4.000000E+00    1.279000E+00    9.300000E+01    1.398000E+00   -2.301000E+00   -1.000000E+01    2.362000E+00   -1.000000E+01   -1.000000E+01   -1.000000E+01   -1.000000E+01    7.000000E+00    6.266000E+00    1.360000E+00    7.000000E+00    9.300000E+01    3.387000E+00    1.742000E+00    4.990000E+00    1.690000E+00    2.887000E-01    8.974000E-04   -1.067000E+01    2.000000E+00    2.000000E+00    1.400000E+03    4.750000E+01   -1.000000E+01    0.000000E+00   -9.979000E+00   -9.973857E+00
   2.000000E-09    7.000000E+00    6.232000E-01    6.700000E+01    1.398000E+00   -2.578000E+00   -1.550000E-01    1.756000E+00    8.701000E-01    1.225000E+00   -1.000000E+01    1.403000E+00    8.060000E+00    7.280000E+00    1.900000E+00    5.000000E+00    4.300000E+01    2.817000E+00    2.415000E+00    3.850000E+00    2.203000E+00    6.690000E-02    8.974000E-04   -1.081000E+01    1.300000E+01    1.000000E+00    1.450000E+03    0.000000E+00   -1.000000E+01   -1.000000E+00   -9.097000E+00   -9.162719E+00
   2.100000E-09    0.000000E+00    2.025000E+00    8.100000E+01    1.398000E+00   -3.010000E-01   -1.000000E+01    4.061000E+00   -1.000000E+01    4.250000E+00   -1.000000E+01   -1.000000E+01    1.250000E+01    1.360000E+01    2.200000E+00    1.000000E+00    1.000000E+00    8.499000E-01    7.650000E-01    8.500000E-01    8.832000E-01    4.571000E-02    8.974000E-04   -9.667000E+00    2.500000E+01    1.000000E+00    1.650000E+03    0.000000E+00   -1.000000E+01    0.000000E+00   -1.009000E+01   -1.007868E+01
   2.570000E-09    1.000000E+00    1.453000E+00    1.080000E+02    1.699000E+00   -1.000000E+01   -1.000000E+01   -1.000000E+01   -1.000000E+01   -1.000000E+01   -1.000000E+01   -1.000000E+01    7.011000E+00    5.139000E+00    9.300000E-01    3.000000E+00    1.100000E+01    1.777000E+00    1.806000E+00    2.890000E+00    1.580000E+00   -7.034000E-03    5.279000E-04   -1.450000E+01    2.000000E+00    2.000000E+00    1.800000E+03    9.800000E+01   -1.000000E+01    1.000000E+00   -1.025000E+01   -1.027119E+01
   2.450000E-09    0.000000E+00    1.744000E+00    8.200000E+01    1.362000E+00   -5.719000E-01    1.437000E+00    3.441000E+00    3.205000E+00    3.851000E+00    1.086000E+00    3.129000E+00    7.700000E+00    1.360000E+01    2.200000E+00    1.000000E+00    1.000000E+00    8.499000E-01    8.986000E-01    8.500000E-01    1.170000E+00   -2.416000E-02    9.432000E-04   -9.804000E+00    2.000000E+00    1.000000E+00    1.600000E+03    8.000000E+01    1.699000E+00    0.000000E+00   -1.008000E+01   -1.011042E+01
   1.350000E-09    1.000000E+00    1.453000E+00    1.080000E+02    1.398000E+00   -1.000000E+01   -1.000000E+01   -1.000000E+01   -1.000000E+01   -1.000000E+01   -1.000000E+01   -1.000000E+01    6.303000E+00    5.139000E+00    9.300000E-01    3.000000E+00    1.100000E+01    1.777000E+00    1.028000E+00    2.890000E+00    1.580000E+00    2.376000E-01    8.974000E-04   -1.452000E+01    2.000000E+00    2.000000E+00    1.800000E+03    9.800000E+01   -1.000000E+01    1.000000E+00   -1.053000E+01   -1.053260E+01
   1.550000E-09    1.000000E+00    1.453000E+00    1.080000E+02    1.477000E+00   -1.000000E+01   -1.000000E+01   -1.000000E+01   -1.000000E+01   -1.000000E+01   -1.000000E+01   -1.000000E+01    6.234000E+00    5.139000E+00    9.300000E-01    3.000000E+00    1.100000E+01    1.777000E+00    1.161000E+00    2.890000E+00    1.580000E+00    1.848000E-01    7.959000E-04   -1.451000E+01    2.000000E+00    2.000000E+00    1.800000E+03    9.800000E+01   -1.000000E+01    1.000000E+00   -1.053000E+01   -1.051206E+01
   2.000000E-09    7.000000E+00    1.744000E+00    8.200000E+01    1.380000E+00   -5.918000E-01    1.146000E+00    3.279000E+00    3.330000E+00    3.785000E+00    1.831000E+00    3.016000E+00    7.500000E+00    7.280000E+00    1.900000E+00    5.000000E+00    4.300000E+01    2.817000E+00    2.423000E+00    3.850000E+00    1.170000E+00    6.544000E-02    9.199000E-04   -9.813000E+00    2.000000E+00    1.000000E+00    1.300000E+03    8.000000E+01   -1.000000E+01   -1.000000E+00   -9.836000E+00   -9.931068E+00
   2.020000E-09    1.000000E+00    2.025000E+00    8.100000E+01    1.398000E+00   -1.000000E+00   -1.000000E+01    3.362000E+00   -1.000000E+01    3.550000E+00   -1.000000E+01   -1.000000E+01    1.250000E+01    1.045000E+01    2.660000E+00    5.000000E+00    5.300000E+01    3.375000E+00    2.922000E+00    3.850000E+00    8.832000E-01    6.258000E-02    8.974000E-04   -1.002000E+01    2.500000E+01    1.000000E+00    1.650000E+03    0.000000E+00   -1.000000E+01   -1.000000E+00   -1.041000E+01   -1.049816E+01
   2.000000E-09    1.000000E+00    1.279000E+00    9.300000E+01    1.362000E+00    6.990000E-01   -1.000000E+01    5.061000E+00   -1.000000E+01   -1.000000E+01   -1.000000E+01   -1.000000E+01    1.250000E+01    1.045000E+01    2.660000E+00    5.000000E+00    5.300000E+01    3.375000E+00    2.913000E+00    3.850000E+00    1.690000E+00    6.398000E-02    9.432000E-04   -9.168000E+00    2.000000E+00    1.000000E+00    1.600000E+03    4.800000E+01    1.477000E+00   -1.000000E+00   -1.015000E+01   -1.029146E+01
   1.300000E-09    2.000000E+00    2.155000E+00    8.300000E+01    1.398000E+00   -1.549000E-01   -1.000000E+01    4.207000E+00   -1.000000E+01   -1.000000E+01   -1.000000E+01   -1.000000E+01    7.366000E+00    5.139000E+00    9.300000E-01    3.000000E+00    1.100000E+01    1.777000E+00    9.899000E-01    2.890000E+00    7.637000E-01    2.540000E-01    8.974000E-04   -9.594000E+00    3.000000E+00    1.000000E+00    1.950000E+03    1.000000E+02   -1.000000E+01    1.000000E+00   -1.028000E+01   -1.032263E+01
   4.300000E-10    4.000000E+00    1.447000E+00    1.080000E+02    1.398000E+00   -1.000000E+01   -1.000000E+01   -1.000000E+01   -1.000000E+01   -1.000000E+01   -1.000000E+01   -1.000000E+01    9.450000E+00    6.026000E+00    1.280000E+00    7.000000E+00    9.400000E+01    3.322000E+00    6.122000E-01    4.990000E+00    1.586000E+00    7.345000E-01    8.974000E-04   -1.452000E+01    2.000000E+00    2.000000E+00    4.000000E+02    9.990000E+01   -1.000000E+01   -4.000000E+00   -9.879000E+00   -9.923598E+00
   2.000000E-09    1.000000E+00    1.744000E+00    8.200000E+01    1.380000E+00   -5.918000E-01    1.146000E+00    3.279000E+00    3.328000E+00    3.785000E+00    1.831000E+00    3.016000E+00    7.500000E+00    1.045000E+01    2.660000E+00    5.000000E+00    5.300000E+01    3.375000E+00    2.903000E+00    3.850000E+00    1.170000E+00    6.544000E-02    9.199000E-04   -9.813000E+00    2.000000E+00    2.000000E+00    1.120000E+03    8.000000E+01   -1.000000E+01   -1.000000E+00   -9.690000E+00   -9.663476E+00
   1.200000E-09    5.000000E+00    1.455000E+00    8.700000E+01    1.301000E+00   -2.297000E+00   -1.000000E+01   -1.000000E+01    2.603000E+00   -1.000000E+01   -1.000000E+01   -1.000000E+01    6.000000E+00    6.266000E+00    1.360000E+00    7.000000E+00    9.300000E+01    3.387000E+00    1.772000E+00    4.990000E+00    1.485000E+00    2.814000E-01    1.018000E-03   -1.067000E+01    3.000000E+00    2.000000E+00    7.800000E+02    1.000000E+02   -1.000000E+01    1.000000E+00   -9.682000E+00   -9.679431E+00
   2.000000E-09    1.000000E+00    1.453000E+00    1.080000E+02    1.602000E+00   -2.924000E-01   -1.000000E+01    4.069000E+00   -1.000000E+01    4.257000E+00   -1.000000E+01   -1.000000E+01    6.108000E+00    1.045000E+01    2.660000E+00    5.000000E+00    5.300000E+01    3.375000E+00    2.755000E+00    3.850000E+00    1.580000E+00    8.822000E-02    6.389000E-04   -9.652000E+00    2.000000E+00    2.000000E+00    9.100000E+02    9.999000E+01   -1.000000E+01   -1.000000E+00   -9.606000E+00   -9.662769E+00
   1.970000E-09    1.000000E+00    1.744000E+00    8.200000E+01    1.380000E+00   -6.576000E-01    1.176000E+00    3.262000E+00    3.292000E+00    3.770000E+00    1.447000E+00    3.583000E+00    7.200000E+00    1.045000E+01    2.660000E+00    5.000000E+00    5.300000E+01    3.375000E+00    2.859000E+00    3.850000E+00    1.170000E+00    7.200000E-02    9.199000E-04   -9.846000E+00    2.000000E+00    1.000000E+00    1.340000E+03    8.000000E+01   -1.000000E+01   -1.000000E+00   -9.903000E+00   -1.004715E+01
   1.560000E-09    1.000000E+00    1.453000E+00    1.080000E+02    1.176000E+00   -1.000000E+01   -1.000000E+01   -1.000000E+01   -1.000000E+01   -1.000000E+01   -1.000000E+01   -1.000000E+01    5.570000E+00    1.297000E+01    3.160000E+00    3.000000E+00    1.700000E+01    2.822000E+00    1.952000E+00    2.890000E+00    1.580000E+00    1.600000E-01    1.162000E-03   -1.452000E+01    2.000000E+00    2.000000E+00    1.000000E+03    9.800000E+01   -1.000000E+01   -1.000000E+00   -9.775000E+00   -9.781991E+00
   2.000000E-09    1.000000E+00    1.580000E+00    7.900000E+01    1.398000E+00   -1.000000E+00   -1.000000E+01    3.362000E+00   -1.000000E+01   -1.000000E+01   -1.000000E+01   -1.000000E+01    8.200000E+00    1.045000E+01    2.660000E+00    5.000000E+00    5.300000E+01    3.375000E+00    2.893000E+00    3.850000E+00    1.318000E+00    6.690000E-02    8.974000E-04   -1.002000E+01    2.000000E+00    1.000000E+00    1.800000E+03    8.000000E+01   -1.000000E+01   -1.000000E+00   -1.029000E+01   -1.043347E+01
   2.090000E-09    1.000000E+00    1.447000E+00    1.080000E+02    1.398000E+00   -1.000000E+01   -1.000000E+01   -1.000000E+01   -1.000000E+01   -1.000000E+01   -1.000000E+01   -1.000000E+01    1.150000E+01    3.894000E+00    7.900000E-01    6.000000E+00    5.500000E+01    2.333000E+00    2.090000E+00    4.360000E+00    1.586000E+00    4.778000E-02    8.974000E-04   -1.452000E+01    2.000000E+00    2.000000E+00    1.210000E+03    1.000000E+02   -1.000000E+01    1.000000E+00   -9.848000E+00   -9.790633E+00
   1.350000E-09    1.000000E+00    1.453000E+00    1.080000E+02    1.398000E+00   -1.000000E+01   -1.000000E+01   -1.000000E+01   -1.000000E+01   -1.000000E+01   -1.000000E+01   -1.000000E+01    6.244000E+00    5.139000E+00    9.300000E-01    3.000000E+00    1.100000E+01    1.777000E+00    1.028000E+00    2.890000E+00    1.580000E+00    2.376000E-01    8.974000E-04   -1.452000E+01    2.000000E+00    2.000000E+00    1.800000E+03    9.800000E+01    1.672000E+00    1.000000E+00   -1.031000E+01   -1.038769E+01
   2.100000E-09    0.000000E+00    1.447000E+00    1.080000E+02    1.398000E+00   -1.000000E+00   -1.000000E+01    3.362000E+00   -1.000000E+01    3.550000E+00   -1.000000E+01   -1.000000E+01    6.300000E+00    1.360000E+01    2.200000E+00    1.000000E+00    1.000000E+00    8.499000E-01    7.650000E-01    8.500000E-01    1.586000E+00    4.571000E-02    8.974000E-04   -1.002000E+01    2.000000E+00    1.000000E+00    1.600000E+03    1.000000E+02   -1.000000E+01    0.000000E+00   -1.005000E+01   -1.016441E+01
   2.000000E-09    7.000000E+00    1.744000E+00    8.200000E+01    1.398000E+00   -5.918000E-01    1.146000E+00    3.279000E+00    3.330000E+00    3.785000E+00    1.831000E+00    3.016000E+00    7.500000E+00    7.280000E+00    1.900000E+00    5.000000E+00    4.300000E+01    2.817000E+00    2.415000E+00    3.850000E+00    1.170000E+00    6.690000E-02    8.974000E-04   -9.812000E+00    2.000000E+00    2.000000E+00    1.130000E+03    8.000000E+01   -1.000000E+01   -1.000000E+00   -9.699000E+00   -9.637567E+00
   7.420000E-10    1.000000E+00    1.453000E+00    1.080000E+02    6.990000E-01   -1.000000E+01   -1.000000E+01   -1.000000E+01   -1.000000E+01   -1.000000E+01   -1.000000E+01   -1.000000E+01    5.867000E+00    5.139000E+00    9.300000E-01    3.000000E+00    1.100000E+01    1.777000E+00    6.056000E-01    2.890000E+00    1.580000E+00    4.674000E-01    1.536000E-03   -1.453000E+01    2.000000E+00    2.000000E+00    1.000000E+03    9.800000E+01   -1.000000E+01    1.000000E+00   -1.011000E+01   -1.012671E+01
   8.050000E-10    2.000000E+00    1.580000E+00    7.870000E+01    1.398000E+00   -1.000000E+00   -1.000000E+01    3.362000E+00   -1.000000E+01   -1.000000E+01   -1.000000E+01   -1.000000E+01    7.327000E+00    5.695000E+00    9.500000E-01    5.000000E+00    3.800000E+01    2.491000E+00    8.596000E-01    3.850000E+00    1.316000E+00    4.621000E-01    8.974000E-04   -1.002000E+01    2.000000E+00    1.000000E+00    1.800000E+03    8.200000E+01   -1.000000E+01    2.000000E+00   -1.069000E+01   -1.054679E+01
   8.100000E-10    4.000000E+00    2.025000E+00    8.100000E+01    1.342000E+00   -1.000000E+00   -1.000000E+01    3.362000E+00   -1.000000E+01    3.550000E+00   -1.000000E+01   -1.000000E+01    1.100000E+01    9.752000E+00    2.550000E+00    4.000000E+00    3.400000E+01    2.921000E+00    1.025000E+00    3.450000E+00    8.832000E-01    4.551000E-01    9.673000E-04   -1.002000E+01    2.500000E+01    1.000000E+00    1.530000E+03    0.000000E+00   -1.000000E+01   -2.000000E+00   -1.123000E+01   -1.129519E+01
   2.140000E-09    0.000000E+00    1.580000E+00    7.900000E+01    1.362000E+00   -1.470000E+00    2.204000E+00    2.529000E+00    2.672000E+00    1.623000E+00   -1.000000E+01    1.362000E+00    1.160000E+01    1.360000E+01    2.200000E+00    1.000000E+00    1.000000E+00    8.499000E-01    7.849000E-01    8.500000E-01    1.318000E+00    3.459000E-02    9.432000E-04   -1.025000E+01    2.000000E+00    1.000000E+00    1.930000E+03    8.200000E+01    1.954000E+00    0.000000E+00   -1.019000E+01   -1.034486E+01
   1.350000E-09    1.000000E+00    1.453000E+00    1.080000E+02    1.398000E+00   -1.000000E+01   -1.000000E+01   -1.000000E+01   -1.000000E+01   -1.000000E+01   -1.000000E+01   -1.000000E+01    7.175000E+00    5.139000E+00    9.300000E-01    3.000000E+00    1.100000E+01    1.777000E+00    1.028000E+00    2.890000E+00    1.580000E+00    2.376000E-01    8.974000E-04   -1.452000E+01    2.000000E+00    2.000000E+00    9.000000E+02    9.800000E+01   -1.000000E+01    1.000000E+00   -9.759000E+00   -9.741436E+00
   1.550000E-09    4.000000E+00    1.408000E+00    3.750000E+01    1.398000E+00   -3.010000E-01   -1.000000E+01    4.061000E+00   -1.000000E+01    4.249000E+00   -1.000000E+01   -1.000000E+01    7.700000E+00    9.752000E+00    2.550000E+00    4.000000E+00    3.400000E+01    2.921000E+00    1.941000E+00    3.450000E+00    1.166000E+00    1.776000E-01    8.974000E-04   -9.667000E+00    2.000000E+00    1.000000E+00    1.400000E+03    3.300000E+01   -1.000000E+01   -1.000000E+00   -1.012000E+01   -1.012063E+01
   2.090000E-09    1.000000E+00   -2.218000E-01    1.730000E+01    1.398000E+00   -1.959000E+00   -6.990000E-01    9.823000E-01    7.497000E-01    2.967000E-01    1.348000E+00    9.581000E-01    8.920000E+00    3.894000E+00    7.900000E-01    6.000000E+00    5.500000E+01    2.333000E+00    2.090000E+00    4.360000E+00    2.460000E+00    4.778000E-02    8.974000E-04   -1.050000E+01    2.700000E+01    1.000000E+00    2.430000E+03    0.000000E+00   -1.000000E+01    1.000000E+00   -1.074000E+01   -1.070122E+01
   2.270000E-09    0.000000E+00    1.453000E+00    1.100000E+02    1.362000E+00   -2.000000E+00   -1.000000E+01    2.362000E+00   -1.000000E+01    2.550000E+00   -1.000000E+01   -1.000000E+01    7.000000E+00    1.360000E+01    2.200000E+00    1.000000E+00    1.000000E+00    8.499000E-01    8.326000E-01    8.500000E-01    1.588000E+00    8.980000E-03    9.432000E-04   -1.052000E+01    2.000000E+00    1.000000E+00    8.000000E+02    9.800000E+01   -1.000000E+01    0.000000E+00   -1.023000E+01   -1.012412E+01
   2.100000E-09    0.000000E+00    1.494000E+00    8.300000E+01    1.362000E+00   -8.239000E-01   -1.000000E+01   -1.000000E+01    3.302000E+00    3.550000E+00   -1.000000E+01   -1.000000E+01    6.799000E+00    1.360000E+01    2.200000E+00    1.000000E+00    1.000000E+00    8.499000E-01    7.702000E-01    8.500000E-01    1.425000E+00    4.279000E-02    9.432000E-04   -9.930000E+00    2.000000E+00    1.000000E+00    1.300000E+03    8.000000E+01   -1.000000E+01    0.000000E+00   -9.824000E+00   -9.955691E+00
   9.000000E-10    2.000000E+00    1.279000E+00    9.300000E+01    1.398000E+00   -1.000000E+01   -1.000000E+01   -1.000000E+01   -1.000000E+01   -1.000000E+01   -1.000000E+01   -1.000000E+01    1.250000E+01    7.344000E+00    1.960000E+00    5.000000E+00    5.000000E+01    2.829000E+00    1.091000E+00    3.850000E+00    1.690000E+00    4.137000E-01    8.974000E-04   -1.452000E+01    2.000000E+00    2.000000E+00    1.600000E+03    4.750000E+01   -1.000000E+01    2.000000E+00   -1.042000E+01   -1.049643E+01
   1.300000E-09    1.000000E+00   -1.549000E-01    1.000000E+01    1.398000E+00    2.625000E-01   -1.000000E+01    4.624000E+00   -1.000000E+01    4.812000E+00   -1.000000E+01   -1.000000E+01    5.500000E+00    5.139000E+00    9.300000E-01    3.000000E+00    1.100000E+01    1.777000E+00    9.899000E-01    2.890000E+00    2.155000E+00    2.540000E-01    8.974000E-04   -9.385000E+00    1.400000E+01    1.000000E+00    2.640000E+03    0.000000E+00   -1.000000E+01    1.000000E+00   -1.228000E+01   -1.233232E+01
   2.032000E-10    1.000000E+00    1.531000E+00    1.300000E+01    1.362000E+00   -4.510000E-01    1.806000E+00    3.749000E+00    2.949000E+00    3.984000E+00    1.477000E+00    3.368000E+00    7.680000E+00    1.297000E+01    3.160000E+00    3.000000E+00    1.700000E+01    2.822000E+00    2.474000E-01    2.890000E+00    5.825000E-01    1.057000E+00    9.432000E-04   -9.743000E+00    4.000000E+00    1.000000E+00    2.700000E+03    0.000000E+00   -1.000000E+01   -1.000000E+00   -1.160000E+01   -1.173980E+01
   3.330000E-09    2.000000E+00    1.279000E+00    9.300000E+01    1.778000E+00   -1.807000E+00   -1.000000E+01    2.378000E+00   -1.000000E+01   -1.000000E+01   -1.000000E+01    2.699000E+00    7.250000E+00    9.752000E+00    2.550000E+00    4.000000E+00    3.400000E+01    2.921000E+00    3.732000E+00    3.450000E+00    1.690000E+00   -1.063000E-01    4.494000E-04   -1.040000E+01    2.000000E+00    2.000000E+00    1.600000E+03    5.000000E+01   -1.000000E+01   -1.000000E+00   -9.735000E+00   -9.634025E+00
   1.970000E-09    1.000000E+00    1.744000E+00    8.200000E+01    1.380000E+00   -6.576000E-01    1.176000E+00    3.262000E+00    3.292000E+00    3.770000E+00    1.447000E+00    3.583000E+00    7.200000E+00    1.045000E+01    2.660000E+00    5.000000E+00    5.300000E+01    3.375000E+00    2.859000E+00    3.850000E+00    1.170000E+00    7.200000E-02    9.199000E-04   -9.846000E+00    2.000000E+00    2.000000E+00    1.290000E+03    8.000000E+01   -1.000000E+01   -1.000000E+00   -9.857000E+00   -9.797540E+00
   2.220000E-09    0.000000E+00    6.232000E-01    6.700000E+01    1.398000E+00   -6.615000E-01    9.081000E-01    3.294000E+00    3.577000E+00    3.659000E+00    1.000000E+00    3.051000E+00    7.200000E+00    1.360000E+01    2.200000E+00    1.000000E+00    1.000000E+00    8.499000E-01    8.088000E-01    8.500000E-01    2.203000E+00    2.158000E-02    8.974000E-04   -9.847000E+00    1.300000E+01    1.000000E+00    1.450000E+03    0.000000E+00   -1.000000E+01    0.000000E+00   -8.514000E+00   -9.013379E+00
   2.000000E-09    7.000000E+00    1.744000E+00    8.200000E+01    1.903000E+00   -5.918000E-01    1.146000E+00    3.279000E+00    3.330000E+00    3.785000E+00    1.831000E+00    3.016000E+00    7.500000E+00    7.280000E+00    1.900000E+00    5.000000E+00    4.300000E+01    2.817000E+00    2.039000E+00    3.850000E+00    1.170000E+00    1.404000E-01    3.547000E-04   -9.775000E+00    2.000000E+00    2.000000E+00    1.180000E+03    8.000000E+01   -1.000000E+01   -1.000000E+00   -9.738000E+00   -9.614299E+00
   7.900000E-10    2.000000E+00    1.279000E+00    9.300000E+01    1.398000E+00    8.198000E-01   -1.000000E+01    5.178000E+00    3.983000E+00    5.366000E+00    2.086000E+00   -1.000000E+01    1.250000E+01    5.695000E+00    9.500000E-01    5.000000E+00    3.800000E+01    2.491000E+00    8.436000E-01    3.850000E+00    1.690000E+00    4.703000E-01    8.974000E-04   -9.106000E+00    2.000000E+00    2.000000E+00    1.800000E+03    4.750000E+01   -1.000000E+01    2.000000E+00   -1.055000E+01   -1.054394E+01
   1.180000E-09    1.000000E+00    1.453000E+00    1.080000E+02    6.990000E-01   -1.000000E+01   -1.000000E+01   -1.000000E+01   -1.000000E+01   -1.000000E+01   -1.000000E+01   -1.000000E+01    4.951000E+00    1.297000E+01    3.160000E+00    3.000000E+00    1.700000E+01    2.822000E+00    1.530000E+00    2.890000E+00    1.580000E+00    2.659000E-01    1.536000E-03   -1.453000E+01    2.000000E+00    2.000000E+00    1.800000E+03    9.800000E+01   -1.000000E+01   -1.000000E+00   -1.059000E+01   -1.057296E+01
   2.000000E-09    1.000000E+00    1.279000E+00    9.300000E+01    1.352000E+00    6.990000E-01   -1.000000E+01    5.061000E+00   -1.000000E+01   -1.000000E+01   -1.000000E+01   -1.000000E+01    1.250000E+01    1.297000E+01    3.160000E+00    3.000000E+00    1.700000E+01    2.822000E+00    2.440000E+00    2.890000E+00    1.690000E+00    6.324000E-02    9.552000E-04   -9.169000E+00    2.000000E+00    1.000000E+00    1.600000E+03    4.750000E+01    1.699000E+00   -1.000000E+00   -1.037000E+01   -1.032812E+01
   2.220000E-09    0.000000E+00    1.602000E+00    1.400000E+01    1.362000E+00   -2.000000E+00    9.345000E-01    2.362000E+00    5.328000E-01    2.338000E+00    2.387000E+00    1.904000E+00    8.300000E+00    1.360000E+01    2.200000E+00    1.000000E+00    1.000000E+00    8.499000E-01    8.142000E-01    8.500000E-01    5.441000E-01    1.865000E-02    9.432000E-04   -1.052000E+01    5.000000E+00    1.000000E+00    2.450000E+03    0.000000E+00   -1.000000E+01    0.000000E+00   -1.062000E+01   -1.065760E+01
   2.030000E-09    1.000000E+00    1.744000E+00    8.200000E+01    1.398000E+00   -5.834000E-01    9.156000E-01    3.281000E+00    3.328000E+00    3.810000E+00    1.833000E+00    3.016000E+00    8.709000E+00    1.297000E+01    3.160000E+00    3.000000E+00    1.700000E+01    2.822000E+00    2.455000E+00    2.890000E+00    1.170000E+00    6.043000E-02    8.974000E-04   -9.808000E+00    2.000000E+00    2.000000E+00    1.630000E+03    8.000000E+01    1.699000E+00   -1.000000E+00   -9.857000E+00   -9.941075E+00
   2.570000E-09    1.000000E+00    1.453000E+00    1.080000E+02    1.699000E+00   -1.000000E+01   -1.000000E+01   -1.000000E+01   -1.000000E+01   -1.000000E+01   -1.000000E+01   -1.000000E+01    7.562000E+00    5.139000E+00    9.300000E-01    3.000000E+00    1.100000E+01    1.777000E+00    1.806000E+00    2.890000E+00    1.580000E+00   -7.034000E-03    5.279000E-04   -1.450000E+01    2.000000E+00    2.000000E+00    1.000000E+03    9.800000E+01   -1.000000E+01    1.000000E+00   -9.573000E+00   -9.550908E+00
   5.000000E-10    4.000000E+00    1.744000E+00    8.200000E+01    1.398000E+00   -5.834000E-01    1.146000E+00    3.281000E+00    3.328000E+00    3.810000E+00    1.831000E+00    3.016000E+00    8.820000E+00    6.026000E+00    1.280000E+00    7.000000E+00    9.400000E+01    3.322000E+00    7.118000E-01    4.990000E+00    1.170000E+00    6.690000E-01    8.974000E-04   -9.808000E+00    2.000000E+00    2.000000E+00    2.300000E+03    8.000000E+01    1.954000E+00    0.000000E+00   -1.070000E+01   -1.077672E+01
   8.050000E-10    2.000000E+00    1.748000E+00    1.110000E+02    1.398000E+00   -2.361000E+00    4.139000E-02    1.176000E+00    1.671000E+00    1.079000E+00    2.170000E+00    1.146000E+00    8.300000E+00    5.695000E+00    9.500000E-01    5.000000E+00    3.800000E+01    2.491000E+00    8.596000E-01    3.850000E+00    1.297000E+00    4.621000E-01    8.974000E-04   -1.070000E+01    2.000000E+00    1.000000E+00    1.620000E+03    9.300000E+01   -1.000000E+01    2.000000E+00   -1.126000E+01   -1.116147E+01
   2.140000E-09    0.000000E+00    1.477000E+00    2.100000E+01    1.398000E+00   -6.576000E-01    2.000000E+00    2.230000E+00    2.544000E+00    3.090000E+00    2.000000E+00    2.230000E+00    7.200000E+00    1.360000E+01    2.200000E+00    1.000000E+00    1.000000E+00    8.499000E-01    7.796000E-01    8.500000E-01    8.451000E-01    3.752000E-02    8.974000E-04   -9.845000E+00    4.000000E+00    1.000000E+00    2.440000E+03    0.000000E+00   -1.000000E+01    0.000000E+00   -1.037000E+01   -1.042130E+01
   1.010000E-09    1.000000E+00    1.453000E+00    1.080000E+02    1.176000E+00   -1.000000E+01   -1.000000E+01   -1.000000E+01   -1.000000E+01   -1.000000E+01   -1.000000E+01   -1.000000E+01    6.570000E+00    5.139000E+00    9.300000E-01    3.000000E+00    1.100000E+01    1.777000E+00    7.958000E-01    2.890000E+00    1.580000E+00    3.488000E-01    1.162000E-03   -1.452000E+01    2.000000E+00    2.000000E+00    9.000000E+02    9.800000E+01   -1.000000E+01    1.000000E+00   -9.886000E+00   -9.914155E+00
   1.360000E-09    5.000000E+00    1.453000E+00    1.080000E+02    1.362000E+00   -3.010000E-01   -1.000000E+01    4.061000E+00   -1.000000E+01    4.249000E+00   -1.000000E+01   -1.000000E+01    9.000000E+00    6.266000E+00    1.360000E+00    7.000000E+00    9.300000E+01    3.387000E+00    1.988000E+00    4.990000E+00    1.580000E+00    2.315000E-01    9.432000E-04   -9.668000E+00    2.000000E+00    1.000000E+00    8.000000E+02    9.900000E+01   -1.000000E+01    1.000000E+00   -1.043000E+01   -1.007301E+01
   1.550000E-09    4.000000E+00    1.408000E+00    7.200000E+01    1.602000E+00   -1.301000E+00   -1.000000E+01    3.061000E+00   -1.000000E+01   -1.000000E+01   -1.000000E+01   -1.000000E+01    8.000000E+00    9.752000E+00    2.550000E+00    4.000000E+00    3.400000E+01    2.921000E+00    1.848000E+00    3.450000E+00    1.449000E+00    1.989000E-01    6.389000E-04   -1.016000E+01    2.000000E+00    1.000000E+00    1.600000E+03    7.500000E+01   -1.000000E+01   -1.000000E+00   -1.092000E+01   -1.077466E+01
   9.230000E-10    4.000000E+00    1.279000E+00    9.300000E+01    1.398000E+00   -3.010000E-01   -1.000000E+01    4.061000E+00   -1.000000E+01   -1.000000E+01   -1.000000E+01   -1.000000E+01    1.250000E+01    1.126000E+01    2.550000E+00    2.000000E+00    6.000000E+00    1.811000E+00    7.164000E-01    1.990000E+00    1.690000E+00    4.027000E-01    8.974000E-04   -9.667000E+00    2.000000E+00    1.000000E+00    1.600000E+03    4.750000E+01    1.477000E+00   -2.000000E+00   -1.096000E+01   -1.091156E+01
   2.100000E-09    1.000000E+00    1.453000E+00    1.080000E+02    1.778000E+00   -2.000000E+00   -1.000000E+01    2.362000E+00   -1.000000E+01    2.550000E+00   -1.000000E+01   -1.000000E+01    8.066000E+00    3.894000E+00    7.900000E-01    6.000000E+00    5.500000E+01    2.333000E+00    1.879000E+00    4.360000E+00    1.580000E+00    9.392000E-02    4.494000E-04   -1.049000E+01    2.000000E+00    2.000000E+00    1.040000E+03    9.999000E+01   -1.000000E+01    1.000000E+00   -9.684000E+00   -9.645869E+00
   2.090000E-09    1.000000E+00    1.453000E+00    1.080000E+02    1.398000E+00   -1.301000E+00   -1.000000E+01    3.061000E+00   -1.000000E+01    3.249000E+00   -1.000000E+01   -1.000000E+01    7.396000E+00    1.297000E+01    3.160000E+00    3.000000E+00    1.700000E+01    2.822000E+00    2.528000E+00    2.890000E+00    1.580000E+00    4.778000E-02    8.974000E-04   -1.017000E+01    2.000000E+00    2.000000E+00    1.000000E+03    9.800000E+01   -1.000000E+01   -1.000000E+00   -9.648000E+00   -9.664942E+00
   2.220000E-09    0.000000E+00    1.531000E+00    1.300000E+01    1.398000E+00   -4.510000E-01    1.806000E+00    3.749000E+00    2.949000E+00    3.984000E+00    1.477000E+00    3.368000E+00    7.680000E+00    1.360000E+01    2.200000E+00    1.000000E+00    1.000000E+00    8.499000E-01    8.088000E-01    8.500000E-01    5.825000E-01    2.158000E-02    8.974000E-04   -9.742000E+00    4.000000E+00    1.000000E+00    2.700000E+03    0.000000E+00   -1.000000E+01    0.000000E+00   -1.107000E+01   -1.107024E+01
   2.000000E-09    1.000000E+00    1.580000E+00    7.900000E+01    1.380000E+00   -6.615000E-01    1.893000E+00    3.508000E+00    2.904000E+00    3.805000E+00    1.785000E+00    2.584000E+00    7.700000E+00    1.045000E+01    2.660000E+00    5.000000E+00    5.300000E+01    3.375000E+00    2.903000E+00    3.850000E+00    1.318000E+00    6.544000E-02    9.199000E-04   -9.848000E+00    2.000000E+00    1.000000E+00    1.800000E+03    8.500000E+01    1.176000E+00   -1.000000E+00   -1.103000E+01   -1.117828E+01
   2.000000E-09    1.000000E+00    6.232000E-01    6.700000E+01    1.477000E+00   -1.065000E+00    3.096000E+00    3.070000E+00    2.312000E+00    3.156000E+00    2.190000E+00    3.054000E+00    7.580000E+00    1.045000E+01    2.660000E+00    5.000000E+00    5.300000E+01    3.375000E+00    2.845000E+00    3.850000E+00    2.203000E+00    7.412000E-02    7.959000E-04   -1.005000E+01    1.300000E+01    1.000000E+00    2.680000E+03    0.000000E+00   -1.000000E+01   -1.000000E+00   -1.245000E+01   -1.238565E+01
   5.740000E-09    1.000000E+00    1.744000E+00    8.200000E+01    1.954000E+00    1.335000E-01    1.469000E+00    3.704000E+00    4.176000E+00    4.535000E+00    1.000000E+00    2.898000E+00    9.233000E+00    1.297000E+01    3.160000E+00    3.000000E+00    1.700000E+01    2.822000E+00    5.700000E+00    2.890000E+00    1.170000E+00   -3.053000E-01    3.270000E-04   -9.407000E+00    2.000000E+00    2.000000E+00    1.660000E+03    8.000000E+01    1.699000E+00   -1.000000E+00   -9.434000E+00   -9.523409E+00
   2.000000E-09    1.000000E+00    1.279000E+00    9.300000E+01    1.398000E+00   -2.000000E+00   -1.000000E+01    1.362000E+00   -1.000000E+01   -1.000000E+01   -1.000000E+01   -1.000000E+01    1.250000E+01    1.045000E+01    2.660000E+00    5.000000E+00    5.300000E+01    3.375000E+00    2.893000E+00    3.850000E+00    1.690000E+00    6.690000E-02    8.974000E-04   -1.052000E+01    2.000000E+00    1.000000E+00    1.600000E+03    4.750000E+01    1.477000E+00   -1.000000E+00   -1.120000E+01   -1.102659E+01
   1.350000E-09    1.000000E+00    1.453000E+00    1.080000E+02    1.398000E+00   -1.000000E+01   -1.000000E+01   -1.000000E+01   -1.000000E+01   -1.000000E+01   -1.000000E+01   -1.000000E+01    6.120000E+00    5.139000E+00    9.300000E-01    3.000000E+00    1.100000E+01    1.777000E+00    1.028000E+00    2.890000E+00    1.580000E+00    2.376000E-01    8.974000E-04   -1.452000E+01    2.000000E+00    2.000000E+00    1.800000E+03    9.800000E+01    1.672000E+00    1.000000E+00   -1.031000E+01   -1.032495E+01
   4.300000E-10    4.000000E+00    1.279000E+00    9.300000E+01    1.398000E+00   -1.000000E+01   -1.000000E+01   -1.000000E+01   -1.000000E+01   -1.000000E+01   -1.000000E+01   -1.000000E+01    1.250000E+01    6.194000E+00    1.380000E+00    7.000000E+00    9.200000E+01    3.368000E+00    6.207000E-01    4.990000E+00    1.690000E+00    7.345000E-01    8.974000E-04   -1.452000E+01    2.000000E+00    2.000000E+00    1.600000E+03    4.750000E+01   -1.000000E+01    0.000000E+00   -1.074000E+01   -1.070664E+01
   6.600000E-10    2.000000E+00    1.613000E+00    1.700000E+01    1.398000E+00   -5.229000E-01   -1.000000E+01   -1.000000E+01   -1.000000E+01    3.851000E+00   -1.000000E+01   -1.000000E+01    6.000000E+00    7.640000E+00    1.910000E+00    4.000000E+00    2.800000E+01    2.586000E+00    7.315000E-01    3.450000E+00    6.177000E-01    5.484000E-01    8.974000E-04   -9.778000E+00    1.700000E+01    1.000000E+00    2.780000E+03    0.000000E+00   -1.000000E+01    2.000000E+00   -1.300000E+01   -1.299777E+01
   2.090000E-09    1.000000E+00    1.580000E+00    7.870000E+01    1.398000E+00   -1.000000E+00   -1.000000E+01    3.362000E+00   -1.000000E+01   -1.000000E+01   -1.000000E+01   -1.000000E+01    8.247000E+00    3.894000E+00    7.900000E-01    6.000000E+00    5.500000E+01    2.333000E+00    2.090000E+00    4.360000E+00    1.316000E+00    4.778000E-02    8.974000E-04   -1.002000E+01    2.000000E+00    1.000000E+00    1.600000E+03    8.200000E+01   -1.000000E+01    1.000000E+00   -1.008000E+01   -1.014650E+01
   7.400000E-10    4.000000E+00    4.771000E-01    2.000000E+00    1.389000E+00   -8.861000E-01   -1.000000E+01    3.441000E+00   -1.000000E+01   -1.000000E+01    3.785000E+00    2.983000E+00    9.350000E+00    6.026000E+00    1.280000E+00    7.000000E+00    9.400000E+01    3.322000E+00    1.055000E+00    4.990000E+00    8.239000E-01    4.980000E-01    9.086000E-04   -9.960000E+00    8.000000E+00    1.000000E+00    2.640000E+03    0.000000E+00   -1.000000E+01   -2.000000E+00   -1.270000E+01   -1.261420E+01
   2.000000E-09    7.000000E+00    6.232000E-01    6.700000E+01    1.398000E+00   -1.000000E+00   -1.000000E+01    3.362000E+00   -1.000000E+01   -1.000000E+01   -1.000000E+01   -1.000000E+01    9.000000E+00    7.280000E+00    1.900000E+00    5.000000E+00    4.300000E+01    2.817000E+00    2.415000E+00    3.850000E+00    2.203000E+00    6.690000E-02    8.974000E-04   -1.002000E+01    1.300000E+01    1.000000E+00    2.720000E+03    0.000000E+00   -1.000000E+01   -1.000000E+00   -1.190000E+01   -1.190628E+01
   2.140000E-09    0.000000E+00    1.580000E+00    7.900000E+01    1.398000E+00   -1.365000E+00    1.990000E+00    2.225000E+00    2.538000E+00    3.094000E+00   -1.000000E+01    2.238000E+00    7.800000E+00    1.360000E+01    2.200000E+00    1.000000E+00    1.000000E+00    8.499000E-01    7.796000E-01    8.500000E-01    1.318000E+00    3.752000E-02    8.974000E-04   -1.020000E+01    2.000000E+00    1.000000E+00    2.000000E+03    8.200000E+01   -1.000000E+01    0.000000E+00   -1.036000E+01   -1.036036E+01
   2.090000E-09    1.000000E+00   -1.549000E-01    1.000000E+01    1.398000E+00   -5.157000E-01    1.000000E+00    3.380000E+00    3.405000E+00    3.922000E+00    1.230000E+00    2.230000E+00    8.700000E+00    3.894000E+00    7.900000E-01    6.000000E+00    5.500000E+01    2.333000E+00    2.090000E+00    4.360000E+00    2.155000E+00    4.778000E-02    8.974000E-04   -9.774000E+00    1.400000E+01    1.000000E+00    2.730000E+03    0.000000E+00   -1.000000E+01    1.000000E+00   -1.160000E+01   -1.122934E+01
